1000290
1000291
1000293
1000294
1000295
1000297
1000298
1000299
1000303
1000304
1000309
1000316
1000320
1000321
1000338
1000343
1000348
1000349
1000400
1000403
1000409
1000410
1000468
1000513
1000732
1000734
1000744
1000745
1000750
1000751
1000759
1000761
1000765
1000767
1000773
1000809
1000811
1000814
1000819
1000825
1000827
1000828
1000830
1000834
1000839
1000843
1000845
1000848
1000850
1000852
1000855
1000859
1000862
1000864
1000866
1000868
1000872
1000873
1000875
1001629
1002900
1002921
1003428
1003432
1003433
1003437
1003438
1003443
1003444
1003445
1004013
1004014
1004591
1004592
1004593
1004594
1004595
1004596
1004597
1004598
1004600
1004601
1004602
1004603
1004604
1004605
1004606
1004607
1004609
1004612
1004613
1004615
1004616
1004619
1004620
1004621
1004622
1004623
1004624
1004626
1004628
1004630
1004631
1004632
1004634
1004635
1004636
1004638
1004640
1004641
1004645
1004655
1004656
1004659
1004660
1004662
1004663
1004666
1004667
1004668
1004671
1004672
1004673
1004675
1004680
1004681
1004682
1004683
1004685
1004687
1004688
1004689
1004690
1004692
1004693
1004694
1004752
1004753
1004756
1004758
1004759
1004793
1004794
1004795
1004796
1004797
1004798
1004799
1004800
1004801
1004802
1004803
1004804
1004805
1004806
1004807
1004808
1004809
1004810
1004811
1004812
1004813
1004814
1004815
1004816
1004817
1004818
1004819
1004820
1004821
1004822
1004823
1004824
1004825
1004826
1004827
1004828
1004829
1004830
1004831
1004832
1004833
1004834
1004835
1004837
1004838
1004839
1004840
1004841
1004842
1004843
1004844
1004845
1004846
1004847
1004848
1004849
1004850
1004851
1004852
1004853
1004854
1004855
1004856
1004857
1004858
1004859
1004860
1004861
1004862
1004863
1004864
1004865
1004866
1004867
1004868
1004869
1004870
1004871
1004872
1004873
1004874
1004875
1004876
1004877
1004878
1004879
1004880
1004881
1004882
1004883
1004884
1004885
1004886
1004887
1004888
1004926
1004928
1004941
1004942
1004943
1004944
1004945
1004946
1004997
1004998
1005638
1005640
1005642
1005644
1005646
1005647
1005649
1005896
1006061
1006063
1006157
1006158
1006177
1006431
1006439
1006440
1006441
1006442
1006443
1006444
100673
1007892
1007893
1007894
1007895
1007896
1007898
1007927
1007934
1007936
1007937
1007945
1007946
1007947
1007950
1007951
1008358
1008359
1016901
1016902
1016906
1016907
1017228
1017230
1017231
1017236
1017238
1017240
1017241
1017242
1017245
1017247
1017249
1019295
10244
10245
10249
10252
10253
10273
1027872
1028321
1028324
1028671
1028672
1028673
1028674
10298
1031409
1031439
1031440
1031441
1031442
1031443
1031444
1031445
1031446
1031447
1031448
1031449
1031450
1031451
1031452
1031453
1031454
1031455
1031456
1031457
1031458
1031459
1031460
1031461
1031462
1031463
1031464
1031465
1031466
1031467
1031468
1031469
1031470
1031471
1031472
1031474
1031475
1031476
1031477
1031478
1031479
1031480
1031481
1031482
1031483
1031484
1031485
1031486
1031487
1031489
1031490
1031491
1031492
1031493
1031494
1031495
1031496
1031498
1031501
1031502
1031504
1031505
1031506
1031507
1031508
1031509
1031510
1031511
1031512
1031513
1031514
1032779
1032780
1032783
1032785
1032786
1032788
1032793
1032798
1032799
1032801
1032802
1032808
1033017
1033018
1033021
1033022
1033023
1033024
1033026
1033027
1033029
1033030
1033031
1033032
1033033
1033034
1033036
1033037
1033038
1033039
1033040
1033041
1033042
1033043
1033044
1033047
1033050
1033054
1033055
1033167
1033169
10335
1033850
1034342
10345
1034649
1035082
1035092
10359
1036664
1036819
1036822
1036824
1036825
1036826
1036827
1036828
1036833
1037300
1037301
1037302
10376
1038086
1038087
1038088
1038089
1038091
1038092
1038094
1038095
1038098
1038100
1038101
1038102
1038104
1038105
1038106
1038112
1038114
1038115
1038126
1038127
1038129
1038130
1038132
1038133
1038140
1038144
1038145
1038148
1038149
1038151
1038156
1038171
1038172
1038174
1038175
1038176
1038178
1038180
1038181
1038183
1038184
1038186
1038187
1038190
1038191
1038196
1038202
1038204
1038206
1038209
1038210
1038211
1038212
1038214
1038215
1038218
1038219
1038220
1038222
1038225
1038227
1038230
1038231
1038236
1038237
1038238
1038239
1038240
1038241
1038246
1038247
1038248
1038249
1038250
1038253
1038255
1038260
1038261
1038262
1038263
1038271
1038280
1038284
1038286
1038288
1038289
1038290
1038292
1038294
1038295
1038296
1038297
1038302
1038303
1038306
1038307
1038308
1038311
1038313
1038314
1038317
1038319
1038320
1038321
1038322
1038323
1038324
1038325
1038326
1038327
1038328
1038329
1038330
1038337
1038338
1038339
1038341
1038342
1038343
1038344
1038345
1038346
1038347
1038348
1038350
1038351
1038352
1038353
1038354
1038355
1038358
1038359
1038360
1038361
1038362
1038363
1038364
1038365
1038366
1038367
1038368
1038369
1038370
1038371
1038372
1038373
1038374
1038376
1038377
1038378
1038379
1038380
1038381
1038382
1038383
1038385
1038386
1038387
1038388
1038389
1038390
1038391
1038392
1038393
1038394
1038395
1038396
1038397
1038398
1038687
1038688
1038690
10407
1041062
1041063
1041066
1041067
1041072
1041075
1041079
1041085
1041088
1041366
1041369
1041483
1041555
1041884
1041886
1041887
1041888
1041889
1041890
1041891
1041892
1041893
1041894
1041895
1041896
1041897
1041898
1041899
1041900
1041902
1041903
1041904
1041905
1041906
1041907
1041908
1041909
1041910
1041911
1041912
1041913
1041914
1041917
1041921
1041922
1041923
1041924
1041925
1041927
1041928
1042211
1042213
1042215
1042264
1042555
1042556
1042557
1042560
1042561
1042562
1042563
1042564
1042565
1042566
1042567
1042569
1042570
1042571
1042572
1042573
1042574
1042575
1042576
1042577
1042579
1042580
1042582
1042583
1042584
1042587
1042588
1042589
1042590
1042591
1042592
1042593
1042595
1042598
1042599
1042601
1042602
1042603
1042605
1043028
1043029
1043030
1043031
1043032
1043033
1043034
1043038
1043039
1043040
1043042
1043044
1043046
1043048
1043049
1043050
1043051
1043052
1043065
1043066
1043068
1043069
1043070
1043071
1043073
1043076
1043078
1043080
1043081
1043083
1043084
1043086
1043087
1043090
1043106
1043114
1043119
1043125
1043126
1043127
1043129
1043132
1043135
1043139
1043141
1043144
1043146
1043147
1043149
1043150
1043151
1043157
104580
1047181
1048365
1048366
1048367
1048369
1048371
1048373
1048375
1048444
1048671
1049489
1049490
1049491
1049492
1049493
1049498
1049501
1049502
1049503
1049504
1049505
1049508
1049511
1049513
1049514
1049515
1049516
1049517
1049519
1049520
1049522
1049525
1049527
1049529
1049530
1049531
1049533
1049534
1049536
1049537
1049540
1049541
1049542
1049544
1049556
1049600
1049603
1049604
10497
1049718
1049719
1050933
1050934
1050935
1050937
1050938
1050939
1050941
1050942
1050943
1050944
1050946
1050947
1050948
1050951
1050952
1050953
1050954
1050956
1050958
1050959
1050960
10515
1051647
1051648
10519
10521
1052157
1052158
10522
1052267
1052268
1052269
1052272
1052273
1052274
1052277
1052284
1052288
1052290
1052297
1052298
1052299
1052300
1052304
1052305
1052306
1052308
1052309
1052310
1052312
1052313
1052314
1052315
1052316
1052317
1052318
1052319
1052320
1052323
1052325
1052326
1052330
1052334
1052335
1052336
1052337
1052338
1052341
1052343
1052344
1052347
1052348
1052351
1052355
1052357
1052360
1052362
1052364
1052365
1052369
1052370
1052371
1052373
1052374
1052377
1052380
1052381
1052384
1052385
1052387
1052390
1052392
1052393
1052395
1052396
1052398
1052399
10524
1052400
1052401
1052403
1052404
1052405
1052406
1052407
1052408
1052409
1052410
1052411
1052412
1052413
1052414
1052416
1052417
1052418
1052419
1052420
1052421
1052423
1052424
1052425
1052427
1052428
1052429
1052430
1052431
1052432
1052435
1052436
1052437
1052439
1052440
1052441
1052445
1052446
1052447
1052449
1052450
1052451
1052454
1052455
1052456
1052458
1052460
1052462
1052463
1052464
1052465
1052466
1052467
1052468
1052470
1052471
1052474
1052477
1052478
1052479
1052483
1052490
1052492
1052493
1052495
1052603
1052604
1052695
1052696
1052697
1052698
1052699
1052700
1052701
1052702
1052703
1052704
1052705
1052706
1052707
1052708
1052709
1052714
1052715
1052716
1052717
1052718
1052719
1052721
1052723
1052724
1052725
1052727
1052728
1052729
1052731
1052733
1052734
1052735
1052736
1052737
1052738
1052740
1052742
1052745
1052749
1052753
1052754
1052755
1052756
1052757
1052758
1052762
1052763
1052768
1052770
1052771
1052772
1052773
1052775
1052777
1052778
1052779
1052783
1052784
1052785
1052786
1052787
1052789
1052791
1052792
1052793
1052794
1052795
10528
10529
1053139
1053140
1053141
1053142
1053143
1053144
1053145
1053146
1053147
10533
10541
1054205
1054656
1054657
1054658
1054659
1054660
1054661
1054663
1054664
1054666
1054669
1054670
1054671
1054672
1054673
1054674
1054675
1054676
1054678
1054679
1054680
1054681
1054683
1054684
1054687
1054688
1054691
1054693
1054694
1054695
1054701
1054704
1054705
1054706
1054707
1054708
1054709
1054710
1054713
1054716
1054719
1054721
1054722
1054723
1054725
1054726
1054727
1054728
1054729
1054731
1054732
1054734
1054735
1054736
1054738
1054739
1054740
1054742
1054744
1054745
1054746
1054747
1054748
1054752
1054753
1054756
1054757
1054759
1054760
1054761
1054763
1054765
1054766
1054767
1054768
1054773
1054774
1054776
1054777
1054778
1054780
1054791
1054792
1054794
1054796
1054797
1054798
1054799
10548
1054801
1054802
1054803
1054805
1054806
1054807
1054808
1054809
1054812
1054814
1054815
1054816
1054818
1054819
1054821
1054822
1054823
1054824
1055160
1055163
1055166
1055167
1055169
1055170
1055171
1055172
1055173
1055174
1055175
1055179
1055342
1055343
1055345
1055346
1055347
1055670
1055672
1055673
1055675
1056038
1056039
1056044
1056045
1056047
1056050
1056053
1056054
1056055
1056056
1056057
1056067
1056068
1056074
1056075
1056076
1056079
1056081
1056489
1056490
10632
106330
106333
1068682
1068684
1068689
1068694
1068701
1068702
1068706
1068710
1068713
1068715
1068716
1068717
1068720
1068961
1069164
1069167
1069170
1069171
1069172
1069174
1069175
1069176
1069177
1069178
1069293
1069296
1069322
106966
1071132
1071134
1071143
1071144
1071145
1071146
1071147
1071149
1071151
1071153
1071154
1071157
1071158
1071160
1071162
1071323
1071325
1071326
1071328
1071352
1071353
1071354
1071359
1071361
1071365
1071485
1071619
1071621
1071623
1071624
1072330
1073232
1073233
1073234
1073445
1073446
1073449
1073450
1073453
1073454
1073456
1073458
1073459
1073460
1073462
1073463
1073464
1073467
1073468
1073470
1073471
1073472
1073473
1073474
1073475
1073476
107404
1074255
107462
1074838
1074839
1074843
1074844
1074847
1074851
1074852
1074853
1074855
1074857
1074861
1076679
1076704
1076705
1076707
1076952
1076964
1076966
1076968
1076969
1077905
1078062
1078064
1078402
1078403
1078404
10786
10788
10796
1079951
1079952
1080139
1080140
1080141
108098
1081231
1081232
1081233
1081236
1081242
1081246
1081248
1081253
1081397
1081398
1081399
1081400
1081695
1081696
1081699
1081700
1082409
1082415
1082416
1082417
1082418
1082419
1082423
1082429
1082433
1082435
1082437
1082440
1082442
1082445
1082448
1082449
1082451
1082453
1082455
1082457
1082458
1082462
1082463
1082464
1082466
1082468
1082469
1082471
1082513
1082515
1082516
1082517
1082521
1082522
1082523
1082524
1082525
1082526
1082527
1082546
1082759
1082760
1084501
1086035
1086544
1086842
1086843
1086844
1086845
1086846
1086847
1086848
1086850
1086851
1086852
1086855
1086856
1086857
1086858
1086859
1086860
1086861
1086863
1086864
1086865
1086866
1086867
1086869
1086873
1086874
1086878
1086880
1086882
1086883
1086884
1086885
1086887
1086890
1086891
1086893
1086896
1086898
1086900
1086901
1086902
1086903
1086908
1086909
1086910
1086912
1086913
1086914
1086916
1086920
1086921
1086922
1086923
1086924
1086926
1086927
1086930
1086931
1086932
1086933
1086934
1086935
1086936
1086937
1086939
1086940
1086941
1086942
1086945
1086947
1086948
1086951
1086953
1086954
1086955
1086958
1086959
1086960
1086961
1086963
1086965
1086967
1086968
1086969
1086970
1086971
1086972
1086973
1086974
1086976
1086977
1086978
1086979
1086980
1086981
1086982
1086983
1086986
1086987
1086989
1086990
1086991
1086993
1086994
1086996
1086997
1086998
1086999
1087002
1087007
1087009
1087010
1087011
1087012
1087013
1087014
1087015
1087016
1087017
1087019
1087027
1087028
1087029
1087030
1087031
1087032
1087033
1087034
1087035
1087037
1087039
1087040
1087041
1087042
1087043
1087046
1087047
1087048
1087049
1087052
1087279
1087282
1087283
1087284
1087287
1087288
1087290
1087291
1087292
10884
1088468
1088469
1088470
1088471
1088472
1088473
1088474
1088475
1088476
1088477
1088479
10886
1088687
1088688
1088702
1089194
1089196
10893
10895
1089534
1089555
1089565
1089569
1089576
1089587
1089590
1089601
1089604
1089607
1089610
10897
1090140
1090141
10903
10906
1090955
1090957
1090958
1090959
1090963
10913
1091970
1092046
10922
10923
1092336
10927
10928
1092952
1092954
1092955
1092956
1092957
1092963
1092964
1092965
1092966
1092967
1092969
1092970
1092971
1092972
1092973
1092974
1092976
1092977
1092980
1092985
1092988
1092990
1092998
1092999
1093000
1093001
1093002
1093004
1093007
1093009
1093010
1093011
1093012
1093013
1093014
1093015
1093016
1093020
1093029
1093030
1093032
1093033
1093035
1093038
1093039
1093040
1093041
1093042
1093043
1093045
1093046
1093048
1093050
1093053
1093054
1093064
1093065
1093067
1093068
10933
1093324
1093325
1093326
1093328
1093329
1093330
1093331
1093332
1093334
1093336
1093337
1093338
1093339
1093341
1093343
1093346
1093350
1093351
1093353
1093354
1093355
1093360
1093362
1093364
1093366
1093367
1093368
1093370
1093371
1093375
1093377
1093378
1093381
1093382
1093384
1093387
1093388
1093389
1093390
1093392
1093393
1093396
1093397
1093398
1093399
1093400
1093401
1093403
1093404
1093407
1093408
1093414
1093417
1093421
1093422
1093423
1093425
1093426
1093428
1093429
1093430
1093432
1093433
1093434
1093435
1093436
1093438
1093440
1093441
1093445
1093449
1093451
1093454
1093457
1093458
1093460
1093464
1093465
1093466
1093472
1093475
1093479
1093480
1093481
1093482
1093485
1093487
1093488
1093489
1093492
1093494
1093495
1093498
1093499
1093500
1093501
1093503
1093504
1093505
1093506
1093507
1093508
1093509
1093513
1093514
1093515
1093517
1093518
1093520
1093522
1093523
1093524
1093525
1093526
1093527
1093530
1093532
1093533
1093534
1093536
1093537
1093538
1093539
1093540
1093542
1093543
1093545
1093547
1093548
1093549
1093550
1093551
1093552
1093553
1093554
1093557
1093558
1093562
1093563
1093564
1093565
1093566
1093567
1093568
1093569
1093571
1093572
1093573
1093574
1093575
1093576
1093577
1093578
1093580
1093581
1093582
1093583
1093585
1093586
1093587
1093588
1093590
1093591
1093592
1093904
1093906
1093907
1093909
1093910
1093911
1093912
10941
10942
1094272
1094275
1094276
1094277
1094278
1094279
1094280
1094281
1094282
1094283
1094284
1094285
1094286
1094287
1094288
1094289
1094290
1094291
1094293
10943
1094363
1094374
1094375
1094376
1094898
10953
1095905
1095906
1095907
1095908
1096342
10967
1096788
1096795
1096796
10968
10971
1098914
10990
1099870
1099871
1100787
1100788
1100789
1100791
1101371
1101406
1101407
1101408
1101409
1101410
1101412
1101414
1101416
1101417
1101418
1101422
1101425
1101426
1101427
1101428
1101430
1101432
1101433
1101434
1101437
1101438
110195
11021
11029
11034
11036
1105164
1105165
11053
11060
11069
11070
11072
1107328
1107331
1107335
11077
11082
11083
11084
1108816
1108818
1108823
1108825
1108826
1108827
1108828
1108829
1108831
1108832
11089
11090
1109105
1109106
1109107
11094
11096
11098
11099
11103
1111139
1111160
11120
1112310
1112734
11128
11135
11137
1114211
1114212
1114214
1114215
11146
11149
1115118
11152
11153
1115845
1116241
1116242
11168
1117045
1117047
1117049
1117050
1117187
1117193
1117195
1117196
1117198
1117200
1117201
1117203
1117204
1117206
1117207
1117209
1117210
1118016
1118017
1118018
1118204
1118205
1118206
1118207
1118208
1118210
1118986
1118987
1118988
1120765
11216
1122276
1122277
1122279
11232
11233
11234
11241
11250
1125442
1125443
1126247
1126250
1126383
1126384
1127476
11277
11280
1128027
1128031
1128032
11287
11292
1129345
1129347
1130073
11303
1130831
1131405
1131591
1131862
1131879
1131880
1131881
11320
1133354
1133355
1133358
1133361
1133362
1133963
1134665
1135256
1135257
1135258
1135259
1135260
1135261
1135262
1135263
1136324
1136533
1140153
1140192
1140194
1140232
1140240
1141494
1141706
1141709
1141710
1141720
1141721
1141754
1144025
1144737
1145081
1146934
1147160
1148454
1148455
1148456
1148457
1148458
1149325
1149326
1149327
1149328
1149330
1149339
1149340
1149342
1149343
1149352
1149354
1149357
1149359
1149360
1149361
1149362
1149366
1149371
1149379
1149385
1149389
1149391
1149395
1149396
1149397
1149400
1149402
1149403
1149406
1149411
1149413
1149415
1149418
1149419
1149421
1149422
1149423
1149425
1149426
1149427
1149429
1149430
1149440
1149441
1149443
1149447
1149448
1149452
1149453
1149457
1149459
1149464
1149476
1149477
1149480
1149482
1149485
1149486
1149488
1149493
1149494
1149499
1149500
1149501
1149505
1149506
1149509
1149510
1149511
1149515
1149517
1149518
1149523
1149526
1149527
1149529
1149534
1149536
1149540
1149550
1149561
1149576
1149577
1149583
1149590
1149592
1149594
1149598
1149600
1149602
1149603
1149608
1149612
1149614
1149616
1149618
1149622
1149838
1149842
1150745
1150838
1151015
1151016
1151019
1151022
1151023
1151024
1151027
1151789
1151790
1151791
1151792
1151793
11520
1154987
1154988
1154997
1155088
1155089
11552
11553
11557
1155915
1155916
1155917
1155918
1155920
1155925
1155942
1155943
11567
1156821
1157337
1158212
1158213
1158215
1158556
1158558
1158559
11588
1159762
1159765
1159779
1159784
1159788
1159905
11620
1162483
1162683
1162684
1162685
1162686
1163306
1163307
1163310
1163311
1163313
1163314
1163317
1163319
1163323
1163324
1163568
1163569
1163573
1163575
1163576
1164583
1164584
1164585
1164588
1164589
1164591
1165123
1166416
1166430
1166433
1166434
1166439
1166447
1166448
1166450
1166452
1166453
1166454
1166455
1166456
1166457
1166458
1166459
1166460
1166571
1166572
1166573
1166574
1166575
1166576
1166577
1166579
1166580
1166582
1166583
1166584
1166587
1166590
1166591
1166592
1166594
1166597
1166599
1166600
1166601
1166602
1166604
1166605
1166607
1166608
1166609
1166610
1166613
1166614
1166616
1166619
1166620
1166621
1166625
1166627
1166628
1166629
1166630
1166631
1166632
1166633
1166634
1166635
1166637
1166639
1166640
1166641
1166642
1166645
1166646
1166648
1166649
1166651
1166654
1166655
1166658
1166659
1166661
1166662
1166663
1166665
1167461
1167614
1167655
1167656
1167657
1167660
1167661
1167662
1167663
1167667
1167668
1167669
1167670
1167671
1167672
1168501
1168503
1168504
1168505
1168515
1168516
1168519
1168523
1170411
1170413
1170417
1170420
1171059
1171061
1171093
1171096
1171099
1171100
1171101
1171102
1171103
1171105
1171106
1171107
1171114
1171121
1171155
1171157
1171160
1171162
1171167
1171169
1171171
1171172
1171173
1171175
1171178
1171179
1171182
1171184
1171185
1171186
1171187
1171188
1171195
1171197
1171201
1171205
1171206
1171208
1171216
1171247
1171249
1171256
1171257
1171268
1171274
1171277
1171284
1171291
1171295
1171298
1171300
1171331
1171334
1171336
1171337
1171338
1171339
1171629
1171630
1171631
1171632
1171633
1171634
1171635
1171636
1171637
1171638
1171639
1171640
1171641
1171642
1171643
1171644
1171645
1171646
1171647
1171648
1171649
1171650
1171651
1171652
1171653
1171654
1171655
1171656
1171657
1171658
1171659
1171667
117204
1172082
1172083
1172084
1172086
1172089
1172092
1172095
1172096
1172097
1172099
1172100
1172102
1172103
1172104
1172106
1172108
1173198
1173203
1174516
1174517
1174518
1174519
1174520
1174521
1174533
1174534
1174536
1174537
1174538
1174539
1175984
1176040
1176041
1176043
1176044
1176045
1176048
1176050
1176051
1176052
1176054
1176057
1176058
1176059
1176060
1176063
1176064
1176065
1176066
1176067
1176068
1176069
1176071
1176074
1176076
1176077
1176078
1176080
1176083
1176084
1176085
1176086
1176092
1176093
1176095
1176096
1176097
1176098
1176100
1176101
1176102
1176103
1176104
1176105
1176106
1176113
1176114
1176116
1176117
1176118
1176120
1176121
1176124
1179678
1179680
1179682
1182925
1183156
1183254
1183255
1183312
1183313
1183319
1184485
1184486
1184487
1184488
1184498
1184508
1184515
1184521
1184524
1184525
1184528
1184529
1184530
1184531
1184535
1184536
1184537
1184538
1184539
1184540
1184541
1184543
1184545
1184546
1184548
1184549
1184550
1184553
1184554
1184555
1184557
1184559
1184560
1184564
1184566
1184567
1184570
1184571
1184572
1184575
1184576
1184577
1184579
1184580
1184581
1184582
1184584
1184585
1184586
1184587
1184591
1184592
1184594
1184596
1184597
1184598
1184599
1184697
1184700
1185413
1185855
1185866
1185869
118655
1190450
1191064
1191065
1191066
1191207
1192872
1192885
1192907
1192910
1192913
1192915
1192916
1192917
1192919
1192921
1192922
1192923
1192924
1192925
1192926
1192927
1192929
1192930
1192931
1192933
1192934
1192936
1192938
1192939
1192940
1192941
1192943
1192944
1192946
1192949
1192950
1192951
1192953
1192955
1192958
1192960
1192961
1192962
1192965
1192966
1192967
1192968
1192970
1192971
1192973
1192975
1192976
1192977
1192978
1192979
1192980
1193386
1193387
1193388
1193389
1193390
1193391
1193392
1193393
1193395
1193396
1193397
1193398
1193399
1193401
1193663
1193849
1193853
1193858
1193859
1193864
1193869
1193870
1193873
1193875
1193876
1193881
1193884
1193886
1193887
1193888
1193889
1193894
1193895
1193897
1193898
1193900
1193901
1193904
1193916
1193929
1193938
1193939
1193946
1193950
1193958
1193959
1193961
1193962
1193964
1193965
1193968
1193971
1193975
1193976
1193977
1193979
1193980
1193981
1193987
1193990
1194000
1194007
1194008
1194009
1194010
1194012
1194014
1194016
1194019
1194020
1194022
1194024
1194026
1194027
1194231
1194298
1194299
1194301
1194302
1194303
1194307
1194308
1194309
1194310
1194311
1194312
1194313
1194314
1194316
1194317
1194318
1194319
1194322
1194323
1194325
1194326
1194327
1194428
1194429
1194430
1194435
1194437
1194439
1196598
1196600
1196601
11976
11977
11978
1198086
11983
1198388
1198396
11984
1198400
1198401
1198402
1198404
1198405
1198406
1198408
1198411
1198412
1198415
1198424
1198430
1198431
1198648
1198665
1198666
1199275
1201023
1201024
1202225
1202561
1202562
1202566
1202567
1202568
1202569
1202570
1202573
1202574
1202576
1202577
1202578
1202579
1202582
1202583
1202584
1202585
1202587
1202589
1202591
1202592
1202594
1202595
1202596
1202597
1202600
1202602
1202604
1202605
1202606
1202607
1202609
1202616
1202618
1202619
1202621
1202623
1202624
1202628
1202633
1202634
1202636
1202637
1202638
1202640
1202642
1202643
1202644
1202646
1202649
1202650
1202651
1202652
1202656
1202660
1202661
1202662
1202992
1202995
1202997
1202998
1203274
1203276
1203672
1203675
1203691
1203698
1203706
1203707
1203712
1203713
1203715
1203721
1203722
1203723
1203725
1203726
1203728
1203729
1203732
1203733
1203734
1203735
1203737
1203738
1203741
1203746
1203748
1203749
1203750
1203753
1203754
1203756
1203757
1203758
1203759
1203760
1203763
1203764
1203765
1203766
1203767
1203768
1203770
1203773
1203774
1203775
1203789
1203794
1203796
1203797
1203799
1203808
1203812
1203816
1203817
1203820
1203823
1203825
1203828
1203830
1203831
1203832
1203834
1203836
1203840
1203841
1203843
1203845
1203846
1203849
1203851
1203853
1203854
1203856
1203857
1203862
1203863
1203867
1203868
1203869
1203870
1203873
1203874
1203875
1203878
1203879
1203884
1203886
1203887
1203888
1203889
1203901
1203918
1203919
1203924
1203927
1203928
1203932
1203934
1203935
1203938
1203949
1203961
1203968
1203972
1203974
1203975
1203976
1204181
1204230
1204231
1204254
12060
1206179
1206180
1206181
1206182
1206184
1206185
12062
1206206
1206211
12063
1206568
1206580
12067
12069
1206998
1206999
12070
12072
12073
12074
12075
12076
12078
1207924
1207928
1207934
1207937
1207939
1207940
1207944
1207945
1207947
1207948
1207956
1207957
1207962
1207963
1207964
1207967
1207969
1207970
1207971
1207972
1207973
1207975
1207979
1207981
12080
12083
1208341
1208357
1208358
1208584
12086
1208725
1208726
12089
12092
1209378
1209380
1209814
1209963
1210008
1210018
1210019
1210020
1210021
1210022
1210023
1210024
1210025
1210026
1210027
1210028
1210141
1210142
1210162
1210183
1210184
1210186
1210188
1210191
1210196
1210200
1210202
1210203
1210205
1210206
1210207
1210208
1210209
1210212
1210213
1210214
1210215
1210217
1210218
1210226
1210234
1210235
1210236
1210237
1210238
1210246
1210247
1210249
1210250
1210285
1210303
1210305
1210308
1210320
1210322
1210325
1210326
1210340
1210352
1210354
1210994
1210996
12110
12111
1211380
12116
12118
12121
12122
12123
1212699
12131
12132
12135
1213881
1214618
1214619
1214620
1214621
1214623
1214624
1214625
1214626
1214627
1214628
1214630
1214632
1214792
1214798
1214799
1214806
1214807
1214837
1214848
1214852
1214858
1214862
1214863
1214867
1214868
1214888
1214892
1214893
1216888
1216889
1216890
1216891
1216893
1216894
1216895
1216898
1216899
1216900
1216901
1216904
1216906
1216909
1216910
1216911
1216912
1216913
1216914
1216916
1216917
1216921
1217303
1217304
1217772
1217773
1217774
1217776
1217777
1217778
121794
1218303
1218304
1218305
1218307
1218308
1219350
1219351
1219352
1219353
1219377
1219381
1219404
1219528
1219529
1219530
1220487
1220552
1221622
1221882
1222247
1222248
1223808
1224677
1224811
1224818
1224819
1224820
1225479
1225739
1225740
1225741
1225742
1225743
1225744
1225745
1225746
1225747
1225748
1225749
1225750
1225751
1225752
1225753
1225754
1225755
1225756
1225757
1225758
1225759
1225760
1225761
1225762
1225763
1225764
1225765
1225766
1225767
1225768
1226656
1226722
1227515
1227520
1227522
1227523
1227524
1227525
1228352
1228417
1228419
1228420
1228421
1228422
1228423
1228425
1228427
1228428
1228429
1228430
1228431
1228433
1228435
1228436
1228438
1228439
1228440
1228441
1228443
1228447
1228450
1228452
1228454
1228455
1228457
1228459
1228460
1228461
1228465
1228466
1228470
1228471
1228474
1228478
1228482
1228484
1228485
1228488
1228490
1228495
1228499
1228503
1228507
1228508
1228511
1228512
1228513
1228514
1228522
1228524
1228525
1228529
1228531
1228534
1228535
1228536
1228541
1228546
1228547
1228551
1228553
1228559
1228562
1228563
1228564
1228568
1228571
1228574
1228575
1228577
1228582
1228583
1228584
1228585
1228586
1228587
1228592
1228595
1228596
1228597
1228599
1228602
1228603
1228605
1228606
1228607
1228608
1228609
1228610
1228611
1228612
1228613
1228615
1228617
1228618
1228621
1228623
1228626
1228627
1228630
1228631
1228633
1228638
1228640
1228644
1228650
1228673
1228674
1228675
1228676
1228677
1228691
1228694
1228695
1228696
1228715
1228721
1228722
1228730
1228744
1228746
1228747
1228753
1228755
1228760
1228766
1228801
1228802
1228811
1228812
1228813
1228814
1228815
1228816
1228817
1228818
1228822
1228823
1228825
1228826
1228830
1228831
1228834
1228835
1228836
1228838
1228840
1228841
1228843
1228844
1228845
1228847
1228848
1228858
1228860
1228862
1228863
1228864
1228865
1228866
1228867
1228868
1228869
1228870
1228871
1228872
1228873
1228874
1228875
1228876
1228877
1228878
1228879
1228880
1228881
1228882
1228883
1228884
1228885
1228886
1228887
1228888
1228889
1228890
1228891
1228892
1228893
1228894
1228895
1228896
1228897
1228898
1228899
1228900
1228901
1228902
1228903
1228904
1228905
1228906
1228907
1228908
1228909
1228910
1228911
1228912
1228913
1228914
1228915
1228916
1228917
1228918
1228919
1228920
1228921
1228922
1228923
1228924
1228925
1228926
1228927
1228928
1228929
1228930
1228931
1228932
1228933
122928
122929
1229456
1229457
1229469
1229472
1229474
1229531
1229537
1229538
1229539
1229545
1229548
1229549
1229551
1229553
1229559
1229563
1229565
1229568
1229570
1229574
1229576
1229581
1229594
1229595
1229597
1229602
1229604
1229609
1229612
1229613
1229614
1229616
1229619
1229680
1229685
1229762
1229763
1229764
1229768
1229769
1229770
1229771
1229772
1229773
1229774
1229775
1229833
1229835
1229836
1229837
1230175
1230191
1230193
1230195
1230196
1230198
1230199
1230200
1230201
1230204
1230208
1230211
1230215
1230216
1230217
1230218
1230219
1230222
1230224
1230225
1230226
1230227
1230228
1230230
1230232
1230234
1230237
1230238
1230240
1230241
1230243
1230245
1230246
1230247
1230250
1230251
1231084
1231096
1231097
1231105
1231106
1231113
1231152
1231177
1231266
1231331
1231612
1231613
1231902
12331
1233314
1233316
1234689
1235287
1235806
1236565
1236568
1236569
1237063
1237064
123738
1237872
1239800
1239801
1239805
1239809
1239815
1239817
1239820
1239946
1239947
1240004
1240008
1240009
1240011
1240012
1240014
1240015
1240017
1240019
1240020
1240021
1240128
1240575
1240576
1240581
1240582
1240584
1240586
1240588
1240589
1240590
1240593
1240594
1240595
1240596
1241957
1242125
1243889
1244157
1244158
1244160
1244161
1244163
1244170
1244182
1244183
1245464
1246658
1246677
1246679
1247460
1247466
1247467
1247469
1247476
1247882
1247889
1247993
1247997
1247998
1247999
1249209
1250389
1250395
1250398
1255287
1255290
1255294
1256530
1256855
1257111
12584
1260032
1260033
1260036
1260541
1261661
1261662
1261665
1261666
1261667
1261670
1261671
1261672
1261675
1261676
1261682
1261684
1261686
1261688
1261690
1261697
1261700
1261704
1261707
1261710
1261711
1261715
1261716
1261718
1261721
1261723
1261725
1261727
1261728
1261731
1261733
1261734
1261735
1261736
1261737
1261740
1261741
1261743
1261744
1261745
1261747
1261749
1261750
1261753
1261754
1261755
1261757
1261760
1261761
1261764
1261767
1261773
1261776
1261777
1261781
1261786
1261788
1261789
1261791
1261793
1261794
1261795
1261796
1261798
1261800
1261801
1261805
1261806
1261809
1261810
1261811
1261813
1261815
1261818
1261819
1261820
1261821
1261822
1261823
1261826
1261827
1261828
1261830
1261831
1261833
1261835
1261836
1261837
1261840
1261841
1261843
1261845
1261848
1261849
1261850
1261851
1261852
1261854
1261856
1261857
1261858
1261859
1261863
1261867
1261868
1261869
1261870
1261873
1261875
1261876
1261878
1261883
1261885
1261890
1261891
1261893
1261895
1261899
1261901
1261902
1261903
1261904
1261905
1261907
1261913
1261915
1261918
1261921
1261925
1261930
1261931
1261932
1261935
1261937
1261940
1261943
1261944
1261946
1261947
1261949
1261950
1261952
1261953
1261954
1261958
1261959
1261961
1261963
1261964
1261965
1261966
1261969
1261971
1261972
1261973
1261975
1261976
1261977
1261979
1261980
1261981
1261982
1261983
1261985
1261987
1261990
1261994
1261995
1261998
1262000
1262001
1262002
1262003
1262004
1262008
1262009
1262010
1262012
1262014
1262017
1262018
1262020
1262021
1262022
1262023
1262024
1262026
1262027
1262028
1262029
1262030
1262031
1262033
1262034
1262035
1262036
1262037
1262038
1262039
1262041
1262042
1262043
1262045
1262046
1262181
1262196
1263155
1263300
1263303
1263304
12637
1263899
12639
1263900
1263901
1263902
1263903
1263904
1263905
1263906
1263907
1263908
1263909
1263911
1263912
1263913
1263915
1263916
1263917
1263925
1264598
1264701
12663
1266636
1266637
1266638
1266639
1266640
1266641
1266642
1266643
1266645
1266655
1266657
1266730
1267158
1267601
1267602
1267604
1267605
1267606
1267608
1267610
1267611
1267612
1267614
1267615
1267618
1267620
1267623
1267625
1267626
1267627
1267628
1267629
1267630
1267631
1267632
1267633
1267636
1267637
1267638
1267639
1267641
1267642
1267643
1267644
1267645
1267649
1267650
1267652
1267653
1267654
1267655
1267657
1267659
1267660
1267661
1267662
1267663
1267664
1267665
1267669
1267670
1267673
1267674
1267675
1267676
1267677
1267682
1267683
1267686
1267687
1267690
1267692
1267693
1267699
1267703
1267704
1267705
1267708
1267709
1267710
1267711
1267712
1267716
1267719
1267720
1267721
1267722
1267724
1267725
1267726
1267727
1267728
1267729
1267731
1267732
1267734
1267735
1267737
1267738
1267739
1267741
1267742
1267743
1267744
1267745
1267746
1267747
1267748
1267749
1267750
1267751
126794
1268059
1268260
1268261
1268262
1268263
1268643
1268645
1269976
1269981
1269985
1269987
1269993
1269995
1271534
1271535
12730
1273141
1273142
1274322
1274331
1274618
1274621
1275490
1275491
1275492
1275493
1275494
1275495
1275496
1275497
1275498
1275499
1275500
1275501
1275502
1275503
1275504
1275505
1275506
1275507
1275508
1275509
1275510
1275511
1275512
1275513
1275514
1275515
1275516
1275517
1275518
1275519
1275520
1275521
1275522
1275523
1275524
1275525
1275526
1275527
1275528
1275529
1275530
1275531
1275532
1275533
1275534
1275535
1275536
1275537
1275538
1275539
1275540
1275541
1275542
1275543
1275544
1275545
1275546
1275547
1275548
1275549
1275550
1275551
1275552
1275553
1275554
1275555
1275556
1275557
1275558
1275559
1275560
1275561
1275562
1275563
1275564
1275565
1275566
1275567
1275568
1275569
1275570
1275571
1275572
1275573
1275574
1275575
1275576
1275577
1275578
1275579
1275580
1275581
1275582
1275583
1275584
1275585
1275586
1275587
1275588
1275589
1275590
1275591
1275592
1275593
1275594
1275595
1275596
1275597
1275598
1275599
1275600
1275601
1275602
1275603
1275604
1275605
1275606
1275607
1275608
1275609
1275610
1275611
1275612
1275613
1275614
1275615
1275616
1275617
1275618
1275619
1275620
1275621
1275622
1275623
1275624
1275625
1275626
1275627
1275628
1275629
1275630
1275631
1275632
1275633
1275634
1275635
1275636
1275637
1275638
1275639
1275640
1275641
1275642
1275643
1275644
1275645
1275646
1275647
1275648
1275649
1275650
1275651
1275652
1275653
1275654
1275655
1275656
1275657
1275658
1275659
1275660
1275661
1275662
1275663
1275664
1275665
1275666
1275667
1275668
1275669
1275670
1275671
1275672
1275673
1275674
1275675
1275676
1275677
1275678
1275679
1275680
1275681
1275682
1275683
1275684
1275685
1275686
1275687
1275688
1275689
1275690
1275691
1275692
1275693
1275694
1275695
1275696
1275697
1275698
1275699
1275700
1275701
1275702
1275703
1275704
1275705
1275706
1275707
1275708
1275709
1275710
1275711
1275712
1275713
1275715
1275716
1275717
1275718
1275719
1275720
1275721
1275722
1275723
1275724
1275725
1275726
1275727
1275728
1275729
1275730
1275731
1275732
1275733
1275735
1275736
1275737
1275738
1275739
1275740
1275741
1275742
1275743
1275744
1275745
1275746
1275747
1275748
1275749
1275750
1275751
1275752
1275753
1275754
1275755
1275756
1275757
1275758
1275759
1275760
1275761
1275762
1275763
1275764
1275765
1275766
1275767
1275768
1275769
1275770
1275771
1275772
1275773
1275774
1275775
1275776
1275777
1275778
1275779
1275780
1275781
1275782
1275783
1275784
1275785
1275786
1275787
1275788
1275789
1275790
1275791
1275792
1275793
1275794
1275795
1275796
1275797
1275798
1275799
1275800
1275801
1275802
1275803
1275804
1275805
1275806
1275807
1275808
1275809
1275810
1275811
1275812
1275813
1275814
1275815
1275816
1275817
1275818
1275819
1275820
1275821
1275822
1275823
1275824
1275825
1275826
1275827
1275828
1275829
1275830
1275831
1275832
1275833
1275834
1275835
1275836
1275837
1275838
1275839
1275840
1275841
1275842
1275843
1275844
1275845
1275846
1275847
1275848
1275849
1275850
1275851
1275852
1275853
1275854
1275855
1275856
1275857
1275858
1275859
1275860
1275861
1275862
1275863
1275864
1275865
1275866
1275867
1275868
1275869
1275870
1275871
1275872
1275873
1275874
1275875
1275876
1275877
1275878
1275879
1275880
1275881
1275882
1275883
1275884
1275885
1275886
1275887
1275888
1275889
1275890
1275891
1275892
1275893
1275894
1275895
1275896
1275897
1275898
1275899
1275900
1275901
1275902
1275903
1275904
1275905
1275906
1275907
1275908
1275909
1275910
1275911
1275912
1275913
1275914
1275915
1275916
1275917
1275918
1275919
1275920
1275921
1275922
1275923
1275924
1275925
1275926
1275927
1275928
1275929
1275930
1275931
1275932
1275933
1275934
1275935
1275936
1275937
1275938
1275939
1275940
1275941
1275942
1275943
1275944
1276163
1276164
1277639
1277640
1277641
1277919
1277921
1277922
1277924
1277925
127957
1280300
1280613
1280614
1280920
1280921
1281454
1281711
1281712
1281716
1281718
1281719
1281720
1281722
1282338
1282346
1283000
1283002
1283004
1283007
1283009
1283011
1283012
1283014
1283015
1283017
1283018
1283019
1283020
1283021
1283023
1283024
1283025
1283026
1283027
1283028
1283029
1283032
1283033
1283041
1283044
1283047
1283050
1283051
1283052
1283054
1283055
1283057
1283058
1283059
1283064
1283065
1283066
1283067
1283068
1283069
1283070
1283171
1283354
1283355
1283356
1283360
1283361
1283362
1283363
1283365
1283367
1283368
1283370
1283372
1283373
1283377
1283378
1283379
1283380
1283383
1283387
1283388
1283391
1283393
1283400
1283401
1283402
1283404
1283409
1283411
1283414
1283417
1283418
1283425
1283426
1283427
1283428
1283433
1283435
1283436
1283440
1283446
1283447
1283450
1283451
1283452
1283453
1283454
1283456
1283457
1283461
1283462
1283463
1283464
1283466
1283468
1283470
1283471
1283472
1283474
1283475
1283476
1283477
1283482
1283484
1283486
1283487
1283488
1283489
1283491
1283493
1283495
1283499
1283500
1283502
1283503
1283504
1283505
1283507
1283509
1283510
1283511
1283512
1283513
1283514
1283515
1283517
1283520
1283523
1283530
1283531
1283534
1283535
1283536
1283540
1283542
1283548
1283554
1283556
1283560
1283561
1283562
1283563
1283564
1283566
1283567
1283570
1283573
1283574
1283576
1283578
1283580
1283581
1283585
1283603
1283604
1283606
1283611
1283612
1283614
1283615
1283616
1283620
1283622
1283624
1283626
1283629
1283630
1283631
1283633
1283634
1283635
1283639
1283641
1283652
1283655
1283656
1283657
1283658
1283661
1283663
1283665
1283666
1283667
1283669
1283670
1283671
1283672
1283675
1283676
1283679
1283680
1283681
1283682
1283683
1283685
1283687
1283688
1283689
1283690
1283692
1283693
1283694
1283695
1283696
1283697
1283698
1283699
1283701
1283703
1283763
1283764
1283765
1283767
1283771
1283778
1283781
1283784
1283787
1284906
1284907
1284908
1284909
1284911
1284913
1284914
1284916
1284918
1284919
1284921
1284926
1284932
1284933
1284936
1284937
1284939
1284946
1284952
1284957
1284960
1284961
1284963
1284964
1284965
1284966
1284967
1284969
1284973
1284976
1284979
1284980
1284983
1284985
1284988
1284993
1284996
1285000
1285001
1285004
1285010
1285011
1285013
1285015
1285017
1285018
1285019
1285024
1285025
1285026
1285028
1285032
1285033
1285035
1285037
1285039
1285040
1285041
1285043
1285044
1285046
1285047
1285048
1285059
1285061
1285062
1285066
1285067
1285072
1285074
1285075
1285076
1285079
1285080
1285082
1285083
1285084
1285085
1285086
1285087
1285090
1285091
1285093
1287674
1287675
1287676
1287677
1287678
1287679
1287740
1287744
128819
1288887
1288888
1288890
1289197
1289201
1289202
1289562
1289563
1289564
128986
128987
1290584
1290585
1291567
1291568
1291654
129215
1292972
1292973
1292974
1292976
1292977
1292978
1292979
1292982
1292984
1292985
1292988
1292989
1292994
1292996
1293001
1293004
1293006
1293007
1293009
1293010
1293011
1293012
1293014
1293015
1293018
1293021
1293024
1293028
1293029
1293030
1293433
1293737
1293743
1293748
1293833
1293834
1293836
1293837
1293838
1293839
1293841
1293842
1293843
1293844
1293845
1293847
1293848
1293849
1293898
1293899
1294154
1294155
1294156
1294157
1294158
1294159
1294160
1294161
1294163
1294164
1294167
1294168
1294277
1294613
1294615
1295306
1295307
1295308
1295309
1295310
1295311
1295312
1295563
1295570
1295572
1295620
1296549
1296550
1296559
1296675
1296676
1296677
1296678
1296679
1296680
1296681
1296682
1296683
1296684
1296685
1296686
1296687
1296688
1296689
1296690
1296691
1296692
1296693
1296694
1296696
1296697
1296698
1296699
1296700
1296701
1296702
1296703
1296704
1296705
1296706
1296707
1296708
1296709
1296710
1296711
1296712
1296713
1296714
1296715
1296716
1296717
1296718
1296719
1296720
1296721
1296722
1296723
1296724
1296725
1296726
1296727
1296728
1296729
1296730
1296731
1296732
1296733
1296734
1296735
1296736
1296737
1296738
1296739
1296740
1296741
1296743
1296744
1296745
1296746
1296747
1296748
1296749
1296750
1296751
1296752
1296753
1296754
1296755
1296756
1296757
1296758
1296760
1296761
1296762
1296763
1296764
1296765
1296766
1296767
1296768
1296769
1296770
1296771
1296772
1296773
1296774
1296775
1296776
1296777
1296778
1296779
1296780
1296781
1296782
1296783
1296784
1296785
1296786
1296787
1296788
1296789
1296790
1296791
1296792
1296793
1296794
1296795
1296796
1296797
1296798
1296799
1296800
1296801
1296802
1296803
1296804
1296805
1296806
1296807
1296808
1296809
1296810
1296811
1296812
1296813
1296814
1296815
1296816
1296817
1296818
1296819
1296820
1296821
1296822
1296823
1296824
1296825
1296826
1296827
1296828
1296829
1296830
1296831
1296832
1296833
1296834
1296835
1296836
1296837
1296838
1296839
1296840
1296841
1296842
1296843
1296844
1296846
1296847
1296848
1296849
1296850
1296851
1296852
1296853
1296854
1296855
1296856
1296857
1296858
1296859
1296860
1296861
1296862
1296863
1296864
1296865
1296866
1296867
1296868
1296869
1296870
1296871
1296872
1296873
1296874
1296875
1296876
1296877
1296878
1296879
1296881
1296882
1296883
1296884
1296885
1296886
1296887
1296888
1296889
1296890
1296891
1296892
1296893
1296894
1296895
1296896
1296897
1296898
1296899
1296900
1296901
1296902
1296903
1296904
1296905
1296906
1296907
1296908
1296909
1296910
1296911
1296912
1296913
1296914
1296915
1296916
1296917
1296918
1296919
1296920
1296921
1296922
1296923
1296924
1296925
1296926
1296927
1296928
1296929
1296930
1296931
1296932
1296933
1296934
1296935
1296936
1296937
1296938
1296939
1296940
1296941
1296942
1296943
1296944
1296945
1296946
1296948
1296949
1296950
1296951
1296952
1296953
1296954
1296955
1296956
1296957
1296958
1296959
1296960
1296961
1296962
1296963
1296964
1296965
1296966
1296967
1296968
1296969
1296970
1296971
1296972
1296973
1296974
1296975
1296976
1296977
1296980
1296981
1296982
1296983
1296984
1296985
1297542
1297543
129781
1298387
1298529
1298740
1298742
1298744
129951
1299904
1299905
1299906
1299907
1299909
1301933
1301943
1301944
1301945
1301946
1301947
1301949
1301952
1301954
1301955
1301956
1301958
1301960
1301962
1301963
1301964
1301965
1301966
1301967
1301969
1301971
1301973
1301974
1301975
1301976
1301978
1301979
1301982
1301983
1301984
1301985
1301986
1301987
1301990
1301991
1301992
1301993
1301994
1301995
1301998
1301999
1302005
1302007
1302008
1302009
1302014
1302015
1302016
1302019
1302020
1302022
1302024
1302025
1302026
1302029
1302032
1302034
1302035
1302036
1302038
1302040
1302041
1302042
1302043
1302046
1302047
1302050
1302051
1302054
1302055
1302056
1302057
1302061
1302062
1302063
1302065
1302068
1302069
1302070
1302071
1302072
1302074
1302076
1302077
1302078
1302080
1302082
1302085
1302086
1302088
1302090
1302091
1302092
1302093
1302094
1302099
1302101
1302102
1302103
1302104
1302105
1302108
1302109
1302110
1302111
1302112
1302113
1302115
1302117
1302118
1302121
1302122
1302124
1302125
1302126
1302366
1302367
1302372
1302694
1302698
1302699
1302700
1302701
1302702
1302703
1302988
130308
130310
1303198
1303200
1303201
1303204
1303207
1303208
1303209
1303211
1303214
1303215
1303217
1303218
1303220
1303221
1303226
1303227
1303229
1303233
1303234
1303235
1303236
1303237
1303239
1303240
1303241
1303380
1303381
1303844
1303846
1303861
1304747
1304749
1304753
1305034
1305036
1305048
1305068
1305075
1305078
1305092
1305094
1305122
1305123
1305135
1305138
1305143
1305176
1305183
1305189
1305195
1305205
1305207
1305208
1305229
1305246
1305255
1305257
1305281
1305290
1305291
1305298
1305313
1305339
1305347
1305349
1305357
1305359
1305363
1305368
1305374
1305378
1305380
1305381
1305382
1305399
1305400
1305401
1305420
1305425
1305429
1305465
1305483
1305487
1305488
1305489
1305505
1305512
1305530
1305541
1305550
1305555
1305568
1305571
1305575
1305576
1305581
1305631
1305634
1305637
1305638
1305646
1305678
1306125
1306126
1306127
1306128
1306129
1306133
1306931
1307161
1307164
1307166
1307167
1307168
1307169
1307170
1308042
1308170
1308189
1308208
1308209
1308225
1308226
1308239
1308241
1308242
1308243
1308264
1308268
1308275
1308277
1308278
1308279
1308284
1309756
1309757
1309759
1309760
1309762
1309763
1309765
1309766
1309767
1309768
1309769
1309771
1309772
1309773
1309775
1309776
1309778
1309781
1309784
1309785
1309786
1309787
1309789
1310116
1310532
1312208
1312858
1312860
1312861
1312862
1313070
1313072
1313080
1313424
131408
1314960
1314961
1315031
1315037
1315805
1315807
1315809
1315810
1315811
1315813
1315816
1315819
1315825
1315829
1316155
1316156
1316496
1316497
1316498
1316499
1316500
1316505
1316506
1316510
1316808
1316811
1316815
1316845
1316846
1316847
1316849
1316855
1316856
1316857
1316860
1316862
1316864
1316868
1316870
1316871
1316875
1316876
1316878
1316879
1316880
1316881
1316883
1316884
1316885
1316886
1316887
1316892
1316895
1316897
1316898
1316899
1316901
1316905
1317093
1317094
1317940
1317951
1318019
1318034
1318123
1318190
1318240
1318268
1318270
1318272
1318279
1318286
1318310
1318325
1318334
1318337
1318339
1318346
1318348
1318372
1318386
1318389
1318391
1318392
1318408
1318410
1318449
1318451
1318616
1320475
1320478
1320480
1320509
1320513
1320766
1320769
1320821
1320917
1320936
1321040
1321230
1321571
1321576
1321581
1321584
1321587
1321758
1322048
1322051
1322053
1322056
1322057
1322231
1322237
1322241
1322242
1322390
1322395
1322396
1322399
1322400
1322401
1322402
1322405
1322406
1322407
1322408
1322410
1322412
1322414
1322415
1322416
1322419
1322420
1322423
1322427
1322430
1322436
1322437
1322440
1322442
1322443
1322444
1322449
1322454
1322464
1322473
1322476
1322478
1322481
1322482
1322483
1322485
1322486
1322488
1322489
1322490
1322492
1322493
1322494
1322498
1322501
1322502
1322506
1322510
1322512
1322513
1322516
1322517
1322518
1322519
1322520
1322521
1322523
1322524
1322525
1322528
1322530
1322532
1322533
1322536
1322537
1322538
1322539
1322540
1322541
1322542
1322547
1322548
1322549
1322551
1322552
1322553
1322554
1322555
1322557
1322559
1322560
1322561
1322562
1322563
1322564
1322565
1322566
1322568
1322571
1322576
1322578
1322579
1322581
1322582
1322584
1322586
1322590
1322592
1322595
1322596
1322597
1322599
1322605
1322608
1322610
1322611
1322612
1322613
1322614
1322616
1322617
1322619
1322622
1322623
1322626
1322627
1322629
1322631
1322632
1322633
1322635
1322636
1322638
1322639
1322640
1322641
1322644
1322645
1322646
1322647
1322652
1322653
1322658
1322659
1322663
1322664
1322665
1322666
1322667
1322668
1322669
1322670
1322671
1322672
1322674
1322675
1322676
1322681
1322683
1322684
1322686
1322687
1322688
1322689
1322690
1322691
1322693
1322694
1322695
1322696
1322697
1322700
1322704
1322705
1322706
1322709
1322710
1322711
1322717
1322719
1322720
1322729
1322730
1322731
1322732
1322736
1322740
1322741
1322742
1322743
1322750
1322751
1322752
1322757
1322759
1322760
1322761
1322763
1322765
1322766
1322769
1322771
1322772
1322774
1322777
1322778
1322779
1322780
1322782
1322785
1322786
1322788
1322789
1322790
1322791
1322793
1322795
1322797
1322798
1322801
1322802
1322803
1322804
1322805
1322806
1322811
1322815
1322819
1322820
1322824
1322825
1322829
1322831
1322832
1322837
1322838
1322843
1322846
1322848
1322851
1322855
1322859
1322860
1322861
1322862
1322863
1322871
1322873
1322875
1322876
1322878
1322880
1322882
1322883
1322884
1322885
1322886
1322887
1322888
1322889
1322890
1322891
1322892
1322893
1322894
1322897
1322899
1322901
1322902
1322906
1322907
1322909
1322910
1322912
1322913
1322915
1322916
1322917
1322918
1322919
1322920
1322921
1322922
1322923
1322924
1322925
1322926
1322928
1322930
1322931
1322932
1322933
1322934
1322935
1322936
1322937
1322938
1322939
1322940
1322942
1322943
1322944
1322945
1322946
1322947
1322951
1322960
1322961
1322962
1322966
1322968
1322970
1322971
1322975
1322978
1322979
1322981
1322989
1322996
1322999
1323002
1323004
1323006
1323007
1323009
1323014
1323015
1323018
1323021
1323022
1323023
1323025
1323026
1323029
1323030
1323031
1323032
1323035
1323036
1323037
1323038
1323039
1323042
1323043
1323046
1323049
1323051
1323054
1323056
1323057
1323059
1323062
1323064
1323065
1323066
1323067
1323068
1323070
1323071
1323072
1323073
1323074
1323075
1323077
1323078
1323079
1323080
1323082
1323083
1323084
1323085
1323087
1323088
1323089
1323090
1323091
1323093
1323096
1323097
1323099
1323100
1323101
1323102
1323103
1323104
1323106
1323107
1323109
1323112
1323113
1323114
1323115
132484
132485
132487
1324936
1324939
1324942
1324948
1325203
1325205
1325207
1325208
1325209
1325210
1325211
1325213
1325218
1325219
1325366
1325566
1328174
1328175
1328176
1329286
1329287
1329289
1329291
1329293
1329313
1329857
1329858
1329859
1329860
1329863
1329864
1329867
1329869
1329871
1329872
1329873
1329874
1329875
1329877
1330355
1330357
1330359
1330363
1330365
1330366
1330369
1330370
1330452
1331490
1331495
1331499
1331503
1331504
1331505
1331506
1331508
1331522
1331525
1331527
1331528
1331529
1331534
1331536
1331537
1331538
1331539
1331540
1331542
1331547
1331549
1331553
1331554
1331555
1331558
1331559
1331566
1331567
1331568
1331570
1331571
1331573
1331575
1331576
1331832
1331833
1331834
1331835
1331836
1331838
1331839
1331840
1331841
1331842
1331843
1331844
1331846
1331847
1331848
1332244
1332601
1333742
1333743
1333744
1333747
1334274
1334275
1334276
1334281
1334282
1334284
1334286
1335626
1335633
1335635
1335636
1335637
1335709
1335710
1335711
1335713
1335714
1335715
1335716
1335717
1335718
1335721
1335722
1336028
1336031
1336594
1336595
1336717
1336718
1336721
1336724
1337100
1337398
1338467
1338471
1338480
1341123
1341124
1341125
1341141
1341592
1342391
1342394
1342396
1342397
1342399
1342412
1342421
1343111
1343682
1343768
1343769
1343784
1343787
1343788
1343789
1343790
1343794
1343796
1343797
1343798
1343799
1343800
1344947
1345162
1345164
1345165
1345166
1345168
1345169
1345170
1345171
1345173
1345174
1345175
1345176
1345177
1345178
1345180
1345181
1345183
1345184
1345185
1345186
1345187
1345188
1345189
1345190
1346333
1346334
1346335
1346336
1346337
1346349
1346350
1346351
1346352
1346355
1346464
1346742
1347100
1347105
1347106
1347107
1347111
1347112
1347113
1347116
1347117
1347121
1347122
1347123
1347124
1347127
1347128
1347129
1347130
1347131
1347132
1347133
1347134
1347135
1347136
1347344
1347345
1347349
1347351
1347354
1347355
1347421
1347422
1347423
1347424
1347427
1347428
1347430
1347431
1347433
1347434
1347435
1347436
1347437
1347439
1347440
1347443
1347444
1347445
1347447
1347449
1347451
1347453
1347456
1347458
1347459
1347460
1347461
1347462
1347463
1347464
1347466
1347467
1347468
1347470
1347474
1347475
1347479
1347480
1347481
1347483
1347484
1347487
1347491
1347492
1347493
1347494
1347495
1347496
1347497
1347500
1347502
1347503
1347504
1347508
1347510
1347516
1347519
1347521
1347523
1347524
1347525
1347526
1347527
1347529
1347531
1347537
1347539
1347544
1347549
1347550
1347551
1347554
1347555
1347556
1347558
1347563
1347564
1347565
1347569
1347570
1347572
1347573
1347576
1347577
1347578
1347579
1347580
1347581
1347582
1347583
1347584
1347585
1347586
1347588
1347589
1347590
1347591
1347592
1347594
1347595
1347596
1347599
1347600
1347601
1347603
1347604
1347608
1347618
1347619
1347620
1347623
1347624
1347625
1347626
1347627
1347628
1347629
1347632
1347636
1347638
1347639
1347642
1347643
1347644
1347645
1347647
1347648
1347649
1347650
1347651
1347654
1347655
1347656
1347657
1347658
1347660
1347675
1347678
1347679
1347681
1347682
1347683
1347685
1347688
1347690
1347691
1348384
1348502
1348883
1348887
1348888
1348889
1348891
1348893
1349386
1349390
1349398
1351672
1351683
1352226
1353239
1353289
1353290
1353291
1353292
1353425
1353637
1354011
1354013
1354014
1354015
1354016
1354017
1354020
1354021
1354022
1354023
1354378
1354548
1354552
1354563
1354568
1354724
1354725
1355169
1355171
1355176
1355180
1356038
1357703
136187
1364891
1364892
1364893
1364894
1364897
1364900
1364901
1364902
1364904
1364905
136507
1365761
1365903
1366244
1366246
1366247
1366248
1366249
1366250
1366252
1366253
1366254
1366256
1366258
1366260
1366617
1366618
1366619
1366896
1366897
1366898
1367418
1368314
137885
137886
1379685
1380263
1381246
1381247
1381248
1381249
1381252
1381253
1381256
1381258
1381261
1381263
1381264
1381265
1381267
1381268
1381271
1381272
1381273
1381274
1381275
1381278
1381282
1381284
1381285
1381299
1381303
1381304
1381306
1381307
1381308
1381312
1381314
1381315
1381316
1381317
1381319
1381320
1381321
1381322
1381323
1381324
1381325
1381327
1381330
1381563
1382806
1382829
1383481
1383482
1383483
1383488
1383490
1383491
1383492
1383499
1383501
1383503
1383504
1383505
1383506
1383511
1383512
1383513
1383515
1383517
1383520
1383521
1383523
1383524
1383525
1383526
1383527
1383528
1383529
1383530
1383532
1383533
1383534
1383535
1383538
1383539
1383588
1383589
1383600
1383603
1383607
1383880
1384175
1384672
1385864
1385866
1385867
1385869
1385871
1385872
1385873
1386846
138805
138807
1388882
138948
138949
138950
138951
1389539
1389805
1389806
1389808
1389811
1389812
1389814
1389816
1389818
1389819
1389820
1389821
1389823
1389824
1389833
1389834
1389839
1389840
1389841
1389844
1389846
1389847
1389848
1389850
1389851
1389852
1389853
1389859
1389860
1389863
1389865
1389866
1389868
1389869
1389871
1389873
1389874
1389875
1389876
1389878
1389880
1389881
1389882
1389884
1389886
1389890
1389891
1389892
1389893
1389895
1389896
1389898
1389906
1389908
1389909
1389911
1389912
1389914
1389917
1389920
1392229
139270
139285
139295
1394034
1394037
1394732
1394847
1395167
1395181
1395182
1395980
1395981
1396452
1396453
1396454
1396457
1396458
1396459
1396461
1396465
1396470
1396472
1396473
1396475
1396895
1396897
1396898
1396903
1396905
1396906
1396907
1396908
1396909
1396910
1396911
1396912
1396916
1396917
1396918
1396919
1396921
1396922
1396925
1396926
1396927
1396928
1396932
1396934
1396935
1396936
1396938
1396943
1396944
1396945
1396946
1396947
1396948
1396952
1396953
1396954
1396955
1396962
1396963
1396968
1396969
1396972
1396973
1396975
1396976
1396979
1396980
1396981
1396982
1396984
1396985
1396986
1396987
1396988
1396989
1396990
1396992
1396998
1396999
1397002
1397005
1397013
1397018
1397019
1397020
1397021
1397022
1398548
1398549
1398550
1398551
139873
139874
1399426
1399582
1400206
140024
1400442
1400443
1400444
1400445
1400446
1400447
1400448
1400449
1400450
1400453
1400455
1400456
1400457
1400458
1400459
1400463
1400468
1400469
1400472
1400475
1400476
1400478
1400480
1400483
1400484
1400485
1400486
1400487
1400490
1400491
1400494
1400495
1400496
1400497
1400498
1400499
1400500
1400502
1400503
1400505
1400506
1400704
1400715
1400717
1400718
1400721
1400726
1400727
1400736
1400738
1400743
1400746
1400751
1400752
1400753
1400754
1401153
1401154
1401155
1401315
1401644
1401647
1401656
1404328
1404336
1404338
1404339
1404343
1405615
1405618
1405619
1406385
1406420
1406421
1406422
1406423
1406424
1406425
1406426
1406427
1406659
1406796
1406797
1406798
1406799
1406801
1406802
1406926
1406927
1406928
1406946
1406979
1408107
1408130
1408547
1410328
1410333
1410334
1410337
1410338
1410339
1410340
1410341
1410342
1410343
1410346
1410347
1410348
1410349
1410471
1413193
1413195
1413197
1413198
1413200
1414588
1414591
1414730
1416039
1416055
1416166
1416174
1416175
1416272
1416296
1416321
1416443
1416444
1416446
1416449
1416450
1416452
1416453
1416454
1416479
1417854
1417856
1417859
1417861
1417862
1418022
1418024
1418026
1419710
1420844
1420855
1420875
1421028
1421030
1421031
1423155
1423158
1423159
1423160
1423161
1423163
1423175
1424500
1425843
1425845
1425846
1425858
1425859
1425860
1425861
1425862
1425864
1425865
1425866
1425873
1425879
1425880
1425881
1425882
1425886
1425890
1425896
1425900
1425901
1425907
1425911
1425912
1425913
1425918
1425921
1425924
1425925
1425929
1425931
1425933
1425935
1425940
1425942
1425945
1425947
1425949
1425950
1425955
1425956
1425957
1425962
1425964
1425966
1425971
1425977
1425979
1425980
1425988
1425990
1425997
1426011
1426012
1426016
1426025
1426028
1426035
1426039
1426040
1426044
1426045
1426046
1426047
1426048
1426049
1426050
1426052
1426053
1426054
1426056
1426057
1426058
1426060
1426061
1427454
1427588
1427589
1427590
1427591
1427592
1427595
1427596
1427597
1427598
1427599
1427600
1427601
1427603
1427606
1427607
1427610
1427611
1427612
1427613
1427614
1427757
1427759
1427762
1427763
1427764
1427766
1427767
1427768
1427769
1427770
1427771
1427775
1427776
1427777
1427778
1427779
1427780
1427783
1427786
1427787
1427789
1427790
1427791
1427794
1427796
1427798
1427800
1427801
1427803
1427806
1427810
1427814
1427816
1427819
1427820
1427821
1427824
1427828
1427830
1427832
1427833
1427837
1427839
1427841
1427845
1427847
1427849
1427850
1427852
1427856
1427859
1427861
1427863
1427864
1427866
1427868
1427869
1427874
1427876
1427877
1427879
1427880
1427881
1427890
1427891
1427894
1427896
1427900
1427901
1427902
1427903
1427904
1427905
1427906
1427909
1427910
1427914
1427919
1427926
1427932
1427933
1427935
1427936
1427938
1427939
1427941
1427947
1427948
1427949
1427950
1427951
1427952
1427953
1427954
1427955
1427956
1428176
1428181
1428183
1428184
1428186
1428187
1428458
1428745
1428748
1428749
1428750
1428751
1428753
1428757
1428760
1428761
1428762
1428763
1429091
1429093
1429094
1429097
1429108
1429113
1429114
1429117
1429118
1429119
1429121
1429122
1429123
1429125
1429127
1429130
1429133
142940
142944
1429455
1429460
1429463
1429465
1429466
1429468
1429471
1429472
1429474
1429475
1429476
1429480
1429482
1429483
1429485
1429486
1429487
1429488
1429490
1429494
1429495
1429496
1429497
1429498
1429500
1429501
1429505
1429507
1429510
1429511
1429514
1429516
1429517
1429518
1429519
1429520
1429522
1429523
1429525
1429527
1429531
1429533
1429534
1429535
1429536
1429539
1429543
1429544
1429545
1429546
1429547
1429550
1429553
1429554
1429556
1429557
1429559
1429563
1429564
1429566
1429567
1429568
1429569
1429570
1429571
1429572
1429573
1429574
1429575
1429578
1429579
1429580
1429765
1429766
1429810
1429812
1429813
1429964
1429965
1429966
1431601
1431632
1431633
1431634
1431635
1431636
1431637
1432163
1432195
1432440
1432586
1432587
1432588
1432591
1432592
1432593
1432594
1432595
1432596
1432598
1432600
1432602
1432603
1432604
1432605
1432606
1432607
1432608
1432609
1432610
1432612
1432613
1432614
1432615
1432617
1432620
1432621
1432627
1432629
1432631
1432632
1432633
1432634
1432635
1432636
1432638
1432639
1432640
1432644
1432645
1432647
1432648
1432649
1432650
1432853
1435060
1436986
1437096
1437102
1440074
1440108
1440112
1441692
1441697
1442008
1442010
1442153
1442154
1442386
1442943
1446858
1446860
1446861
1446864
1446871
1446879
1447813
1448879
1450711
1450712
1450729
1450731
1450732
1450736
1450738
1451079
1451080
1451082
1451083
1451086
1451088
1451089
1451090
1451091
1451092
1451094
1451100
1451102
1451103
1451105
1451106
1451107
1451108
1451109
1451500
1451501
1451502
1452354
1452584
1452585
1452586
1452588
1452589
1452590
1452591
1452593
1452595
1452596
1452597
1452598
1452602
1452612
1452613
1452617
1452618
1452619
1452620
1452624
1452627
1452629
1452635
1452639
1452640
145306
145307
1453750
1453903
1453905
1453906
1453908
1453909
1453910
1453912
1453913
1453914
1453915
1453917
1453920
1453923
1453924
1453926
1453928
1453929
1453930
1453932
1453933
1453938
1453940
1453943
1453945
1453946
1453947
1453949
1453950
1453951
1453954
1453956
1453957
1453958
1453959
1453960
1453962
1453966
1453967
1453969
1453971
1453972
1453974
1453976
1453977
1454181
1454182
1454186
1454275
1454276
1454277
1454278
1454279
1454280
1454282
1454283
1454284
1454285
1454286
1454287
1454288
1454289
1454290
1454291
1454292
1454294
1454295
1454296
1454297
1454298
1454302
1454303
1454304
1454306
1454307
1454308
1454551
1454836
1454844
1454845
1454846
1454847
1455318
1455319
1455320
1455327
1455328
1455330
1455335
1455336
1455339
1455340
1455341
1455344
1455346
1455348
1455349
1455350
1455351
1455353
1455354
1455355
1455357
1455372
1455373
1455377
1455378
1455380
1455384
1455386
1455392
1455394
1455397
1455400
1455401
1455404
1455405
1455406
1455407
1455408
1455410
1455411
1455432
1455440
1455443
1455444
1455445
1455446
1455447
1455451
1455452
1455453
1455454
1455455
1455457
1455458
1455459
1455462
1455464
1455465
1455467
1455468
1455469
1455475
1455476
1455477
1455478
1455479
1455480
1455481
1455482
1455484
1455488
1455489
1455490
1455497
1455498
1455499
1455504
1455505
1455511
1455516
1455517
1455520
1455522
1455523
1455524
1455525
1455526
1455527
1455528
1455529
1455530
1455531
1455535
1455539
1455540
1455541
1455542
1455545
1455547
1455549
1455550
1455552
1455553
1456885
1456886
1456887
1457348
1457545
1457547
1457548
1457561
1457562
1458057
1458557
1459003
1460453
1460454
1460455
1460457
1460459
1460460
1460465
1460467
1460468
1460469
1460471
1460472
1460473
1460474
1460478
1460479
1460481
1460482
1460483
1460485
1460486
1460487
1460488
1460489
1460490
1460721
1460723
1460724
1460726
1460727
1460730
1460731
1460733
1460735
1460736
1460737
1460738
1460739
1460740
1460743
1460744
1460745
1460747
1460750
1460751
1460752
1460753
1460754
1460756
1460758
1460759
1460760
1460761
1460762
1460764
1460765
1460768
1460770
1460772
1460774
1460777
1460779
1460781
1460782
1460784
1460785
1460786
1460787
1460788
1460792
1460793
1460796
1460798
1460799
1460800
1460801
1460802
1460804
1460806
1460807
1460808
1460809
1460811
1460812
1460813
1460816
1460817
1460818
1460819
1460820
1460821
1460822
1460823
1460826
1460828
1460832
1460833
1460834
1460835
1460836
1460838
1460839
1460841
1460844
1460845
1460846
1460847
1460849
1460850
1460851
1460852
1460853
1460854
1460855
1460856
1460857
1460859
1460860
1460862
1460889
1460890
1461208
1461209
1461210
1461211
1461212
1461215
1461216
1461217
1461218
1461222
1461223
1461224
1461225
1461226
1461228
1461231
1461233
1461234
1461235
1461237
1461701
1461702
1461704
1461765
1461815
1461816
1461817
1461818
1461822
1461824
1461825
1461826
1461833
1461834
1461836
1461837
1461838
1461841
1461842
1461843
1461847
1461848
1461849
1461851
1461853
1461854
1461855
1461857
1461860
1461861
1461863
1461864
1461867
1461873
1461876
1461879
1461881
1461882
1461884
1461889
1461890
1461892
1461894
1461899
1461903
1461906
1461907
1461908
1461910
1461911
1461913
1461915
1461917
1461919
1461921
1461923
1461924
1461926
1461929
1461930
1461934
1461936
1461937
1461943
1461945
1461948
1461950
1461951
1461952
1461959
1461963
1461964
1461965
1461966
1461968
1461970
1461973
1461976
1461977
1461979
1461981
1461986
1461991
1461992
1461998
1461999
1462005
1462006
1462007
1462008
1462010
1462012
1462014
1462016
1462019
1462021
1462024
1462026
1462031
1462032
1462033
1462037
1462038
1462045
1462049
1462051
1462052
1462053
1462054
1462058
1462070
1462071
1462074
1462083
1462084
1462085
1462086
1462091
1462092
1462093
1462094
1462095
1462103
1462105
1462107
1462110
1462112
1462114
1462117
1462118
1462119
1462125
1462126
1462127
1462128
1462129
1462131
1462132
1462137
1462141
1462143
1462144
1462145
1462146
1462147
1462148
1462149
1462150
1462151
1462152
1462153
1462154
1462155
1462156
1462157
1462158
1462159
1462160
1462161
1462162
1462163
1462164
1462165
1462166
1462167
1462168
1462169
1462170
1462171
1462172
1462173
1462174
1462175
1462176
1462177
1462178
1462179
1462180
1462181
1462182
1462183
1462184
1462185
1462186
1462187
1462188
1462590
1462597
1463161
1463162
1463641
1464137
1464138
1465589
1465590
1468129
1468132
1468133
1468134
1468135
1468136
1468611
1468612
1468613
1468616
1468618
1468620
1468621
1468623
1468625
1468626
1468627
1468628
1468629
1468631
1468633
1468634
1468636
1468637
1468638
1468639
1468641
1468644
1468647
1468648
1468649
1468650
1468652
1468655
1468656
1468657
1468659
1468660
1468661
1468663
1468666
1468667
1468668
1468669
1468670
1468675
1468676
1468679
1468680
1468681
1468682
1468684
1468685
1468686
1468688
1468689
1468690
1468691
1468693
1468695
1468696
1468698
1468700
1468705
1468707
1468713
1468714
1468716
1468717
1468718
1468719
1468721
1468722
1468723
1468724
1468729
1468730
1468731
1468732
1468733
1468734
1468736
1468737
1468738
1468740
1468744
1468745
1468747
1468748
1468749
1468750
1468752
1468753
1468755
1468756
1468758
1468760
1468762
1468763
1468764
1468765
1468766
1468767
1468768
1468769
1468770
1468773
1468774
1468778
1468779
1468781
1468782
1468783
1468784
1468785
1468786
1468787
1468788
1468790
1468791
1468792
1468793
1468794
1468795
1468796
1468797
1468798
1468799
1468800
1468801
1468802
1468803
1468804
1468805
1468807
1468808
1468809
1468810
1468811
1468812
1468813
1468814
1468815
1468816
1468817
1468818
1468819
1468820
1468821
1468822
1468823
1468824
1468825
1468826
1468827
1468828
1468829
1468830
1468831
1468832
1468833
1468834
1468836
1468837
1468838
1468839
1468840
1468841
1468842
1468843
1468844
1468845
1468846
1468847
1468848
1468849
1468850
1468851
1468852
1468853
1468854
1468855
1468856
1468857
1468858
1468859
1468860
1468861
1468863
1468864
1468865
1468866
1468867
1468868
1468869
1468870
1468871
1468872
1468873
1468874
1468875
1468876
1468877
1468878
1468879
1468880
1468881
1468882
1468883
1468884
1468885
1468886
1468887
1468888
1468889
1468890
1468891
1468892
1468893
1468894
1468895
1468896
1468897
1468898
1468899
1468900
1468901
1468902
1468903
1468904
1468905
1468906
1468907
1468909
1468910
1468911
1468912
1468913
1468914
1468915
1468916
1468917
1468918
1468919
1468922
1468923
1468924
1468925
1468926
1468927
1468928
1468930
1468931
1468932
1468933
1468934
1468935
1468936
1468937
1468938
1468939
1468940
1468941
1468942
1468943
1468944
1468945
1468946
1468947
1468949
1468950
1468951
1468952
1468953
1468954
1468955
1468956
1468957
1468958
1468959
1468961
1468962
1468963
1468964
1468965
1468966
1468967
1468968
1468969
1468970
1468971
1468972
1468973
1468974
1468975
1468976
1468977
1468978
1468979
1468980
1468981
1468982
1468983
1468984
1468985
1468986
1468987
1468988
1468989
1468990
1468991
1468992
1468993
1468994
1468995
1468996
1468997
1468998
1468999
1469000
1469001
1469002
1469003
1469004
1469005
1469006
1469007
1469008
1469009
1469010
1469011
1469012
1469013
1469014
1469015
1469016
1469017
1469018
1469019
1469020
1469021
1469022
1469023
1469024
1469025
1469027
1469028
1469029
1469030
1469031
1469033
1469034
1469035
1469036
1469037
1469038
1469039
1469040
1469041
1469042
1469043
1469044
1469045
1469046
1469047
1469048
1469049
1469050
1469051
1469052
1469053
1469054
1469055
1469056
1469057
1469058
1469059
1469060
1469061
1469063
1469064
1469065
1469066
1469067
1469068
1469069
1469070
1469071
1469072
1469074
1469075
1469079
1469080
1469082
1469084
1469085
1469086
1469087
1469088
1469089
1469090
1469091
1469092
1469093
1469094
1469095
1469096
1469097
1469098
1469099
1469100
1469101
1469102
1469103
1469104
1469105
1469106
1469107
1469108
1469109
1469110
1469111
1469112
1469113
1469115
1469116
1469117
1469118
1469119
1469120
1469121
1469122
1469123
1469124
1469125
1469126
1469128
1469130
1469131
1469135
1469136
1469137
1469576
1469597
1469598
1469599
1469641
1469642
1469643
1469644
1469848
1469849
1469850
1469851
1469852
1469856
1469858
1469859
1469860
1469861
1469862
1469864
1469867
1469869
1469871
1469872
1469873
1469874
1469876
1469877
1469882
1469883
1469884
1469885
1469887
1469890
1469893
1469897
1469898
1469899
1470219
1470220
1470221
1470223
1470224
1470227
1470228
1470230
1470232
1470233
1470240
1470242
1470244
1470245
1470247
1470248
1470249
1470486
1470535
1470579
1470582
1470594
1470595
1470614
1470615
1470852
1470859
1470861
1471105
1471121
1471204
1471205
1471206
1471207
1472294
1472296
1472911
1472913
1472914
1472915
1472916
1472919
1472920
1472921
1472922
1473415
1473416
1473420
1473421
1473422
1473423
1473425
1473426
1473427
1473429
1473431
1473435
1473436
1473437
1473439
1473440
1473441
1473442
1473443
1473444
1473445
1473446
1473448
1473449
1473450
1473451
1473454
1473455
1473456
1473457
1473459
1473460
1473461
1473463
1473464
1473466
1473467
1473470
1473473
1473474
1473478
1473479
1473480
1476027
1476028
1476029
1476030
1476031
1476032
1476158
1476159
1476161
1476162
1476435
147672
147673
147674
147675
1476752
147676
147677
147678
147679
147680
147681
147683
147684
147685
147711
147712
147714
1477411
1477412
147742
1477472
1477480
1477483
147752
147756
1478237
1479037
1479610
1481796
1481798
1481799
1481801
1481803
1481804
1481805
1481806
1481808
1481810
1481812
1481816
1481818
1481823
1481824
1481825
1481829
1481831
1481832
1481833
1481836
1481837
1481840
1481841
1481848
1481853
1481854
1481855
1481859
1481861
1481867
1481870
1481871
1481872
1481873
1481995
1481999
1482001
1482003
1482004
1482005
1482006
1482007
1482008
1482015
1482016
1482017
1482018
1482020
1482021
1482022
1482024
1482027
1482028
1482029
1482033
1482034
1485101
1486056
1486057
1486058
1486300
1486301
1486304
1486306
1486312
1486314
1486316
1486317
1486320
1486323
1486327
1486328
1486330
1486332
1486335
1486337
1486341
1487154
1487159
1487160
1487161
1487164
1487165
1487166
1487168
1487170
1487172
1488216
1489627
1490024
1490471
1490501
1491385
1491386
1491388
1491389
1491391
1491393
1492172
1492805
1492806
1493834
1493837
1493841
1493845
1493847
1493850
1493851
1494073
1494884
1494885
1494936
1494937
1494938
1494940
1494941
1494943
1494948
1494949
1494950
1494951
1494952
1495181
1495185
1495186
1495188
1495189
1495190
1495191
1495194
149596
1496683
1496954
1497852
150080
1501086
1501087
1501088
1501089
1501095
1501121
1501124
1501125
1501126
1501128
1501129
150137
1501670
1501671
1501674
1501675
1501676
1501677
1501680
1501681
1501682
1501684
1501687
1501718
1501719
1501720
1501727
1501729
1501731
1501732
1501734
1501735
1501736
1501737
1501738
1501739
1501740
1501742
1501745
1502849
1503082
1503083
1503086
1503087
1503088
1503098
1503102
1503105
1503428
1503431
1503433
1503436
1503439
1503683
1503998
1504278
1504281
1504282
1504283
1504284
1505890
1506694
1507007
1507008
1507019
150846
150904
1510476
1510477
1510479
1510480
1510481
1510483
1510941
1510942
1510943
1511084
1511871
1511906
1511932
1511934
1511941
1511942
1511944
1511945
1511946
1511948
1511949
1511950
1511952
1511954
1511961
1511962
1511964
1511965
1511972
1511973
1511974
1511977
1511978
1511982
1511986
1511992
1511993
1511994
1511998
1511999
1512003
1512006
1512007
1512008
1512010
1512013
1512017
1512018
1512021
1512022
1512023
1512026
1512027
1512028
1512029
1512030
1512035
1512037
1512044
1512045
1512046
1512054
1512063
1512064
1512065
1512068
1512070
1512075
1512076
1512079
1512080
1512081
1512082
1512083
1512087
1512090
1512091
1512093
1512096
1512097
1512098
1512099
1512100
1512104
1512108
1512109
1512112
1512119
1512120
1512126
1512128
1512130
1512131
1512132
1512136
1512140
1512151
1512154
1512155
1512158
1512159
1512160
1512161
1512164
1512166
1512167
1512172
1512176
1512178
1512180
1512183
1512189
1512190
1512192
1512193
1512194
1512195
1512196
1512199
1512203
1512205
1512208
1512210
1512211
1512212
1512213
1512214
1512215
1512216
1512220
1512225
1512226
1512229
1512237
1512238
1512239
1512241
1512243
1512245
1512246
1515154
1515155
1515352
1515378
1515379
1515774
1515794
1515806
1515867
1515879
1515895
1515987
1516031
1517251
1517252
1517259
1517260
1517265
1517267
1517274
1517275
1517278
1517281
1517282
1517283
1517284
1517287
1517288
1517289
1517290
1517295
1517298
1517303
1517309
1517310
1517311
1517314
1517315
1517317
1517318
1517319
1517320
1517321
1517323
1517324
1517326
1517328
1517337
1517338
1517339
1517340
1517341
1517343
1517344
1517345
1517346
1517347
1517348
1517349
1517352
1517356
1517359
1517360
1517365
1517367
1517369
1517372
1517373
1517375
1517382
1517385
1517388
1517390
1517391
1517392
1517394
1517395
1517396
1517397
1517400
1517401
1517404
1517407
1517606
1517609
1517610
1518337
1518338
1518339
1518340
1518341
1518342
1518343
1518344
1518345
1518346
1518347
1518348
1518349
1518350
1518351
1518352
1518353
1518354
1518355
1518356
1518357
1518358
1518359
1518360
1518361
1518362
1518363
1518364
1518365
1518366
1518367
1518368
1518369
1518370
1518371
1518372
1518373
1518374
1518375
1518376
1518377
1518576
1518577
1518578
1518583
1518584
1518585
1519538
1519539
1519540
1519541
1519542
1519543
1519544
1519546
1519547
1519548
1519552
1519553
1519554
1519555
1519556
152077
152078
152079
1521073
1521076
1521077
1521078
1521079
1521080
1521081
1521082
1521083
1521084
1521085
1521086
1521087
1521088
1521089
1521090
1521092
1521093
1521094
1521095
1521097
1521098
1521099
1521100
1521101
1521102
1521104
1521105
1521107
1521271
1521274
1521275
1521277
1521287
1521291
1521297
1521302
1521307
1521321
1521498
1522657
1523099
1523100
1523101
1523103
1523107
1523108
1523109
1523110
1523113
1523115
1523116
1523117
1523118
1523120
1523121
1523122
1523123
1523125
1523136
1523137
1523138
1523139
1523143
1523144
1524840
1524841
1524842
1524843
1524844
1524845
1524847
1524850
1524851
1524853
1524856
1524857
1524858
1524961
1525366
1525367
1525370
1525377
1526224
152632
1527019
1527491
1527492
1527502
1527505
1527615
1529589
1529593
1529594
1529595
1529596
1529598
1529599
1529601
1529909
1530084
1530251
1531795
1531796
1531798
1531805
1531809
1531810
1531814
1531818
1531834
1531838
1532849
1534294
1534296
1534297
1534298
1534299
1534300
1534304
1534306
1534499
1535249
1535670
1535671
1535701
1535703
1535704
1535706
1535711
1535719
1535722
1535734
1535736
1536594
1536595
1536678
1536680
1536682
1537089
1537148
1537150
1537151
1537604
1537607
1537609
1537612
1537614
1537617
1537618
1537621
1537622
1537625
1537627
1537628
1537629
1537630
1537631
1537632
1537633
1537634
1537636
1537638
1537639
1537640
1537642
1537643
1537645
1537646
1537650
1537651
1537652
1537653
1537655
1537656
1537657
1538624
1539144
1539147
1539321
1539322
1539323
1539324
1539325
1539326
1540086
1540685
1540706
1540720
1541084
1541086
1541087
1541088
1541090
1541092
1541094
1541095
1541097
1541099
1541101
1541102
1541104
1541107
1541110
1541111
1541148
1541149
1541150
1541151
1541152
1541154
1541155
1542659
1542660
1542661
1542662
1542663
1542664
1542922
1542923
1542924
1543290
1543316
1543949
1544324
1544514
1544515
1544872
1544874
1544876
1544901
1545391
1545490
1545491
1546071
1549298
1549299
1549300
1549302
1549303
1549304
1549305
1549306
1549309
1549312
1549313
1549314
1549317
1549319
1549321
1549322
1549323
1549324
1549328
1549329
1549331
1549333
1549334
1549965
1549970
1549971
1549973
1549976
1549977
1549978
1549982
1549988
1549989
1549990
1549992
1549993
1549994
1549997
1550002
1550003
1550008
1550009
1550369
1550370
1550509
1550612
1551692
1552721
1552732
1553956
1555195
1555196
1560292
1560293
1560294
1561006
1561011
1561552
1562509
1563704
1563717
1563871
1564192
1564510
1564512
1565431
1565432
1566021
1566359
1566370
156647
1567420
1568922
1569253
1569588
1569589
1569880
1569881
1569882
1569887
1569889
1569890
1569891
1569894
1569896
1569897
1569898
1569899
1569900
1569901
1569905
1569906
1569910
1569912
1569916
1569917
1569920
1569929
1570146
1570291
1572188
1572190
1572193
1572195
1572206
1572208
1572612
1572614
1572615
1572616
1572618
1572619
1572622
1572634
1573455
1573457
1574180
1574182
1574183
1574184
1574185
1574502
1574503
1574504
1574505
1574506
1574507
1574508
1574515
1574516
1574517
1574518
1574520
1574521
1574522
1574524
1574527
1574528
1574529
1574530
1574531
1574532
1574533
1574535
1574536
1574538
1574539
1574540
1574541
1574542
1574543
1574545
1574546
1574547
1574548
1574549
1574551
1574553
1574554
1574555
1574557
1574560
1574561
1574563
1574565
1574567
1574568
1574569
1574570
1574573
1574574
1574575
1574576
1574578
1574579
1574599
1574605
1576249
1578986
1578989
1579542
1579545
1579551
158465
1585847
1585848
1586324
1587565
1587566
1587567
1587568
1587570
1587572
1587573
1587574
1587576
1587577
1587580
1587581
1587584
1587585
1587588
1587591
1587592
1587593
1587595
1587597
1587598
1587599
1587600
1587602
1587603
1587604
1587606
1587608
1587612
1587614
1587616
1587618
1587619
1587620
1587622
1587623
1587624
1587625
1587629
1587633
1587636
1587648
1587649
1587656
1587657
1587658
1587662
1587664
1587665
1587667
1587669
1587678
1587681
1587682
1587683
1587684
1587685
1587686
1587688
1587692
1587694
1587698
1587699
1587701
1587702
1587704
1587705
1587706
1587707
1587708
1587711
1587712
1587713
1587715
1587716
1587718
1587719
1587722
1587724
1587726
1587727
1587728
1587729
1587731
1587732
1587733
1587735
1587737
1587738
1587740
1587742
1587743
1587744
1587745
1587747
1587748
1587749
1587750
1587752
1587754
1587755
1587756
1587758
1587763
1587764
1587766
1587767
1587770
1587773
1587774
1587775
1587777
1587778
1587779
1587780
1587782
1587783
1587785
1587789
1587790
1587791
1587792
1587794
1587795
1587796
1587797
1587798
1587799
1587800
1587801
1587802
1587803
1587804
1587805
1587806
1587817
1587822
1587824
1587825
1587827
1587829
1587830
1587832
1587836
1587837
1587838
1587839
1587842
1587844
1587845
1587846
1587847
1587850
1587851
1587852
1587853
1587856
1587857
1587868
1587873
1587875
1587876
1587877
1587880
1587882
1587885
1587886
1587887
1587888
1587891
1587894
1587896
1587897
1587901
1587903
1587904
1587905
1587906
1587929
1588024
1588027
1589307
1589726
1589728
1589849
1589853
1589856
1589859
1589860
1589863
1589864
1589870
1589872
1589875
1589876
1589879
1589880
159079
1590843
1590844
1590847
1590851
1590853
1590858
1590863
1590867
1590869
1590871
1590880
1590882
1590888
1590892
1590895
1590896
1590897
1590899
1590900
1590902
1590906
1590909
1590914
1590919
1590925
1590928
1590930
1590931
1590933
1590934
1590935
1590941
1590947
1590950
1590953
1590961
1590963
1590964
1590975
1590976
1590983
1590985
1590989
1590991
1591451
1591463
1591472
159194
159201
1592729
1592730
1592732
1592733
1592734
1592736
1592738
1592739
1592743
1592744
1592745
1592746
1592747
1592748
1592749
1592750
1592752
1592755
1592759
1592760
1592808
1592809
1593505
1593519
1593524
1593528
1593529
1593532
1593535
1593537
1593539
1593540
1593541
1593543
1593547
1593548
1593549
1593550
1593552
1593553
1593554
1593555
1593556
1593558
1593559
1593565
1593567
1593568
1593570
1593571
1593572
1593573
1593575
1593583
1593586
1593587
1593589
1593590
1593591
1593595
1593596
1593602
1593603
1593605
1593608
1593610
1593611
1593613
1593614
1593617
1593619
1593624
1593626
1593631
1593633
1593634
1593635
1593637
1593638
1593640
1593644
1593645
1593649
1593651
1593653
1593656
1593657
1593659
1593660
1593662
1593664
1593668
1593669
1593670
1593671
1593676
1593686
1593695
1593700
1593703
1593704
1593706
1593707
1593718
1593724
1593726
1593734
1593736
1593737
1593747
1593750
1593752
1593754
1593756
1593757
1593761
1593762
1593764
1593765
1593766
1593771
1593773
1593774
1593776
1593783
1593784
1593786
1593787
1593788
1593789
1593796
1593797
1593799
1593801
1593802
1593803
1593806
1593807
1593808
1593809
1593811
1593814
1593815
1593816
1593817
1593818
1593819
1593821
1593823
1593827
1593829
1593830
1593831
1593833
1593837
1593838
1593844
1593845
1593846
1593847
1593848
1593853
1593856
1593858
1593860
1593863
1593873
1593875
1593876
1593881
1593885
1593886
1593888
1593889
1593890
1593892
1593900
1593902
1593908
1593911
1593912
1593914
1593916
1593917
1593920
1593922
1593923
1593924
1593926
1593928
1593929
1593930
1593931
1593933
1593935
1593938
1593939
1593941
1593942
1593943
1593946
1593947
1593948
1593949
1593951
1593952
1593953
1593954
1593955
1593956
1593957
1593958
1593959
1593961
1593963
1593965
1593966
1593967
1593970
1593971
1593973
1593974
1593975
1593976
1593977
1593978
1593979
1593980
1593983
1593986
1593988
1593989
1593990
1593992
1593993
1593994
1593997
1593999
1594002
1594003
1594005
1594006
1594007
1594010
1594011
1594012
1594015
1594017
1594018
1594021
1594027
1594028
1594029
1594030
1594031
1594032
1594033
1594038
1594039
1594040
1594041
1594043
1594045
1594047
1594048
1594049
1594050
1594051
1594052
1594053
1594055
1594056
1594057
1594058
1594059
1594060
1594061
1594062
1594063
1594064
1594066
1594067
1594068
1594069
1594070
1594071
1594073
1594077
1594078
1594079
1594080
1594082
1594087
1594089
1594090
1594091
1594092
1594093
1594095
1594097
1594099
1594100
1594102
1594103
1594104
1594105
1594108
1594111
1594114
1594116
1594117
1594118
1594124
1594125
1594126
1594127
1594130
1594132
1594133
1594134
1594136
1594138
1594140
1594141
1594143
1594146
1594148
1594149
1594150
1594151
1594152
1594153
1594155
1594156
1594157
1594158
1594160
1594161
1594162
1594163
1594164
1594165
1594706
1594714
1594715
159482
1597931
1597935
1597942
1597947
1597948
1597962
1598148
1600157
1600158
1600408
1601800
1601801
1601802
160235
1602709
1602711
1602713
1602715
1602716
1602719
1602720
1602721
1602722
1602750
1602752
1602753
1602756
1602757
1602758
1602759
1602760
1602761
1602762
1602763
1602764
1602765
1602768
1602769
1602770
1602771
1602772
1602773
1602774
1602776
1602777
1602778
1602780
1602782
1602783
1602785
1602786
1602789
1602793
1602794
1602798
1602801
1602802
1602803
1602804
1602805
1602806
1602807
1602808
1602811
1602812
1602813
1602816
1602818
1602819
1602820
1602821
1602822
1602823
1602824
1602825
1602826
1602827
1602830
1602831
1602833
1602835
1602836
1602837
1602838
1602839
1602840
1602841
1602842
1602843
1602845
1602846
1602847
1602848
1602850
1602855
1602856
1602857
1602859
1602861
1602864
1602866
1602867
1603321
1603327
1603328
1603368
1603849
1604510
1604773
1605261
1605262
1605263
1605933
1605934
1605935
1605936
1605937
1605938
1605939
1605940
1605941
1605942
1605943
1605944
1605945
1605946
1605947
1605948
1605949
1605950
1605951
1605952
1605953
1605954
1605955
1605956
1605957
1605958
1605959
1605960
1605961
1605962
1605963
1605964
1605965
1605966
1605967
1605968
1605969
1605970
1605971
1607661
1607978
1608314
1608669
1608670
1608671
1608672
1608674
1608675
1608676
1608677
1608678
1608679
1608680
1608681
1608682
1608684
1608685
1608686
1608687
1608688
1609605
1609606
1609607
1609609
1609610
1609612
1609613
1609614
1610497
1610845
1610846
1611866
1612661
1612662
1615968
1615969
1615970
1615972
1615973
1615974
1615975
1615976
1615978
1615979
1615981
1615982
1615983
1615984
1615985
1615986
1615987
1615989
1615990
1615991
1615992
1615993
1615994
1615995
1615996
1616181
1616796
1617234
1617812
1617818
1620453
1620455
1620456
1620457
1620458
1620459
1620510
1620512
1620516
1620520
1620521
1620523
1620524
1620526
1620528
1620532
1620533
1620535
1620548
1620552
1620555
1620556
1620557
1620558
1620559
1620560
1620562
1620564
1620565
1620566
1620569
1620572
1620574
1620575
1620576
1620578
1620580
1620588
1620594
1620595
1620597
1620599
1620600
1620601
1620606
1620612
1620615
1620618
1620622
1620624
1620626
1620627
1620628
1620629
1620631
1620638
1620641
1620648
1620652
1620653
1620654
1620656
1620658
1620659
1620660
1620661
1620662
1620663
1620665
1620666
1620667
1620668
1620669
1620672
1620673
1620674
1620676
1620677
1620678
1620683
1620969
1620973
1620977
1620980
1620982
1620984
1620990
1620993
1620997
1620998
1621002
1621005
1621006
1621007
1621008
1621010
1621011
1621013
1621098
1621102
1621103
162145
1622296
1623678
1623681
1627834
1627937
1627940
1627941
1627942
1627943
1627945
1627946
1627947
1627948
1627950
1627951
1627952
1627953
1627954
1627955
1627957
1627959
1627960
1627961
1627962
1627963
1627964
1627966
1627967
1627968
1627969
1627971
1627972
1627973
1627974
1627975
1627976
1627978
1627979
1627980
1627981
1627982
1627983
1627984
1627985
1627986
1627987
1627988
1627989
1627990
1627991
1627992
1627993
1627995
1627996
1627998
1628002
1628003
1628004
1628005
1628006
1628007
1628008
1628808
1628809
1629344
1633731
1636449
1638769
1638882
1638891
1638892
1638894
1638896
1638897
1639043
1639045
1639048
1639050
1639051
1639052
1639053
1639065
1639304
1639305
1639308
1639310
1639313
1639314
1639317
1639318
1639322
1639324
1639327
1639328
1639823
1639824
1640289
1640308
1640312
1640705
1640757
1640778
1640785
1640792
1640840
1640927
1641314
1641315
1641316
1641317
1641319
1641320
1641322
1641733
1641736
1641740
1641741
1641742
1641743
1641745
1641747
1641748
1641750
1641757
1641758
1641759
1641760
1641761
1641806
1641807
1642012
1642313
1642315
1642316
1642317
1642318
1643273
1643460
1643462
1643463
1643464
1643465
1643467
1645750
1645776
1645777
1645778
1645781
1645782
1645785
1645787
1645788
1645789
1645790
1645792
1645793
1645796
1645798
1645799
1645801
1645804
1645807
1645808
1645809
1645810
1645812
1645813
1645814
1645815
1645817
1645818
1645820
1645821
1645823
1645824
1645827
1645828
1645830
1645832
1645833
1645834
1645835
1645838
1645839
1645840
1645841
1645842
1645843
1645844
1645845
1645848
1645851
1645852
1645853
1645854
1645858
1645859
1645860
1645863
1645866
1645867
1645869
1645871
1645872
1645875
1645876
1645878
1645879
1645881
1645882
1645883
1645884
1645885
1645888
1645889
1645890
1645893
1645894
1646370
1647585
1647587
1647591
1647592
1647594
1647595
1647596
1647785
1647787
1647788
1647790
1647791
1647792
1647794
1647795
1647796
1648069
1648074
1648077
1648079
1648080
1648083
1648084
1649141
1649142
1649144
1649145
1649194
1649196
1649197
1649198
1651169
1652964
1652965
1652967
1652968
1652969
1652971
1652973
1652980
1653512
1653513
1653514
1653877
1654072
1654074
1654075
1654076
1654077
1654084
1654086
1654087
1654088
1654090
1654091
1654094
1654095
1654097
1654100
1654103
1654104
1654106
1654107
1654109
1654114
1654115
1654116
1654117
1654119
1654120
1654121
1654122
1654123
1654125
1654127
1654131
1654132
1654133
1654134
1654135
1654137
1654141
1654142
1654143
1654146
1654147
1654148
1654149
1654151
1654152
1654154
1654156
1654157
1654158
1654159
1654162
1654164
1654166
1654167
1654168
1654169
1654171
1654179
1654182
1654184
1654186
1654187
1654188
1654189
1654190
1654192
1654193
1654197
1654198
1654201
1654202
1654204
1654206
1654209
1654212
1654213
1654214
1654215
1654216
1654217
1654218
1654219
1654220
1654222
1654223
1654226
1654232
1654234
1654235
1654242
1654244
1654245
1654246
1654248
1654252
1654254
1654255
1654257
1654259
1654260
1654262
1654263
1654264
1654266
1654267
1654268
1654269
1654270
1654273
1654274
1654275
1654276
1654278
1654279
1654280
1654284
1654287
1654288
1654289
1654291
1654294
1654295
1654296
1654297
1654298
1654299
1654300
1654302
1654304
1654305
1654306
1654307
1654308
1654309
1654310
1654311
1654313
1657870
1657871
1657873
1657874
1657876
1657877
1657879
1657880
1657882
1658134
1658141
1658142
1658146
1658149
1658150
1658151
1658156
1658157
1658159
1658164
1658269
1658723
1658800
1658897
1658900
1658905
1658907
1658909
1658910
1658911
1658914
1658915
1658916
1658919
1658920
1658921
1658924
1658925
1658926
1658929
1658931
1658932
1658936
1658937
1658939
1658941
1658943
1658946
1659133
1659134
1659136
1659495
1659500
1659515
1659522
1660221
1660940
1661643
1663835
1663875
1663938
1663967
1663992
1663996
1664191
1670601
1670602
1671415
1671417
1671422
1671423
1671602
1672396
1672398
1672399
1672400
1672402
1672405
1672406
1672408
1672410
1672411
1672413
1672414
1672418
1672419
1672420
1672422
1672424
1672425
1672426
1672428
1672433
1672434
1672436
1672437
1672438
1672440
1672441
1672442
1672443
1672444
1672446
1672447
1672448
1672449
1672450
1672452
1672455
1672456
1672457
1672459
1672461
1672462
1672466
1672467
1672468
1672470
1672472
1672476
1672477
1672478
1672480
1672481
1672482
1672485
1672486
1672487
1672490
1672491
1672493
1672495
1672496
1672499
1672500
1672501
1672502
1672505
1672511
1672512
1672513
1672518
1672519
1672520
1672521
1672522
1672527
1672533
1672537
1672538
1672539
1672540
1672543
1672546
1672547
1672550
1672551
1672555
1672556
1672558
1672560
1672562
1672564
1672565
1672569
1672571
1672577
1672580
1672582
1672584
1672586
1672588
1672589
1672592
1672593
1672594
1672596
1672598
1672602
1672605
167321
167322
167324
167325
167326
167327
167328
167329
167330
1674967
1674969
1674970
1674971
1674972
1674973
1674974
1674975
1674976
1674977
1675001
1675012
1677768
1677770
1678143
1678345
1678599
168047
1680652
1680653
1680654
1680655
1680656
1680657
1680659
1680660
1680661
1680663
1680664
1680665
1680666
1681908
1681909
1681942
1681963
1682363
1684264
1684512
1684513
1684514
1684515
1684750
168586
1685908
1686327
1686328
1686407
1688516
1688517
1688518
1688519
1688520
1688521
1690006
1690029
1690035
1691393
1691462
1691463
1691464
1691466
1691472
1691474
1691475
1691477
1691478
1691481
1691483
1691485
1691488
1691489
1691490
1691497
1691498
169160
169533
1697315
1697316
1697331
1697332
1697334
1697335
1697337
1697338
1697339
1697340
1697341
1697440
1697442
1697443
1697444
1698018
1698019
1698021
1698022
1698023
1698024
1698025
1698026
1698027
1698035
1698328
1698330
1698331
1698333
1698334
1698336
1698337
1698338
1698343
1698344
1698347
1698350
1699095
1699255
1699256
1699258
1699259
1699262
1699263
1699264
1699266
1699267
1699268
1699269
1699270
1699633
1701438
1701764
1701771
1701772
1701784
1701791
1701888
1701889
1701890
1701891
1701894
1702122
1702595
1702596
1704004
1704097
1704098
1704099
1704100
1704101
1704102
1704103
1704104
1704105
1704106
1704107
1704108
1704109
1704110
1704111
1704114
1704117
1704519
1705127
1705128
1705129
1705130
1705131
1705135
1705136
1705137
170516
170525
1705259
170528
1705427
1706306
1706307
1706309
1706310
1706312
1706314
1706315
1706316
1706318
1706319
1706324
1706341
1706342
1706345
170646
1706852
1706853
1706854
1707324
1712522
1712523
1712525
1712526
1712528
1712530
1712531
1712532
1712533
1712535
1713624
1714794
1714795
1715657
1715664
1715670
1715671
1717879
1717880
1718159
1718160
1719006
1719010
1719012
1719015
1719016
1719020
1719023
1719190
1719192
1719195
1719196
1721103
1721104
1721105
172148
172856
1728940
1729374
1729378
1729380
1729385
1729386
1729387
1729388
1729391
1729392
1729393
1729394
1729395
1729396
1729398
1729402
1729404
1729405
1729410
1729412
1729413
1729414
1729415
1729416
1729418
1729422
1729424
1729425
1729426
1729428
1729430
1729432
1729434
1729654
1729655
1730925
1730926
1730927
1730928
1730930
1730931
1730932
1730934
1730936
1730937
1730938
1730939
1730942
1730943
1730944
1730946
1730947
1730949
1730954
1730955
1730962
1730966
1730971
1730974
1730975
1730977
1730978
1730981
1730982
1730985
1730987
1730990
1730992
1730993
1730996
1730997
1730998
1731000
1731007
1731008
1731009
1731010
1731012
1731017
1731018
1731019
1731020
1731021
1731022
1731024
1731027
1731028
1731030
1731031
1731032
1731033
1731037
1731038
1731039
1731040
1731041
1731042
1731045
1731047
1731048
1731050
1731051
1731052
1731054
1731056
1731059
1731061
1731062
1731063
1731067
1731068
1731071
1731072
1731074
1731076
1731077
1731078
1731079
1731080
1731081
1731084
1731085
1731086
1731087
1731088
1731090
1731092
1731101
1731102
1731103
1731106
1731107
1731109
1731110
1731111
1731112
1731113
1731114
1731115
1731116
1731119
1731120
1731124
1731126
1731127
1731129
1731130
1731132
1731133
1731134
1731135
1731138
1731139
1731141
1731145
1731146
1731147
1731148
1731149
1731151
1731154
1731155
1731156
1731157
1731158
1731159
1731160
1731162
1731165
1731166
1731167
1731171
1731173
1731174
1731175
1731179
1731180
1731181
1731184
1731185
1731186
1731187
1731188
1731191
1731194
1731195
1731196
1731197
1731198
1731199
1731200
1731201
1731202
1731204
1731205
1731208
1731210
1731215
1731217
1731218
1731219
1731220
1731222
1731223
1731225
1731226
1731227
1731228
1731229
1731230
1731231
1731232
1731233
1731234
1731237
1731238
1731246
1731248
1731250
1731254
1731257
1731258
1731261
1731262
1731265
1731267
1731268
1731270
1731271
1731274
1731275
1731278
1731280
1731281
1731286
1731288
1731301
1731302
1731304
1731305
1731309
1731310
1731312
1731314
1731315
1731316
1731317
1731318
1731319
1731320
1731322
1731324
1731325
1731327
1731328
1731329
1731330
1731331
1731332
1731333
1731341
1731343
1731345
1731346
1731347
1731349
1731350
1731352
1731353
1731354
1731356
1731359
1731360
1731361
1731362
1731366
1731370
1731371
1731373
1731374
1731375
1731377
1731378
1731380
1731382
1731383
1731384
1731385
1731386
1731389
1731390
1731393
1731397
1731399
1731402
1731404
1731406
1731408
1731409
1731410
1731412
1731413
1731415
1731416
1731417
1731418
1731421
1731423
1731425
1731426
1731428
1731429
1731430
1731431
1731432
1731433
1731434
1731436
1731437
1731439
1731440
1731442
1731443
1731444
1731447
1731451
1731453
1731456
1731462
1731463
1731465
1731466
1731467
1731470
1731471
1731474
1731477
1731479
1731480
1731483
1731485
1731486
1731491
1731492
1731493
1731494
1731496
1731500
1731501
1731503
1731504
1731505
1731507
1731509
1731510
1731511
1731513
1731514
1731515
1731517
1731519
1731522
1731524
1731526
1731527
1731528
1731531
1731532
1731534
1731535
1731537
1731538
1731539
1731541
1731544
1731547
1731549
1731554
1731557
1731561
1731564
1731565
1731566
1731567
1731568
1731569
1731570
1731571
1731572
1731574
1731576
1731577
1731578
1731579
1731586
1731589
1731591
1731592
1731594
1731596
1731598
1731599
1731600
1731603
1731604
1731605
1731607
1731610
1731615
1731618
1731619
1731620
1731621
1731622
1731626
1731627
1731629
1731631
1731632
1731633
1731635
1731637
1731638
1731639
1731644
1731647
1731648
1731650
1731651
1731653
1731654
1731655
1731659
1731660
1731661
1731662
1731663
1731664
1731667
1731668
1731669
1731670
1731671
1731672
1731673
1731676
1731677
1731678
1731679
1731682
1731684
1731689
1731691
1731695
1731697
1731699
1731700
1731701
1731702
1731704
1731705
1731708
1731709
1731714
1731715
1731716
1731718
1731719
1731727
1731730
1731732
1731734
1731735
1731738
1731739
1731740
1731742
1731743
1731744
1731746
1731748
1731749
1731750
1731751
1731752
1731753
1731755
1731756
1731757
1731759
1731760
1731761
1731763
1731765
1731766
1731769
1731770
1731771
1731773
1731774
1731776
1731778
1731779
1731780
1731782
1731783
1731784
1731793
1731798
1731804
1731806
1731807
1731808
1731811
1731813
1731816
1731817
1731819
1731821
1731824
1731827
1731830
1731834
1731835
1731838
1731839
1731840
1731842
1731843
1731844
1731845
1731846
1731849
1731851
1731853
1731854
1731858
1731859
1731861
1731864
1731866
1731868
1731871
1731872
1731873
1731874
1731876
1731878
1731880
1731881
1731882
1731884
1731885
1731892
1731895
1731896
1731897
1731898
1731899
1731901
1731903
1731904
1731906
1731908
1731910
1731911
1731914
1731915
1731917
1731918
1731919
1731920
1731921
1731922
1731923
1731924
1731925
1731927
1731928
1731936
1731939
1731940
1731945
1731947
1731948
1731955
1731957
1731958
1731959
1731960
1731961
1731962
1731963
1731966
1731968
1731969
1731971
1731972
1731976
1731977
1731980
1731985
1731989
1731990
1731995
1731997
1731998
1731999
1732000
1732001
1732002
1733586
1733589
1733591
1733592
1733593
1733594
1733595
1733596
1733597
1733599
1733600
1733601
1733605
1733606
1733607
1733609
1733610
1733611
1733612
1733613
1733616
1733617
1733618
1733619
1733620
1733621
1733622
1733623
1733625
1733626
1733627
1733628
1733629
1733633
1733636
1733637
1733638
1733639
1733640
1733641
1733642
1733643
1733644
1733645
1733646
1733647
1733648
1733649
1733650
1733651
1733652
1733653
1733654
1733655
1733656
1733657
1733660
1733661
1733663
1733664
1733666
1733667
1733669
1733673
1733674
1733675
1733676
1733677
1733678
1733679
1733680
1733682
1733684
1733686
1733687
1733689
1733690
1733691
1733692
1733693
1733694
1733696
1733697
1733698
1733699
1733702
1733703
1733706
1733707
1733708
1733712
1733713
1733714
1733715
1733716
1733717
1733718
1733720
1733721
1733722
1733725
1733726
1733727
1733729
1733730
1733731
1733732
1733733
1733734
1733735
1733736
1733737
1733738
1733739
1733741
1733742
1733743
1733744
1733745
1733746
1733747
1733749
1733750
1733751
1733752
1733753
1733756
1733757
1733758
1733759
1733760
1733761
1733762
1733764
1733765
1733767
1733768
1733770
1733773
1733775
1733776
1733777
1733779
1733780
1733781
1733782
1733783
1733784
1733785
1733786
1733787
1733788
1733789
1733790
1733793
1733794
1733795
1733796
1733797
1733798
1733799
1733800
1733801
1733802
1733804
1733805
1733806
1733809
1733810
1733811
1733814
1733815
1733816
1733817
1733818
1733819
1733820
1733821
1733822
1733824
1733825
1733826
1733827
1733828
1733829
1733830
1733832
1733834
1733835
1733837
1733838
1733839
1733840
1733841
1733843
1733845
1733846
1733847
1733849
1733850
1733851
1733852
1733853
1733854
1733856
1733857
1733858
1733859
1733860
1733861
1733862
1733863
1733864
1733866
1733867
1733868
1733869
1733870
1733882
1733888
1734217
1734218
1734219
1734220
1734221
1734222
1734223
1734224
1734225
1734226
1734227
1734228
1734229
1734230
1734231
1734232
1734233
1734234
1734235
1734236
1734237
1734238
1734239
1734241
1734242
1734243
1734244
1734245
1734246
1734247
1734249
1734250
1734251
1734252
1734253
1734254
1734255
1734256
1734257
1734258
1734259
1734260
1734261
1734262
1734263
1734264
1734265
1734266
1734267
1734268
1734269
1734270
1734271
1734272
1734273
1734274
1734275
1734276
1734277
1734278
1734279
1734280
1734281
1734282
1734283
1734284
1734285
1734286
1734287
1734288
1734289
1734290
1734291
1734292
1734293
1734294
1734295
1734296
1734297
1734298
1734299
1734300
1734301
1734302
1734303
1734304
1734305
1734306
1734307
1734308
1734309
1734310
1734311
1734312
1734313
1734314
1734315
1734316
1734317
1734318
1734319
1734320
1734321
1734322
1734323
1734324
1734325
1734326
1734327
1734328
1734329
1734330
1734331
1734332
1734333
1734334
1734335
1734336
1734337
1734338
1734339
1734340
1734341
1734342
1734343
1734344
1734345
1734346
1734347
1734348
1734349
1734350
1734351
1734352
1734353
1734354
1734355
1734374
1734375
1734376
1734378
173474
173475
1736786
1736787
1736788
1736790
1736792
1736793
1736795
1736797
1736800
1736804
1736806
1737093
1737152
1737153
1737155
1737158
1737159
1737164
1737165
1737166
1737169
1737170
1737171
1737172
1737173
1737174
1737175
1737176
1737179
1737180
1737181
1737182
1737183
1737184
1737185
1737187
1737188
1737193
1737194
1737196
1737198
1737200
1737204
1737217
1737219
1737221
1737224
1737225
1737229
1737232
1737235
1737237
1737239
1737240
1737242
1737244
1737248
1737249
1737251
1737257
1737261
1737262
1737266
1737267
1737268
1737269
1737270
1737273
1737276
1737278
1737279
1737282
1737284
1737285
1737286
1737287
1737289
1737290
1737291
1737292
1737294
1737295
1737296
1737299
1737300
1739614
1742271
1743006
1743008
1743009
1747099
1747100
1747451
1747452
1747453
1747454
1747465
1747471
1747476
1747479
1747480
1750551
1751287
1751290
1751292
1751293
1751317
1751319
1751320
1751321
1751323
1751324
1751325
1751326
1751329
1751330
1751331
1751335
1751337
1751338
1751339
1751340
1751341
1751343
1751345
1751347
1751348
1751349
1751350
1751352
1751354
1751360
1751365
1751366
1751369
1751372
1751374
1751375
1751376
1751377
1751380
1751382
1751383
1751384
1751385
1751386
1751387
1751388
1751390
1751391
1751392
1751394
1751395
1751399
1751400
1751402
1751404
1751406
1751407
1751409
1751410
1751413
1751414
1752000
1752001
1752002
1752003
1752004
1752005
1752006
1752009
1752011
1752030
175567
175568
175569
1755965
1755974
1755978
1755986
1755987
1755988
1756048
1756049
1756050
1756053
1756054
1756055
1756056
1756057
1756058
1756059
1756060
1756061
1756065
1756067
1756068
1756069
1756070
1756071
1756074
1756075
1756076
1756077
1756078
1756079
1756080
1756082
1756084
1756088
1756089
1756090
1756421
1756423
1756425
1756426
1756437
1756438
1756439
1756440
1756441
1757095
1757096
1757099
1757100
1757103
1757104
1757107
1757108
1757109
1757110
1757111
1757112
1757113
1757115
1757117
1757118
1757119
1757120
1757122
1757123
1757126
1757127
1757128
1757131
1757132
1757133
1757134
1757138
1757139
1757140
1757145
1757150
1757163
1757167
1757168
1757169
1757170
1757171
1757172
1757173
1757174
1757175
1757176
1757177
1757178
1757179
1757180
1757181
1757182
1757183
1757184
1757186
1757187
1757188
1757189
1757190
1757191
1757192
1757193
1757194
1757195
1757196
1757198
1757199
1757200
1757201
1757203
1757204
1757205
1757206
1757207
1757208
1757209
1757210
1757211
1757213
1757214
1757215
1757216
1757218
1757219
1757220
1757221
1757222
1757223
1757224
1757225
1757226
1757227
1757228
1757229
1757230
1757232
1757233
1757234
1757235
1757236
1757237
1757238
1757239
1757240
1757241
1757242
1757243
1757244
1757245
1757247
1757248
1757249
1757250
1757251
1757252
1757253
1757254
1757255
1757256
1757257
1757258
1757259
1757260
1757262
1757263
1757264
1757266
1757267
1757268
1757269
1757270
1757271
1757272
1757273
1757274
1757275
1757276
1757277
1757278
1757279
1757280
1757281
1757282
1757283
1757284
1757285
1757286
1757288
1757289
1757290
1757291
1757292
1757293
1757294
1757295
1757296
1757297
1757298
1757299
1757300
1757301
1757302
1757303
1757304
1757305
1757306
1757307
1757308
1757309
1757310
1757311
1757312
1757313
1757314
1757315
1757316
1757317
1757318
1757319
1757320
1757321
1757322
1757323
1757324
1757326
1757327
1757328
1757329
1757330
1757331
1757332
1757333
1757334
1757335
1757336
1757337
1757338
1757339
1757340
1757341
1757342
1757343
1757344
1757345
1757346
1757347
1757348
1757349
1757350
1757351
1757352
1757353
1757354
1757355
1757356
1757357
1757358
1757359
1757360
1757361
1757362
1757363
1757364
1757365
1757366
1757367
1757368
1757369
1757370
1757371
1757372
1757373
1757374
1757375
1757376
1757377
1757378
1757379
1757380
1757381
1757382
1757383
1757384
1757385
1757386
1757387
1757388
1757389
1757390
1757391
1757392
1757393
1757394
1757395
1757396
1757397
1757398
1757399
1757400
1757401
1757402
1757403
1757404
1757405
1757406
1757407
1757408
1757409
1757410
1757411
1757412
1757413
1757414
1757415
1757416
1757417
1757418
1757419
1757421
1757422
1757423
1757424
1757425
1757426
1757428
1757429
1757430
1757431
1757432
1757433
1757434
1757436
1757437
1757438
1757440
1757441
1757442
1757443
1757444
1757445
1757446
1757447
1757448
1757449
1757450
1757451
1757452
1757453
1757454
1757455
1757456
1757457
1757458
1757459
1757460
1757461
1757462
1757463
1757464
1757466
1757467
1757468
1757469
1757470
1757471
1757472
1757473
1757474
1757475
1757476
1757477
1757478
1757479
1757480
1757481
1757482
1757483
1757484
1757485
1757486
1757487
1757488
1757489
1757490
1757491
1757492
1757493
1757494
1757495
1757496
1757497
1757498
1757499
1757500
1757501
1757502
1757503
1757504
1757505
1757506
1757507
1757508
1757509
1757510
1757511
1757512
1757513
1757514
1757515
1757516
1757517
1757518
1757519
1757520
1757521
1757522
1757523
1757524
1757525
1757526
1757527
1757528
1757529
1757530
1757531
1757532
1757533
1757534
1757535
1757536
1757537
1757538
1757539
1757540
1757541
1757542
1757543
1757544
1757545
1757546
1757547
1757548
1757549
1757550
1757551
1757552
1757553
1757554
1757555
1757557
1757559
1757560
1757561
1757562
1757563
1757564
1757565
1757566
1757567
1757568
1757569
1757570
1757571
1757572
1757573
1757574
1757575
1757576
1757577
1757578
1757579
1757580
1757581
1757582
1757583
1757584
1757585
1757586
1757587
1757588
1757589
1757590
1757591
1757592
1757593
1757594
1757595
1757596
1757597
1757598
1757599
1757600
1757601
1757603
1757604
1757605
1757606
1757607
1757608
1757609
1757610
1757611
1757612
1757613
1757614
1757615
1757616
1757617
1757618
1757619
1757621
1757622
1757623
1757624
1757625
1757626
1757627
1757628
1757629
1757630
1757631
1757632
1757633
1757634
1757635
1757636
1757637
1757638
1757639
1757640
1757641
1757642
1757643
1757644
1757645
1757646
1757647
1757648
1757649
1757650
1757651
1757652
1757653
1757654
1757655
1757656
1757657
1757658
1757659
1757660
1757661
1757662
1757663
1757664
1757665
1757666
1757667
1757668
1757669
1757670
1757671
1757672
1757673
1757674
1757675
1757676
1757677
1757678
1757679
1757680
1757681
1757682
1757683
1757684
1757685
1757686
1757687
1757688
1757689
1757690
1757691
1757692
1757693
1757694
1757695
1757696
1757697
1757698
1757699
1757700
1757701
1757703
1757704
1757705
1757707
1757708
1757709
1757710
1757711
1757712
1757713
1757714
1757715
1757716
1757717
1757718
1757719
1757720
1757721
1757722
1757723
1757724
1757725
1757726
1757727
1757728
1757729
1757730
1757731
1757732
1757733
1757734
1757735
1757736
1757737
1757738
1757739
1757740
1757741
1757742
1757743
1757744
1757745
1757746
1757747
1757748
1757749
1757750
1757751
1757752
1757753
1757754
1757755
1757756
1757757
1757758
1757759
1757760
1757761
1757762
1757763
1757764
1757765
1757766
1757767
1757768
1757769
1757770
1757771
1757772
1757773
1757774
1757775
1757776
1757777
1757778
1757779
1757780
1757781
1757782
1757783
1757785
1757786
1757787
1757788
1757789
1757790
1757791
1757792
1757793
1757794
1757795
1757796
1757797
1757798
1757799
1757800
1757801
1757802
1757803
1757804
1757805
1757806
1757807
1757808
1757809
1757810
1757811
1757812
1757813
1757814
1757815
1757816
1757817
1757818
1757819
1757820
1757821
1757822
1757823
1757824
1757825
1757826
1757827
1757828
1757829
1757830
1757831
1757832
1757833
1757834
1757835
1757836
1757837
1757838
1757839
1757840
1757841
1757842
1757843
1757844
1757845
1757846
1757847
1757848
1757849
1757850
1757851
1757852
1757853
1757854
1757855
1757856
1757857
1757858
1757859
1757860
1757861
1757862
1757863
1757864
1757865
1757866
1757867
1757868
1757869
1757870
1757871
1757872
1757873
1757874
1757875
1757876
1757877
1757878
1757879
1757880
1757881
1757882
1757883
1757884
1757885
1757886
1757887
1757888
1758832
1758833
1758834
1758835
1761479
1761480
1761481
1761482
1761483
1761484
1761485
1761486
1761487
1761488
1761489
1761491
1761492
1761493
1761494
1761495
1761496
1761497
1761498
1761499
1761500
1761501
1761502
1761505
1761506
1761507
1761508
1761510
1761511
1761513
1761515
1761516
1761517
1761518
1761519
1761522
1761523
1761524
1761525
1761526
1761528
1761529
1761530
1761531
1761532
1761533
1761534
1761535
1761538
1761539
1761540
1761541
1761544
1761546
1761547
1761548
1761549
1761551
1761552
1761553
1761555
1761556
1761557
1761558
1761560
1761562
1761563
1761564
1761566
1761567
1761568
1761570
1761572
1761575
1761576
1761577
1761579
1761580
1761581
1761582
1761583
1761586
1761587
1761589
1761590
1761591
1761592
1761595
1761596
1761599
1761601
1761602
1761605
1761606
1761608
1761610
1761614
1761615
1761618
1761621
1761622
1761623
1761625
1761626
1761627
1761628
1761629
1761630
1761631
1761632
1761633
1761634
1761636
1761637
1761638
1761639
1761640
1761641
1761643
1761644
1761646
1761647
1761648
1761649
1761650
1761932
1761933
1761934
1763010
1763012
1763013
1763577
1764077
1764078
1764079
1765647
1765671
1765755
1766174
1766175
1766177
1766179
1766184
1766392
1766393
1766396
1766397
1766398
1766399
1766400
1766402
1766404
1766405
1766408
1766409
1766412
1766428
1766433
1766438
1766440
1766442
1766444
1766448
1766449
1766451
1766452
1766456
1766457
1766459
1766462
1766465
1766466
1766468
1766469
1766470
1766471
1766477
1766482
1766483
1766486
1766487
1766488
1766489
1766493
1766494
1766496
1766499
1766500
1766502
1766504
1766505
1766506
1766508
1766509
1766511
1766513
1766514
1766517
1766518
1766519
1766523
1766524
1766528
1766529
1766531
1766532
1766533
1766534
1766535
1766536
1766537
1766538
1766539
1766554
1766661
176673
176674
176675
176676
176677
1766806
1766809
1766815
1766821
1768028
1769578
1769581
1769588
1769631
1769632
1769633
1769634
1769635
1769636
1769637
1769638
1769639
1769643
1769645
1769646
1769648
1769649
1769650
1769651
1769653
1769655
1769656
1769657
1769659
1769660
1769661
1769662
1769664
1769665
1769668
1769670
1769673
1769674
1769680
1769681
1769682
1769683
1769684
1769686
1769688
1769689
1769690
1769691
1769692
1769693
1769697
1769699
1769705
1769706
1769707
1771151
1771163
1771171
1771179
1771180
1771182
1771183
1771184
1771185
1771187
1771188
1771189
1771190
1771191
1771192
1771193
1772056
1772057
1772058
1772059
1772227
1772228
1772229
1772230
1772231
1772233
1772234
1772235
1772238
1772240
1772242
1772244
1772245
1774147
1774149
1774151
1774573
1774752
1774753
1774755
1774758
1774763
1774764
1774766
1774768
1774771
1774772
1774773
1774774
1774775
1774777
1774778
1774779
1774780
1774781
1774782
1774783
1774784
1774785
1774786
1774787
1774789
1774790
1774791
1774792
1774794
1774798
1774799
1774800
1774803
1774804
1774806
1774809
1774810
1774811
1774812
1774815
1774817
1774818
1774819
1774820
1774822
1774823
1774824
1774825
1774826
1774827
1774829
1774836
1774838
1774839
1774840
1774841
1774842
1774844
1774845
1774850
1774851
1774852
1774854
1774855
1774858
1774859
1774860
1774861
1774863
1774864
1774865
1774867
1774869
1774870
1774871
1774872
1774873
1774874
1774876
1774877
1774878
1774879
1774880
1774881
1774882
1774887
1774888
1774890
1774893
1774894
1774895
1774896
1774897
1774898
1774899
1774900
1774902
1774904
1774905
1774908
1774909
1774910
1774912
1774913
1774914
1774915
1774916
1774917
1774919
1774920
1774921
1774922
1774923
1774924
1774925
1774927
1775485
1775726
1775728
1775946
1776119
1776702
1776704
1776711
1776717
1776719
1776721
1777765
1777766
1777767
1777769
1777770
1777771
1777773
1777777
1777778
1777779
1777780
1777781
1777784
1777785
1777786
1777788
1777789
1777790
1777792
1777793
1777798
1777799
1777801
1777885
1778348
1778698
1779831
1779833
1779839
1783372
1783421
1783431
1784830
1784835
1785102
1785104
1788527
1788530
1788534
1788536
1788539
1788540
1788541
1788542
1788543
1788546
1788548
1788549
1788555
1788560
1788561
1788563
1788567
1788572
1788573
1788575
1788578
1788582
1788587
1788589
1788590
1788595
1788598
1788599
1788603
1788609
1788613
1788614
1788615
1788618
1788623
1788624
1788625
1788626
1788627
1788628
1788629
1788631
1788632
1788636
1788641
1788642
1788644
1788645
1788648
1788649
1788650
1788651
1788654
1788655
1788656
1788657
1788658
1788663
1788664
1788665
1788669
1788670
1788671
1788675
1788676
1788677
1788682
1788687
1788689
1788690
1788696
1788697
1788698
1788699
1788700
1788701
1788704
1788705
1788706
1788707
1788708
1788710
1788711
1788712
1788718
1788719
1788720
1788724
1788725
1788726
1788727
1788728
1788730
1788735
1788736
1788738
1788740
1788742
1788743
1788744
1788745
1788747
1788749
1788750
1788751
1788753
1788757
1788761
1788764
1788773
1788776
1788777
1788778
1788781
1788782
1788783
1788785
1788787
1788788
1788790
1788793
1788796
1788798
1788806
1788807
1788809
1788812
1788818
1788819
1788820
1788822
1788827
1788829
1788830
1788831
1788832
1788835
1788836
1788837
1788838
1788839
1788840
1788841
1788842
1788843
1788844
1788845
1788846
1788847
1788848
1788849
1788850
1788851
1788852
1788853
1788854
1788855
1788856
1788857
1788858
1788859
1788860
1788861
1788862
1788863
1788864
1788865
1788866
1788867
1788868
1788869
1788870
1788871
1788872
1788873
1788874
1788875
1788876
1788877
1788878
1788879
1788880
1788881
1788882
1788883
1788884
1788885
1788886
1788887
1789070
1789071
1789074
1789075
1789076
1789079
1789081
1789083
1789084
1789087
1789088
1789091
1789092
1789093
1789108
1789115
1789116
1789121
1789122
1789128
1789139
1789141
1789142
1789147
1789150
1789154
1789155
1789161
1789162
1789170
1789171
1789176
1789179
1789180
1789183
1789185
1789186
1789201
1789203
1789443
1789445
1789451
1789455
1789456
1789458
1789459
1789460
1789462
1789463
1789465
1789466
1789467
1789468
1789469
1789470
1789471
1789472
1789474
1789481
1789484
1789487
1789488
1789489
1789492
1789493
1789495
1789499
1789503
1789504
1789505
1789506
1789509
1789510
1789514
1789515
1789521
1789524
1789525
1789527
1789528
1789529
1789530
1789531
1789532
1789533
1789534
1789535
1789537
1789538
1789539
1789541
1789543
1789544
1789546
1789701
1789706
1789709
1789710
1789713
1789715
1789717
1789722
1789836
1789839
1789840
1789841
1789842
1789843
1789844
1789845
1789847
1789852
1789855
1789857
1789861
1789863
1789867
1789869
1789870
1789871
1789872
1789873
1789876
1789881
1789882
1789883
1789885
1789886
1789888
1789889
1789890
1789893
1789894
1789895
1789896
1789897
1789899
1789900
1789901
1789902
1789904
1789905
1789906
1789912
1789917
1789918
1789919
1789924
1789925
1789931
1789934
1789939
1789944
1789948
1789949
1789951
1789952
1789953
1789954
1789955
1792497
1792725
1792727
1792728
1792806
1792807
1792808
1792809
1792810
1792811
1792813
1792816
1793896
1793897
1793898
1793899
1793902
1793903
1793906
1793907
1793908
1793909
1793911
1793912
1793913
1793914
1793916
1793917
1793918
1794765
1794766
1794767
1794768
1794769
1794770
1794771
1794772
1794773
1794774
1794775
1794776
1794777
1794778
1794779
1794780
1794781
1794782
1794783
1794784
1794785
1794786
1794787
1794788
1794789
1794790
1794791
1794792
1794793
1794794
1794795
1794796
1794797
1794798
1794799
1794800
1794801
1794802
1794889
1794895
1795644
1795645
1796069
1796070
1796071
1798744
1798747
180231
1803535
1803956
1806465
1806539
1806540
1806541
1806542
1806543
1806544
1806546
1806547
1806548
1806550
1806841
1807189
1807206
1807525
1807526
1807527
1807528
1807529
1807530
1807531
1807532
1807533
1807534
1807535
1807536
1807537
1807540
1807543
1807547
1807549
1807551
1807552
1807553
1807555
1807557
1807559
1807560
1807561
1807562
1807563
1807564
1807569
1807572
1807573
1807575
1807576
1807577
1807578
1807579
1807580
1807582
1807583
1807585
1807586
1807587
1807591
1807592
1807593
1807596
1807598
1807600
1807601
1807602
1807603
1807606
1807607
1807610
1807611
1807612
1807613
1807614
1807616
1807617
1807618
1807621
1807623
1807625
1807626
1807630
1807631
1807633
1807638
1807639
1807641
1807642
1807643
1807646
1807648
1807649
1807650
1807651
1807652
1807653
1807654
1807655
1807658
1807659
1807660
1807661
1807662
1807665
1807666
1807668
1807670
1807671
1807672
1807673
1807677
1807679
1807719
1807933
1809222
1809223
1809224
1809657
1809660
1809661
1811839
1811844
1811848
1811850
1811854
1811856
1812178
1812264
1812265
1812266
1812267
1812268
1813867
1813868
1813869
1813870
1814233
1814234
1814235
1814270
1814271
1814272
1814273
1814274
1815506
1816137
1817931
1817933
1817935
1817938
1817939
1817940
1817948
1817949
1817950
1819942
1819943
1819945
1819947
1819949
1819950
1819952
1819954
1819956
1819957
1819959
1819967
1819972
1819976
1819977
1819978
1820046
1820537
1820539
1820540
1820541
1820543
1820544
1820545
1820547
1820548
1820550
1820552
1820553
1820554
1820556
1820557
1820558
1820559
1820561
1820562
1820565
1820566
1820567
1820568
1820569
1820573
1820574
1820575
1820576
1820577
1820580
1820582
1820583
1820586
1820587
1820588
1820589
1820590
1820591
1820592
1820593
1820594
1821060
1821097
1821099
1821100
1821101
1821102
1821103
1821104
1821106
1821107
1821112
1821115
1821116
1821119
1821120
1821121
1821122
1821124
1821125
1821129
1821131
1821133
1821135
1821136
1822303
1822304
1822309
1822325
1822327
1822328
1822329
1822330
1823763
1823764
1823768
1823770
1823776
1823778
1823781
1823785
1823787
1823791
1823792
1823793
1823795
1823798
1823803
1823811
1823812
1823813
1823814
1823815
1823819
1823820
1823824
1823828
1823833
1823835
1823836
1823838
1823840
1823841
1823843
1823844
1823845
1823849
1823850
1823851
1823855
1823858
1823860
1823861
1823864
1823867
1823870
1823874
1823875
1823876
1823879
1823881
1823882
1823885
1823892
1823894
1823901
1823906
1823907
1823908
1823909
1823911
1823912
1823914
1823915
1823916
1823921
1823922
1823924
1823926
1823930
1823931
1823933
1823937
1823938
1823940
1823941
1823945
1823946
1823947
1823950
1823951
1823955
1823958
1823960
1823962
1823963
1823964
1823968
1823971
1823972
1823973
1823974
1823977
1823978
1823979
1823980
1823982
1823984
1823985
1823987
1823991
1823992
1823993
1823995
1823996
1823997
1824003
1824004
1824005
1824008
1824011
1824013
1824015
1824017
1824018
1824019
1824022
1824024
1824025
1824026
1824028
1824029
1824030
1824031
1824032
1824034
1824035
1824036
1824043
1824044
1824048
1824049
1824056
1824058
1824060
1824065
1824067
1824074
1824076
1824077
1824083
1824085
1824087
1824090
1824098
1824099
1824100
1824103
1824104
1824106
1824107
1824108
1824109
1824110
1824111
1824113
1824122
1824124
1824125
1824128
1824129
1824130
1824131
1824132
1824133
1824134
1824135
1824136
1824137
1824138
1824139
1824140
1824141
1824142
1824143
1824144
1824151
1824152
1824154
1824155
1824156
1824158
1824159
1824161
1824176
1824177
1824178
1824179
1824180
1824186
1824187
1824188
1824193
1824194
1824195
1824196
1824199
1824200
1824208
1824210
1824215
1824221
1824222
1824230
1824231
1824238
1824239
1824240
1824241
1824242
1824244
1824245
1824246
1824247
1824248
1824249
1824257
1824258
1824262
1824264
1824265
1824267
1824270
1824271
1824273
1824277
1824279
1824283
1824284
1824287
1824289
1824301
1824302
1824304
1824305
1824306
1824307
1824308
1824310
1824331
1824332
1824334
1824335
1824336
1824337
1824338
1824339
1824340
1824343
1824346
1824347
1824349
1824350
1824353
1824355
1824362
1824364
1824365
1824366
1824367
1824368
1824369
1824370
1824372
1824373
1824374
1824375
1824381
1824382
1824383
1824384
1824385
1824386
1824387
1824389
1824393
1824398
1824399
1824400
1824401
1824402
1824403
1824404
1824405
1824407
1824409
1824410
1824411
1824412
1824414
1824415
1824421
1824422
1824423
1824424
1824425
1824426
1824428
1824429
1824430
1824431
1824432
1824433
1824437
1824438
1824441
1824443
1824445
1824497
1824505
1825108
1825109
1825110
1825111
1825112
1825113
1825114
1825115
1825116
1825562
1825564
1825565
1826662
1826876
1828345
1828346
1833785
1833786
1833787
1833788
1834896
1834897
1834898
1834899
1834900
1834901
1834902
1834903
1834904
1834905
1834906
1834907
1834908
1834909
1834910
1834911
1834912
1834913
1834914
1834915
1834916
1834917
1834918
183516
1836041
1836537
1836544
1836550
1836552
1837797
1837933
1837934
1837936
1839618
1839649
1839660
1839661
1839663
1839664
1839665
1840221
1840223
1840224
1840225
1840227
1840228
1840229
1840230
1840231
1840626
1840631
1840633
1840636
1840639
1840643
1840968
1841045
1841047
1841049
1841085
1841088
1841089
1841091
1841092
1841122
1841125
1841872
1841876
1841877
1841889
1841891
1841896
1841899
1841902
1842664
1842962
1842963
1842965
1842966
1842968
1843238
1843239
1843241
1843242
1843243
1843244
1843245
1843469
1843472
1843473
1843475
1843479
1843480
1844603
1844624
1844625
1844626
1844627
1844628
1846151
1848130
1848485
1848486
1848487
1848489
1848976
1849523
1849524
1850173
1850533
1850534
1850536
1850537
1850541
1851070
1851074
1851079
1851082
1851088
1851738
1851739
1851740
1851741
1851742
1851743
1851744
1851745
1851746
1851748
1851749
1851750
1851751
1851752
1851753
1855200
1855212
1855213
1855214
1855215
1855218
1855222
1855230
1855234
1855235
1855237
1855239
1855246
1855247
1855249
1855250
1855262
185579
1856637
1856667
1856698
1856699
1856700
1856702
1856703
1856705
1856706
1856708
1856710
1856711
1856712
1856713
1856716
1856717
1856719
1856720
1856721
1856723
1856724
1856725
1856727
1856757
1856760
1857206
1857625
1857627
1857629
185782
185783
185889
185890
185891
1858917
185892
185893
185894
185895
185896
185897
185898
185899
185900
185901
185902
185904
185905
185906
185907
185908
185909
185910
185911
185912
185913
185914
185915
185916
185917
185918
185919
185920
185921
185922
185923
185924
185925
185926
185927
185928
185929
185930
185931
185932
185936
185937
185938
185939
185941
185942
185943
185944
185945
185946
1861649
1861652
1861657
186166
186167
1862590
1862592
1862596
1862602
1864953
1864955
1864956
1864957
1864962
1864963
1864967
1864968
1864970
1864973
1864974
1864975
1864977
1864980
1864982
1864985
1864986
1864987
1864988
1864990
1864991
1864992
1864993
1864994
1864995
1864998
1864999
1865002
1865004
1865006
1865007
1865008
1865009
1865010
1865013
1865015
1865016
1865017
1865021
1865023
1865024
1865025
1865026
1865032
1865033
1865036
1865037
1865038
1865039
1865040
1865044
1865046
1865047
1865048
1865052
1865053
1865055
1865058
1865059
1865061
1865062
1865063
1865064
1865066
1865067
1865068
1865071
1865074
1865075
1865076
1865077
1865079
1865081
1865082
1865085
1865086
1865088
1865089
1865090
1865092
1865094
1865096
1865097
1865098
1865099
1865101
1865105
1865108
1865110
1865111
1865113
1865114
1865116
1865117
1865119
1865121
1865123
1865124
1865126
1865127
1865129
1865130
1865131
1865134
1865139
1865140
1865141
1865143
1865146
1865148
1865149
1865150
1865152
1865155
1865157
1865159
1865160
1865161
1865163
1865164
1865165
1865166
1865167
1865168
1865169
1865171
1865172
1865173
1865176
1865177
1865179
1865181
1865183
1865186
1865188
1865189
1865190
1865195
1865198
1865201
1865202
1865206
1865207
1865208
1865209
1865210
1865211
1865212
1865213
1865214
1865215
1865217
1865218
1865219
1865223
1865224
1865225
1865227
1865230
1865233
1865235
1865236
1865239
1865241
1865244
1865246
1865251
1865252
1865256
1865257
1865258
1865259
1865264
1865265
1865276
1865277
1865278
1865279
1865280
1865282
1865285
1865289
1865290
1865291
1865293
1865294
1865295
1865297
1865298
1865301
1865303
1865305
1865311
1865313
1865314
1865315
1865316
1865322
1865326
1865329
1865330
1865332
1865333
1865334
1865335
1865336
1865337
1865338
1865341
1865344
1865346
1865347
1865348
1865351
1865354
1865356
1865357
1865358
1865361
1865363
1865364
1865365
1865366
1865367
1865368
1865370
1865373
1865376
1865378
1865379
186538
1865380
1865381
1865382
1865384
1865386
1865387
1865388
1865392
1865393
1865394
1865395
1865399
1865400
1865401
1865402
1865403
1865410
1865411
1865412
1865413
1865416
1865417
1865419
1865423
1865428
1865430
1865431
1865433
1865434
1865436
1865437
1865438
1865441
1865442
1865444
1865445
1865446
1865447
1865448
1865451
1865452
1865453
1865456
1865457
1865461
1865464
1865466
1865467
1865471
1865473
1865474
1865475
1865484
1865485
1865486
1865487
1865488
1865489
1865492
1865493
1865496
1865498
1865500
1865502
1865503
1865504
1865505
1865509
1865510
1865511
1865513
1865514
1865515
1865516
1865519
1865521
1865522
1865523
1865529
1865532
1865533
1865540
1865542
1865543
1865545
1865546
1865550
1865551
1865553
1865557
1865558
1865560
1865561
1865563
1865565
1865566
1865567
1865570
1865572
1865574
1865576
1865581
1865582
1865583
1865589
1865590
1865592
1865593
1865595
1865599
1865603
1865605
1865606
1865607
1865608
1865611
1865612
1865613
1865614
1865615
1865616
1865618
1865619
1865620
1865621
1865622
1865623
1865624
1865625
1865626
1865628
1865631
1865632
1865637
1865642
1865643
1865648
1865650
1865651
1865656
1865657
1865659
1865666
1865672
1865673
1865676
1865679
1865680
1865681
1865682
1865683
1865684
1865686
1865687
1865688
1865689
1865690
1865691
1865692
1865694
1865695
1865696
1865697
1865698
1865700
1865701
1865702
1865704
1865705
1865709
1865710
1865711
1865712
1865715
1865716
1865717
1865718
1865719
1865720
1865721
1865722
1865726
1865727
1865728
1865732
1865734
1865735
1865737
1865739
1865741
1865743
1865744
1865745
1865746
1865748
1865750
1865756
1865757
1865758
1865760
1865762
1865767
1865768
1865770
1865771
1865772
1865773
1865774
1865775
1865779
1865780
1865784
1865785
1865786
1865790
1865792
1865793
1865795
1865796
1865798
1865799
1865802
1865803
1865806
1865807
1865808
1865809
1865810
1865812
1865813
1865815
1865817
1865818
1865826
1865829
1865830
1865831
1865834
1865836
1865837
1865838
1865839
1865840
1865841
1865842
1865843
1865844
1865845
1865846
1865848
1865849
1865850
1865851
1865852
1865855
1865857
1865858
1865859
1865862
1865863
1865864
1865870
1865871
1865874
1865876
1865883
1865884
1865885
1865886
1865891
1865892
1865894
1865904
1865905
1865906
1865907
1865910
1865914
1865918
1865921
1865922
1865923
1865924
1865925
1865933
1865935
1865939
1865940
1865941
1865943
1865944
1865945
1865947
1865949
1865950
1865952
1865953
1865954
1865955
1865956
1865958
1865959
1865960
1865962
1865963
1865965
1865968
1865970
1865971
1865972
1865973
1865974
1865975
1865977
1865978
1865979
1865980
1865982
1865984
1865985
1865986
1865987
1865989
1865990
1865991
1865993
1865994
1865995
1865996
1865997
1866001
1866002
1866004
1866005
1866006
1866007
1866009
1866010
1866011
1866014
1866015
1866017
1866018
1866021
1866022
1866023
1866025
1866027
1866028
1866030
1866031
1866032
1866034
1866035
1866037
1866038
1866040
1866041
1866042
1866044
1866045
1866048
1866055
1866056
1866057
1866058
1866059
1866061
1866062
1866063
1866064
1866066
1866068
1866069
1866070
1866072
1866073
1866074
1866075
1866076
1866077
1866078
1866080
1866082
1866084
1866085
1866086
1866087
1866090
1866091
1866092
1866093
1866105
1866106
1866107
1866109
1866111
1866112
1866113
1866114
1866116
1866117
1866118
1866119
1866120
1866121
1866127
1866128
1866129
1866133
1866135
1866136
1866140
1866141
1866143
1866144
1866147
1866148
1866149
1866151
1866152
1866154
1866157
1866160
1866162
1866163
1866164
1866167
1866171
1866172
1866176
1866177
1866179
1866180
1866181
1866188
1866190
1867910
1867911
1867912
1869198
1870771
1870773
1871259
1871268
1871270
1871271
1871272
1871275
1871277
1871284
1871285
1871286
1871288
1871289
1871290
1871298
1871304
1871305
1871309
1871497
1871499
1871500
1871502
1871503
1871508
1872683
1872687
1873465
1874118
1874648
1874649
1874651
1874652
1874654
1874655
1874656
1874657
1874658
1874659
1874660
1874661
1874668
1874671
1874676
1874680
1878944
1880536
1880539
1880541
1880543
1880544
1880545
1880548
1880550
1880551
1880553
1880554
1880556
1880557
1880559
1880560
1880561
1880564
1880566
1880567
1880568
1880570
1882276
1882277
1882279
1882280
1882281
1882282
1882285
1882286
1882287
1882288
1882289
1882290
1882291
1882292
1882293
1882295
1882296
1882298
1882299
1882301
1882303
1882304
1882305
1882306
1882307
1882308
1882310
1882311
1882313
1882316
1882317
1882318
1882319
1882321
1882677
1882678
1882683
1882948
1882961
1882993
1883014
1883016
1883460
1883461
1883462
1883463
1883464
1883465
1883466
1883467
1883468
1883469
1883470
1883471
1883473
1883474
1883475
1883476
1883477
1883478
1883480
1883481
1883482
1883483
1883484
1883485
1883486
1883487
1883488
1883490
1883491
1883492
1883493
1883495
1883496
1883497
1883498
1883499
1883500
1883501
1883502
1883503
1883504
1883505
1883506
1883507
1883508
1883509
1883510
1883511
1883512
1883513
1883514
1883515
1883516
1883517
1883518
1883520
1883521
1883522
1883523
1883524
1883525
1883526
1883527
1883528
1883529
1883530
1883531
1883532
1883533
1883534
1883535
1883536
1883537
1883538
1883539
1883540
1883541
1883542
1883543
1883544
1883545
1883546
1883547
1883548
1883549
1883550
1883551
1883552
1883553
1883554
1883555
1883556
1883557
1883558
1883559
1883560
1883561
1883562
1883563
1883564
1883565
1883566
1883567
1883568
1883569
1883571
1883572
1883573
1883574
1883575
1883576
1883577
1883578
1883579
1883580
1883582
1883583
1883584
1883585
1883586
1883587
1883588
1883589
1883590
1883591
1883592
1883593
1883594
1883595
1883596
1883597
1883598
1883599
1883600
1883601
1883602
1883603
1883604
1883605
1883606
1883607
1883608
1883609
1883610
1883611
1883612
1883613
1883614
1883615
1883616
1883617
1883618
1883619
1883620
1883621
1883622
1883623
1883624
1883625
1883626
1883627
1883628
1883629
1883630
1883631
1883632
1883633
1883634
1883635
1883636
1883637
1883639
1883640
1883641
1883642
1883643
1883645
1883646
1883647
1883648
1883649
1883650
1883651
1883652
1883653
1883654
1883655
1883656
1883657
1883658
1883659
1883660
1883661
1883662
1883663
1883664
1883665
1883666
1883667
1883668
1883669
1883670
1883671
1883672
1883673
1883674
1883675
1883676
1883677
1883678
1883679
1883680
1883681
1883682
1883683
1883685
1883686
1883687
1883688
1883689
1883690
1883691
1883692
1883693
1883694
1883696
1883697
1883698
1883699
1883700
1883701
1883702
1883703
1883704
1883705
1883706
1883707
1883708
1883709
1883710
1883711
1883712
1883713
1883714
1883715
1883716
1883717
1883718
1883719
1883720
1883721
1883722
1883723
1883724
1883725
1883726
1883727
1883729
1883730
1883731
1883732
1883733
1883734
1883735
1883736
1883737
1883738
1883739
1883740
1883741
1883742
1883743
1883744
1883745
1883746
1883747
1883748
1883749
1883750
1883751
1883752
1883753
1883754
1883756
1883757
1883758
1883759
1883760
1883761
1883762
1883763
1883764
1883765
1883766
1883767
1883768
1883769
1883770
1883771
1883772
1883773
1883774
1883775
1883776
1883777
1883778
1883779
1883780
1883781
1883782
1883783
1883784
1883786
1883787
1883788
1883789
1883790
1883791
1883792
1883793
1883794
1883795
1883796
1883797
1883798
1883799
1883800
1883801
1883802
1883803
1883804
1883805
1883806
1883807
1883808
1883809
1883811
1883812
1883813
1883814
1883815
1883816
1883817
1883818
1883819
1883820
1883821
1883822
1883823
1883824
1883825
1883826
1883827
1883828
1883829
1883830
1883831
1883832
1883833
1883834
1883835
1883836
1883838
1883839
1883840
1883841
1883842
1883843
1883844
1883845
1883846
1883847
1883848
1883849
1883850
1883851
1883852
1883853
1883854
1883856
1883857
1883858
1883859
1883860
1883861
1883862
1883863
1883864
1883865
1883866
1883867
1883868
1883869
1883870
1883871
1883872
1883873
1883874
1883875
1883876
1883877
1883878
1883879
1883880
1883881
1883882
1883883
1883884
1883885
1883886
1883887
1883888
1883889
1883890
1883891
1883892
1883893
1883894
1883895
1883896
1883897
1883898
1883899
1883900
1883901
1883902
1883903
1883904
1883905
1883906
1883907
1883908
1883909
1883910
1883911
1883912
1883913
1883914
1883915
1883916
1883917
1883918
1883919
1883920
1883921
1883922
1883923
1883924
1883925
1883926
1883927
1883928
1883929
1883930
1883931
1883932
1883934
1883935
1883936
1883937
1883938
1883939
1883940
1883941
1883942
1883943
1883944
1883945
1883946
1883947
1883948
1883949
1883950
1883951
1883952
1883953
1883954
1883955
1883956
1883957
1883958
1883959
1883960
1883961
1883962
1883963
1883964
1883965
1883966
1883967
1883968
1883969
1883970
1883971
1883972
1883973
1883974
1883975
1883976
1883977
1883978
1883979
1883980
1883981
1883982
1883983
1883984
1883985
1883986
1883987
1883989
1883990
1883991
1883992
1883993
1883994
1883995
1883996
1883997
1883998
1883999
1884000
1884001
1884002
1884003
1884004
1884005
1884006
1884007
1884008
1884009
1884010
1884011
1884012
1884013
1884014
1884015
1884016
1884017
1884018
1884019
1884020
1884021
1884022
1884023
1884024
1884025
1884026
1884027
1884028
1884029
1884030
1884031
1884032
1884033
1884034
1884035
1884036
1884037
1884038
1884040
1884041
1884042
1884043
1884044
1884045
1884047
1884049
1884050
1884051
1884052
1884053
1884054
1884055
1884056
1884057
1884058
1884059
1884060
1884061
1884062
1884063
1884064
1884065
1884066
1884067
1884068
1884069
1884070
1884071
1884073
1884074
1884075
1884076
1884077
1884079
1884080
1884081
1884082
1884083
1884086
1884087
1884088
1884089
1884090
1884091
1884092
1884093
1884094
1884095
1884096
1884097
1884100
1884101
1884102
1884103
1884104
1884106
1884107
1884108
1884109
1884110
1884111
1884112
1884113
1884114
1884115
1884116
1884117
1884118
1884119
1884120
1884121
1884122
1884123
1884124
1884125
1884126
1884127
1884128
1884129
1884130
1884131
1884132
1884133
1884134
1884136
1884137
1884138
1884139
1884140
1884141
1884142
1884143
1884144
1884145
1884146
1884147
1884148
1884149
1884150
1884151
1884152
1884153
1884154
1884155
1884156
1884157
1884158
1884159
1884160
1884161
1884162
1884163
1884164
1884165
1884166
1884167
1884168
1884169
1884170
1884171
1884172
1884173
1884174
1884175
1884176
1884177
1884178
1884179
1884180
1884181
1884182
1884183
1884184
1884185
1884186
1884187
1884242
1884243
1884387
1884388
1884393
1884394
1884396
1884588
1884589
1884590
1884638
1884996
1885355
1885356
1885357
1885359
1885377
1885931
1886789
1888938
1888940
1888946
1890337
1890340
1890341
1891312
1891313
1891314
1891315
1891318
1891319
1891322
1891323
1891324
1891325
1891326
1891327
1891329
1891330
1891331
1891333
1891762
1891763
1892336
1892338
1892339
1892341
1892343
1892345
1892621
1892622
1892623
1892624
1892819
1892823
1892824
1892825
1894993
1894994
1894995
1894996
1894997
1895479
1895480
1895481
1895482
1895483
1895484
1895485
1895486
1895487
1895488
1895489
1895491
1895493
1895494
1895497
1895498
1895499
1895500
1895501
1895505
1895512
1895513
1895515
1895517
1895520
1895522
1895523
1895525
1895528
1895529
1895530
1895532
1895537
1895538
1895542
1895544
1895545
1895548
1895550
1895553
1895554
1895555
1895560
1895566
1895570
1895571
1895573
1895575
1895576
1895577
1897520
1898035
1898036
1898762
1898767
1898769
1898771
1898772
1898773
1898983
1898984
1898986
1898987
1898988
1898989
1898990
1899327
1899564
1902771
1902774
1902776
1902778
1902779
1903246
1903247
1903248
1903249
1903256
1903510
1903511
1903512
1903513
1903514
1903598
1903599
1904007
1904405
1904875
1905304
1905307
1905308
1905309
1905703
1905704
1905705
1905706
1905707
1905708
1905709
1905710
1905711
1905712
1905815
1905820
1905821
1906354
1906355
1906356
1906620
1906621
1906622
1906623
1906624
1906627
1906628
1906630
1906631
1906633
1906643
1906644
1906649
1906650
1906652
1906653
1906654
1906655
1906931
1907193
1907585
1907591
1907592
1907593
1907600
1907604
1907606
1907608
1907635
1907637
1907639
1907640
1907641
1907642
1907643
1907644
1907645
1907646
1907647
1907649
1907650
1907652
1907653
1907668
1907670
1907673
1907677
1907678
1907684
1907685
1907691
1907695
1907696
1907698
1907946
1907949
1907950
1907951
1907952
1907953
1907954
1907959
1907960
1907961
1907962
1907963
1907964
1907965
1907966
1907969
1907971
1907972
1907975
1907981
1907983
1907984
1907985
1907990
1907992
1907995
1907997
1908000
1908003
1908005
1908007
1908009
1908011
1908013
1908014
1908017
1908018
1908023
1908025
1908028
1908029
1908032
1908034
1908036
1908037
1908039
1908040
1908044
1908045
1908050
1908051
1908052
1908053
1908054
1908055
1908056
1908057
1908058
1908060
1908061
1908062
1908064
1908065
1908066
1908067
1908071
1908072
1908073
1908075
1908076
1908077
1908078
1908079
1908082
1908086
1908087
1908088
1908089
1908090
1908091
1908092
1908093
1908094
1908095
1908096
1908098
1908099
1908100
1908101
1908105
1908106
1908107
1908108
1908109
1908110
1908114
1908115
1908116
1908118
1908119
1908120
1908121
1908122
1908123
1908124
1908125
1908126
1908127
1908131
1908132
1908137
1908138
1908139
1908141
1908142
1908143
1908145
1908146
1908148
1908151
1908152
1908153
1908155
1908156
1908157
1908159
1908160
1908161
1908163
1908164
1908166
1908167
1908168
1908171
1908172
1908174
1908176
1908178
1908179
1908181
1908182
1908184
1908185
1908186
1908189
1908190
1908192
1908193
1908194
1908195
1908300
1909796
1909798
1909808
1909809
1909811
1909812
1909814
1909816
1909820
1909821
1909824
1909827
1909828
1909831
1909833
1909834
1909835
1909836
1909841
1909842
1909846
1909847
1909848
1909850
1909851
1909852
1909854
1909856
1909858
1909859
1909862
1909863
1909866
1909867
1909868
1909869
1909870
1909871
1909872
1909873
1909875
1909876
1909877
1909880
1909881
1909882
1909883
1909884
1909887
1909891
1909892
1909893
1909895
1909897
1909901
1909902
1909904
1909907
1909908
1909909
1909910
1909911
1909912
1909913
1909914
1909915
1909917
1909918
1909920
1909929
1909931
1909934
1909935
1909938
1909939
1909944
1909945
1909946
1909948
1909958
1909961
1909965
1909968
1909969
1909970
1909974
1909975
1909976
1909977
1909978
1909984
1909986
1909988
1909991
1909993
1909994
1909995
1909996
1909997
1910000
1910001
1910005
1910007
1910008
1910009
1910010
1910011
1910012
1910014
1910017
1910018
1910025
1910026
1910027
1910029
1910034
1910036
1910037
1910038
1910041
1910042
1910043
1910045
1910046
1910049
1910050
1910051
1910054
1910060
1910061
1910063
1910065
1910068
1910069
1910072
1910073
1910074
1910075
1910077
1910078
1910082
1910083
1910087
1910088
1910089
1910090
1910092
1910096
1910099
1910102
1910105
1910108
1910109
1910111
1910112
1910113
1910115
1910117
1910119
1910127
1910134
1910135
1910137
1910139
1910143
1910144
1910146
1910148
1910149
1910150
1910151
1910152
1910153
1910154
1910155
1910159
1910161
1910163
1910164
1910165
1910166
1910167
1910168
1910171
1910177
1910180
1910183
1910184
1910187
1910191
1910192
1910193
1910194
1910196
1910198
1910199
1910202
1910204
1910206
1910207
1910208
1910210
1910213
1910214
1910215
1910216
1910219
1910221
1910222
1910223
1910224
1910225
1910226
1910228
1910229
1910233
1910236
1910237
1910240
1910241
1910242
1910243
1910244
1910245
1910247
1910252
1910254
1910257
1910260
1910266
1910268
1910271
1910274
1910275
1910278
1910279
1910282
1910284
1910287
1910290
1910292
1910293
1910295
1910298
1910300
1910302
1910306
1910307
1910309
1910311
1910313
1910314
1910315
1910316
1910317
1910318
1910319
1910320
1910321
1910322
1910323
1910324
1910325
1910326
1910327
1910328
1910329
1910330
1910331
1910332
1910333
1910334
1910335
1910336
1910337
1910338
1910339
1910340
1910341
1910342
1910343
1910344
1910345
1910346
1910347
1910348
1910349
1910350
1910351
1910352
1910353
1910354
1910355
1910356
1910357
1910359
1910360
1910361
1910362
1910363
1910364
1910365
1910366
1910367
1910368
1910369
1910370
1910371
1910372
1910373
1910374
1910375
1910376
1910377
1910378
1910379
1910380
1910381
1910382
1910383
1910384
1910385
1910386
1910387
1910388
1910389
1910390
1910391
1910392
1910393
1910394
1910395
1910396
1910397
1910398
1910399
1910400
1910401
1910402
1910403
1910404
1910405
1910406
1910407
1910408
1910409
1910410
1910411
1910412
1910413
1910414
1910415
1910416
1910417
1910418
1910419
1910421
1910422
1910423
1910424
1910425
1910426
1910427
1910428
1910429
1910430
1910431
1910432
1910433
1910434
1910435
1910436
1910437
1910438
1910439
1910440
1910441
1910442
1910443
1910444
1910445
1910446
1910447
1910448
1910449
1910450
1910451
1910452
1910454
1910455
1910456
1910457
1910458
1910459
1910460
1910461
1910462
1910463
1910464
1910465
1910466
1910467
1910468
1910469
1910470
1910471
1910472
1910473
1910474
1910475
1910476
1910477
1910478
1910479
1910480
1910481
1910482
1910483
1910484
1910485
1910486
1910487
1910488
1910489
1910490
1910491
1910492
1910493
1910494
1910495
1910496
1910497
1910498
1910499
1910500
1910501
1910502
1910503
1910504
1910505
1910506
1910507
1910508
1910509
1910510
1910511
1910512
1910513
1910514
1910515
1910516
1910517
1910518
1910520
1910521
1910522
1910523
1910524
1910525
1910526
1910527
1910528
1910529
1910530
1910531
1910532
1910533
1910534
1910535
1910536
1910537
1910538
1910539
1910540
1910541
1910542
1910543
1910544
1910545
1910546
1910547
1910548
1910549
1910550
1910551
1910552
1910553
1910554
1910555
1910556
1910557
1910558
1910559
1910560
1910561
1910562
1910563
1910564
1910565
1910566
1910567
1910568
1910569
1910570
1910571
1910572
1910573
1910574
1910575
1910576
1910577
1910578
1910579
1910580
1910581
1910582
1910583
1910584
1910585
1910586
1910587
1910588
1910591
1910592
1910593
1910594
1910595
1910596
1910597
1910598
1910599
1910600
1910601
1910602
1910603
1910604
1910605
1910606
1910607
1910608
1910609
1910610
1910611
1910612
1910613
1910614
1910615
1910616
1910617
1910618
1910619
1910620
1910621
1910622
1910623
1910624
1910625
1910626
1910628
1910629
1910630
1910631
1910632
1910633
1910634
1910635
1910636
1910637
1910638
1910639
1910640
1910641
1910642
1910643
1910644
1910645
1910646
1910647
1910648
1910649
1910650
1910651
1910652
1910653
1910654
1910655
1910656
1910657
1910658
1910659
1910660
1910661
1910662
1910663
1910664
1910665
1910666
1910667
1910668
1910669
1910670
1910671
1910672
1910673
1910674
1910675
1910676
1910677
1910678
1910679
1910680
1910681
1910682
1910683
1910686
1910687
1910689
1910690
1910691
1910692
1910694
1910698
1910699
1910701
1910702
1910703
1910704
1910705
1910708
1910709
1910710
1910715
1910716
1910718
1910720
1910726
1910727
1910729
1910730
1910731
1910732
1910733
1910734
1910735
1910736
1910737
1910738
1910739
1910740
1910741
1910742
1910743
1910744
1910745
1910747
1910748
1910749
1910750
1910752
1910753
1910754
1910755
1910756
1910757
1910758
1910759
1910760
1910761
1910762
1910763
191090
1911222
1911228
1911744
1911746
1911747
1911753
1911756
1911758
1911759
1911760
1911763
1911764
1911765
1911766
1911768
1911769
1911771
1911772
1911773
1911777
1911778
1911779
1911782
1911783
1911787
1911789
1911790
1911791
1911792
1911794
1912077
1912081
1912082
1912083
1913028
1913030
1913210
1913216
1913220
1913227
1913236
1913237
1913238
1913240
1913241
1913242
1913249
1913259
1913272
1913273
1913274
1913275
1913276
1913287
1913294
1913316
1913328
1913350
1913358
1914346
1914348
1914349
1914350
1914351
1914352
1914475
1914476
1914477
1914478
1914479
1914481
1914484
1914485
1914491
1914496
1914500
1914503
1914514
1914517
1914518
1914519
1914521
1915251
1916389
1916391
1916392
1917229
1917290
1917305
1917313
1917314
1917504
1917513
1917514
1917520
1917521
1917534
1917535
1917537
1917539
1917541
1917545
1917552
1917556
1917558
1917559
1917560
1917563
1917564
1917565
1917566
1917568
1917570
1917572
1917573
1917574
1917577
1917579
1917580
1917582
1917583
1917584
1917585
1917588
1917589
1917590
1917592
1917599
1917601
1917602
1917604
1917605
1917608
1917609
1917611
1917612
1917614
1917615
1917619
1917621
1917622
1917624
1917626
1917628
1917629
1917630
1917631
1917632
1917633
1917634
1917635
1917636
1917637
1917638
1917639
1917640
1917641
1917642
1917643
1917644
1917645
1917646
1917647
1917648
1917649
1918694
1918695
1918696
1918699
1918703
1918704
1918708
1918709
1918710
1918711
1918713
1918715
1918716
1918836
1918837
1918838
1918839
1918840
1918842
1918844
1918846
1918847
1918849
1918850
1918851
1918852
1918859
1918860
1918861
1918864
1918865
1918866
1918869
1918870
1918872
1918873
1918874
1918876
1918877
1918878
1918880
1918881
1918882
1918883
1918886
1918889
1918890
1918891
1918892
1918894
1918895
1918898
1918899
1918900
1918902
1918904
1918905
1918906
1918907
1918910
1918911
1918913
1918914
1918915
1918918
1918919
1918923
1918954
1918956
1918957
1918966
1918969
1918972
1918974
1918975
1918977
1918978
1918979
1918980
1918981
1918982
1918983
1918985
1918987
1918988
1918989
1918990
1918991
1918993
1918994
1918996
1918998
1918999
1919000
1919001
1919002
1919003
1919005
1919008
1919009
1919011
1919013
1919014
1919015
1919017
1919019
1919022
1919023
1919025
1919026
1919027
1919028
1919030
1919032
1919033
1919034
1919035
1919036
1919037
1919038
1919039
1919040
1919042
1919045
1919047
1919051
1919053
1919054
1919055
1919057
1919994
1920840
1920843
1920850
1920856
1921521
1921522
1921626
1921669
1921674
1921684
1921694
1921820
1921821
1921822
1922324
1923885
1923891
1923893
1923894
1924362
1924363
1924365
1924366
1924368
1924369
1924370
1924371
1924372
1924373
1924374
1924377
1924378
1924379
1924380
1924381
1924383
1924384
1924395
1924396
1924403
1924989
1924996
1925155
1925157
1925163
1925166
1925170
1925172
1925175
1925176
1925179
1925185
1925189
1925191
1925192
1925193
1925195
1925200
1925207
1925208
1925209
1925210
1925211
1925212
1925213
1925214
1925219
1925221
1925222
1925223
1925225
1925226
1925227
1925228
1925229
1925230
1925231
1925232
1925233
1925234
1925235
1925236
1925237
1925238
1925556
192711
1927143
192773
1928200
1928204
1928206
1928224
1928227
1928230
1928232
1928233
1928242
1928245
1928246
1928249
1928253
1928259
1928265
1928272
1928275
1928429
1928457
1928460
1928461
1928464
1928466
1928632
1928633
1928639
1928640
1928642
1928643
1928644
1928645
1928660
1928931
1928932
1928933
1928934
1928935
1928936
1928937
1928940
1928941
1928942
1928943
1928945
1928946
1928948
1928950
1928951
1928952
1928953
1928955
1928957
1928958
1928959
1928961
1928962
1928964
1928965
1928966
1928967
1928968
1928970
1928974
1928978
1928979
1928980
1928981
1928987
1928989
1928990
1928993
1928994
1928995
1928996
1928997
1928998
1928999
1929000
1929001
1929002
1929003
1929004
1929005
1929049
1929052
1929053
1929054
1929055
1929057
1929058
1929060
1929063
1929064
1929066
1929067
1929068
1929071
1929073
1929074
1929425
1929426
1929427
1929428
1929430
1929431
1929433
1929434
1929436
1929437
1929904
1929956
1929957
1930083
1930255
1930260
1930821
1930822
1930824
1931260
1931264
1931268
1931272
1931294
1931295
1931296
1931297
1931298
1931299
1931300
1931301
1931302
1931304
1931308
1931310
1931311
1931313
1931314
1931316
1931317
1931320
1931324
1931325
1931326
1931327
1931328
1931329
1931332
1931333
1931335
1931336
1932451
1932456
1932460
1932462
1932465
1932468
1932470
1932472
1932473
1932476
1932479
1932481
1932486
1932487
1932491
1932493
1932494
1932495
1932497
1932499
1932500
1932503
1932504
1932505
1932509
1932510
1932511
1932512
1932517
1932519
1932522
1932523
1932527
1932530
1932531
1932532
1932533
1932534
1932540
1932541
1932542
1932543
1932544
1932545
1932546
1932547
1932548
1932549
1932550
1932551
1932552
1932553
1932554
1932556
1932557
1932558
1932559
1932560
1932561
1932563
1932564
1932565
1932566
1932567
1932568
1932569
1932570
1932571
1932572
1932791
1932800
1932802
1932803
1932804
1932806
1932809
1932810
1932813
1932817
1932818
1932819
1932820
1932822
1932823
1932825
1932826
1932828
1932831
1932837
1932839
1932844
1933298
1933916
1933917
1933918
1933919
1933920
1933921
1934425
1934799
1934801
1934802
1934803
1934806
1934807
1934808
1934809
1934811
1934813
1934814
1934816
1934818
1934822
1934824
1934825
1934827
1934829
1934834
1934836
1934840
1934841
1934845
1934847
1934848
1934849
1934853
1934855
1934858
1934859
1934862
1934863
1934865
1934872
1934884
1934886
1935387
1935962
1935966
1935967
1935970
1936209
1936789
1936790
1936791
1936792
1936793
1936794
1936795
1936796
1936797
1936798
1936799
1936800
1936801
1936802
1936803
1936804
1936805
1936806
1936807
1936808
1936809
1936810
1936811
1936812
1936813
1936814
1936815
1936816
1936817
1936831
1936832
1936834
1936836
1936839
1936840
1936841
1936845
1936846
1936848
1936849
1936850
1936860
1936861
1936862
1936863
1936864
1936865
1936867
1936868
1936871
1936873
1936874
1936875
1936878
1936879
1936881
1936882
1936884
1936891
1936892
1936894
1936895
1936896
1936897
1936900
1936901
1936902
1936903
1936905
1936906
1936910
1936916
1936921
1936922
1936926
1936927
1936932
1936935
1936939
1936940
1936941
1936943
1936945
1936949
1936951
1936953
1936956
1936960
1936961
1936963
1936964
1936965
1936970
1937205
1937206
1937207
1937209
1937213
1937249
1937263
1937264
1937266
1937268
1937270
1937273
1937276
1937277
1937278
1937279
1937281
1937288
1937290
1937291
1937295
1937296
1937297
1937300
1937301
1937304
1937305
1937309
1937311
1937317
1937324
1937326
1937327
1937329
1937330
1937331
1937335
1937338
1937339
1937341
1937343
1937344
1937352
1937353
1937356
1937359
1937360
1937361
1937366
1937367
1937368
1937370
1937372
1937375
1937376
1937377
1937379
1937380
1937382
1937383
1937384
1938562
1938573
1938574
1939591
1939594
1939595
1939596
1939597
1939598
1939599
1939600
1940329
1940335
1940343
1940345
1940347
1940348
1940351
1940353
1940358
1940359
1940360
1940365
1940366
1940367
1940368
1940373
1940375
1940376
1940377
1940378
1940380
1940383
1940387
1940388
1940390
1940392
1940393
1943585
1943586
1943587
1943589
1943590
1943592
1943594
1943595
1943596
1943598
1943602
1943604
1943606
1943608
1943610
1943611
1943612
1943613
1943614
1943615
1943616
1943618
1943619
1943620
1943621
1943622
1943623
1943624
1943681
1943682
1943683
1943685
1945522
1945523
1948903
1948904
1948907
1948908
1948909
1948910
1948911
1948912
1948913
1948915
1948920
1948921
1948925
1948927
1948930
1948932
1948933
1948934
1948936
1948938
1948939
1948943
1948945
1948946
1948947
1948948
1948949
1948950
1948957
1948961
1948965
1948967
1948969
1948972
1948973
1948974
1948975
1948976
1948979
1948980
1948981
1948982
1948983
1948990
1948993
1948994
1948996
1948997
1949001
1949006
1949007
1949008
1949011
1949013
1949014
1949015
1949016
1949017
1949018
1949019
1949020
1949021
1949022
1949023
1949024
1949025
1949026
1949027
1949028
1949029
1949030
1949031
1949032
1949033
1949034
1949035
1949036
1949037
1949038
1949039
1949040
1949041
1949042
1949043
1949044
1949045
1949046
1949047
1949048
1949049
1949050
1949051
1949052
1949053
1949054
1949055
195055
1954153
1954155
1954157
1954159
1954195
1954196
1954197
1954200
1954967
1954969
1954971
1954973
1954974
1954979
1954981
1954983
1954984
1954993
1954994
1954996
1954997
1955000
1955001
1955002
1955004
1955287
1955288
1955289
1955292
1955721
1955724
1955804
195701
195702
1958732
1958734
1959109
1959110
1959111
1959112
1959113
1959116
1959118
1959119
1959121
1959123
1959127
1959128
1959129
1959130
1959131
1959291
1959292
1960018
1960105
1960108
1960109
1960110
1960111
1960315
1960318
1960347
1960349
1960350
1960352
1960353
1960354
1960356
1960357
1960360
1960364
1960365
1960370
1960371
1960372
1960373
1960378
1960379
1960381
1960385
1960386
1960387
1960390
1960391
1960396
1960398
1960403
1960405
1960408
1960409
1960410
1960412
1960413
1960414
1960415
1960416
1960420
1960422
1960423
1960424
1960425
1960426
1960427
1960430
1960433
1960434
1960435
1960436
1960438
1960443
1960444
1960446
1960447
1960448
1960449
1960450
1960451
1960452
1960453
1960455
1960456
1960458
1960460
1960461
1960463
1960472
1960473
1960475
1960477
1960478
1960479
1960481
1960482
1960484
1960487
1960489
1960491
1960492
1960495
1960497
1960499
1960500
1960501
1960502
1960503
1960504
1960505
1960506
1960507
1960508
1960509
1960510
1960511
1960512
1960513
1960514
1960515
1960516
1960517
1960518
1960519
1960521
1960522
1960523
1960524
1960525
1960526
1960527
1960528
1960529
1960530
1960531
1960532
1960533
1960534
1960535
1960536
1960537
1960538
1960539
1960540
1960541
1960542
1960543
1960544
1960545
1960546
1960547
1960548
1960549
1960550
1960551
1960552
1960553
1960554
1960555
1960556
1960557
1960558
1960559
1960560
1960561
1960563
1960564
1960565
1960566
1960567
1960568
1960569
1960570
1960571
1960572
1960573
1960574
1960922
1960923
1960925
1960927
1960928
1960929
1960930
1960931
1960934
1960935
1960936
1960937
1961648
1961656
1961661
1961662
1961663
1961719
1961723
1961728
1961729
1961731
1961735
1961736
1961738
1961740
1961741
1961742
1961744
1961745
1961747
1961750
1961754
1961755
1961756
1961758
1961761
1961762
1961763
1961764
1961765
1961768
1961773
1961778
1961782
1961926
1961930
1961934
1961935
1961937
1961939
1961940
1961944
1961948
1961950
1961952
1961953
1961954
1961955
1961956
1961957
1961958
1961960
1961963
1961964
1961965
1961968
1961969
1961971
1961972
1961975
1961976
1961977
1961978
1961980
1961981
1961982
1961983
1961984
1961985
1961988
1961993
1962000
1962003
1962005
1962007
1962011
1962013
1962014
1962015
1962016
1962017
1962018
1962019
1962021
1962022
1962023
1962024
1962025
1962026
1962030
1962031
1962032
1962036
1962037
1962039
1962041
1962042
1962047
1962048
1962050
1962051
1962052
1962053
1962055
1962056
1962073
1962074
1962075
1962077
1962078
1962079
1962080
1962082
1962084
1962086
1962088
1962089
1962090
1962091
1962093
1962095
1962097
1962098
1962099
1962102
1962103
1962105
1962106
1962107
1962109
1962110
1962120
1962121
1962122
1962123
1962124
1962126
1962153
1962154
1962389
1962390
1962394
1962984
1963764
1963765
1963766
1963767
1963768
1963769
1963770
1963771
1964222
1964224
1964225
1964226
1964227
1964228
1964231
1964235
1964237
1964239
1964240
1964241
1964242
1964243
1964245
1964246
1964247
196425
196430
196435
196436
196438
196441
196450
196455
1964553
1964554
1964555
1964556
1964557
1964560
1964578
1964625
1964626
1964628
1964629
1964632
1964633
1964634
1964636
1964637
1964639
1964641
1964644
1964645
1964646
1964647
1964648
1964650
1964653
1964654
1964656
1964657
1964659
1964660
1964662
1964663
1964664
1964667
1964670
1964671
1964672
1964674
1964676
1964678
1964679
1964681
1964682
1964688
1964689
1964690
1964691
1964693
1964694
1964697
1964698
1964700
1964701
1964703
1964706
1964708
1964711
1964712
1964713
1964716
1964719
1964720
1964725
1964726
1964729
1964730
1964733
1964735
1964736
1964737
1964739
1964740
1964741
1964742
1964743
1964744
1964745
1964746
1964747
1964748
1964749
1964750
1964751
1964752
1964753
1964754
1964755
1964756
1964757
1964758
1964759
1964760
1964761
1964762
1964763
1964764
1964765
1964766
1964767
1964768
1964769
1964770
1964771
1964772
1964773
1964774
1964775
1964776
1964777
1964778
1964780
1964781
1964782
1964783
1964784
1964785
1964786
1964787
1964788
1964789
1964790
1964791
1964792
1964793
1964794
1964795
1964796
1964797
1964798
1964799
1964800
1964801
1964802
1964803
1964804
1965335
1965337
1965338
1965339
1968208
1968209
1968213
1968215
1968216
1968218
1968219
1968220
1968221
1968222
1968223
1968225
1968228
1968230
1968232
1968233
1968234
1968237
1968238
1968239
1968240
1968241
1968242
1968243
1968244
1968245
1968246
1968247
1968248
1968249
1968250
1968251
1968252
1968299
1968302
1968305
1968306
1968307
1968308
1968310
1968312
1968313
1968314
1968315
1968316
1968317
1968319
1968322
1968326
1968327
1968329
1968330
1968334
1968777
1968805
1968813
1969582
1969602
1969854
1969855
1969856
1969858
1969859
1969864
1969865
1969866
1969867
1969868
1969870
1969871
1969872
1969875
1969876
1969877
1969878
1969879
1969880
1969881
1969882
1969883
1969884
1969885
1969886
1969887
1969888
1969889
1969890
1969891
1969892
1969893
1969894
1969895
1969896
1969897
1969898
1969899
1969900
1969901
1969902
1969903
1969904
1969905
1969906
1969907
1969908
1969909
1969910
1969911
1969912
1969913
1969914
1969915
1970163
1970164
1970167
1970169
1970170
1970171
1970172
1970173
1970174
1970175
1970176
1970177
1970178
1970179
1970180
1970181
1970186
1970911
1970913
1971450
1971503
1971504
1971505
1971506
1971507
1971508
1971509
1971513
1971514
1971515
1971517
1971518
1971519
1971520
1971521
1971523
1971524
1971526
1971528
1971530
1971531
1971532
1971533
1971536
1971537
1971540
1971541
1971542
1971543
1971545
1971547
1971549
1971550
1971552
1971553
1971555
1971556
1971557
1971559
1971560
1971561
1971562
1971565
1971568
1971571
1971572
1971573
1971574
1971575
1971577
1971580
1971582
1971583
1971584
1971587
1971588
1971589
1972114
1972115
1972123
1972268
1972272
1972273
1972281
1972283
1972285
1972286
1972288
1972291
1972294
1972295
1972297
1972298
1972300
1972301
1972304
1972305
1972306
1972308
1972309
1972310
1972311
1972312
1972314
1972315
1972316
1972317
1972318
1972319
1972320
1972321
1972322
1972323
1972326
1972330
1972334
1972337
1972338
1972340
1972341
1972342
1972346
1972347
1972348
1972349
1972351
1972352
1972353
1972354
1972355
1972356
1972357
1972358
1972359
1972361
1972363
1972365
1972367
1972368
1972370
1972371
1972373
1972374
1972375
1972376
1972378
1972382
1972383
1972384
1972385
1972386
1972387
1972388
1972389
1972390
1972577
1972755
1972962
1972963
1972964
1972965
1972966
1972968
1972969
1972971
1972972
1972974
1972975
1972976
1972978
1972979
1972982
1972984
1972985
1972986
1972988
1972989
1972990
1973443
1973444
1973751
1973754
1973755
1973758
1973760
1973761
1973762
1973763
1973764
1973765
1973766
1973769
1973770
1973773
1973774
1973776
1973779
1973780
1973782
1973783
1973785
1973786
1973788
1973789
1973792
1973793
1973794
1973795
1973797
1973798
1973799
1973801
1973802
1973803
1973804
1973805
1973806
1973808
1973809
1973810
1973811
1973812
1973813
1973814
1973815
1973816
1973817
1973818
1973819
1973820
1973821
1973822
1973823
1973824
1973825
1973826
1973827
1973828
1973829
1973830
1973831
1973832
1973833
1973834
1973835
1973836
1973837
1973838
1973839
1973840
1973841
1973842
1973843
1973844
1973845
1973847
1973848
1973849
1973850
1973851
1973852
1973853
1973854
1973855
1973856
1973857
1973858
1973859
1973860
1973861
1973862
1973863
1973864
1973865
1973866
1973867
1973868
1973869
1973870
1973871
1973872
1973873
1973874
1973875
1973876
1973877
1973878
1974168
1975689
197576
197577
197578
197579
197582
197583
197586
197587
197588
197589
1977662
1977667
197780
197781
1978308
1978568
1978569
1978570
1978571
1978573
1978577
1978579
1978580
1978582
1978583
1978585
1978586
1978588
1978589
1978590
1978591
1978597
1978600
1978604
1978606
1978607
1978609
1978611
1978613
1978616
1978619
1978620
1978622
1978623
1978626
1978628
1978629
1978630
1978631
1978632
1978633
1978634
1978635
1978639
1978640
1978641
1978642
1978643
1978645
1978647
1978650
1978651
1978652
1978653
1978654
1978655
1978656
1978657
1978659
1978660
1978661
1978662
1978663
1978664
1978665
1978666
1978667
1978669
1978671
1978672
1978673
1978675
1978677
1978678
1978680
1978682
1978683
1978684
1978685
1978686
1978687
1978689
1978691
1978692
1978693
1978694
1978696
1978699
1978700
1978702
1978703
1978705
1978707
1978708
1978709
1978710
1978712
1978713
1978714
1978715
1978716
1978717
1978718
1978719
1978720
1978721
1978722
1978725
1978726
1978727
1978731
1978732
1978733
1978735
1978736
1978737
1978738
1978740
1978741
1978742
1978743
1978746
1978750
1978751
1978752
1978753
1978754
1978756
1978757
1978924
1978925
1978926
1978929
1978932
1978935
1978936
1978937
1978938
1978940
1978941
1978943
1978944
1978945
1978946
1978947
1978948
1978950
1978951
1978952
1978953
1978954
1978957
1978958
1978960
1978961
1978963
1978964
1978965
1978966
1978967
1978970
1978975
1978976
1978978
1978979
1978980
1978981
1978982
1978983
1978984
1978985
1978991
1978993
1978996
1978998
1978999
1979000
1979001
1979004
1979005
1979006
1979007
1979008
1979010
1979012
1979014
1979015
1979017
1979019
1979021
1979022
1979023
1979025
1979026
1979027
1979028
1979030
1979031
1979032
1979034
1979037
1979038
1979039
1979041
1979043
1979044
1979049
1979051
1979054
1979055
1979056
1979057
1979058
1979059
1979060
1979061
1979062
1979063
1979064
1979065
1979066
1979067
1979068
1979069
1979070
1979071
1979072
1979073
1979074
1979075
1979076
1979077
1979078
1979079
1979080
1979081
1979082
1979083
1979084
1979085
1979086
1979088
1979089
1979090
1979091
1979092
1979093
1979094
1979095
1979096
1979097
1979098
1979100
1979101
1979102
1979103
1979104
1979105
1979106
1979107
1979108
1979109
1979110
1979111
1979112
1979113
1979114
1979115
1979116
1979117
1979118
1979119
1979120
1979121
1979122
1979123
1979124
1979125
1979127
1979339
1979373
1979374
1979376
1979380
1979381
1980310
1980311
1980312
1980319
1980321
1980322
1980327
1980328
1980331
1980333
1980339
1980340
1980345
1980346
1980348
1980349
1980351
1980352
1980353
1980354
1980355
1980358
1980359
1980360
1980362
1980365
1980366
1980367
1980369
1980370
1980373
1980378
1980379
1980381
1980383
1980384
1980385
1980386
1980387
1980388
1980389
1980393
1980394
1980456
1980471
1980486
1980490
1980494
1980519
1980539
1980768
1980769
1980770
1980772
1980773
1980775
1980777
1980778
1980779
1980780
1980782
1980783
1980784
1980786
1980787
1980789
1980791
1980793
1980794
1980798
1980801
1980804
1980805
1980806
1980807
1980809
1980810
1980812
1980815
1980817
1980818
1980820
1980821
1980822
1980826
1980827
1980828
1980829
1980832
1980835
1980836
1980838
1980840
1980841
1980846
1980847
1980849
1981103
1981105
1981107
1981333
1981623
1981624
1981625
1981794
1981795
1981796
1981797
1981798
1981803
1981806
1981808
1981809
1981810
1981811
1981812
1981813
1981814
1982530
1982531
1982533
1982534
1982535
1982537
1982539
1982540
1982542
1982543
1982721
1982722
1982723
1982724
1982726
1982727
1983217
1983221
1983222
1983224
1983229
1983230
1983231
1983235
1983236
1983241
1983244
1983247
1983248
1983308
1983313
1984857
1984858
1984874
1984875
1984876
1984877
1984878
1984879
1984880
1984882
1984883
1984884
1984887
1984888
1984889
1984892
1984894
1984897
1984899
1984902
1984903
1984904
1984905
1984908
1984910
1984911
1984912
1984914
1984916
1984918
1984920
1984921
1984923
1984925
1984927
1984929
1984941
1984945
1984946
1984948
1984951
1984952
1984953
1984959
1984960
1984963
1984964
1984965
1984966
1984968
1984971
1984972
1984974
1984976
1984979
1984981
1984982
1984983
1984984
1984987
1984989
1984990
1984993
1984994
1984995
1984996
1984997
1984998
1984999
1985000
1985001
1985002
1985003
1985004
1985005
1985006
1985007
1985008
1985009
1985010
1985011
1985012
1985013
1985014
1985015
1985016
1985017
1985018
1985019
1985020
1985021
1985022
1985023
1985024
1985025
1985026
1985027
1985028
1985029
198503
1985030
1985031
1985032
1985033
1985034
1985035
1985036
1985037
1985038
1985039
1985040
1985041
1985042
1985043
1985044
1985045
1985046
1985047
1985048
1985049
1985050
1985051
1985052
1985053
1985054
1985055
1985056
1985057
1985058
1985059
1985060
1985061
1985062
1985063
1985064
1985065
1985066
1985067
1985068
1985069
1985070
1985071
1985072
1985073
1985074
1985075
1985076
1985077
1985078
1985079
1985080
1985081
1985082
1985083
1985084
1985085
1985086
1985087
1985088
1985089
1985090
1985091
1985092
1985093
1985094
1985095
1985096
1985097
1985277
1985278
1985674
1985760
1985761
1985763
1985767
1985768
1985769
1985770
1985772
1985773
1985784
1985788
1985790
1985791
1985792
1985793
1985796
1985799
1985801
1985802
1985803
1985804
1985807
1985814
1985816
1985817
1985819
1985822
1985824
1985825
1985845
1985846
1985848
198612
1986191
1986414
1986415
1986416
1986975
1987074
1987075
1987076
1987080
1987083
1987096
1987097
1987168
1987171
1987172
1987173
1987174
1987175
1987177
1987178
1987182
1987186
1987191
1987192
1987193
1987194
1987195
1987197
1987198
1987201
1987202
1987204
1987206
1987213
1987214
1987222
1987223
1987224
1987225
1987226
1987228
1987234
1987236
1987242
1987244
1987246
1987247
1987248
1987249
1987250
1987257
1987258
1987259
1987260
1987261
1987262
1987265
1987266
1987267
1987268
1987269
1987270
1987271
1987272
1987280
1987281
1987283
1987284
1987286
1987287
1987290
1987292
1987293
1987294
1987295
1987297
1987298
1987299
1987300
1987305
1987306
1987307
1987308
1987313
1987315
1987316
1987317
1987320
1987321
1987322
1987326
1987340
1987341
1987342
1987343
1987345
1987346
1987350
1987351
1987352
1987353
1987404
1987406
1987407
1987408
1987410
1987411
1987412
1987413
1987414
1987418
1987420
1987423
1987424
1987427
1987430
1987433
1987434
1987435
1987437
1987438
1987440
1987441
1987442
1987443
1987444
1987446
1987449
1987451
1987452
1987453
1987455
1987458
1987459
1987460
1987461
1987463
1987465
1987466
1987469
1987470
1987471
1987472
1987474
1987475
1987476
1987477
1987478
1987929
1993555
1993558
1993559
1993561
1993562
1993564
1993565
199359
2002793
2002794
2002795
2002796
2002797
2002980
2002981
2002982
2002983
2002990
2002993
2002994
2002997
2002998
2002999
2003000
2003007
2003009
2003012
2003014
2003015
2003018
2003019
2003020
2003022
2003023
2003025
2003027
2003031
2003032
2003037
2003038
2003039
2003042
2003044
2003045
2003046
2003047
2003048
2003049
2003050
2003051
2003052
2003053
2003054
2003055
2003056
2003057
2003058
2003059
2003060
2003061
2003062
2003063
2003064
2003065
2003066
2003067
2003068
2003069
2003070
2003071
2003072
2003073
2003074
2003075
2003077
2003078
2003079
2003081
2003083
2003084
2003085
2003086
2003087
2003088
2003089
2003090
2003091
2003094
2003096
2003097
2003098
2003099
2003100
2003101
2003102
2003103
2003104
2003105
2003106
2003301
2003307
2003759
2003769
2003771
2003776
2003779
2003780
2003781
2004068
2004069
2004071
2004072
2004074
2004075
2004076
2004077
2004078
2004080
2004089
2004091
2004094
2004095
2004100
2004109
2004112
2004116
2004118
2004123
2004125
2004128
2004130
2004132
2004134
2004138
2004140
2004141
2004146
2004148
2004149
2004151
2004154
2004155
2004156
2004157
2004158
2004161
2004165
2004166
2004169
2004170
2004173
2004176
2004188
2004190
2004196
2004201
2004206
2004208
2004211
2004221
2004227
2004228
2004234
2004237
2004240
2004242
2004250
2004254
2004257
2004258
2004259
2004261
2004262
2004263
2004267
2004268
2004270
2004271
2004275
2004277
2004281
2004283
2004284
2004285
2004289
2004291
2004292
2004295
2004296
2004298
2004299
2004300
2004301
2004302
2004303
2004304
2004305
2004306
2004309
2004311
2004312
2004313
2004315
2004316
2004317
2004318
2004320
2004325
2004328
2004329
2004330
2004331
2004332
2004333
2004334
2004337
2004338
2004341
2004343
2004344
2004345
2004356
2004361
2004362
2004364
2004366
2004367
2004368
2004369
2004370
2004377
2004381
2004385
2004388
2004390
2004391
2004609
2004628
2004629
2004630
2004633
2004634
2004636
2004637
2004904
2004950
2005184
2005189
2005263
2005264
2005265
2005266
2005267
2005268
2005269
2005270
2005271
2005272
2005273
2005274
2005275
2005276
2005277
2005278
2005279
2005280
2005281
2005282
2005283
2005284
2005285
2005286
2005287
2005288
2005289
2005290
2005291
2005292
2005293
2005294
2005295
2005296
2005297
2005625
2005626
2005633
2005637
2005638
2005640
2005641
2005642
2005643
2005644
2005645
2005650
2005651
2005655
2005656
2005658
2005662
2005663
2005961
2005963
2005965
2006397
2006400
2006401
2006402
2006403
2006404
2006405
2006407
2006408
2006409
2006410
2006412
2006416
2006417
2006420
2006421
2006425
2006427
2006428
2006429
2006434
2006435
2006436
2006437
2006438
2006444
2006445
2006446
2006447
2006448
2006451
2006452
2006453
2006454
2006455
2006458
2006459
2006461
2006466
2006467
2006468
2006470
2006472
2006473
2006475
2006482
2006483
2006484
2006485
2006486
2006487
2006489
2006490
2006491
2006492
2006494
2007351
2007353
2008151
2008154
2008155
2008158
2008161
2008163
2008165
2008167
2008168
2008169
2008171
2008176
2008178
2008180
2008182
2008184
2008185
2008186
2008187
2008190
2008193
2008194
2008195
2008196
2008200
2008201
2008202
2008203
2008209
2008214
2008215
2008219
2008226
2008227
2008228
2008229
2008235
2008237
2008241
2008242
2008244
2008246
2008248
2008249
2008250
2008251
2008252
2008253
2008256
2008258
2008260
2008261
2008262
2008263
2008264
2008265
2008266
2008268
2008269
2008270
2008272
2008558
2008559
2008561
2008563
2008564
2008565
2008566
2009208
2009212
2009215
2009216
2009219
2009220
2009221
2009226
2009230
2009234
2009237
2009238
2009239
2009240
2009241
2009242
2009243
2009244
2009245
2009246
2009247
2009248
2009249
2009250
2009251
2009252
2009253
2009254
2009255
2009256
2009258
2009259
2009260
2009261
2009262
2009263
2009264
2010835
2010840
2010868
2010869
2010871
2010872
2010874
2010875
2011109
2011110
2011111
2011112
2011113
2011114
2011115
2011117
2011118
2011119
2011120
2011121
2012825
2012826
2012828
2013041
2013044
2013046
2013051
2013052
2013959
2014176
2014178
2014179
2014180
2014181
2014183
2014184
2014188
2014189
2014191
2014192
2014193
2014194
2014195
2014197
2014198
2014199
2014200
2014201
2014203
2014207
2014208
2014209
2014210
2014211
2014214
2014216
2014217
2014218
2014220
2014222
2014224
2014225
2014226
2014227
2014229
2014230
2014341
2014343
2014344
2014346
2014413
2014415
2014417
2014421
2014422
2014427
2014428
2014566
2014567
2014568
2014569
2014570
2014571
2014573
2014585
2014588
2014589
2014591
2014593
2014663
2014665
201489
201490
201491
2014917
2014919
201492
201493
201494
201495
201496
201497
2015194
2015195
2015201
2015209
2015210
2015211
2015213
2015216
2015219
2015223
2015224
2015228
2015231
2015234
2015237
2015238
2015242
2015244
2015245
2015246
2015248
2015250
2015252
2015253
2015254
2015255
2015256
2015550
2015803
2016227
2016229
2016232
2016233
2016236
2016238
2016239
2016286
2016287
2016290
2016291
2016292
2016293
2016296
2016297
2016298
2016299
2016302
2016399
2017605
2017606
2017698
2017702
2017703
2017704
2017706
2017707
2017786
2017789
2017791
2017792
2017793
2017801
2017802
2017804
2017806
2017809
2017810
2017811
2017816
2017819
2017822
2017823
2017825
2017830
2017832
2017833
2017834
2017837
2017845
2017847
2017851
2017858
2017866
2017867
2017868
2017873
2017879
2017880
2017884
2017891
2017893
2017896
2017898
2017901
2017902
2017906
2017907
2017908
2017909
2017910
2017911
2017913
2017914
2017916
2017917
2017918
2017919
2017921
2017933
2017934
2017935
2017936
2017937
2017939
2017940
2017941
2018097
2018098
2018099
2018103
2019392
2019401
2019405
2019407
2019574
2019576
2019581
2019582
2019583
2019584
2019585
2019588
2019589
2019591
2019592
2019593
2019597
2019600
2019603
2019605
2019608
2019609
2019611
2019612
2019613
2019614
2019615
2019618
2019622
2019623
2019624
2019625
2019629
2019632
2019634
2019635
2019637
2019638
2019642
2019644
2019645
2019646
2019648
2019649
2019650
2019652
2019653
2019654
2019655
2019657
2019661
2019676
2019677
2019681
2019682
2019683
2019684
2019685
2019686
2019689
2019692
2019693
2019694
2019696
2019697
2019699
2019700
2019701
2019702
2019703
2019704
2019705
2019706
2019707
2019708
2019709
2019710
2019711
2019712
2019713
2019714
2019715
2019719
2019720
2019721
2019722
2019723
2019724
2019725
2019726
2019727
2019728
2019729
2019730
2019731
2019732
2019733
2019734
2019735
2019737
2019738
2019739
2019740
2019741
2019742
2019743
2019744
2019745
2019746
2019747
2019748
2019749
2019750
2019751
2019753
2019754
2019755
2019756
2019757
2019758
2019759
2019760
2019761
2019762
2019763
2019764
2019765
2019766
2019767
2019768
2019769
2019770
2019771
2019773
2019774
2019776
2019777
2019778
2019779
2019780
2019781
2019782
2019783
2019784
2019785
2019786
2019788
2019789
2019791
2019792
2019793
2019794
2019795
2019796
2019797
2019798
2019799
2019800
2019801
2019803
2019804
2019805
2019806
2019807
2019808
2019809
2019811
2019813
2019814
2019815
2019816
2019817
2019820
2019821
2019822
2019823
2019824
2019825
2019826
2019827
2019828
2019829
2019830
2019831
2019832
2019833
2019834
2019835
2019836
2019837
2019839
2019840
2019841
2019842
2019843
2019844
2019845
2019846
2019847
2019848
2019849
2019850
2019851
2019852
2019853
2019854
2019855
2019856
2019857
2019858
2019859
2019860
2019861
2019862
2019863
2019864
2019865
2019866
2019867
2019868
2019869
2019870
2019871
2019872
2019873
2019876
2019877
2019878
2019879
2019880
2019881
2019882
2019883
2019884
2019885
2019886
2019887
2019888
2019889
2019890
2019892
2019893
2019895
2019896
2020251
2020416
2020420
2021315
2021316
2021317
2021318
2021319
2021320
2021321
2021322
2021859
2022157
2022158
2022159
2022160
2022161
2022162
2022163
2022164
2022165
2022166
2022167
2022169
2022170
2022171
2022172
2022173
2022174
2022175
2022176
2022177
2022178
2022179
2022180
2022182
2022183
2022184
2022185
2022186
2022187
2022190
2022195
2022384
2022386
2023126
2023127
2023156
2023297
2023300
2023301
2023306
2023308
2023315
2023318
2023321
2023322
2023323
2023325
2023326
2023916
2023917
2023918
2023925
2023927
2023930
2024105
2024106
2024108
2024110
2024111
2024116
2024123
2024125
2024130
2024131
2024134
2024138
2024146
2024148
2024149
2024150
2024151
2024164
2024169
2024172
2024173
2024175
2024176
2024177
2024178
2024179
2024180
2024181
2024183
2024184
2024185
2024186
2024187
2024188
2024561
2024562
2024564
2024566
2024567
2024568
2024569
2024570
2024577
2024578
2024579
2024715
2024720
2024721
2024734
2025318
2025322
2025323
2025325
2025327
2025329
2025330
2025782
2025787
2025789
2025790
2025998
2025999
2026004
2026005
2026006
2026007
2026008
2026010
2026011
2026012
2026013
2026014
2026015
2026016
2026017
2026018
2026019
2026021
2026022
2026024
2026026
2026027
2026028
2026029
2026032
2026035
2026036
2026037
2026038
2026039
2026044
2026046
2026047
2026048
2026049
2026050
2026054
2026056
2026057
2026058
2026060
2026061
2026063
2026064
2026065
2026068
2026070
2026072
2026074
2026075
2026077
2026079
2026368
2026370
2026374
2026377
2026378
2026379
2026380
2026381
2026382
2026387
2026388
2026389
2026390
2026391
2026393
2026395
2026397
2026398
2026399
2026400
2026401
2026406
2026407
2026408
2026409
2026562
2026564
2026572
2026573
2026574
2026575
2026576
2026577
2026578
2026580
2026581
2026582
2026583
2026584
2026585
2026586
2026587
2026588
2026589
2026590
2026592
2026593
2026594
2026595
2026597
2026598
2026599
2026600
2027132
2027133
2027134
2027135
2027141
2027164
2027165
2027231
2027232
2027233
2027235
2027236
2027238
2027239
2027411
2028114
2028115
2028117
2028118
2028119
2028120
2028511
2028513
2028516
2028518
2028519
2028520
2028521
2028525
2028528
2028531
2028532
2028533
2028534
2028540
2028543
2028544
2028547
2028548
2028549
2028550
2028551
2028553
2029287
2029291
2029294
2029295
2029620
2029622
2029700
2029702
2029705
2029706
2029893
2029896
2029898
2029899
2029933
2029938
2029939
2029940
2029943
2029944
2029945
2029948
2029949
2029951
2029953
2029954
2029955
2029957
2029959
2029960
2029961
2029963
2029965
2029966
2029967
2029969
2029971
2029972
2029973
2029975
2029976
2029978
2030096
2030097
2030098
2030099
2030100
2030101
2030102
2030103
2030104
2030105
2030107
2030108
2030110
2030112
2030113
2030114
2030115
2030116
2030117
2030118
2030119
2030120
2030121
2030122
2030123
2030124
2030830
2030832
2030834
2030835
2030836
2030837
2030839
2030840
2030841
2030842
2030843
2030845
2030847
2030849
2030851
2030852
2030854
2030855
2030856
2030860
2030864
2030867
2030868
2030870
2030872
2030874
2030875
2030876
2030877
2030878
2030879
203224
203229
203230
2032591
2032592
2032594
2032595
2032597
2032598
2032600
2032601
2032602
2032603
2032605
2032852
2032853
2032854
2032856
2032857
2032860
2032861
2032863
2032865
2032866
2032867
2032868
2032869
2032871
2032872
2032873
2032877
2032878
2032880
2032881
2032882
2032884
2032885
2032886
2032887
2032888
2032889
2032890
2032891
2032892
2032894
2032895
2032897
2032898
2032899
2032901
2032903
2032904
2032906
2032907
2032908
2032910
2032911
2032912
2032914
2032915
2032917
2032918
2032920
2032921
2032922
2032924
2032925
2032926
2032929
2032930
2032931
2032932
2032933
2032934
2032937
2032938
2032939
2032940
2032942
2032943
2032944
2032945
2032946
2032947
2032949
2032950
2032952
2032953
2032954
2032956
2032957
2032958
2032959
2032960
2032961
2032962
2033520
2033523
2033524
2033525
2033528
2033529
2033535
2033541
2033542
2033543
2033544
2033545
2033546
2033548
2033551
2033552
2033553
2033554
2033555
2033556
2033557
2033558
2033559
2033560
2033561
2033562
2033563
2033564
2033565
2033566
2033567
2033569
2033570
2033571
2033572
2033573
2033574
2033575
2033576
2033577
2033578
2033579
2033679
2033681
2033685
2033686
2033687
2033688
2034494
2034495
2034496
2034497
2034499
2034500
2034501
2034863
2034866
2034868
2034869
2034871
2034872
2034876
2034877
2034881
2034882
2034883
2034884
2034886
2034887
2034888
2034891
2034899
2034900
2034913
2034920
2034926
2034927
2034933
2034935
2034939
2034941
2034945
2034947
2034948
2034955
2034956
2034957
2034973
2034979
2034981
2034982
2035036
2035038
2035039
2035366
2035367
2035368
2035369
2035370
2035376
2035377
2035378
2035379
2035380
2035381
2035382
2035383
2035384
2035385
2035386
2035388
2035389
2035391
2035392
2035394
2035457
2035459
2035460
2035462
2035464
2035465
2035472
2035478
2035480
2035481
2035484
2035485
2035488
2035492
2035493
2035495
2035496
2035497
2035498
2035499
2035500
2035501
2035502
2035503
2035504
2036784
2036826
2036828
2036831
2036832
2036946
2038078
2038306
2038307
2038308
2039180
2039183
2039184
2039186
2039189
2039193
2039194
2039196
2039198
2039200
2039201
2039202
2039203
2039204
2039205
2039206
2039207
2039209
2039210
2039213
2039215
2039216
2039217
2039218
2039697
2039767
2040282
2040283
2040286
2040287
2040619
2040620
2040621
2042056
204269
2042824
2042829
2042833
2042835
2042839
2042843
2042845
2042846
2042850
2042856
2042857
2042859
2042861
2042865
2042866
2042868
2042869
2042870
2042874
2042997
2042998
2043062
2043066
2043068
2043069
2043071
2043072
2043077
2043079
2043084
2043085
2043086
2043088
2043091
2043093
2043094
2043095
2043096
2043099
2043101
2043102
2043103
2043104
2043107
2043110
2043111
2043116
2043117
2043119
2043121
2043124
2043128
2043129
2043130
2043132
2043133
2043134
2043655
2043656
2043657
2043658
2043659
2043665
2043666
2043668
2043669
2043670
2043673
2043674
2043675
2043676
2043682
2043684
2043685
2043686
2043687
2043688
2043689
2043690
2043693
2043694
2043695
2043696
2043698
2043699
2043700
2043701
2043702
2043704
2043705
2043710
2043712
2043714
2043715
2043716
2043717
2043718
2043720
2043721
2043722
2043723
2043725
2043726
2043727
2043728
2043729
2043730
2043732
2043733
2043734
2043736
2043738
2043739
2043740
2043741
2043742
2043743
2043744
2043746
2043747
2043748
2043749
2043750
2043752
2043753
2043754
2043755
2043756
2043758
2043759
2043760
2043761
2043762
2043764
2043765
2043766
2043767
2043768
2043769
2043771
2043773
2043774
2043775
2043776
2043777
2043779
2043781
2043782
2043783
2043784
2043785
2043786
2043787
2043788
2043789
2043790
2043791
2043792
2043793
2043794
2043795
2043796
2043797
2043800
2043801
2043802
2043803
2043804
2043807
2043808
2043810
2043811
2043813
2043815
2043816
2043817
2043818
2043820
2043822
2043823
2043824
2043825
2043826
2043827
2043831
2043832
2043838
2043840
2043841
2043843
2043844
2043847
2043849
2043852
2043854
2043855
2043858
2043859
2043863
2043864
2043865
2043866
2043867
2043869
2043872
2043873
2043875
2043876
2043877
2043880
2043883
2043884
2043885
2043890
2043891
2043894
2043895
2043896
2043897
2043898
2043899
2043900
2043901
2043902
2043904
2043905
2043906
2043907
2043908
2043911
2043912
2043913
2043916
2043918
2043921
2043923
2043926
2043927
2043928
2043930
2043931
2043933
2043938
2043941
2043942
2043946
2043949
2043950
2043951
2043952
2043953
2043954
2043956
2043957
2043958
2043959
2043960
2043961
2043962
2043963
2043964
2043965
2043967
2043970
2043972
2043973
2043974
2043975
2043978
2043979
2043980
2043984
2043986
2043987
2043989
2043992
2043993
2043996
2043997
2043998
2043999
2044000
2044001
2044002
2044003
2044004
2044005
2044006
2044007
2044008
2044009
2044010
2044012
2044013
2044014
2044015
2044016
2044020
2044021
2044022
2044026
2044028
2044029
2044033
2044035
2044036
2044037
2044042
2044044
2044045
2044046
2044048
2044050
2044052
2044054
2044055
2044056
2044059
2044061
2044062
2044063
2044064
2044065
2044066
2044069
2044071
2044072
2044073
2044074
2044075
2044076
2044077
2044078
2044080
2044081
2044084
2044085
2044087
2044088
2044093
2044095
2044099
2044101
2044102
2044105
2044106
2044107
2044108
2044109
2044110
2044111
2044112
2044114
2044115
2044116
2044117
2044119
2044122
2044123
2044124
2044125
2044127
2044128
2044129
2044132
2044134
2044135
2044140
2044141
2044144
2044145
2044147
2044148
2044149
2044151
2044152
2044153
2044155
2044156
2044157
2044159
2044160
2044161
2044162
2044164
2044165
2044166
2044167
2044168
2044169
2044170
2044173
2044174
2044175
2044178
2044180
2044181
2044183
2044184
2044185
2044186
2044187
2044188
2044189
2044190
2044191
2044192
2044193
2044194
2044198
2044199
2044201
2044202
2044203
2044205
2044207
2044208
2044209
2044213
2044214
2044215
2044216
2044217
2044219
2044220
2044224
2044225
2044226
2044227
2044229
2044230
2044231
2044234
2044236
2044237
2044238
2044239
2044241
2044242
2044243
2044245
2044246
2044249
2044250
2044251
2044252
2044253
2044255
2044256
2044257
2044258
2044922
2044923
2044925
2044997
2044999
2045075
2045136
2045145
2045147
2045150
2045153
2045155
2045157
2045159
2045160
2045164
2045165
2045166
2045169
2045170
2045175
2045176
2045178
2045180
2045181
2045460
2045461
2045462
2045463
2045465
2045466
2045468
2045469
2045470
2048187
2048197
2048198
2048702
2048703
2048706
2048707
2048709
2048711
2048712
2048714
2048715
2048716
2048717
2049514
2049515
2049516
2049517
2049673
2049674
2049675
2049676
2049678
2049680
2049681
2049682
2049683
2049685
2049686
2049687
2049688
2049689
2049690
2049691
2049692
2049693
2049694
2049695
2049696
2049698
2049701
2049702
2049703
2049704
2049705
2049706
2049707
2049708
2049709
2049712
2049714
2049715
2049720
2049721
2049723
2049725
2049727
2049728
2049729
2049730
2049731
2049732
2049733
2049734
2049738
2049739
2049740
2049742
2049746
2049747
2049754
2049756
2049757
2049758
2049759
2049760
2049761
2049762
2049764
2049766
2049767
2049769
2049770
2049771
2049774
2049775
2049776
2049780
2049786
2049789
2049790
2049791
2049792
2049795
2049798
2049800
2049802
2049803
2049804
2049805
2049806
2049810
2049811
2049813
2049815
2049816
2049817
2049818
2049819
2049822
2049827
2049828
2049831
2049835
2049838
2049842
2049848
2049849
2049850
2049856
2049858
2049868
2049876
2049878
2050413
2050415
2050416
2050417
2050418
2050419
2050421
2050427
2050430
2050431
2050432
2050444
2050451
2050452
2050453
2050454
2050455
2050457
2050458
2050459
2050460
2050461
2050462
2050464
2050465
2050467
2050468
2050469
2050470
2050472
2050474
2050475
2050477
2050478
2050479
2050481
2050482
2050483
2050485
2050487
2050488
2050490
2050492
2050493
2050497
2050500
2050501
2050502
2050503
2050504
2050505
2050506
2050507
2050511
2050512
2050513
2050514
2050516
2050518
2050519
2050522
2050523
2050524
2050526
2050528
2050534
2050535
2050536
2050537
2050538
2050541
2050543
2050545
2050546
2050547
2050548
2050554
2050555
2050557
2050559
2050560
2050876
2050877
2051138
2051139
2051140
2051144
2051145
2051148
2051149
2051151
2051153
2051155
2051156
2051157
2051158
2051161
2051162
2051163
2051166
2051167
2051168
2051170
2051171
2051173
2051174
2051177
2051179
2051180
2051182
2051183
2051185
2051186
2051187
2051188
2051189
2051190
2051195
2051197
2051200
2051202
2051203
2051206
2051209
2051210
2051211
2051212
2051213
2051216
2051217
2051218
2051219
2051220
2051221
2051222
2051223
2051224
2051225
2051226
2051227
2051228
2051229
2051230
2051231
2051232
2051233
2051234
2051235
2051236
2051237
2051238
2051239
2051240
2051241
2051243
2051244
2051245
2051246
2051247
2051248
2051249
2051250
2051251
2051252
2051253
2051254
2051255
2051256
2051257
2051259
2051260
2051261
2051262
2051263
2051264
2051265
2051266
2051267
2051268
2051269
2051270
2051271
2051272
2051273
2051274
2051275
2051276
2051277
2051280
2051281
2051282
2051283
2051284
2051285
2051286
2051287
2051288
2051289
2051290
2051291
2051292
2051293
2051295
2051296
2051297
2051298
2051299
2051300
2051301
2051302
2051303
2051304
2051305
2051306
2051307
2051308
2051309
2051310
2051311
2051312
2051313
2051314
2051315
2051316
2051317
2051319
2051320
2051321
2051322
2051323
2051324
2051325
2051326
2051327
2051328
2051329
2051330
2051332
2051333
2051334
2051335
2051337
2051338
2051339
2051340
2051341
2051342
2051343
2051344
2051345
2051347
2051348
2051350
2051351
2051352
2051353
2051354
2051355
2051356
2051357
2051358
2051359
2051360
2051361
2051362
2051363
2051364
2051365
2051366
2051368
2051369
2051370
2051371
2051373
2051374
2051375
2051377
2051378
2051379
2051381
2051382
2051383
2051384
2051385
2051386
2051387
2051388
2051389
2051390
2051391
2051392
2051393
2051395
2051396
2051397
2051398
2051399
2051401
2051402
2051403
2051404
2051405
2051406
2051407
2051408
2051409
2051410
2051411
2051412
2051413
2051414
2051416
2051417
2051418
2051419
2051420
2051422
2051425
2051426
2051428
2051429
2051431
2051432
2051433
2051434
2051435
2051436
2051437
2051438
2051439
2051440
2051441
2051442
2051443
2051444
2051445
2051446
2051447
2051448
2051452
2051453
2051454
2051456
2051457
2051458
2051462
2051463
2051464
2051465
2051466
2051467
2051468
2051469
2051470
2051472
2051473
2051474
2051475
2051476
2051477
2051478
2051479
2051480
2051481
2051482
2051483
2051484
2051485
2051486
2051487
2051488
2051489
2051490
2051491
2051492
2051493
2051494
2051495
2051496
2051497
2051499
2051500
2051501
2051502
2051503
2051504
2051505
2051506
2051507
2051508
2051509
2051510
2051511
2051512
2051513
2051514
2051515
2051517
2051518
2051519
2051520
2051521
2051522
2051523
2051524
2051525
2051526
2051527
2051528
2051529
2051531
2051532
2051534
2051535
2051536
2051537
2051538
2051539
2051540
2051541
2051542
2051543
2051544
2051546
2051547
2051562
2051563
2051564
2051565
2051568
2051577
2051887
2052067
2052068
2052076
2052081
2052466
2052478
2053239
2053242
2053243
2053244
2053245
2053246
2053247
2053249
2053250
2053251
2053254
2053255
2053257
2053258
2053259
2053262
2053263
2053264
2053265
2053267
2053269
2053270
2053271
2053273
2053274
2053275
2053276
2053277
2053278
2053279
2053923
2054092
2054099
2054100
2054102
2054103
2054104
2054118
2054119
2054120
2054126
2054135
2054138
2054930
2054934
2054937
2054940
2054943
2054945
2054946
2054947
2054948
2054950
2054951
2054954
2054955
2054957
2054958
2054959
2054968
2054969
2054971
2054973
2054977
2054980
2054983
2054986
2054988
2054989
2054990
2054991
2054992
2054995
2054997
2054999
2055000
2055001
2055003
2055005
2055007
2055010
2055014
2055015
2055016
2055017
2055018
2055019
2055020
2055021
2055022
2055023
2055859
2055860
2055862
2055864
2055867
2055870
2055871
2056196
2056197
2056198
2056200
2056203
2056204
2056205
2056206
2056318
2056319
2056320
2056321
2056322
2056323
2056324
2056325
2056326
2056327
2056328
2056329
2056330
2056331
2056332
2056333
2056334
2056335
2056336
2056337
2056338
2056339
2056340
2056341
2056342
2056343
2056344
2056345
2056346
2056347
2056348
2056349
2056350
2056351
2056352
2056353
2056354
2056355
2056356
2056357
2056358
2056359
2056360
2056361
2056362
2056363
2056364
2056365
2056366
2056367
2056368
2056369
2056370
2056371
2056372
2056373
2056374
2056375
2056376
2056377
2056378
2056379
2056380
2056381
2056382
2056383
2057974
2057975
2057976
2057983
2057984
2057985
2057986
2057991
2057992
2057993
2057994
2057999
2058001
2058004
2058007
2058008
2058009
2058010
2058011
2058012
2058014
2058015
2058017
2058018
2058019
2058028
2058029
2058033
2058034
2058036
2058037
2058039
2058040
2058042
2058043
2058044
2058048
2058052
2058054
2058056
2058058
2058060
2058063
2058064
2058065
2058066
2058067
2058068
2058069
2058070
2058071
2058072
2058073
2058074
2058075
2058076
2058077
2058078
2058079
2058080
2058081
2058082
2058083
2058084
2058615
2058616
2058617
2059269
2059270
2059271
2059274
2059275
2059278
2059280
2059281
2059282
2059284
2059286
2059288
2059289
2059291
2059292
2059294
2059295
2059296
2059297
2059298
2059299
2059300
2059560
2060018
2060019
2060020
2060021
2060028
2060328
2060329
2060331
2060332
2060335
2060339
2060341
2060343
2061053
206181
206189
206196
206198
206199
206200
206201
206203
206207
2064964
2064965
2064966
2064974
2064975
2064976
2064980
2064982
2064985
2064986
2064988
2064989
2064990
2064991
2064992
2064993
2064995
2064997
2064998
2065000
2065001
2065004
2065005
2065007
2065008
2065010
2065011
2065012
2065014
2065018
2065020
2065021
2065026
2065027
2065028
2065031
2065032
2065326
2065328
2065364
2066123
2066125
2066126
2066138
2066140
2066141
2066144
2066146
2066147
2066148
2066149
2066150
2066151
2066152
2066158
2066164
2066165
2066167
2066168
2066173
2066174
2066175
2066177
2066182
2066196
2066197
2066198
2066202
2066204
2066205
2066209
2066212
2066214
2066215
2066217
2066219
2066221
2066224
2066226
2066227
2066234
2066236
2066237
2066239
2066240
2066241
2066242
2066245
2066249
2066252
2066253
2066255
2066256
2066260
2066261
2066266
2066267
2066271
2066272
2066279
2066284
2066285
2066290
2066293
2066295
2066298
2066299
2066302
2066304
2066306
2066307
2066308
2066311
2066312
2066313
2066317
2066318
2066319
2066320
2066324
2066328
2066329
2066330
2066331
2066332
2066333
2066334
2066335
2066336
2066337
2066338
2066339
2066340
2066341
2066342
2066343
2066344
2066345
2066346
2066347
2066348
2066349
2066350
2066351
2066352
2066353
2066354
2066355
2066356
2066357
2066358
2066359
2066360
2066361
2066362
2066363
2066364
2066365
2066366
2066367
2066368
2066369
2066370
2066371
2066372
2066373
2066374
2066375
2066376
2066377
2066378
2066379
2066380
2066381
2066382
2066383
2066384
2066385
2066386
2066387
2066388
2066389
2066390
2066391
2066392
2066393
2066394
2066395
2066396
2066397
2066398
2066399
2066400
2066401
2066402
2067582
2067585
2067586
2067588
2067590
2067593
2067594
2067595
2067597
2067598
2067599
2067601
2067602
2067603
2067605
2067610
2067611
2067612
2067614
2067615
2067616
2067617
2067618
2067619
2067620
2067621
2067622
2067623
2067624
2067625
2067626
2067627
2067628
2067629
2067630
2067631
2067632
2067633
2067634
2067635
2067636
2067637
2067638
2067639
2067640
2067641
2067642
2067643
2067644
2067645
2067647
2067648
2067649
2067650
2067651
2067652
2067653
2067654
2067655
2067656
2067657
2067665
2068681
2068685
2068691
2068692
2068695
2068698
2069480
2069489
2069491
2069494
2069496
2069505
2069509
2069510
2069514
2069521
2069525
2069530
2069531
2069535
2069536
2069538
2069543
2069545
2069547
2069548
2069550
2069552
2069558
2069559
2069560
2070036
2070048
2070055
2070056
2070073
2070087
2070093
2070106
2070128
2070495
2071636
2071637
2072034
2072037
2072038
2072039
2072040
2072041
2072047
2072048
2072049
2072050
2072051
2072052
2072054
2072055
2072057
2072062
2072064
2072065
2072067
2072068
2072069
2072072
2072074
2072075
2072076
2072077
2072079
2072080
2072081
2072084
2072085
2072086
2072088
2072089
2072090
2072091
2072093
2072096
2072098
2072099
2072101
2072103
2072104
2072105
2072108
2072112
2072113
2072114
2072115
2072116
2072118
2072119
2072120
2072121
2072122
2072123
2072129
2072132
2072133
2072135
2072136
2072139
2072149
2072150
2072151
2072152
2072153
2072154
2072155
2072156
2072158
2072159
2072161
2072162
2072163
2072164
2072165
2072166
2072167
2072168
2072169
2072170
2072171
2072173
2072174
2072175
2072176
2072177
2072179
2072180
2072181
2072182
2072183
2072184
2072185
2072186
2072188
2072189
2072190
2072191
2072192
2072193
2072194
2072195
208726
208893
208895
209844
209850
210659
210660
210661
210663
210665
210666
210672
211044
215680
215681
215845
215846
215882
215902
215907
215909
217167
218120
2201260
2203775
2203776
2203779
2203780
2203781
220959
220968
220970
220972
220974
221938
222142
222730
222887
223935
223997
224310
224311
228675
229907
229992
231515
2340905
2340906
2340907
234600
234601
234604
235088
235136
238101
238102
240552
246206
246207
246208
246209
246210
246211
246212
246214
246215
246216
246217
246220
246221
246222
246223
248909
248910
248911
248912
248913
248914
248915
248942
2491016
253675
253677
253678
253680
253681
253682
253683
253685
253686
253687
253688
253690
253692
255226
255227
255681
255682
2560319
2560525
2560602
258453
258972
2593991
2594528
259931
260024
260806
260904
260907
262307
262963
2650411
2654514
2654515
2654516
2654517
266093
266827
267393
267398
267783
267784
268305
270370
270642
270687
270690
2718606
2718607
2718608
2723667
272570
272573
272574
272575
272576
2730540
2749421
2759770
2760813
2760818
2760819
2767034
2773468
2777147
277944
279150
279728
282117
282119
282120
282122
282123
282133
282143
282149
282152
282156
28275
28276
28278
28280
28282
28285
282861
282862
282898
282914
282916
28295
282954
282956
282961
282962
282963
282968
282977
28326
284218
284515
286227
286263
286264
286265
286272
28875
28876
290057
2901274
290280
290303
290314
291175
291365
291366
291592
291593
292046
293090
296145
297248
299731
299733
299735
299736
300113
300118
300123
3003970
300714
300715
300716
300717
300748
300749
301186
3033760
3049954
3052230
3052342
3052343
3052707
306586
306587
306588
307044
307622
3088344
309834
309836
309837
310755
310756
311175
311555
311556
311579
311580
311581
311583
311584
311586
311587
311588
311590
311592
311593
311594
311595
311598
311599
311600
311601
311603
311604
311605
311606
311608
311609
311610
311611
311612
311613
311614
311615
311616
311617
311618
311619
311624
311626
311628
311629
311633
311636
311637
311638
311639
311640
311642
311647
311648
311649
311650
311651
311654
311655
311656
311657
311659
311660
311662
311663
311664
311665
311667
311668
311669
311670
311671
311672
311673
311674
311677
311678
311680
311681
311682
311683
311687
311688
311689
311691
311693
311696
311697
311699
311700
311701
311702
311703
311707
311708
311709
311710
311711
311715
311716
311717
311720
311721
311722
311724
311725
311728
311729
311730
311731
311733
311735
311736
311738
311739
311740
311741
311743
311744
311745
311746
311748
311749
311750
311751
311755
311756
311757
311758
311760
311762
311766
311768
311769
311770
311771
311772
311776
311777
314535
314537
314538
31544
31545
31563
31574
31588
31590
31604
31631
31646
31647
31649
31650
31653
31655
31656
31699
31704
318563
318564
318565
318566
318567
318568
318569
318570
318571
319101
319102
319103
319105
319106
319837
319839
319842
319843
319844
319846
319847
319850
319852
319853
319855
319856
319858
319860
319862
319864
319865
319866
319867
319868
319869
319871
319872
319874
319875
319876
319877
319879
319880
319881
319882
319883
319884
319885
319886
319887
319891
319893
319894
319895
319896
319897
319899
319900
319901
319903
319904
319905
319908
319909
319911
319914
319916
319917
325445
325446
325447
32606
32608
326490
327164
327165
327167
327168
327169
327172
327173
327174
327175
327176
327178
327180
327181
327183
327184
327185
327186
327189
327191
327192
327194
327197
327198
327199
327201
327202
327203
327205
327207
329641
332720
332727
332733
332738
332741
332747
332857
333181
333238
333365
333366
334584
334591
335103
335299
335300
335301
335302
335303
335304
335305
335306
335307
335309
335310
335312
335313
335315
335316
335317
335318
335319
335320
335321
335322
335324
335326
335327
335329
335331
335332
335333
335336
335337
335339
335340
335342
335345
335346
335349
335350
335352
335353
335355
335357
335358
335359
335361
335366
335369
335370
336619
336713
336714
336792
336793
336795
336799
33714
33720
33721
33743
33746
33750
33757
338846
338849
338859
338871
340017
340018
342160
342189
342192
342465
342467
342470
342472
342473
342475
342477
342480
342481
342484
342485
342486
342488
342489
342490
342492
342493
342494
342495
342496
342498
342500
342501
342502
342503
342505
342506
342508
342512
342513
342514
342520
342523
342524
342525
342526
342527
342529
342530
342533
342535
342536
342539
342540
342541
342542
342543
342544
342545
342547
342548
342550
342552
342553
343513
343514
344219
344220
345298
345299
345300
345301
345302
345303
345305
345306
345307
349399
351032
351033
351034
351035
351036
351037
351047
351048
351049
351073
351246
351248
351252
351253
351255
351256
351257
351258
351259
351261
351262
351263
351264
351265
351268
351270
351272
351273
351275
351277
351278
351279
351280
351281
351786
351808
351875
351879
351900
351906
351907
351918
352034
352045
352046
352348
352350
352510
352512
352515
352517
352522
352525
352532
352543
352546
352547
352548
352551
352552
352553
352555
352557
352559
352560
352569
352572
352574
352575
352576
352585
352587
352591
352593
352598
352600
352601
352602
352604
352605
352606
352607
352609
352614
352620
352621
352626
352629
35263
352630
352633
352634
352638
352646
352647
352648
352651
352655
352656
352658
35266
352660
352662
352663
352665
352666
352667
352671
352673
352674
352677
352679
352681
352683
352688
352690
352692
352693
352695
352700
352701
352704
352707
352708
352709
352710
352712
352717
352719
352720
352722
352726
352730
352737
352738
352739
352740
352756
352757
352760
352764
352765
352781
352784
352786
352791
352792
35292
35294
35295
352963
35304
35327
35328
353283
353286
353289
35329
353294
353295
353297
35330
353300
353303
353304
35331
353311
353313
353318
353319
35332
353321
353323
353324
353325
353327
35333
353330
353331
353332
353337
353339
35334
353340
353341
353343
353347
353348
353349
353352
353354
353355
353356
35336
353360
353361
353362
353363
353364
353365
353366
353367
353368
353371
353372
353375
353377
353379
353380
353381
353382
353383
353384
353385
353386
353388
353390
353392
353396
353397
353399
353400
353405
353412
353413
353415
353416
353418
353422
353423
353424
353425
353426
353428
353429
353432
353433
353434
353436
353438
353439
353440
353441
353446
353448
353449
353451
353452
353453
353454
353456
353461
353462
353465
353468
353472
353474
353475
353478
353479
353480
353481
353483
353484
354563
354564
354565
354566
354567
354568
354569
354570
354572
354577
354580
355473
355474
355475
355478
355479
355480
355481
355482
355483
355485
355486
355488
355489
355491
355493
355494
355496
355498
355499
355501
355503
355504
355505
355507
355508
355509
355510
355511
355512
356386
356390
356391
356410
356411
356412
356413
356415
356416
356417
356418
356422
356423
356424
356425
356426
356427
356469
357231
357355
358768
358769
358805
358812
360251
360253
360254
360256
360260
360261
360267
360269
360270
360271
360273
360577
362784
363021
363023
363026
363027
363028
363031
363032
363033
363034
363035
363038
363039
363040
363041
363042
363044
363045
363046
363047
363049
363050
363052
363053
363054
363055
363058
363062
363063
363065
363066
363068
363071
363072
363075
363077
363082
363084
363085
363086
363087
363088
363090
363092
363093
363094
363096
363097
363099
363102
363104
363105
363106
363107
363109
363111
363112
363113
363114
363117
363126
363128
363131
363132
363135
363138
363141
363144
363145
363147
363148
363149
363153
363154
363156
363159
363160
363161
363162
363163
363165
363166
363744
36408
364116
364121
364124
364125
364126
364127
364128
364129
364130
364131
364132
364134
364136
364137
364138
36418
36421
36423
36427
36433
364416
365129
367120
368704
368714
369763
369963
369964
369965
369966
370037
370120
370123
370126
370128
370129
370132
370133
370134
370135
370136
370138
370139
370140
370141
370143
370144
370146
370148
370150
370151
370152
370153
370155
370156
370158
370159
370162
370163
370165
370169
370170
370174
370175
370176
370177
370178
370179
370182
370186
370189
370191
370195
370197
370198
370199
370200
370204
370208
370209
370210
370211
370213
370214
370217
370220
370222
370223
370224
370228
370229
370231
370234
370236
370475
370476
370477
370478
370479
370481
370482
370484
370485
370486
370487
370488
370489
370490
370493
370494
370497
370498
370499
370502
370504
370505
370506
370508
370509
370511
370512
370515
370520
370521
370522
370810
370811
370812
371201
371202
371204
371209
371211
371212
371213
371219
371220
371221
371222
371223
371226
371227
371228
371229
371230
371231
371232
371233
371234
37124
373035
37325
373513
374404
374405
374407
374408
374436
374438
374441
374443
375425
375457
375594
375595
375596
375597
375598
375599
375601
375602
375603
375604
375605
375606
375607
375608
375609
375610
375611
375612
375613
375614
375615
375616
375618
375619
375620
375622
375623
375624
375625
375626
375627
375630
375631
375632
375635
375636
375639
375640
375641
375642
376148
376709
376744
376849
378123
378124
378125
378126
378127
378128
378130
378131
378132
378134
378135
378136
378138
378139
378141
378142
378143
378144
378145
378146
378149
378150
378153
378154
378155
378157
378159
378160
378506
378507
379081
379756
380212
380213
380285
380301
380337
380339
380341
380351
380915
380916
380919
380930
380933
380941
380949
380950
380960
380964
380985
381511
381512
381513
381516
381518
38170
38171
38251
382784
382825
382835
382838
382847
382848
382855
382856
382857
382994
382995
382996
382997
382998
383000
383001
383002
383003
383004
383005
383006
383007
383008
383014
383015
383017
383018
383019
383020
383021
383022
383023
383024
383025
383026
383027
383029
383030
383033
383034
383035
383036
383037
383039
383040
383041
383043
383044
383045
383046
383047
383049
383050
383051
383052
383053
383054
383057
383058
383059
383061
383062
383063
383064
383066
383067
383068
383069
383070
383071
383073
383074
383075
383077
383080
383081
383085
383087
383090
383094
383095
383097
383098
383099
383101
383103
383105
383106
383108
383110
383111
383114
383116
383118
383119
383120
383124
383125
383129
383134
383138
383139
383140
383142
383143
383147
383150
383152
383153
383154
383155
383156
383157
383159
383160
383162
383163
383164
383167
383169
383170
383173
383176
383177
383178
383180
383181
383184
383185
383187
383193
383194
383197
383199
383200
383201
383203
383204
383208
383210
383211
383212
383213
383214
383215
383216
383217
383218
383219
383222
383223
383226
383228
383231
383232
383234
383235
383238
383242
383246
383247
383248
383251
383253
383257
383259
383260
383262
383263
383266
383267
383271
383272
383273
383275
383277
383278
383279
383280
383282
383284
383285
383286
383288
383289
383290
383291
383292
383296
383299
383300
383301
383302
383303
383304
383306
383307
383308
383310
383311
383313
383315
383320
383533
383534
383538
383539
383540
383543
383550
383561
383568
383573
383574
383577
383579
383580
383581
383583
383586
383588
383596
383597
383598
383603
383604
384481
384484
384486
384498
384499
384502
384504
384510
384519
384525
384527
384528
384529
385580
385582
385583
385586
385590
385597
385599
385610
385612
385617
385620
385624
385627
385629
385630
385640
385645
385689
385693
385694
385697
385698
385699
385700
385701
385702
385703
385704
385705
385706
385707
385708
385710
385711
385713
385714
385715
385717
385718
385719
385722
385723
385724
385725
385727
385728
385729
385730
385731
385734
385737
385738
385739
385740
385742
386312
386630
387139
387159
387161
387194
387203
387205
387207
387216
387219
387222
387228
387254
387262
388110
388328
388536
388537
39013
390152
390162
390163
390166
390169
390170
390173
390174
390175
390178
390179
390180
390182
390183
390184
390185
390186
390188
390190
390191
390193
390196
390197
390199
390200
390201
390202
390203
390204
390205
390206
390208
390211
390213
390214
390215
390216
390217
390221
390222
390224
390225
390227
390228
390230
390231
390232
39054
39085
390987
391628
392798
392799
392804
392805
392809
393174
393179
393560
393561
393562
393891
393899
393902
394504
394777
394778
394779
394780
394781
394782
394783
394784
394785
394789
394790
394791
394792
394794
395338
395339
395593
39641
397342
397542
39767
398066
398810
398812
399114
399502
400253
400254
400256
400257
400258
400259
400260
400261
400264
400266
400267
400268
400270
400273
400275
400276
400277
400279
400282
400283
400286
400287
400288
400289
400292
400293
400296
400297
400300
400303
400306
400308
400309
400310
400311
400312
400313
400314
400315
400316
400317
400318
400320
400321
400322
400323
400325
400326
400327
400329
400330
400331
400332
400334
400335
400337
400340
400341
400342
400343
400345
400346
400347
400348
40050
40051
40052
40054
40059
40064
400788
400789
400791
400794
400795
400796
400799
400800
400805
400806
400807
400809
400810
400811
400812
400814
400816
400817
400820
400822
400824
400825
400827
400828
400831
400834
401078
401081
401084
401086
401093
401094
401096
401097
401099
401100
401565
401566
401567
401668
402435
402441
402448
402450
402453
402454
402463
402468
402473
402474
402475
402481
402489
402493
402495
402496
402499
402504
402506
402510
402511
402512
402513
402515
402524
402526
402527
402528
402530
402531
402532
403294
403314
403321
404149
404151
404154
404156
404159
404160
404174
404185
404186
404191
405050
405358
406269
406337
406338
406339
406850
406851
406853
406854
406855
406857
406859
406861
407101
407102
407203
407205
407843
408599
408681
408882
408883
408884
408885
408886
408887
408888
408889
408890
408891
408892
408893
408894
408895
408896
408897
408898
408899
408900
408901
408902
408903
408904
408905
408906
408907
408908
408909
408910
408911
408912
408913
408914
408915
408916
408917
408918
408919
408920
408921
408922
408923
408924
408925
408926
408927
408929
408930
408931
408932
408933
408934
408935
408936
408937
408938
408939
408940
408941
408942
408943
408944
408945
408946
408947
408948
408949
408950
408951
410078
411152
411157
411158
411159
411160
411163
411164
411165
411166
411167
411171
411173
411174
411175
411176
411180
411181
411182
411183
411184
411185
411186
411187
411188
411189
411191
411192
411195
411196
411197
411198
411199
411202
411203
411204
411207
411208
411209
411210
411211
411212
413255
413256
413257
414668
415130
415313
415314
415316
415986
415987
415988
415989
416367
416557
416642
416643
416644
416645
416646
416647
416648
416649
416650
416651
416652
416653
416655
416656
416658
416659
416660
416661
416662
416663
416664
416665
416666
416667
416669
416670
416671
416672
416673
416674
416675
416676
416677
416678
416679
416680
416681
416682
416683
416684
416685
416686
416687
416688
416689
416690
416691
416692
416693
416694
416695
416696
416697
416698
416699
416700
416701
416702
416704
416705
416706
416708
416710
416713
416714
416715
416716
416717
416718
416719
416721
416724
416725
416727
416728
416731
416733
416734
416735
416737
416739
416740
416743
416746
416747
416748
416749
416750
416751
416752
416753
416754
416755
416756
416757
416759
416760
416762
416764
416768
416769
416770
416771
416772
416774
416775
416776
416777
416778
416780
416783
416784
416785
416790
416793
416794
416796
416800
417282
417283
417284
417285
418427
418430
418431
418432
41846
419697
42005
421466
421467
421468
421471
421472
421475
421477
42182
421949
421950
421951
421952
421954
421955
421957
421958
421960
421961
421963
421964
421966
421968
421969
421970
421971
421972
421974
421975
422132
422214
422215
422216
422220
424891
425521
425522
425523
425524
425526
425529
425530
425531
425532
425533
425534
425535
425538
425539
425541
425542
425543
425544
425545
425546
425548
425549
425551
425552
425553
425557
425563
425566
425567
425569
425571
425573
425574
425575
425576
425577
425579
425580
425584
425585
425588
425589
425590
425592
425593
42567
426738
426740
42769
42770
42771
42772
42773
42774
427748
427749
42775
42776
427773
42778
42779
42782
42783
42785
42786
42787
42788
42789
42791
428669
430048
430427
430428
430432
430435
431841
431842
431843
431845
431846
431848
431849
431850
431851
431853
431855
431856
431857
431859
431860
431861
431862
431867
431870
431871
431872
431873
431875
431879
431880
431913
431914
431915
431916
431917
431918
431920
431921
431922
431923
431924
431927
432078
432081
432554
433362
433426
433427
433428
433429
433430
433431
433433
433435
433438
433439
433440
433591
433593
434193
434196
434197
434335
434337
434338
434339
434342
434343
434344
434605
436672
437335
437336
437337
437339
437340
437342
437343
437344
437345
437347
437350
437351
437356
437357
437359
437360
437362
437363
437364
437366
437369
437370
437372
437373
437378
437379
437380
437382
437387
437388
437390
437392
437394
437395
437399
437401
437402
437404
437405
437406
437409
437411
437412
437414
437415
437416
437421
437426
437427
437429
437430
437431
437433
437435
437438
438047
438049
438051
438052
438053
438054
438056
438058
438060
438061
438095
438097
438098
438104
438105
438106
438107
438108
438109
438110
438112
438113
438516
438880
438881
438974
44021
440266
440388
440389
440391
440399
44128
44129
44130
44131
44132
44133
44134
44135
44136
44137
441562
441563
441566
441568
441570
441571
441573
441574
441575
441576
441577
441578
441579
441582
441585
441586
441589
441590
441593
441594
441595
442299
442300
442301
442536
442958
443220
443221
443876
443878
444185
44419
444312
444314
444325
444473
444501
444510
444680
444684
444693
444782
444783
444787
444788
444790
444791
444792
444798
444799
444800
444802
444803
444805
444806
444807
444808
444809
444811
444812
444813
444815
444817
444818
444821
444823
444829
444830
444831
444832
444833
444834
444835
444837
444839
444840
444841
444843
444844
445370
445371
445375
445376
445377
445378
445380
445382
445383
445384
445387
44572
445788
445789
445929
446217
446218
446219
447174
447177
447179
447180
447183
447187
447188
447189
447190
447191
447192
447194
449142
449277
449278
449279
449280
449582
449655
450156
450157
450158
450159
450160
450162
45029
45030
45031
45032
45101
452107
452110
452111
452114
452115
452116
453880
453881
453882
453885
453886
453888
453890
453893
453894
45408
454448
454449
454450
454453
454456
454459
454460
454951
454952
454953
454955
455041
455318
455833
455835
455836
455838
455840
455841
455842
455843
455846
455847
455848
455849
455850
455851
455852
455854
455855
455858
455859
455860
455861
455862
455864
455865
455866
455867
455871
455872
455873
455874
455875
455877
455879
455880
455881
455882
455884
455885
455886
455890
455891
455893
455895
455896
455897
455898
455899
455900
455902
455903
455904
455905
455906
455907
455908
455909
455910
455911
455913
455914
455916
455917
455918
455919
455926
455931
455933
455935
455936
455939
455940
455941
455945
455948
455949
455952
455953
455955
455956
455957
455958
455959
455960
455961
455963
455965
455967
455972
455973
455974
455976
455981
455982
455983
455985
455987
455990
455992
455993
455994
455996
456001
456002
456003
456004
456005
456011
456012
456013
456014
456015
456018
456020
456023
456024
456025
456026
456027
456028
456029
456032
456035
456038
456039
456042
456045
456049
456051
456052
456053
456059
456060
456062
456063
456065
456067
456068
456071
456072
456074
456077
456079
456080
456082
456083
456084
456085
456087
456088
456089
456093
456094
456095
456096
456097
456098
456101
456102
456106
456108
456110
456111
456112
456114
456116
456117
456118
456119
456121
456124
456125
456126
456127
456128
456129
456130
456132
456133
456134
456139
456141
456143
456144
456145
456146
456148
456149
456151
456153
456154
456155
456160
456162
456167
456168
456170
456171
456172
456173
456174
456176
456177
456179
456181
456182
456184
456186
456187
456188
456189
456190
456192
456193
456194
456195
456196
456198
456202
456203
456204
456205
456206
456207
456208
456209
456210
456212
456213
456214
456216
456218
456219
456220
456221
456222
456224
456225
456226
456228
456229
456230
456231
456232
456233
456235
456236
456238
45659
456613
456615
456616
456620
456624
456638
456639
456641
456643
456648
456652
456653
456654
456657
456659
456660
456665
456666
456669
456672
456683
456684
456687
456691
456692
456694
456696
456699
456704
456705
456708
456710
456713
456715
456717
456719
456721
456722
456723
456724
456727
456729
456733
456737
456738
456739
456744
456745
456746
456749
456755
456756
456757
456758
456760
456764
456767
456768
456770
456771
456773
456775
456778
456779
456782
456784
456793
456797
456800
456801
456804
456805
456807
456809
456813
456815
456816
456817
456883
457997
457998
457999
458002
458003
458010
458013
458014
458015
458018
458019
458020
458022
458626
459429
459785
45999
46018
461264
461739
46290
46291
46292
463676
463697
463698
463713
463714
463717
463718
463719
463720
463724
463728
464402
464405
464417
464426
464427
464428
464431
464433
464434
464436
464437
464438
464439
464440
464451
464452
464460
464480
464539
465364
465918
465923
465963
465967
467337
467338
467339
467354
468604
468607
468609
468949
468951
468952
468954
468956
468957
468958
468959
468961
468962
468966
468967
468968
468969
468970
468971
468972
468973
468974
46928
46930
46931
469643
469645
469646
469958
469959
471094
471095
471711
471851
472027
47501
47502
47504
47505
47506
47507
47508
47509
47510
47511
47512
47513
47514
47515
47516
475461
475463
475464
475465
475469
475470
475471
475473
475474
475476
475477
475478
475479
475481
475482
475484
475485
475487
475488
475489
475490
475492
475493
475494
475495
475499
475501
475502
475505
475508
475509
475510
475511
475512
475521
475522
475527
475550
475555
475560
475562
475564
475568
475569
475570
475572
475573
475577
475580
475589
475593
475594
475596
476294
476412
476590
476591
476595
476596
476597
476598
476599
476601
476602
476603
476604
476605
476606
476607
476609
476610
476611
476612
476613
476615
476616
476617
476618
476619
476620
476621
476622
476623
476624
476627
476628
476629
476630
476631
476632
476633
476639
476641
476646
476650
477973
478084
478989
478990
478992
478993
478994
478996
478997
478999
479001
479003
479005
479006
479009
479011
479013
479014
479015
479016
479017
479019
479952
480019
480022
480024
480695
480699
480700
480701
480702
480703
480704
480705
482017
482323
482326
482327
482329
48295
484390
48540
486042
486273
487088
487493
487494
487495
487496
487502
487503
487624
488062
488063
488225
488226
488227
488229
488231
488232
488235
488236
488238
488239
488240
488241
488244
488245
488886
488888
488890
489450
489451
489455
489460
489466
489483
489491
489492
489493
489821
490039
490041
490392
490393
490395
490397
490401
490406
490407
490413
490415
490417
490419
490420
490422
490425
490426
490427
490429
490430
490432
490433
490435
490436
490438
490440
490442
490443
490444
490445
490446
490449
490451
490452
490454
490457
490462
490463
490464
490466
490467
490468
490469
490471
490474
490475
490477
490480
490481
490484
490485
490486
490489
490490
490584
491144
491227
491240
491241
491242
491252
492113
492114
492115
492119
492120
492121
494060
496016
496018
496019
496020
496023
496024
496025
496026
496029
496033
496034
496035
496036
496037
496038
496039
496040
496041
496046
496049
496427
496733
496735
496737
496739
496741
496742
496743
496744
496746
496748
496750
496751
496754
496755
496756
496757
496759
496760
496762
496763
496764
496766
496767
496769
496770
496771
496772
496773
496774
496775
496776
496777
496780
496781
496782
496786
496787
496789
496790
496791
496792
496793
496794
496795
496796
496797
496798
496801
496802
496803
497347
497349
497351
497352
497353
497354
497356
497359
497360
497362
497363
497367
497368
497372
497375
497376
497377
497378
497380
49892
499088
500065
500084
500086
500088
500089
500657
500658
500659
500661
500662
500663
500664
500669
500671
500672
500674
500678
500679
500683
500684
500685
500687
500688
500689
500690
500691
500692
500693
500694
500695
500697
500698
500699
500700
500701
500702
502056
502096
502100
502101
502105
502564
502566
502858
502866
502956
503649
504447
504448
504449
504450
504451
504694
504697
504708
504711
504904
504911
504927
504928
504932
505207
505208
505211
505212
505213
505553
505573
505664
506037
506251
506253
506254
506255
506258
506259
506260
506263
506264
506267
506268
506269
506270
506271
506272
506273
506274
506275
506276
506277
506279
506282
506283
506284
506286
506287
506288
506292
506293
506295
506296
506298
506301
506303
506304
506306
506307
506308
506310
506313
506314
506315
506318
506322
506326
506328
506333
506340
506343
506344
506349
506350
506352
506353
506355
506357
506359
506360
506361
506363
506366
506367
506368
506372
506373
506374
506375
506377
506379
506380
506382
506383
506385
506386
506387
506388
506391
506392
506393
506394
506395
506396
506397
506398
506400
506401
506402
506404
506408
506410
506411
506413
506414
506420
506424
509628
510214
510215
510216
510217
510218
510219
510221
510222
510224
510227
510228
510229
510234
510236
510238
510241
510243
510246
510250
510251
510253
510626
510627
510633
510635
510636
510639
510640
510641
510642
510643
510644
510645
510647
510648
510649
510650
510652
510653
510654
510655
510656
511430
511825
511827
511828
511829
511830
511832
511833
511834
511835
511836
511838
511839
511840
512163
512982
512993
514118
514249
514641
515176
515177
515178
515180
518575
518576
518921
518922
518924
518928
518929
518930
518935
518938
518944
518946
518947
518950
518951
518959
518962
518966
518967
518970
518973
518974
518976
518978
518981
518985
518986
518987
518989
518991
518995
518996
518998
519497
519789
519791
519792
519793
519795
519810
519815
519816
519818
519819
519820
519821
519822
519823
519824
519826
519829
519830
519831
519832
519834
519835
519836
519837
519838
519839
521391
521433
521434
521437
521443
521445
521446
521449
521450
521451
521453
52275
524380
524655
524656
524658
524659
524660
524662
524663
525817
525891
526403
526591
527240
529058
529624
529631
529637
529640
529641
529643
529644
529645
529646
529647
529648
529649
529651
529652
529803
533020
533021
533022
533259
533297
534452
535210
535213
535214
535215
535216
535218
535220
536169
536172
536176
536182
536183
536184
536185
536186
536188
536192
536194
536196
536197
536199
536200
536203
536205
537922
537936
537938
537941
537942
537944
537945
537947
537948
537950
537957
537958
537960
538120
538121
538123
538418
538420
538507
538508
538510
538512
538515
538516
538542
538543
538544
538545
538546
538547
538548
538549
538550
538551
538552
538553
538557
538558
538561
538973
538974
538986
538987
538988
538990
538991
538992
538993
538994
538995
539893
539933
539935
539936
539938
539939
539941
539942
539946
539953
539954
539956
539959
539960
539963
539967
539970
539972
539973
539975
539977
539979
539984
539985
539986
539988
539989
539990
539993
539994
539996
539998
539999
540572
540573
540574
540578
540581
540582
540619
540620
540628
540630
540631
540632
540635
540636
540637
540638
540639
540640
540641
542562
542563
542608
542611
542613
542614
542615
542813
542815
542817
542846
542851
542855
542859
542867
542881
542884
542888
542890
542892
542893
542895
542898
54290
542901
542903
542904
542905
542914
542915
542916
542917
542920
542921
542922
542928
542930
542931
542942
542947
542949
542950
542956
54315
543211
543213
543216
543530
544639
544640
544789
545408
545409
545412
545413
545416
545967
545968
546168
546170
546802
546951
546952
546953
546954
546955
546956
546958
546959
546960
546961
546962
546963
546964
546965
546966
546967
546968
546969
546970
546971
546972
546973
546974
546975
546976
546977
546978
546979
546980
546981
546982
546983
546984
546985
546986
546987
547370
547378
547379
547382
547386
547387
547389
547390
547391
547392
547393
547395
547396
547397
547399
547400
548822
548824
548825
549341
551081
551083
551084
551085
551086
551088
551230
552405
552439
552441
552442
552443
552444
552446
552449
552451
552452
552453
552455
552456
552458
552630
552632
552789
553910
553912
554693
554694
554695
554707
554711
554712
554713
554714
554723
554724
554726
554727
554730
554733
554734
554735
554736
554739
554742
554747
554749
554751
554752
554754
554755
554758
554769
554778
554780
554781
554782
554803
554804
554806
554808
554809
554810
554863
555281
555288
555292
555293
555298
556274
556275
556276
556277
556279
556755
556926
557232
557245
558386
558387
558389
559182
559185
559187
559188
559966
559968
560353
560354
560387
562953
564336
564809
564833
566247
566248
566249
566253
566255
566256
566257
566260
566363
566364
566366
566367
566369
566370
566371
566373
566375
566376
566477
566568
568225
568373
568375
568487
568488
568489
568490
568491
568492
568493
568494
568496
568518
568805
568806
568918
568919
568920
568922
568925
569161
569198
569234
569235
569243
569247
569250
569251
569254
569256
569257
569258
569261
569262
569263
569264
569265
569266
569267
569268
569269
569271
569272
569275
569610
569648
569649
569650
569652
569656
569659
569660
569662
569664
569665
569666
569667
569668
570902
570904
570970
571201
571217
571283
571284
571439
571440
571443
571446
571447
571449
571451
571452
571454
571455
571457
571458
571460
571461
571462
571463
571466
571467
571470
571471
571474
571475
571476
571477
571480
571481
571482
571483
571484
571485
571486
571487
571488
571489
571492
571493
571495
571497
571498
571499
571500
573031
573043
573791
573792
573795
573824
573867
573941
573944
573945
573946
573947
573948
573949
573950
573952
573953
573954
573955
573957
573958
573959
573961
573963
573966
573967
573968
574147
574148
574149
574150
574151
574155
574158
574159
574215
574216
574547
574548
574653
574654
574695
574745
57482
575455
575456
575457
575458
576252
576260
576261
576262
576263
576264
576266
576267
576268
57726
577538
577541
577542
577544
578079
578293
578295
578296
578297
578298
578303
578306
578500
579167
579407
579408
579411
579416
579417
579421
579428
579429
579431
579432
579433
579434
579435
579436
579437
579438
579439
579443
579444
579445
580433
580435
580438
580439
580585
580587
580589
580591
580593
580594
580838
580839
582386
582387
582390
582391
582393
582394
582395
582397
582398
582869
582951
582953
582955
582961
582962
582964
582966
582968
582971
582972
582976
582978
582979
582981
582984
582985
582986
582993
582995
582996
582997
582998
582999
583000
583001
583004
583005
583009
583011
583013
583014
583016
583017
583018
583019
583020
583021
583023
584658
585041
585042
585043
585044
585045
585046
585053
585060
585063
585064
585066
585067
585068
585070
585072
585073
585077
585078
585079
585080
585081
585082
585083
585084
585085
585086
585087
585088
585089
585090
585091
585092
585093
585094
585095
585096
585097
585227
585228
585241
58535
585766
585802
585803
586136
586137
586139
586140
586141
586142
586143
586144
586145
586147
586148
586149
586150
586152
586153
586154
586155
586157
586158
586159
586162
586163
586166
586167
586168
586169
586170
586171
586172
586182
586183
586186
586187
586188
586189
586190
586199
586200
586202
586203
586204
586205
586206
586207
586208
586209
586211
586212
586214
586215
587884
587885
588183
588184
588185
588189
590636
590637
591364
593138
593142
593144
593153
593156
593157
593163
593172
593173
593176
593177
593179
593180
593182
593183
593184
593185
593186
593187
593188
593191
593195
593196
593199
593200
593201
593202
593889
593892
593897
593899
593900
593903
59509
595224
595225
595227
595229
595230
595233
595234
595235
595609
595610
595611
595612
598573
598672
598673
600650
602011
602012
602013
602014
602015
604339
604436
604437
608577
608582
608593
60869
610166
610167
610169
610170
610171
610172
610175
610176
610177
610179
610180
611309
611310
611311
611312
611314
611802
613089
613093
614039
614043
614045
614047
61431
616923
616924
616927
616928
616933
616934
616937
616938
616941
616942
617102
619317
619318
619319
619879
621175
621176
621177
621178
621179
621181
621182
621183
621184
621185
621186
621187
621188
621190
621191
621192
621193
621194
621195
621196
621198
621200
621201
621202
621203
621205
621206
621208
621209
621277
624774
624775
624776
624777
624778
624781
624782
624784
624786
624787
624788
62575
626959
627198
627347
627349
627350
627351
627352
627353
627354
627356
627357
627362
627363
627365
627366
627369
627370
627373
627374
627375
627376
627378
627380
627381
627382
627383
627385
627387
627388
627389
627390
627391
627392
627393
627394
627395
627397
627398
627400
627402
627403
627404
627406
627407
627408
627409
627410
627413
627414
627415
627416
627419
627421
627424
627426
627427
627428
627429
627431
627432
627433
627434
627435
627436
627439
627440
627474
627475
627476
63106
631261
631262
631264
631265
631714
632126
632127
632130
632131
632132
632133
632135
63421
635209
635210
635213
63746
638149
638299
638304
638305
638306
638307
638309
638310
638311
638312
641313
641314
641315
641316
641317
641318
641319
641320
641321
641322
641323
641324
641325
641326
641327
641328
641329
641330
641331
641332
641333
641334
641335
641336
641337
641338
641339
641340
641341
641342
641343
641344
641345
641346
641347
641348
641349
641350
641351
641352
641353
641354
641355
641356
641357
641358
641359
641360
641361
641362
641363
641364
641577
641808
641809
641812
641983
641984
641988
641997
642004
642007
642014
642263
642266
642479
64286
642907
64293
643127
64320
643212
643543
643546
643547
643688
643689
643690
643780
643843
643851
643852
643878
643879
643881
643884
643885
643888
643893
643960
643962
643965
643967
643969
643970
643971
643972
643974
643976
643978
643979
643981
643983
643989
643990
643995
643997
644000
644001
644002
644003
644004
644024
644026
644027
644028
644032
644033
644034
644036
644037
644151
644199
644241
644242
644243
644244
644245
644246
644247
644251
644252
644253
644254
644255
644256
644259
644260
644263
644264
644373
644375
644376
644379
644626
644641
644643
644644
644645
644647
644648
644649
644650
644653
644654
644774
644784
644882
644883
644884
644885
644887
644888
645097
645113
645233
645235
645252
645256
645315
645520
645548
645549
645581
645582
645732
645761
645845
645847
645850
645851
645853
645855
645858
645859
645860
645861
645862
645863
645864
645866
645867
645869
645871
645872
645873
645966
646272
646300
646301
646575
646695
646696
646698
646701
646705
646711
646714
646715
646717
646723
646729
646733
646734
646736
646738
646739
646740
647096
647183
647188
647511
647512
647516
647616
647640
647721
647723
647725
647729
647730
647731
647732
647733
647734
647736
647737
648016
648109
648112
648204
648205
648206
648209
648212
648213
648216
648218
648219
648221
648222
648224
648226
648229
648856
649016
649017
649018
649259
649260
649261
649262
649283
649285
649286
649288
649289
649290
649294
649348
649604
649622
649623
649625
649626
649627
649628
649629
649630
649631
649633
649635
649856
649879
649994
649995
650409
651091
651094
651095
651097
651098
651100
651101
651106
651109
651110
651114
651124
651578
651579
651580
651980
651995
651999
652000
652002
652004
652005
652008
652012
652730
652935
652936
652937
653361
653688
653694
653886
653925
653950
653951
653953
654249
654254
654263
654276
654289
654425
654811
655220
655278
655286
655287
655290
655292
655295
655300
655304
655740
655741
655742
655982
655984
656018
656114
656118
656234
656237
656239
656240
656242
656243
656245
656246
656248
656250
656251
656257
656258
656259
656263
656266
656267
656268
656274
656276
656279
656280
656288
656289
656291
656292
656295
656296
656298
656306
656307
656308
656311
656312
656314
656316
656317
656318
656890
657278
657552
657664
657665
657666
657695
657699
657702
657704
657706
657707
657748
657749
657750
657752
657753
657755
657756
657757
657758
657761
657765
657769
657772
657774
657775
657776
657779
657781
657783
657785
657786
657788
657789
657791
657793
657796
657798
657799
657800
657801
657802
657807
657814
657815
657817
657836
657858
657860
657868
657870
657872
657883
657886
657888
657901
657911
657914
657916
657927
657936
657942
657943
657954
657964
657969
657987
657989
657991
658033
658036
658048
658564
658569
658571
658572
658573
658575
658576
658577
658578
658647
658929
658930
659461
659462
659464
659465
659466
659467
659468
659470
659471
659472
659474
659475
659476
659477
659478
659484
659485
659486
659489
659494
659605
659667
659668
660123
660539
660540
660542
660543
661046
661105
661108
661112
661113
661115
661117
661119
661121
661261
661294
661298
661307
661315
661316
661400
661403
661404
661405
661408
662115
662468
662562
662563
662564
662565
662566
662567
662568
662570
662571
662572
662573
662574
662576
662578
662580
662582
662583
662585
662586
663195
663197
663199
663205
663439
663440
664076
664077
664079
664080
664085
664092
664093
664095
664098
664101
664106
664107
664109
664110
664113
664115
664122
664123
664124
664125
664127
664128
664130
664132
664135
664136
664137
664138
664181
664498
664582
664584
664585
664586
664587
664589
664590
664591
664592
664593
664595
664597
664659
664707
664713
664755
664756
664774
664777
664780
664781
664782
664899
665003
665443
665444
665446
665451
665454
665463
665616
665619
665621
665624
665625
665626
665627
665628
665629
665631
665632
665791
666503
666811
666965
666966
666967
666968
666969
666970
667050
667067
668546
669056
669911
669983
669984
669985
670115
670116
670117
670118
670119
670120
670122
670123
670125
670127
670130
670131
670133
670134
670135
670136
670137
670138
670139
670247
670248
670249
670250
670714
670749
670751
670755
670756
670759
671141
671152
671157
671163
671164
671776
671778
671780
671781
671813
671814
672201
672205
672362
672372
672377
673019
673020
673022
673023
673024
673360
673361
673362
673365
673366
673368
673391
673405
673415
673425
673445
673458
673805
673806
674915
674918
674919
674922
675005
675006
675007
675008
675009
675011
675012
675013
675016
675017
675019
675020
675021
675023
675026
675027
675028
675029
675030
675031
675032
675033
675035
675036
675038
675039
675042
675043
675046
675047
675048
675049
675053
675054
675055
675056
675057
675058
675122
675123
676017
676587
676593
676595
676598
678622
678682
679278
679564
679565
679566
679567
679572
679573
679578
679579
679584
679590
679727
679734
679735
679736
679737
679739
679740
679742
679743
679744
679746
679750
679751
679752
679754
679757
679759
679761
679762
679766
679767
679771
679773
679779
679780
679783
679787
679788
679793
679795
679798
679799
679802
679804
679805
679806
679811
679813
679814
679817
679822
679826
679828
679829
679830
679832
679833
679845
679846
679847
679851
679852
679853
679854
679856
679858
679860
679861
679867
679868
679873
679877
679878
679880
679881
679886
679888
679889
679893
680512
680514
680518
680520
680521
680522
680524
680526
680527
680529
680530
680531
680533
680534
680538
680539
680540
680542
680545
680547
680549
680554
680558
680559
680562
680563
680569
680572
680573
680575
680581
680582
680583
680585
680586
680587
680591
680593
680596
680691
680692
680712
680713
680714
680718
680719
680720
680722
680723
680726
680727
680728
680729
680731
680732
680734
680737
680738
680743
680748
680750
680753
680754
680755
680756
680759
680762
680763
680766
680768
680776
680783
680789
680798
680799
680800
680801
680803
680811
680822
680832
680833
680898
680899
680900
680903
680904
680905
680906
680907
680908
680909
680910
680911
680913
680921
680930
680940
680946
680956
680963
680984
681057
681069
681072
681073
681075
681078
682056
682110
682421
682424
682470
682473
682474
682475
682477
682478
682483
682485
682487
682492
682493
682494
682497
682727
682728
682836
682838
682839
682840
682841
682843
683104
683686
683687
683688
683689
683690
683691
683777
683778
683779
683785
683786
683787
683789
683791
683793
683795
683796
683797
683801
683802
683803
684071
684376
684377
684378
684379
684380
684381
684383
684384
684385
684387
684388
684392
684394
684395
684396
684397
684398
684400
684402
684403
684404
684405
684406
684407
684408
684409
684410
684411
684412
684413
684415
684416
684417
684418
684419
684420
684421
684422
684423
684424
684425
684426
684427
684428
684429
684430
684431
684432
684433
684434
684436
684437
684438
684439
684440
684441
684443
684444
684448
684449
684450
684451
684452
684454
684455
684457
684458
684460
684461
684464
684466
684467
684470
684471
684474
684475
684477
684478
684479
684480
684482
684484
684485
684486
684487
684488
684491
684492
684493
684494
684495
684496
684497
684498
684499
684501
684503
684505
684506
684508
684509
684511
684513
684516
684517
684518
684519
684520
684523
684524
684525
684526
684527
684528
684531
684532
684533
684534
684535
684536
684537
684538
684539
684558
685180
685182
685310
685311
685317
685326
685327
685499
685500
686262
686451
686453
686454
686456
686457
686458
686460
686463
686464
686465
686478
686479
686480
686482
686483
686485
686486
686488
686489
686492
686493
686496
686497
686500
686501
686503
686504
686507
686508
686509
686511
686512
686513
686514
686515
686516
686517
686519
686520
686521
686524
686525
686527
686529
686531
686532
686533
686534
686540
686542
686543
686545
686546
686547
686550
686551
686552
686553
686554
686556
686557
686559
686561
686562
686563
686883
686884
686885
686886
686887
686888
686889
686890
686891
686892
686984
687878
687880
687882
687883
687888
687889
687890
687891
687893
687895
687896
687898
688075
688077
688663
688664
688666
688667
688670
688679
688687
688689
688690
688691
688692
688693
688697
689403
689954
689955
689960
689961
689966
689969
689973
689976
689982
689983
689985
689986
689987
689992
689995
689996
690011
690012
690014
690018
690020
690021
690024
690026
690027
690035
690036
690037
690039
690040
690878
690976
690977
690978
690980
690981
690982
690983
690984
690985
690987
690988
690989
691280
691281
691282
691298
691461
691462
691463
691464
691465
691466
691467
691468
691471
691472
691474
691476
691477
691478
691480
691481
691483
691484
691485
691486
691487
691490
691491
691492
691493
691494
691506
691509
691511
691512
691905
691909
691911
691912
691913
691914
691915
691916
691918
691921
691923
691925
691926
691928
691929
691930
691931
691933
691934
691935
691936
691937
691940
691941
691943
691944
691956
692049
692883
693112
693113
693426
693427
693579
693867
693997
694003
694014
694058
694204
694223
696538
696806
696807
696820
696821
696823
696824
696825
696826
696827
696829
696831
696834
696983
697621
697622
697624
698334
698419
698656
698662
698663
698664
698667
698668
698836
698884
698885
698888
698889
698890
698892
698893
698894
698895
700591
701235
70149
701878
701882
702269
702359
702451
702504
702505
702521
702522
702523
702525
702529
702530
702531
702532
702536
702538
702542
702543
702544
702545
702546
702548
702549
702560
702561
702562
702691
702698
702778
702780
702782
702783
702784
702785
702788
702789
702790
702791
702793
702794
702795
702796
702798
702799
702800
702801
702802
702803
702805
702806
702807
702808
703126
703127
703187
703190
703192
703346
705414
705417
705418
705419
705420
705423
705426
705428
705430
705431
705434
705439
705441
705442
705445
705449
705451
705452
705453
705455
705464
705466
705468
705470
705471
705473
705474
705476
705477
705479
705480
705481
705482
705483
705484
705486
705488
705489
705491
705495
705498
705499
705501
705503
705505
705511
70566
706451
706452
706454
706456
706457
706458
706459
706462
706463
706465
706466
706467
706468
706469
706470
706471
707011
707154
707155
707157
707384
707385
707386
707387
707388
707389
707390
707391
707392
707393
707394
707395
707396
707397
707398
707399
707400
707401
707402
707403
707404
707405
707406
707407
707408
707409
707410
707411
707412
707413
707414
707415
707416
707417
707418
707419
707420
707421
707423
707424
707425
707426
707427
707428
707429
707430
707431
707432
707433
707434
707435
707436
707437
707438
707439
707440
707441
707442
707443
707444
707445
707446
707447
707448
707449
707450
707451
707452
707453
707454
707455
707456
707457
707458
707459
707460
707461
707462
707463
707464
707465
707466
707467
707468
707469
707470
707471
707472
707473
707474
707475
707476
707477
707479
707480
707481
707482
707483
707484
707485
707486
707487
707488
707489
707490
707491
707492
707493
707494
707495
707496
707497
707498
707499
707500
707501
707502
707503
707504
707505
707506
707507
707508
707509
707510
707511
707512
707513
707514
707515
707516
707517
707518
707519
707520
707521
707522
707523
707524
707525
707526
707527
707528
707529
707530
707531
707532
707533
707534
707535
707536
707537
707538
707539
707540
707541
707542
707543
707544
707545
708518
708520
708523
708526
708529
708530
708531
708532
708533
708542
708543
708544
708550
708553
708554
708556
708557
708559
708562
708565
708567
708568
708570
708571
708576
708578
709922
710077
710078
710079
710080
710081
710082
710083
710084
710196
710197
710198
71031
710473
710516
710517
710518
710521
710662
711075
711465
712018
714225
714226
714227
714230
714233
714236
714237
714238
714239
714240
714241
714243
714245
714246
714247
714252
714255
714256
714261
714263
714264
714266
714267
714268
714269
714270
714271
714276
714279
714280
714281
714282
714283
714285
714286
714287
714289
714290
714294
714297
714298
714299
714300
714301
714304
714557
714567
714978
715493
715494
715495
715878
715879
715880
717465
717529
717635
717636
717680
720652
72132
721967
722912
722914
722916
722917
723666
723668
723671
723673
723676
723678
723680
723682
723684
723685
723686
723688
723689
723692
723694
723695
723696
723697
723698
723701
723706
723707
723708
723709
723712
723719
723720
723721
723722
723727
723732
723733
723735
723739
723741
723742
723745
723747
723749
723750
723751
723752
723753
723755
723756
723763
723767
723772
723773
723774
723776
723777
723778
723779
723780
723781
723782
723783
723784
723785
723786
723787
723791
723895
728233
73034
73036
732220
735356
735515
741937
742202
742204
742205
742209
742210
742213
742214
742219
742220
742221
742222
742223
742225
742228
742231
742232
742233
742234
742237
742246
742248
742250
742251
742253
742255
742257
742263
742266
742267
742268
742269
742270
742272
742273
742274
742275
742278
742279
742282
742283
742284
742286
742293
742294
742295
742296
742301
742305
742308
742486
742498
744727
744728
744729
744730
744732
744734
744735
744736
744737
744738
744740
744741
744742
744743
744745
744747
744749
744751
744752
744753
744754
744755
744756
744757
744761
744762
744763
744765
744768
744769
744770
744771
744772
744774
744775
744778
744780
744782
744783
744784
744786
744792
744796
744802
744806
744808
744809
744812
744813
744819
744821
744825
744827
744829
744832
744835
744847
744854
744857
74561
745709
746689
747223
747778
747779
747781
747783
747785
747786
747788
747791
747798
747799
747800
747801
747802
747803
747804
747806
747809
747812
747814
747816
747818
747821
747825
747829
747830
747831
747832
747834
747835
747836
747839
747842
747843
747845
747846
747850
747851
747852
747854
747855
747856
747858
747859
747860
747861
747862
747865
747867
747869
747870
747873
747875
747876
747878
747879
747880
747881
747882
747885
747886
747888
747890
747891
747893
747894
747896
747899
747900
747901
747902
747904
747907
747908
747910
747911
747915
747918
747919
747921
747924
747925
747929
747932
747933
747934
747939
747947
747948
747953
747954
747955
747956
747957
747960
747962
747964
747965
747966
748540
749794
749795
751157
751556
751558
751559
751560
751561
751562
751564
751566
751568
751569
751570
751571
752102
752103
752104
752105
752107
752109
752114
752117
752118
752120
752142
752144
752145
752146
752147
752149
752151
752155
752156
752160
752161
752162
752163
752165
752166
753578
753579
753580
753583
753586
753590
753594
753595
753596
753599
753602
753603
753604
753606
753607
753608
753609
754190
754267
754352
754355
754356
754359
754360
754362
754363
754366
754367
754368
754369
754370
754371
754375
754377
754378
754380
754381
754383
754485
754528
754529
754754
754756
754757
754760
755278
755286
755287
755292
755293
755294
755295
755296
755297
755299
755300
755301
755303
755304
756274
756419
756420
756496
756756
756955
756956
756958
756959
756960
756962
756964
756970
756972
756973
756974
756975
756976
756978
756983
756984
756985
756986
756988
757016
757017
757018
757019
757020
757021
757022
757023
757024
757025
757340
757359
757400
758864
759414
759416
759418
759420
759421
759422
759423
759424
759426
759427
759428
759429
759430
759431
759432
759434
759436
759437
759438
759439
759440
759441
759442
759444
759445
759446
759448
759449
759451
759452
759453
759454
759455
759457
759458
759460
759461
759464
759465
759470
759472
759473
759474
759475
759476
759477
759478
759480
759483
759484
759485
759486
759488
759492
759493
759495
759496
759497
759499
759501
759503
759504
759505
759506
759507
759508
759509
759512
759513
759515
759516
759517
759518
759521
759522
759523
759525
759526
759527
759528
759529
759531
759532
759534
759537
759538
759539
759542
759543
759544
759545
759547
759549
759550
759551
759552
759553
759554
759556
759558
759560
759563
759564
759565
759568
759569
759575
759576
759578
759579
759580
759582
759584
759585
759586
759588
759893
759895
759897
759898
759899
759939
760063
760068
760070
760071
760072
760078
760093
761202
761211
761212
761213
761214
761219
761225
761226
761230
761231
761240
761245
761248
761821
761822
761823
761825
761826
761828
761967
762299
762300
762318
762377
762379
762381
762383
762384
762385
762387
762388
762389
762390
762391
762392
762393
762396
762399
762401
762403
762405
762406
762407
762408
762409
762410
762411
762412
762414
762416
762417
762418
762419
762421
762422
762423
762425
762426
762427
762428
762431
762432
762433
762434
762435
762437
762443
762448
762450
762451
762908
762910
762913
762915
762917
762919
762920
762921
762923
762924
762926
762927
762928
762930
762933
762934
762937
762938
762939
762943
762944
762945
763784
763792
763916
763918
764143
764144
764822
764823
765258
765422
765423
765444
765445
765447
765449
765450
765451
765452
765453
765454
765455
765456
765457
765458
765460
765462
765463
765465
765468
765470
765472
765473
765474
765476
765479
765482
765483
765485
765486
765488
765490
765491
765493
765494
765497
765499
765501
765503
765505
765507
765508
765509
765510
765512
765513
765515
765516
765517
765521
765522
765528
765529
765531
765534
765535
765543
765545
765547
765552
765553
765554
765555
765558
765560
765561
765562
765565
765567
765568
765569
765572
765573
765574
765575
765576
765580
765581
765582
765583
765586
765587
765588
765589
765591
765594
765595
765596
765597
765598
765600
765601
765602
765604
765606
765607
765608
765609
765610
765611
765613
765614
765617
765618
765619
765622
765623
765624
765626
765627
765628
765631
765634
765635
765636
765638
765640
765641
765642
765643
765644
765646
765650
765653
765655
765657
765658
765659
765662
765664
765668
765669
765671
765674
765675
765676
765677
765678
765679
765682
765683
765685
765688
765689
765690
765691
765696
766504
766505
766507
766509
766510
766511
766512
767935
767947
767951
767954
767955
767956
767959
767961
767964
767965
767967
768364
768365
768370
768372
768374
768375
768380
768381
768382
768387
768388
768389
768391
768392
768395
768396
768400
768404
768406
768407
768408
768410
768412
768413
768415
768416
768418
768419
768420
768421
768422
768424
768425
768426
768428
768429
768430
768431
768433
768435
768436
768437
768438
768646
768722
77153
77204
77763
792662
792664
792666
792668
792670
792674
795346
795347
795348
795349
795350
795352
795353
795354
796093
796202
796208
82470
82639
82659
84272
856333
856334
856335
856337
856341
856343
856346
856347
856348
856350
856351
856352
856353
856354
856356
856358
856360
856362
856363
856364
856365
856367
856369
856370
856371
856372
856375
856376
856377
856379
856380
856381
856382
856383
856385
856391
856393
856394
856396
856397
856398
856399
856400
856401
856402
856404
856409
856410
856411
856412
856414
856415
856417
856419
856423
856425
856427
856429
856430
856432
856435
856436
856437
856438
856440
856442
856443
856444
856446
856447
856448
856449
856453
856455
856456
856458
856461
856463
856464
856470
856471
856472
856473
856487
856488
856491
856492
856494
856498
856499
856500
856501
856503
856505
856506
856507
856508
856509
856512
856513
856517
856518
856519
856521
856525
856528
856529
856535
856539
856540
856541
856542
856543
856548
856551
856556
856558
856564
856566
856567
856570
856571
856572
856573
856575
856576
856578
856581
856585
856587
856589
856591
856592
856593
856597
856599
856600
856601
856604
856605
856606
856608
856609
856611
856615
856618
856619
856621
856622
856623
856627
856631
856632
856633
856634
856636
856723
856753
856899
856900
856903
856904
856905
856906
856909
856918
856919
856922
856923
856928
856929
856931
856934
856938
856940
856944
856945
856947
856948
856949
856950
856955
856956
856957
856958
856959
856960
856964
856966
856967
856968
856975
857031
858108
858117
858124
858125
858126
858134
858141
858146
858147
858149
858151
858158
858160
858161
858168
858176
858178
858180
858181
858183
858490
858492
859128
859130
859131
859133
859134
859136
859139
859146
859628
859630
859985
859986
859987
859988
859991
859992
859993
859995
859997
859999
860001
860002
860003
860004
860005
860006
860007
860008
860009
860011
860012
860013
860014
860016
860017
860019
860021
860025
860027
860030
860032
860033
860035
860036
860037
860039
860041
860044
860046
860047
860049
860058
860059
860062
860063
860064
860065
860066
860067
860070
860071
860212
860571
86059
86060
86061
86062
86107
861388
861389
861390
861391
861519
863215
863216
863603
863604
863605
863606
863608
863916
864432
864433
864804
865618
867277
867278
867279
867283
867284
867285
867286
867287
867290
867292
867293
867295
867296
867297
867300
867301
867304
867305
867306
867309
867330
867700
867705
867710
868568
868569
869317
869318
869320
869321
869322
869323
869326
869330
869333
869335
869336
869337
869338
869339
869340
869343
869344
869345
869351
869352
869353
869355
869370
869372
869374
869376
869377
869378
869379
869380
869381
869382
869383
869476
869477
869747
869749
870287
870288
870740
870743
870745
870749
870752
870755
870756
870759
870761
870762
870763
870918
870972
870973
870974
870975
870977
870978
870979
870980
870982
870983
871522
871625
871639
871640
871678
871679
871680
871681
871682
872267
872269
873115
873380
873748
873902
873951
873997
874023
874030
874429
874430
874431
874432
874433
875362
876285
876286
876287
877491
877502
877503
878459
878460
878462
878464
878466
878468
878470
878471
878473
878475
878497
878503
878505
878506
878507
878513
878516
878546
880565
88059
880786
880810
880811
880812
880814
880815
880818
880819
880820
880824
880831
880833
880835
880842
880843
880844
880847
880849
880854
880856
880858
880921
880924
880927
880932
880933
880934
880938
880940
880946
88104
881901
881902
881903
881904
881913
881914
882377
882705
882706
882707
882709
882712
882713
882714
882715
882716
882718
882719
882720
882942
882946
885047
885063
885064
885067
885071
885073
885074
885077
885079
885083
885087
885088
885092
885095
885110
885155
885159
885161
885166
885173
885181
885187
885188
885189
885197
885198
885199
885205
885206
885208
885210
885212
885213
885214
885218
885219
885220
885222
885226
885228
885236
885237
885239
885242
885247
885249
885250
885307
885308
885377
885378
886506
886507
886525
886530
886531
886533
886534
886535
886536
886537
886538
886541
886542
886544
886546
886548
887108
887120
887482
889350
889352
889353
889354
889356
889358
889359
889362
889363
889365
889367
889370
889372
889373
889392
889808
889809
889810
889818
889819
889821
889823
889824
889825
889826
892005
892006
892007
904108
904609
906884
906885
906887
908267
908268
908269
908270
908271
908272
908273
908628
908629
908631
908632
908634
908635
908636
908638
908639
908641
908642
908644
908645
908646
908647
908648
908650
908652
908654
908655
908657
908658
908661
908663
908665
908667
908668
908670
908671
908672
908673
908675
908676
908677
908678
908679
908683
908684
908688
908690
908691
908692
908693
908694
908695
908696
908697
908698
908699
908703
908704
908705
908706
908708
908709
908710
908711
908713
908714
908716
908717
908720
908721
908722
908723
908724
908726
908733
908734
908740
908741
908747
908752
908753
908757
908759
908760
908761
908762
908763
908764
908765
908766
908767
908768
908773
908775
908777
908778
908783
908784
908787
908788
908789
908791
908796
908797
908798
908800
908801
908802
908803
908805
908808
909675
909676
909859
909867
909870
909871
909875
909877
909878
909881
909883
909884
909896
909897
909904
909907
909910
909911
909913
909914
909916
909920
909921
910174
911263
911264
911266
911283
911285
911295
911558
911559
911560
912037
912038
913323
913820
913976
915011
915012
915013
915015
915016
915017
915018
915019
915026
915341
915342
915343
925990
925992
925994
925996
925999
926054
926438
926439
926440
928647
928648
929449
930810
930952
930954
930978
930983
930985
930986
930987
930989
931022
931249
931543
931545
931546
931547
932048
932049
932052
932054
932055
932058
932059
934278
934285
934286
934287
934288
934289
934290
935300
935301
935983
935985
935989
936092
936095
936096
936102
936104
936107
936108
936109
936110
936111
936112
936113
936114
936115
936116
936117
936118
936119
936120
936313
936316
936318
937720
937780
93923
93986
940553
940816
940821
940822
940824
940825
940826
941425
941631
94433
944383
944384
944385
944386
944388
944964
945035
945036
945037
945038
945039
945057
945058
945059
945060
945061
945062
945063
945064
945065
945066
945067
945068
945069
945070
945071
945072
945961
946159
946162
946268
946350
946564
946710
947380
947939
94966
94967
95340
978110
978111
979197
979623
979625
979626
979850
979851
979852
979853
979856
979857
979858
979860
979862
979863
979864
979866
980037
980038
980039
980040
980042
980097
980379
980381
980382
980383
981017
981018
981019
981020
981342
981676
982228
982233
982237
982258
982259
982276
982288
982304
982311
982347
982419
982423
982461
982559
982620
982621
982654
982712
982775
982815
982837
982842
982846
982856
982888
982995
983004
983044
983084
983293
983538
983540
983884
983885
984930
984931
984932
984933
984934
984940
984941
984942
985088
985777
985899
985901
985903
985904
985906
985909
985912
985919
985923
985924
985928
985938
985948
985950
985955
985956
985963
985965
985969
985971
986701
986732
98832
988495
988499
988501
988502
988503
990090
991149
991150
991154
991157
991158
991159
991160
991165
991166
991168
991171
991181
991182
991187
991189
991191
991193
991196
991206
991217
991221
991223
991231
991234
991237
991239
991240
991241
991248
991250
991253
991255
991257
991263
991265
991268
991269
991278
991281
991282
991284
991285
991292
991295
991300
991301
991307
991312
991315
991318
991321
991325
991326
991332
991335
991339
991342
991359
991360
991368
991371
991374
991377
991378
991380
991383
991386
991403
991407
991417
991419
991427
991432
991441
991444
991445
991453
991454
991458
991460
991461
991462
991463
991482
991484
991489
991497
991502
991505
991520
991532
991534
991542
991545
991548
991553
991556
991558
991566
991572
991580
991581
991584
991597
991601
991610
991616
991623
991625
991627
991631
991632
991641
991642
991654
991668
991676
991680
991690
991698
991704
991713
991714
991722
991728
991732
991737
991751
991760
991771
991772
992194
992195
992196
99565
995734
996272
996273
996274
997454
997455
997457
997493
997555
997563
998539
998540
998542
999466
999467
999832
999887
999888
999889
