virus,virus_taxid,virus_family,virus_genus,zoonotic_llm,confidence,reasoning
kedougou virus,64311,Flaviviridae,Orthoflavivirus,False,low,"Error: ""Could not resolve authentication method. Expected either api_key or auth_token to be set. Or for one of the `X-Api-Key` or `Authorization` headers to be explicitly omitted"""
ntaya virus,64292,Flaviviridae,Orthoflavivirus,False,low,"Error: ""Could not resolve authentication method. Expected either api_key or auth_token to be set. Or for one of the `X-Api-Key` or `Authorization` headers to be explicitly omitted"""
hepatitis c virus genotype 2,40271,Hepaciviridae,Orthohepacivirus,False,low,"Error: ""Could not resolve authentication method. Expected either api_key or auth_token to be set. Or for one of the `X-Api-Key` or `Authorization` headers to be explicitly omitted"""
hepatitis c virus genotype 4,33745,Hepaciviridae,Orthohepacivirus,False,low,"Error: ""Could not resolve authentication method. Expected either api_key or auth_token to be set. Or for one of the `X-Api-Key` or `Authorization` headers to be explicitly omitted"""
hepatitis c virus genotype 5,33746,Hepaciviridae,Orthohepacivirus,False,low,"Error: ""Could not resolve authentication method. Expected either api_key or auth_token to be set. Or for one of the `X-Api-Key` or `Authorization` headers to be explicitly omitted"""
hepatitis c virus genotype 6,42182,Hepaciviridae,Orthohepacivirus,False,low,"Error: ""Could not resolve authentication method. Expected either api_key or auth_token to be set. Or for one of the `X-Api-Key` or `Authorization` headers to be explicitly omitted"""
hepatitis c virus genotype 7,1544901,Hepaciviridae,Orthohepacivirus,False,low,"Error: ""Could not resolve authentication method. Expected either api_key or auth_token to be set. Or for one of the `X-Api-Key` or `Authorization` headers to be explicitly omitted"""
human hepegivirus,1704090,Hepaciviridae,Pegivirus,False,low,"Error: ""Could not resolve authentication method. Expected either api_key or auth_token to be set. Or for one of the `X-Api-Key` or `Authorization` headers to be explicitly omitted"""
human pegivirus,1758225,Hepaciviridae,Pegivirus,False,low,"Error: ""Could not resolve authentication method. Expected either api_key or auth_token to be set. Or for one of the `X-Api-Key` or `Authorization` headers to be explicitly omitted"""
human pegivirus genotype 1,2594177,Hepaciviridae,Pegivirus,False,low,"Error: ""Could not resolve authentication method. Expected either api_key or auth_token to be set. Or for one of the `X-Api-Key` or `Authorization` headers to be explicitly omitted"""
bourbon virus,1618189,Orthomyxoviridae,Thogotovirus,False,low,"Error: ""Could not resolve authentication method. Expected either api_key or auth_token to be set. Or for one of the `X-Api-Key` or `Authorization` headers to be explicitly omitted"""
hepatitis b virus genotype a,489455,Hepadnaviridae,Orthohepadnavirus,False,low,"Error: ""Could not resolve authentication method. Expected either api_key or auth_token to be set. Or for one of the `X-Api-Key` or `Authorization` headers to be explicitly omitted"""
hepatitis b virus genotype c,2764122,Hepadnaviridae,Orthohepadnavirus,False,low,"Error: ""Could not resolve authentication method. Expected either api_key or auth_token to be set. Or for one of the `X-Api-Key` or `Authorization` headers to be explicitly omitted"""
hepatitis b virus genotype e,2847138,Hepadnaviridae,Orthohepadnavirus,False,low,"Error: ""Could not resolve authentication method. Expected either api_key or auth_token to be set. Or for one of the `X-Api-Key` or `Authorization` headers to be explicitly omitted"""
hepatitis b virus genotype f,2847139,Hepadnaviridae,Orthohepadnavirus,False,low,"Error: ""Could not resolve authentication method. Expected either api_key or auth_token to be set. Or for one of the `X-Api-Key` or `Authorization` headers to be explicitly omitted"""
hepatitis b virus genotype g,2847140,Hepadnaviridae,Orthohepadnavirus,False,low,"Error: ""Could not resolve authentication method. Expected either api_key or auth_token to be set. Or for one of the `X-Api-Key` or `Authorization` headers to be explicitly omitted"""
hepatitis b virus genotype h,2847141,Hepadnaviridae,Orthohepadnavirus,False,low,"Error: ""Could not resolve authentication method. Expected either api_key or auth_token to be set. Or for one of the `X-Api-Key` or `Authorization` headers to be explicitly omitted"""
hepatitis b virus subtype adr,106820,Hepadnaviridae,Orthohepadnavirus,False,low,"Error: ""Could not resolve authentication method. Expected either api_key or auth_token to be set. Or for one of the `X-Api-Key` or `Authorization` headers to be explicitly omitted"""
hepatitis b virus subtype adw,106821,Hepadnaviridae,Orthohepadnavirus,False,low,"Error: ""Could not resolve authentication method. Expected either api_key or auth_token to be set. Or for one of the `X-Api-Key` or `Authorization` headers to be explicitly omitted"""
recombinant hepatitis b virus,621278,Hepadnaviridae,Orthohepadnavirus,False,low,"Error: ""Could not resolve authentication method. Expected either api_key or auth_token to be set. Or for one of the `X-Api-Key` or `Authorization` headers to be explicitly omitted"""
ny_014 poxvirus,2025360,Poxviridae,Centapoxvirus,False,low,"Error: ""Could not resolve authentication method. Expected either api_key or auth_token to be set. Or for one of the `X-Api-Key` or `Authorization` headers to be explicitly omitted"""
variola major virus,12870,Poxviridae,Orthopoxvirus,False,low,"Error: ""Could not resolve authentication method. Expected either api_key or auth_token to be set. Or for one of the `X-Api-Key` or `Authorization` headers to be explicitly omitted"""
variola minor virus,53258,Poxviridae,Orthopoxvirus,False,low,"Error: ""Could not resolve authentication method. Expected either api_key or auth_token to be set. Or for one of the `X-Api-Key` or `Authorization` headers to be explicitly omitted"""
circovirus eniyan,3052121,Circoviridae,Circovirus,False,low,"Error: ""Could not resolve authentication method. Expected either api_key or auth_token to be set. Or for one of the `X-Api-Key` or `Authorization` headers to be explicitly omitted"""
cyclovirus ni-204,1572667,Circoviridae,Cyclovirus,False,low,"Error: ""Could not resolve authentication method. Expected either api_key or auth_token to be set. Or for one of the `X-Api-Key` or `Authorization` headers to be explicitly omitted"""
cyclovirus pk6197,742919,Circoviridae,Cyclovirus,False,low,"Error: ""Could not resolve authentication method. Expected either api_key or auth_token to be set. Or for one of the `X-Api-Key` or `Authorization` headers to be explicitly omitted"""
cyclovirus tn18,742925,Circoviridae,Cyclovirus,False,low,"Error: ""Could not resolve authentication method. Expected either api_key or auth_token to be set. Or for one of the `X-Api-Key` or `Authorization` headers to be explicitly omitted"""
cyclovirus tn25,742924,Circoviridae,Cyclovirus,False,low,"Error: ""Could not resolve authentication method. Expected either api_key or auth_token to be set. Or for one of the `X-Api-Key` or `Authorization` headers to be explicitly omitted"""
human associated cyclovirus 1,2038719,Circoviridae,Cyclovirus,False,low,"Error: ""Could not resolve authentication method. Expected either api_key or auth_token to be set. Or for one of the `X-Api-Key` or `Authorization` headers to be explicitly omitted"""
human associated cyclovirus 10,2038728,Circoviridae,Cyclovirus,False,low,"Error: ""Could not resolve authentication method. Expected either api_key or auth_token to be set. Or for one of the `X-Api-Key` or `Authorization` headers to be explicitly omitted"""
human associated cyclovirus 11,1987745,Circoviridae,Cyclovirus,False,low,"Error: ""Could not resolve authentication method. Expected either api_key or auth_token to be set. Or for one of the `X-Api-Key` or `Authorization` headers to be explicitly omitted"""
human associated cyclovirus 12,2169855,Circoviridae,Cyclovirus,False,low,"Error: ""Could not resolve authentication method. Expected either api_key or auth_token to be set. Or for one of the `X-Api-Key` or `Authorization` headers to be explicitly omitted"""
human associated cyclovirus 2,2038720,Circoviridae,Cyclovirus,False,low,"Error: ""Could not resolve authentication method. Expected either api_key or auth_token to be set. Or for one of the `X-Api-Key` or `Authorization` headers to be explicitly omitted"""
human associated cyclovirus 3,2038721,Circoviridae,Cyclovirus,False,low,"Error: ""Could not resolve authentication method. Expected either api_key or auth_token to be set. Or for one of the `X-Api-Key` or `Authorization` headers to be explicitly omitted"""
human associated cyclovirus 5,2038723,Circoviridae,Cyclovirus,False,low,"Error: ""Could not resolve authentication method. Expected either api_key or auth_token to be set. Or for one of the `X-Api-Key` or `Authorization` headers to be explicitly omitted"""
human associated cyclovirus 6,2038724,Circoviridae,Cyclovirus,False,low,"Error: ""Could not resolve authentication method. Expected either api_key or auth_token to be set. Or for one of the `X-Api-Key` or `Authorization` headers to be explicitly omitted"""
human associated cyclovirus 7,2038725,Circoviridae,Cyclovirus,False,low,"Error: ""Could not resolve authentication method. Expected either api_key or auth_token to be set. Or for one of the `X-Api-Key` or `Authorization` headers to be explicitly omitted"""
human associated cyclovirus 9,2038727,Circoviridae,Cyclovirus,False,low,"Error: ""Could not resolve authentication method. Expected either api_key or auth_token to be set. Or for one of the `X-Api-Key` or `Authorization` headers to be explicitly omitted"""
human cyclovirus vn-like,1573584,Circoviridae,Cyclovirus,False,low,"Error: ""Could not resolve authentication method. Expected either api_key or auth_token to be set. Or for one of the `X-Api-Key` or `Authorization` headers to be explicitly omitted"""
human fecal virus jorvi2,2017081,Circoviridae,,False,low,"Error: ""Could not resolve authentication method. Expected either api_key or auth_token to be set. Or for one of the `X-Api-Key` or `Authorization` headers to be explicitly omitted"""
human fecal virus jorvi3,2017082,Circoviridae,,False,low,"Error: ""Could not resolve authentication method. Expected either api_key or auth_token to be set. Or for one of the `X-Api-Key` or `Authorization` headers to be explicitly omitted"""
human fecal virus jorvi4,2017083,Circoviridae,,False,low,"Error: ""Could not resolve authentication method. Expected either api_key or auth_token to be set. Or for one of the `X-Api-Key` or `Authorization` headers to be explicitly omitted"""
human fecal virus tarto,2017080,Circoviridae,,False,low,"Error: ""Could not resolve authentication method. Expected either api_key or auth_token to be set. Or for one of the `X-Api-Key` or `Authorization` headers to be explicitly omitted"""
human poscv5-like circular virus,1965018,Circoviridae,,False,low,"Error: ""Could not resolve authentication method. Expected either api_key or auth_token to be set. Or for one of the `X-Api-Key` or `Authorization` headers to be explicitly omitted"""
human respiratory circovirus-like 1,2714898,Circoviridae,,False,low,"Error: ""Could not resolve authentication method. Expected either api_key or auth_token to be set. Or for one of the `X-Api-Key` or `Authorization` headers to be explicitly omitted"""
human respiratory circovirus-like 2,2714899,Circoviridae,,False,low,"Error: ""Could not resolve authentication method. Expected either api_key or auth_token to be set. Or for one of the `X-Api-Key` or `Authorization` headers to be explicitly omitted"""
human respiratory circular dna virus,2057509,Circoviridae,,False,low,"Error: ""Could not resolve authentication method. Expected either api_key or auth_token to be set. Or for one of the `X-Api-Key` or `Authorization` headers to be explicitly omitted"""
human associated huchismacovirus 1,2169934,Smacoviridae,Huchismacovirus,False,low,"Error: ""Could not resolve authentication method. Expected either api_key or auth_token to be set. Or for one of the `X-Api-Key` or `Authorization` headers to be explicitly omitted"""
human associated huchismacovirus 2,2169935,Smacoviridae,Huchismacovirus,False,low,"Error: ""Could not resolve authentication method. Expected either api_key or auth_token to be set. Or for one of the `X-Api-Key` or `Authorization` headers to be explicitly omitted"""
human associated huchismacovirus 3,2169936,Smacoviridae,Huchismacovirus,False,low,"Error: ""Could not resolve authentication method. Expected either api_key or auth_token to be set. Or for one of the `X-Api-Key` or `Authorization` headers to be explicitly omitted"""
human smacovirus 1,1595998,Smacoviridae,Huchismacovirus,False,low,"Error: ""Could not resolve authentication method. Expected either api_key or auth_token to be set. Or for one of the `X-Api-Key` or `Authorization` headers to be explicitly omitted"""
human associated porprismacovirus,2530494,Smacoviridae,Inpeasmacovirus,False,low,"Error: ""Could not resolve authentication method. Expected either api_key or auth_token to be set. Or for one of the `X-Api-Key` or `Authorization` headers to be explicitly omitted"""
human associated porprismacovirus 1,2170113,Smacoviridae,Porprismacovirus,False,low,"Error: ""Could not resolve authentication method. Expected either api_key or auth_token to be set. Or for one of the `X-Api-Key` or `Authorization` headers to be explicitly omitted"""
human associated porprismacovirus 2,2170114,Smacoviridae,Porprismacovirus,False,low,"Error: ""Could not resolve authentication method. Expected either api_key or auth_token to be set. Or for one of the `X-Api-Key` or `Authorization` headers to be explicitly omitted"""
human associated porprismacovirus 3,2496633,Smacoviridae,Porprismacovirus,False,low,"Error: ""Could not resolve authentication method. Expected either api_key or auth_token to be set. Or for one of the `X-Api-Key` or `Authorization` headers to be explicitly omitted"""
human feces smacovirus 3,1820159,Smacoviridae,Porprismacovirus,False,low,"Error: ""Could not resolve authentication method. Expected either api_key or auth_token to be set. Or for one of the `X-Api-Key` or `Authorization` headers to be explicitly omitted"""
human feces-associated smacovirus,1914415,Smacoviridae,Porprismacovirus,False,low,"Error: ""Could not resolve authentication method. Expected either api_key or auth_token to be set. Or for one of the `X-Api-Key` or `Authorization` headers to be explicitly omitted"""
hantavirus z10,93830,Hantaviridae,Orthohantavirus,False,low,"Error: ""Could not resolve authentication method. Expected either api_key or auth_token to be set. Or for one of the `X-Api-Key` or `Authorization` headers to be explicitly omitted"""
cristoli virus,2609450,,,False,low,"Error: ""Could not resolve authentication method. Expected either api_key or auth_token to be set. Or for one of the `X-Api-Key` or `Authorization` headers to be explicitly omitted"""
bangui virus,2748253,Peribunyaviridae,,False,low,"Error: ""Could not resolve authentication method. Expected either api_key or auth_token to be set. Or for one of the `X-Api-Key` or `Authorization` headers to be explicitly omitted"""
wanowrie virus,2748252,Peribunyaviridae,,False,low,"Error: ""Could not resolve authentication method. Expected either api_key or auth_token to be set. Or for one of the `X-Api-Key` or `Authorization` headers to be explicitly omitted"""
khatanga virus,507486,Peribunyaviridae,Orthobunyavirus,False,low,"Error: ""Could not resolve authentication method. Expected either api_key or auth_token to be set. Or for one of the `X-Api-Key` or `Authorization` headers to be explicitly omitted"""
lukuni virus,1678227,Peribunyaviridae,Orthobunyavirus,False,low,"Error: ""Could not resolve authentication method. Expected either api_key or auth_token to be set. Or for one of the `X-Api-Key` or `Authorization` headers to be explicitly omitted"""
okola virus,2748254,Peribunyaviridae,Orthobunyavirus,False,low,"Error: ""Could not resolve authentication method. Expected either api_key or auth_token to be set. Or for one of the `X-Api-Key` or `Authorization` headers to be explicitly omitted"""
orthobunyavirus enseadaense,3052391,Peribunyaviridae,Orthobunyavirus,False,low,"Error: ""Could not resolve authentication method. Expected either api_key or auth_token to be set. Or for one of the `X-Api-Key` or `Authorization` headers to be explicitly omitted"""
orthobunyavirus ileshaense,3052399,Peribunyaviridae,Orthobunyavirus,False,low,"Error: ""Could not resolve authentication method. Expected either api_key or auth_token to be set. Or for one of the `X-Api-Key` or `Authorization` headers to be explicitly omitted"""
orthobunyavirus maguariense,3052414,Peribunyaviridae,Orthobunyavirus,False,low,"Error: ""Could not resolve authentication method. Expected either api_key or auth_token to be set. Or for one of the `X-Api-Key` or `Authorization` headers to be explicitly omitted"""
orthobunyavirus tataguineense,3052446,Peribunyaviridae,Orthobunyavirus,False,low,"Error: ""Could not resolve authentication method. Expected either api_key or auth_token to be set. Or for one of the `X-Api-Key` or `Authorization` headers to be explicitly omitted"""
oya virus,181003,Peribunyaviridae,Orthobunyavirus,False,low,"Error: ""Could not resolve authentication method. Expected either api_key or auth_token to be set. Or for one of the `X-Api-Key` or `Authorization` headers to be explicitly omitted"""
restan virus,348011,Peribunyaviridae,Orthobunyavirus,False,low,"Error: ""Could not resolve authentication method. Expected either api_key or auth_token to be set. Or for one of the `X-Api-Key` or `Authorization` headers to be explicitly omitted"""
xingu virus,273348,Peribunyaviridae,Orthobunyavirus,False,low,"Error: ""Could not resolve authentication method. Expected either api_key or auth_token to be set. Or for one of the `X-Api-Key` or `Authorization` headers to be explicitly omitted"""
gemycircularvirus cn-gz1,2583509,Genomoviridae,Gemycircularvirus,False,low,"Error: ""Could not resolve authentication method. Expected either api_key or auth_token to be set. Or for one of the `X-Api-Key` or `Authorization` headers to be explicitly omitted"""
gemycircularvirus hv-gcv1,1862824,Genomoviridae,Gemycircularvirus,False,low,"Error: ""Could not resolve authentication method. Expected either api_key or auth_token to be set. Or for one of the `X-Api-Key` or `Authorization` headers to be explicitly omitted"""
human genital-associated circular dna virus-1,1488574,Genomoviridae,Gemygorvirus,False,low,"Error: ""Could not resolve authentication method. Expected either api_key or auth_token to be set. Or for one of the `X-Api-Key` or `Authorization` headers to be explicitly omitted"""
gemycircularvirus bz1,1588761,Genomoviridae,Gemykibivirus,False,low,"Error: ""Could not resolve authentication method. Expected either api_key or auth_token to be set. Or for one of the `X-Api-Key` or `Authorization` headers to be explicitly omitted"""
gemycircularvirus bz2,1588762,Genomoviridae,Gemykibivirus,False,low,"Error: ""Could not resolve authentication method. Expected either api_key or auth_token to be set. Or for one of the `X-Api-Key` or `Authorization` headers to be explicitly omitted"""
gemycircularvirus c1c,1673681,Genomoviridae,Gemykibivirus,False,low,"Error: ""Could not resolve authentication method. Expected either api_key or auth_token to be set. Or for one of the `X-Api-Key` or `Authorization` headers to be explicitly omitted"""
gemycircularvirus sl1,1588764,Genomoviridae,Gemykibivirus,False,low,"Error: ""Could not resolve authentication method. Expected either api_key or auth_token to be set. Or for one of the `X-Api-Key` or `Authorization` headers to be explicitly omitted"""
gemycircularvirus sl2,1588765,Genomoviridae,Gemykibivirus,False,low,"Error: ""Could not resolve authentication method. Expected either api_key or auth_token to be set. Or for one of the `X-Api-Key` or `Authorization` headers to be explicitly omitted"""
gemycircularvirus sl3,1588766,Genomoviridae,Gemykibivirus,False,low,"Error: ""Could not resolve authentication method. Expected either api_key or auth_token to be set. Or for one of the `X-Api-Key` or `Authorization` headers to be explicitly omitted"""
human associated gemykibivirus 1,2004487,Genomoviridae,Gemykibivirus,False,low,"Error: ""Could not resolve authentication method. Expected either api_key or auth_token to be set. Or for one of the `X-Api-Key` or `Authorization` headers to be explicitly omitted"""
human associated gemykibivirus 4,2004961,Genomoviridae,Gemykibivirus,False,low,"Error: ""Could not resolve authentication method. Expected either api_key or auth_token to be set. Or for one of the `X-Api-Key` or `Authorization` headers to be explicitly omitted"""
human associated gemykibivirus 5,2004962,Genomoviridae,Gemykibivirus,False,low,"Error: ""Could not resolve authentication method. Expected either api_key or auth_token to be set. Or for one of the `X-Api-Key` or `Authorization` headers to be explicitly omitted"""
mssi2.225 virus,1516081,Genomoviridae,Gemykibivirus,False,low,"Error: ""Could not resolve authentication method. Expected either api_key or auth_token to be set. Or for one of the `X-Api-Key` or `Authorization` headers to be explicitly omitted"""
human associated gemyvongvirus 1,1985415,Genomoviridae,Gemyvongvirus,False,low,"Error: ""Could not resolve authentication method. Expected either api_key or auth_token to be set. Or for one of the `X-Api-Key` or `Authorization` headers to be explicitly omitted"""
genomovirus az4_17,2853105,Genomoviridae,,False,low,"Error: ""Could not resolve authentication method. Expected either api_key or auth_token to be set. Or for one of the `X-Api-Key` or `Authorization` headers to be explicitly omitted"""
mammarenavirus brazilense,3052299,Arenaviridae,Mammarenavirus,False,low,"Error: ""Could not resolve authentication method. Expected either api_key or auth_token to be set. Or for one of the `X-Api-Key` or `Authorization` headers to be explicitly omitted"""
mammarenavirus chapareense,3052302,Arenaviridae,Mammarenavirus,False,low,"Error: ""Could not resolve authentication method. Expected either api_key or auth_token to be set. Or for one of the `X-Api-Key` or `Authorization` headers to be explicitly omitted"""
orthonairovirus bushkeyense,3052510,Nairoviridae,Orthonairovirus,False,low,"Error: ""Could not resolve authentication method. Expected either api_key or auth_token to be set. Or for one of the `X-Api-Key` or `Authorization` headers to be explicitly omitted"""
huaiyangshan virus,1001303,Phenuiviridae,Bandavirus,False,low,"Error: ""Could not resolve authentication method. Expected either api_key or auth_token to be set. Or for one of the `X-Api-Key` or `Authorization` headers to be explicitly omitted"""
morumbi virus,1000647,Phenuiviridae,Phlebovirus,False,low,"Error: ""Could not resolve authentication method. Expected either api_key or auth_token to be set. Or for one of the `X-Api-Key` or `Authorization` headers to be explicitly omitted"""
phlebovirus alenquerense,2734436,Phenuiviridae,Phlebovirus,False,low,"Error: ""Could not resolve authentication method. Expected either api_key or auth_token to be set. Or for one of the `X-Api-Key` or `Authorization` headers to be explicitly omitted"""
phlebovirus candiruense,3052640,Phenuiviridae,Phlebovirus,False,low,"Error: ""Could not resolve authentication method. Expected either api_key or auth_token to be set. Or for one of the `X-Api-Key` or `Authorization` headers to be explicitly omitted"""
phlebovirus chagresense,3052641,Phenuiviridae,Phlebovirus,False,low,"Error: ""Could not resolve authentication method. Expected either api_key or auth_token to be set. Or for one of the `X-Api-Key` or `Authorization` headers to be explicitly omitted"""
phlebovirus echarateense,3052647,Phenuiviridae,Phlebovirus,False,low,"Error: ""Could not resolve authentication method. Expected either api_key or auth_token to be set. Or for one of the `X-Api-Key` or `Authorization` headers to be explicitly omitted"""
phlebovirus maldonadoense,3052660,Phenuiviridae,Phlebovirus,False,low,"Error: ""Could not resolve authentication method. Expected either api_key or auth_token to be set. Or for one of the `X-Api-Key` or `Authorization` headers to be explicitly omitted"""
phlebovirus mungubaense,3052665,Phenuiviridae,Phlebovirus,False,low,"Error: ""Could not resolve authentication method. Expected either api_key or auth_token to be set. Or for one of the `X-Api-Key` or `Authorization` headers to be explicitly omitted"""
phlebovirus sdyy104/china/2011,1848960,Phenuiviridae,Phlebovirus,False,low,"Error: ""Could not resolve authentication method. Expected either api_key or auth_token to be set. Or for one of the `X-Api-Key` or `Authorization` headers to be explicitly omitted"""
sand fever naples-like virus,1048856,Phenuiviridae,Phlebovirus,False,low,"Error: ""Could not resolve authentication method. Expected either api_key or auth_token to be set. Or for one of the `X-Api-Key` or `Authorization` headers to be explicitly omitted"""
sandfly fever turkey virus,688699,Phenuiviridae,Phlebovirus,False,low,"Error: ""Could not resolve authentication method. Expected either api_key or auth_token to be set. Or for one of the `X-Api-Key` or `Authorization` headers to be explicitly omitted"""
serra norte virus,1000649,Phenuiviridae,Phlebovirus,False,low,"Error: ""Could not resolve authentication method. Expected either api_key or auth_token to be set. Or for one of the `X-Api-Key` or `Authorization` headers to be explicitly omitted"""
dar es salaam virus tz-189,2576944,Phenuiviridae,Tanzavirus,False,low,"Error: ""Could not resolve authentication method. Expected either api_key or auth_token to be set. Or for one of the `X-Api-Key` or `Authorization` headers to be explicitly omitted"""
rubella virus,11041,Matonaviridae,Rubivirus,False,low,"Error: ""Could not resolve authentication method. Expected either api_key or auth_token to be set. Or for one of the `X-Api-Key` or `Authorization` headers to be explicitly omitted"""
rubella virus genotype 1a,1812175,Matonaviridae,Rubivirus,False,low,"Error: ""Could not resolve authentication method. Expected either api_key or auth_token to be set. Or for one of the `X-Api-Key` or `Authorization` headers to be explicitly omitted"""
rubella virus genotype 2b,1136260,Matonaviridae,Rubivirus,False,low,"Error: ""Could not resolve authentication method. Expected either api_key or auth_token to be set. Or for one of the `X-Api-Key` or `Authorization` headers to be explicitly omitted"""
human betaherpesvirus 6b,32604,Orthoherpesviridae,Roseolovirus,False,low,"Error: ""Could not resolve authentication method. Expected either api_key or auth_token to be set. Or for one of the `X-Api-Key` or `Authorization` headers to be explicitly omitted"""
babanki virus,48540,Togaviridae,Alphavirus,False,low,"Error: ""Could not resolve authentication method. Expected either api_key or auth_token to be set. Or for one of the `X-Api-Key` or `Authorization` headers to be explicitly omitted"""
bebaru virus,59305,Togaviridae,Alphavirus,False,low,"Error: ""Could not resolve authentication method. Expected either api_key or auth_token to be set. Or for one of the `X-Api-Key` or `Authorization` headers to be explicitly omitted"""
igbo ora virus,79899,Togaviridae,Alphavirus,False,low,"Error: ""Could not resolve authentication method. Expected either api_key or auth_token to be set. Or for one of the `X-Api-Key` or `Authorization` headers to be explicitly omitted"""
kyzylagach virus,48542,Togaviridae,Alphavirus,False,low,"Error: ""Could not resolve authentication method. Expected either api_key or auth_token to be set. Or for one of the `X-Api-Key` or `Authorization` headers to be explicitly omitted"""
mosso das pedras virus,2083199,Togaviridae,Alphavirus,False,low,"Error: ""Could not resolve authentication method. Expected either api_key or auth_token to be set. Or for one of the `X-Api-Key` or `Authorization` headers to be explicitly omitted"""
sindbis-like virus yn87448,84272,Togaviridae,Alphavirus,False,low,"Error: ""Could not resolve authentication method. Expected either api_key or auth_token to be set. Or for one of the `X-Api-Key` or `Authorization` headers to be explicitly omitted"""
orthobornavirus bornaense,1714619,Bornaviridae,Orthobornavirus,False,low,"Error: ""Could not resolve authentication method. Expected either api_key or auth_token to be set. Or for one of the `X-Api-Key` or `Authorization` headers to be explicitly omitted"""
measles virus genotype d11,1511733,Paramyxoviridae,Morbillivirus,False,low,"Error: ""Could not resolve authentication method. Expected either api_key or auth_token to be set. Or for one of the `X-Api-Key` or `Authorization` headers to be explicitly omitted"""
measles virus genotype d4,170525,Paramyxoviridae,Morbillivirus,False,low,"Error: ""Could not resolve authentication method. Expected either api_key or auth_token to be set. Or for one of the `X-Api-Key` or `Authorization` headers to be explicitly omitted"""
measles virus genotype d8,170528,Paramyxoviridae,Morbillivirus,False,low,"Error: ""Could not resolve authentication method. Expected either api_key or auth_token to be set. Or for one of the `X-Api-Key` or `Authorization` headers to be explicitly omitted"""
measles virus genotype d9,1056491,Paramyxoviridae,Morbillivirus,False,low,"Error: ""Could not resolve authentication method. Expected either api_key or auth_token to be set. Or for one of the `X-Api-Key` or `Authorization` headers to be explicitly omitted"""
measles virus genotype g3,1056492,Paramyxoviridae,Morbillivirus,False,low,"Error: ""Could not resolve authentication method. Expected either api_key or auth_token to be set. Or for one of the `X-Api-Key` or `Authorization` headers to be explicitly omitted"""
measles virus genotype h1,763792,Paramyxoviridae,Morbillivirus,False,low,"Error: ""Could not resolve authentication method. Expected either api_key or auth_token to be set. Or for one of the `X-Api-Key` or `Authorization` headers to be explicitly omitted"""
measles virus strain moraten,132484,Paramyxoviridae,Morbillivirus,False,low,"Error: ""Could not resolve authentication method. Expected either api_key or auth_token to be set. Or for one of the `X-Api-Key` or `Authorization` headers to be explicitly omitted"""
human orthorubulavirus 4,2560526,Paramyxoviridae,Orthorubulavirus,False,low,"Error: ""Could not resolve authentication method. Expected either api_key or auth_token to be set. Or for one of the `X-Api-Key` or `Authorization` headers to be explicitly omitted"""
human parainfluenza virus 4a,11224,Paramyxoviridae,Orthorubulavirus,False,low,"Error: ""Could not resolve authentication method. Expected either api_key or auth_token to be set. Or for one of the `X-Api-Key` or `Authorization` headers to be explicitly omitted"""
human parainfluenza virus 4b,11226,Paramyxoviridae,Orthorubulavirus,False,low,"Error: ""Could not resolve authentication method. Expected either api_key or auth_token to be set. Or for one of the `X-Api-Key` or `Authorization` headers to be explicitly omitted"""
mumps virus genotype a,1395181,Paramyxoviridae,Orthorubulavirus,False,low,"Error: ""Could not resolve authentication method. Expected either api_key or auth_token to be set. Or for one of the `X-Api-Key` or `Authorization` headers to be explicitly omitted"""
mumps virus genotype b,1395182,Paramyxoviridae,Orthorubulavirus,False,low,"Error: ""Could not resolve authentication method. Expected either api_key or auth_token to be set. Or for one of the `X-Api-Key` or `Authorization` headers to be explicitly omitted"""
mumps virus genotype c,1428458,Paramyxoviridae,Orthorubulavirus,False,low,"Error: ""Could not resolve authentication method. Expected either api_key or auth_token to be set. Or for one of the `X-Api-Key` or `Authorization` headers to be explicitly omitted"""
mumps virus genotype d,1395179,Paramyxoviridae,Orthorubulavirus,False,low,"Error: ""Could not resolve authentication method. Expected either api_key or auth_token to be set. Or for one of the `X-Api-Key` or `Authorization` headers to be explicitly omitted"""
mumps virus genotype f,1384673,Paramyxoviridae,Orthorubulavirus,False,low,"Error: ""Could not resolve authentication method. Expected either api_key or auth_token to be set. Or for one of the `X-Api-Key` or `Authorization` headers to be explicitly omitted"""
mumps virus genotype g,1384672,Paramyxoviridae,Orthorubulavirus,False,low,"Error: ""Could not resolve authentication method. Expected either api_key or auth_token to be set. Or for one of the `X-Api-Key` or `Authorization` headers to be explicitly omitted"""
mumps virus genotype h,1395180,Paramyxoviridae,Orthorubulavirus,False,low,"Error: ""Could not resolve authentication method. Expected either api_key or auth_token to be set. Or for one of the `X-Api-Key` or `Authorization` headers to be explicitly omitted"""
mumps virus genotype i,1578041,Paramyxoviridae,Orthorubulavirus,False,low,"Error: ""Could not resolve authentication method. Expected either api_key or auth_token to be set. Or for one of the `X-Api-Key` or `Authorization` headers to be explicitly omitted"""
mumps virus genotype n,1395183,Paramyxoviridae,Orthorubulavirus,False,low,"Error: ""Could not resolve authentication method. Expected either api_key or auth_token to be set. Or for one of the `X-Api-Key` or `Authorization` headers to be explicitly omitted"""
human respiratory syncytial virus a,208893,Pneumoviridae,Orthopneumovirus,False,low,"Error: ""Could not resolve authentication method. Expected either api_key or auth_token to be set. Or for one of the `X-Api-Key` or `Authorization` headers to be explicitly omitted"""
human respiratory syncytial virus b,208895,Pneumoviridae,Orthopneumovirus,False,low,"Error: ""Could not resolve authentication method. Expected either api_key or auth_token to be set. Or for one of the `X-Api-Key` or `Authorization` headers to be explicitly omitted"""
ledantevirus ledantec,1978540,Rhabdoviridae,Ledantevirus,False,low,"Error: ""Could not resolve authentication method. Expected either api_key or auth_token to be set. Or for one of the `X-Api-Key` or `Authorization` headers to be explicitly omitted"""
lyssavirus ozernoe,642022,Rhabdoviridae,Lyssavirus,False,low,"Error: ""Could not resolve authentication method. Expected either api_key or auth_token to be set. Or for one of the `X-Api-Key` or `Authorization` headers to be explicitly omitted"""
human circular dsdna virus associated with alcoholic cirrhosis,749224,,,False,low,"Error: ""Could not resolve authentication method. Expected either api_key or auth_token to be set. Or for one of the `X-Api-Key` or `Authorization` headers to be explicitly omitted"""
human coronavirus nl63,277944,Coronaviridae,Alphacoronavirus,False,low,"Error: ""Could not resolve authentication method. Expected either api_key or auth_token to be set. Or for one of the `X-Api-Key` or `Authorization` headers to be explicitly omitted"""
human group 1 coronavirus associated with pneumonia,270642,Coronaviridae,Alphacoronavirus,False,low,"Error: ""Could not resolve authentication method. Expected either api_key or auth_token to be set. Or for one of the `X-Api-Key` or `Authorization` headers to be explicitly omitted"""
betacoronavirus england 1,1263720,Coronaviridae,Betacoronavirus,False,low,"Error: ""Could not resolve authentication method. Expected either api_key or auth_token to be set. Or for one of the `X-Api-Key` or `Authorization` headers to be explicitly omitted"""
human betacoronavirus 2c emc/2012,1235996,Coronaviridae,Betacoronavirus,False,low,"Error: ""Could not resolve authentication method. Expected either api_key or auth_token to be set. Or for one of the `X-Api-Key` or `Authorization` headers to be explicitly omitted"""
human betacoronavirus 2c england-qatar/2012,1298362,Coronaviridae,Betacoronavirus,False,low,"Error: ""Could not resolve authentication method. Expected either api_key or auth_token to be set. Or for one of the `X-Api-Key` or `Authorization` headers to be explicitly omitted"""
human betacoronavirus 2c jordan-n3/2012,1306931,Coronaviridae,Betacoronavirus,False,low,"Error: ""Could not resolve authentication method. Expected either api_key or auth_token to be set. Or for one of the `X-Api-Key` or `Authorization` headers to be explicitly omitted"""
human coronavirus hku1,290028,Coronaviridae,Betacoronavirus,False,low,"Error: ""Could not resolve authentication method. Expected either api_key or auth_token to be set. Or for one of the `X-Api-Key` or `Authorization` headers to be explicitly omitted"""
human enteric coronavirus 4408,166124,Coronaviridae,Betacoronavirus,False,low,"Error: ""Could not resolve authentication method. Expected either api_key or auth_token to be set. Or for one of the `X-Api-Key` or `Authorization` headers to be explicitly omitted"""
sars coronavirus bj01,228407,Coronaviridae,Betacoronavirus,False,low,"Error: ""Could not resolve authentication method. Expected either api_key or auth_token to be set. Or for one of the `X-Api-Key` or `Authorization` headers to be explicitly omitted"""
sars coronavirus bj162,321147,Coronaviridae,Betacoronavirus,False,low,"Error: ""Could not resolve authentication method. Expected either api_key or auth_token to be set. Or for one of the `X-Api-Key` or `Authorization` headers to be explicitly omitted"""
sars coronavirus bj182-12,511429,Coronaviridae,Betacoronavirus,False,low,"Error: ""Could not resolve authentication method. Expected either api_key or auth_token to be set. Or for one of the `X-Api-Key` or `Authorization` headers to be explicitly omitted"""
sars coronavirus bj182-4,511430,Coronaviridae,Betacoronavirus,False,low,"Error: ""Could not resolve authentication method. Expected either api_key or auth_token to be set. Or for one of the `X-Api-Key` or `Authorization` headers to be explicitly omitted"""
sars coronavirus bj182-8,511431,Coronaviridae,Betacoronavirus,False,low,"Error: ""Could not resolve authentication method. Expected either api_key or auth_token to be set. Or for one of the `X-Api-Key` or `Authorization` headers to be explicitly omitted"""
sars coronavirus bj182a,511432,Coronaviridae,Betacoronavirus,False,low,"Error: ""Could not resolve authentication method. Expected either api_key or auth_token to be set. Or for one of the `X-Api-Key` or `Authorization` headers to be explicitly omitted"""
sars coronavirus bj182b,511433,Coronaviridae,Betacoronavirus,False,low,"Error: ""Could not resolve authentication method. Expected either api_key or auth_token to be set. Or for one of the `X-Api-Key` or `Authorization` headers to be explicitly omitted"""
sars coronavirus bj202,321149,Coronaviridae,Betacoronavirus,False,low,"Error: ""Could not resolve authentication method. Expected either api_key or auth_token to be set. Or for one of the `X-Api-Key` or `Authorization` headers to be explicitly omitted"""
sars coronavirus cuhk-w1,228415,Coronaviridae,Betacoronavirus,False,low,"Error: ""Could not resolve authentication method. Expected either api_key or auth_token to be set. Or for one of the `X-Api-Key` or `Authorization` headers to be explicitly omitted"""
sars coronavirus gdh-bjh01,388737,Coronaviridae,Betacoronavirus,False,low,"Error: ""Could not resolve authentication method. Expected either api_key or auth_token to be set. Or for one of the `X-Api-Key` or `Authorization` headers to be explicitly omitted"""
sars coronavirus p2,627442,Coronaviridae,Betacoronavirus,False,low,"Error: ""Could not resolve authentication method. Expected either api_key or auth_token to be set. Or for one of the `X-Api-Key` or `Authorization` headers to be explicitly omitted"""
sars coronavirus pumc02,253434,Coronaviridae,Betacoronavirus,False,low,"Error: ""Could not resolve authentication method. Expected either api_key or auth_token to be set. Or for one of the `X-Api-Key` or `Authorization` headers to be explicitly omitted"""
sars coronavirus pumc03,253435,Coronaviridae,Betacoronavirus,False,low,"Error: ""Could not resolve authentication method. Expected either api_key or auth_token to be set. Or for one of the `X-Api-Key` or `Authorization` headers to be explicitly omitted"""
sars coronavirus urbani,228330,Coronaviridae,Betacoronavirus,False,low,"Error: ""Could not resolve authentication method. Expected either api_key or auth_token to be set. Or for one of the `X-Api-Key` or `Authorization` headers to be explicitly omitted"""
sars coronavirus whu,247149,Coronaviridae,Betacoronavirus,False,low,"Error: ""Could not resolve authentication method. Expected either api_key or auth_token to be set. Or for one of the `X-Api-Key` or `Authorization` headers to be explicitly omitted"""
sars coronavirus zj02,353145,Coronaviridae,Betacoronavirus,False,low,"Error: ""Could not resolve authentication method. Expected either api_key or auth_token to be set. Or for one of the `X-Api-Key` or `Authorization` headers to be explicitly omitted"""
coronavirus cya-betacov/2019,2749448,Coronaviridae,,False,low,"Error: ""Could not resolve authentication method. Expected either api_key or auth_token to be set. Or for one of the `X-Api-Key` or `Authorization` headers to be explicitly omitted"""
coronavirus cyb-betacov/2019,2749449,Coronaviridae,,False,low,"Error: ""Could not resolve authentication method. Expected either api_key or auth_token to be set. Or for one of the `X-Api-Key` or `Authorization` headers to be explicitly omitted"""
coronavirus cyc-betacov/2019,2749450,Coronaviridae,,False,low,"Error: ""Could not resolve authentication method. Expected either api_key or auth_token to be set. Or for one of the `X-Api-Key` or `Authorization` headers to be explicitly omitted"""
human t-lymphotropic virus 3,28332,Retroviridae,Deltaretrovirus,False,low,"Error: ""Could not resolve authentication method. Expected either api_key or auth_token to be set. Or for one of the `X-Api-Key` or `Authorization` headers to be explicitly omitted"""
human t-lymphotropic virus 4,318279,Retroviridae,Deltaretrovirus,False,low,"Error: ""Could not resolve authentication method. Expected either api_key or auth_token to be set. Or for one of the `X-Api-Key` or `Authorization` headers to be explicitly omitted"""
dg-75 murine leukemia virus,114654,Retroviridae,Gammaretrovirus,False,low,"Error: ""Could not resolve authentication method. Expected either api_key or auth_token to be set. Or for one of the `X-Api-Key` or `Authorization` headers to be explicitly omitted"""
murine leukemia virus n417,933438,Retroviridae,Gammaretrovirus,False,low,"Error: ""Could not resolve authentication method. Expected either api_key or auth_token to be set. Or for one of the `X-Api-Key` or `Authorization` headers to be explicitly omitted"""
hiv-like human cancer virus,433832,Retroviridae,Lentivirus,False,low,"Error: ""Could not resolve authentication method. Expected either api_key or auth_token to be set. Or for one of the `X-Api-Key` or `Authorization` headers to be explicitly omitted"""
human immunodeficiency virus,12721,Retroviridae,Lentivirus,False,low,"Error: ""Could not resolve authentication method. Expected either api_key or auth_token to be set. Or for one of the `X-Api-Key` or `Authorization` headers to be explicitly omitted"""
human endogenous retrovirus,11827,Retroviridae,,False,low,"Error: ""Could not resolve authentication method. Expected either api_key or auth_token to be set. Or for one of the `X-Api-Key` or `Authorization` headers to be explicitly omitted"""
human endogenous retrovirus k,45617,Retroviridae,,False,low,"Error: ""Could not resolve authentication method. Expected either api_key or auth_token to be set. Or for one of the `X-Api-Key` or `Authorization` headers to be explicitly omitted"""
eastern chimpanzee simian foamy virus,2170195,Retroviridae,Simiispumavirus,False,low,"Error: ""Could not resolve authentication method. Expected either api_key or auth_token to be set. Or for one of the `X-Api-Key` or `Authorization` headers to be explicitly omitted"""
guenon simian foamy virus,2170197,Retroviridae,Simiispumavirus,False,low,"Error: ""Could not resolve authentication method. Expected either api_key or auth_token to be set. Or for one of the `X-Api-Key` or `Authorization` headers to be explicitly omitted"""
human bocavirus 1,689403,Parvoviridae,Bocaparvovirus,False,low,"Error: ""Could not resolve authentication method. Expected either api_key or auth_token to be set. Or for one of the `X-Api-Key` or `Authorization` headers to be explicitly omitted"""
human bocavirus 2a tu,1511880,Parvoviridae,Bocaparvovirus,False,low,"Error: ""Could not resolve authentication method. Expected either api_key or auth_token to be set. Or for one of the `X-Api-Key` or `Authorization` headers to be explicitly omitted"""
human bocavirus 2b ni,1511881,Parvoviridae,Bocaparvovirus,False,low,"Error: ""Could not resolve authentication method. Expected either api_key or auth_token to be set. Or for one of the `X-Api-Key` or `Authorization` headers to be explicitly omitted"""
human bocavirus 2c,2773471,Parvoviridae,Bocaparvovirus,False,low,"Error: ""Could not resolve authentication method. Expected either api_key or auth_token to be set. Or for one of the `X-Api-Key` or `Authorization` headers to be explicitly omitted"""
human bocavirus 2c pk,1511882,Parvoviridae,Bocaparvovirus,False,low,"Error: ""Could not resolve authentication method. Expected either api_key or auth_token to be set. Or for one of the `X-Api-Key` or `Authorization` headers to be explicitly omitted"""
human bocavirus 4 ni,1511883,Parvoviridae,Bocaparvovirus,False,low,"Error: ""Could not resolve authentication method. Expected either api_key or auth_token to be set. Or for one of the `X-Api-Key` or `Authorization` headers to be explicitly omitted"""
human bocavirus isolate sh1,1108925,Parvoviridae,Bocaparvovirus,False,low,"Error: ""Could not resolve authentication method. Expected either api_key or auth_token to be set. Or for one of the `X-Api-Key` or `Authorization` headers to be explicitly omitted"""
human bocavirus isolate sh2,1108926,Parvoviridae,Bocaparvovirus,False,low,"Error: ""Could not resolve authentication method. Expected either api_key or auth_token to be set. Or for one of the `X-Api-Key` or `Authorization` headers to be explicitly omitted"""
human bocavirus wll-1,394504,Parvoviridae,Bocaparvovirus,False,low,"Error: ""Could not resolve authentication method. Expected either api_key or auth_token to be set. Or for one of the `X-Api-Key` or `Authorization` headers to be explicitly omitted"""
human bocavirus wll-2,430048,Parvoviridae,Bocaparvovirus,False,low,"Error: ""Could not resolve authentication method. Expected either api_key or auth_token to be set. Or for one of the `X-Api-Key` or `Authorization` headers to be explicitly omitted"""
human bocavirus wll-3,444473,Parvoviridae,Bocaparvovirus,False,low,"Error: ""Could not resolve authentication method. Expected either api_key or auth_token to be set. Or for one of the `X-Api-Key` or `Authorization` headers to be explicitly omitted"""
adeno-associated virus - 3,46350,Parvoviridae,Dependoparvovirus,False,low,"Error: ""Could not resolve authentication method. Expected either api_key or auth_token to be set. Or for one of the `X-Api-Key` or `Authorization` headers to be explicitly omitted"""
adeno-associated virus - 6,68558,Parvoviridae,Dependoparvovirus,False,low,"Error: ""Could not resolve authentication method. Expected either api_key or auth_token to be set. Or for one of the `X-Api-Key` or `Authorization` headers to be explicitly omitted"""
adeno-associated virus 5,82300,Parvoviridae,Dependoparvovirus,False,low,"Error: ""Could not resolve authentication method. Expected either api_key or auth_token to be set. Or for one of the `X-Api-Key` or `Authorization` headers to be explicitly omitted"""
human erythrovirus v9,72197,Parvoviridae,Erythroparvovirus,False,low,"Error: ""Could not resolve authentication method. Expected either api_key or auth_token to be set. Or for one of the `X-Api-Key` or `Authorization` headers to be explicitly omitted"""
human parvovirus 4 g1,1511919,Parvoviridae,Tetraparvovirus,False,low,"Error: ""Could not resolve authentication method. Expected either api_key or auth_token to be set. Or for one of the `X-Api-Key` or `Authorization` headers to be explicitly omitted"""
chiba virus,99565,Caliciviridae,Norovirus,False,low,"Error: ""Could not resolve authentication method. Expected either api_key or auth_token to be set. Or for one of the `X-Api-Key` or `Authorization` headers to be explicitly omitted"""
human calicivirus hu/nlv/oxford/b5s22/2003/uk,270370,Caliciviridae,Norovirus,False,low,"Error: ""Could not resolve authentication method. Expected either api_key or auth_token to be set. Or for one of the `X-Api-Key` or `Authorization` headers to be explicitly omitted"""
human calicivirus nlv/gii/langen1061/2002/de,258453,Caliciviridae,Norovirus,False,low,"Error: ""Could not resolve authentication method. Expected either api_key or auth_token to be set. Or for one of the `X-Api-Key` or `Authorization` headers to be explicitly omitted"""
norovirus gix,2594528,Caliciviridae,Norovirus,False,low,"Error: ""Could not resolve authentication method. Expected either api_key or auth_token to be set. Or for one of the `X-Api-Key` or `Authorization` headers to be explicitly omitted"""
norovirus hu/chiba/04-1050/2005/jp,336619,Caliciviridae,Norovirus,False,low,"Error: ""Could not resolve authentication method. Expected either api_key or auth_token to be set. Or for one of the `X-Api-Key` or `Authorization` headers to be explicitly omitted"""
norovirus hu/gi/otofuke/1979/jp,290280,Caliciviridae,Norovirus,False,low,"Error: ""Could not resolve authentication method. Expected either api_key or auth_token to be set. Or for one of the `X-Api-Key` or `Authorization` headers to be explicitly omitted"""
norovirus hu/guangzhou/nvgz01/chn,370037,Caliciviridae,Norovirus,False,low,"Error: ""Could not resolve authentication method. Expected either api_key or auth_token to be set. Or for one of the `X-Api-Key` or `Authorization` headers to be explicitly omitted"""
norovirus hu/mk04/2004/jp,379081,Caliciviridae,Norovirus,False,low,"Error: ""Could not resolve authentication method. Expected either api_key or auth_token to be set. Or for one of the `X-Api-Key` or `Authorization` headers to be explicitly omitted"""
norovirus hu/nlv/dresden174/pus-norii/1997/ge,296145,Caliciviridae,Norovirus,False,low,"Error: ""Could not resolve authentication method. Expected either api_key or auth_token to be set. Or for one of the `X-Api-Key` or `Authorization` headers to be explicitly omitted"""
norovirus hu/nlv/oxford/b2s16/2002/uk,272576,Caliciviridae,Norovirus,False,low,"Error: ""Could not resolve authentication method. Expected either api_key or auth_token to be set. Or for one of the `X-Api-Key` or `Authorization` headers to be explicitly omitted"""
norovirus hu/nlv/oxford/b4s1/2002/uk,272575,Caliciviridae,Norovirus,False,low,"Error: ""Could not resolve authentication method. Expected either api_key or auth_token to be set. Or for one of the `X-Api-Key` or `Authorization` headers to be explicitly omitted"""
norovirus hu/nlv/oxford/b4s2/2002/uk,272570,Caliciviridae,Norovirus,False,low,"Error: ""Could not resolve authentication method. Expected either api_key or auth_token to be set. Or for one of the `X-Api-Key` or `Authorization` headers to be explicitly omitted"""
norovirus hu/nlv/oxford/b4s4/2002/uk,272573,Caliciviridae,Norovirus,False,low,"Error: ""Could not resolve authentication method. Expected either api_key or auth_token to be set. Or for one of the `X-Api-Key` or `Authorization` headers to be explicitly omitted"""
norovirus hu/nlv/oxford/b4s5/2002/uk,272571,Caliciviridae,Norovirus,False,low,"Error: ""Could not resolve authentication method. Expected either api_key or auth_token to be set. Or for one of the `X-Api-Key` or `Authorization` headers to be explicitly omitted"""
norovirus hu/nlv/oxford/b4s6/2002/uk,272572,Caliciviridae,Norovirus,False,low,"Error: ""Could not resolve authentication method. Expected either api_key or auth_token to be set. Or for one of the `X-Api-Key` or `Authorization` headers to be explicitly omitted"""
norovirus hu/nlv/oxford/b4s7/2002/uk,272574,Caliciviridae,Norovirus,False,low,"Error: ""Could not resolve authentication method. Expected either api_key or auth_token to be set. Or for one of the `X-Api-Key` or `Authorization` headers to be explicitly omitted"""
norovirus hu/norwalk/10034/2009/vnm,1261195,Caliciviridae,Norovirus,False,low,"Error: ""Could not resolve authentication method. Expected either api_key or auth_token to be set. Or for one of the `X-Api-Key` or `Authorization` headers to be explicitly omitted"""
norovirus hu/norwalk/10051/2009/vnm,1261196,Caliciviridae,Norovirus,False,low,"Error: ""Could not resolve authentication method. Expected either api_key or auth_token to be set. Or for one of the `X-Api-Key` or `Authorization` headers to be explicitly omitted"""
norovirus hu/norwalk/10054/2009/vnm,1261197,Caliciviridae,Norovirus,False,low,"Error: ""Could not resolve authentication method. Expected either api_key or auth_token to be set. Or for one of the `X-Api-Key` or `Authorization` headers to be explicitly omitted"""
norovirus hu/norwalk/10062/2009/vnm,1261198,Caliciviridae,Norovirus,False,low,"Error: ""Could not resolve authentication method. Expected either api_key or auth_token to be set. Or for one of the `X-Api-Key` or `Authorization` headers to be explicitly omitted"""
norovirus hu/norwalk/10074/2009/vnm,1261199,Caliciviridae,Norovirus,False,low,"Error: ""Could not resolve authentication method. Expected either api_key or auth_token to be set. Or for one of the `X-Api-Key` or `Authorization` headers to be explicitly omitted"""
norovirus hu/norwalk/10075/2009/vnm,1261200,Caliciviridae,Norovirus,False,low,"Error: ""Could not resolve authentication method. Expected either api_key or auth_token to be set. Or for one of the `X-Api-Key` or `Authorization` headers to be explicitly omitted"""
norovirus hu/norwalk/10078/2009/vnm,1261201,Caliciviridae,Norovirus,False,low,"Error: ""Could not resolve authentication method. Expected either api_key or auth_token to be set. Or for one of the `X-Api-Key` or `Authorization` headers to be explicitly omitted"""
norovirus hu/norwalk/10079/2009/vnm,1261202,Caliciviridae,Norovirus,False,low,"Error: ""Could not resolve authentication method. Expected either api_key or auth_token to be set. Or for one of the `X-Api-Key` or `Authorization` headers to be explicitly omitted"""
norovirus hu/norwalk/10110/2009/vnm,1261203,Caliciviridae,Norovirus,False,low,"Error: ""Could not resolve authentication method. Expected either api_key or auth_token to be set. Or for one of the `X-Api-Key` or `Authorization` headers to be explicitly omitted"""
norovirus hu/norwalk/10114/2009/vnm,1261204,Caliciviridae,Norovirus,False,low,"Error: ""Could not resolve authentication method. Expected either api_key or auth_token to be set. Or for one of the `X-Api-Key` or `Authorization` headers to be explicitly omitted"""
norovirus hu/norwalk/10116/2009/vnm,1261205,Caliciviridae,Norovirus,False,low,"Error: ""Could not resolve authentication method. Expected either api_key or auth_token to be set. Or for one of the `X-Api-Key` or `Authorization` headers to be explicitly omitted"""
norovirus hu/norwalk/10129/2009/vnm,1261206,Caliciviridae,Norovirus,False,low,"Error: ""Could not resolve authentication method. Expected either api_key or auth_token to be set. Or for one of the `X-Api-Key` or `Authorization` headers to be explicitly omitted"""
norovirus hu/norwalk/10136/2009/vnm,1261207,Caliciviridae,Norovirus,False,low,"Error: ""Could not resolve authentication method. Expected either api_key or auth_token to be set. Or for one of the `X-Api-Key` or `Authorization` headers to be explicitly omitted"""
norovirus hu/norwalk/10137/2009/vnm,1261208,Caliciviridae,Norovirus,False,low,"Error: ""Could not resolve authentication method. Expected either api_key or auth_token to be set. Or for one of the `X-Api-Key` or `Authorization` headers to be explicitly omitted"""
norovirus hu/norwalk/10145/2009/vnm,1261209,Caliciviridae,Norovirus,False,low,"Error: ""Could not resolve authentication method. Expected either api_key or auth_token to be set. Or for one of the `X-Api-Key` or `Authorization` headers to be explicitly omitted"""
norovirus hu/norwalk/10148/2009/vnm,1261210,Caliciviridae,Norovirus,False,low,"Error: ""Could not resolve authentication method. Expected either api_key or auth_token to be set. Or for one of the `X-Api-Key` or `Authorization` headers to be explicitly omitted"""
norovirus hu/norwalk/10158/2009/vnm,1261211,Caliciviridae,Norovirus,False,low,"Error: ""Could not resolve authentication method. Expected either api_key or auth_token to be set. Or for one of the `X-Api-Key` or `Authorization` headers to be explicitly omitted"""
norovirus hu/norwalk/10160/2009/vnm,1261212,Caliciviridae,Norovirus,False,low,"Error: ""Could not resolve authentication method. Expected either api_key or auth_token to be set. Or for one of the `X-Api-Key` or `Authorization` headers to be explicitly omitted"""
norovirus hu/norwalk/10162/2009/vnm,1261213,Caliciviridae,Norovirus,False,low,"Error: ""Could not resolve authentication method. Expected either api_key or auth_token to be set. Or for one of the `X-Api-Key` or `Authorization` headers to be explicitly omitted"""
norovirus hu/norwalk/10163/2009/vnm,1261214,Caliciviridae,Norovirus,False,low,"Error: ""Could not resolve authentication method. Expected either api_key or auth_token to be set. Or for one of the `X-Api-Key` or `Authorization` headers to be explicitly omitted"""
norovirus hu/norwalk/10169/2009/vnm,1261215,Caliciviridae,Norovirus,False,low,"Error: ""Could not resolve authentication method. Expected either api_key or auth_token to be set. Or for one of the `X-Api-Key` or `Authorization` headers to be explicitly omitted"""
norovirus hu/norwalk/10173/2009/vnm,1261216,Caliciviridae,Norovirus,False,low,"Error: ""Could not resolve authentication method. Expected either api_key or auth_token to be set. Or for one of the `X-Api-Key` or `Authorization` headers to be explicitly omitted"""
norovirus hu/norwalk/10176/2009/vnm,1261217,Caliciviridae,Norovirus,False,low,"Error: ""Could not resolve authentication method. Expected either api_key or auth_token to be set. Or for one of the `X-Api-Key` or `Authorization` headers to be explicitly omitted"""
norovirus hu/norwalk/10177/2009/vnm,1261218,Caliciviridae,Norovirus,False,low,"Error: ""Could not resolve authentication method. Expected either api_key or auth_token to be set. Or for one of the `X-Api-Key` or `Authorization` headers to be explicitly omitted"""
norovirus hu/norwalk/10179/2009/vnm,1261219,Caliciviridae,Norovirus,False,low,"Error: ""Could not resolve authentication method. Expected either api_key or auth_token to be set. Or for one of the `X-Api-Key` or `Authorization` headers to be explicitly omitted"""
norovirus hu/norwalk/10182/2009/vnm,1261220,Caliciviridae,Norovirus,False,low,"Error: ""Could not resolve authentication method. Expected either api_key or auth_token to be set. Or for one of the `X-Api-Key` or `Authorization` headers to be explicitly omitted"""
norovirus hu/norwalk/10183/2009/vnm,1261221,Caliciviridae,Norovirus,False,low,"Error: ""Could not resolve authentication method. Expected either api_key or auth_token to be set. Or for one of the `X-Api-Key` or `Authorization` headers to be explicitly omitted"""
norovirus hu/norwalk/10194/2009/vnm,1261222,Caliciviridae,Norovirus,False,low,"Error: ""Could not resolve authentication method. Expected either api_key or auth_token to be set. Or for one of the `X-Api-Key` or `Authorization` headers to be explicitly omitted"""
norovirus hu/norwalk/10199/2009/vnm,1261223,Caliciviridae,Norovirus,False,low,"Error: ""Could not resolve authentication method. Expected either api_key or auth_token to be set. Or for one of the `X-Api-Key` or `Authorization` headers to be explicitly omitted"""
norovirus hu/norwalk/10203/2009/vnm,1261224,Caliciviridae,Norovirus,False,low,"Error: ""Could not resolve authentication method. Expected either api_key or auth_token to be set. Or for one of the `X-Api-Key` or `Authorization` headers to be explicitly omitted"""
norovirus hu/norwalk/10204/2009/vnm,1261225,Caliciviridae,Norovirus,False,low,"Error: ""Could not resolve authentication method. Expected either api_key or auth_token to be set. Or for one of the `X-Api-Key` or `Authorization` headers to be explicitly omitted"""
norovirus hu/norwalk/10222/2009/vnm,1261226,Caliciviridae,Norovirus,False,low,"Error: ""Could not resolve authentication method. Expected either api_key or auth_token to be set. Or for one of the `X-Api-Key` or `Authorization` headers to be explicitly omitted"""
norovirus hu/norwalk/10223/2009/vnm,1261227,Caliciviridae,Norovirus,False,low,"Error: ""Could not resolve authentication method. Expected either api_key or auth_token to be set. Or for one of the `X-Api-Key` or `Authorization` headers to be explicitly omitted"""
norovirus hu/norwalk/10235/2009/vnm,1261228,Caliciviridae,Norovirus,False,low,"Error: ""Could not resolve authentication method. Expected either api_key or auth_token to be set. Or for one of the `X-Api-Key` or `Authorization` headers to be explicitly omitted"""
norovirus hu/norwalk/10236/2009/vnm,1261229,Caliciviridae,Norovirus,False,low,"Error: ""Could not resolve authentication method. Expected either api_key or auth_token to be set. Or for one of the `X-Api-Key` or `Authorization` headers to be explicitly omitted"""
norovirus hu/norwalk/10238/2009/vnm,1261230,Caliciviridae,Norovirus,False,low,"Error: ""Could not resolve authentication method. Expected either api_key or auth_token to be set. Or for one of the `X-Api-Key` or `Authorization` headers to be explicitly omitted"""
norovirus hu/norwalk/10247/2009/vnm,1261231,Caliciviridae,Norovirus,False,low,"Error: ""Could not resolve authentication method. Expected either api_key or auth_token to be set. Or for one of the `X-Api-Key` or `Authorization` headers to be explicitly omitted"""
norovirus hu/norwalk/10255/2009/vnm,1261232,Caliciviridae,Norovirus,False,low,"Error: ""Could not resolve authentication method. Expected either api_key or auth_token to be set. Or for one of the `X-Api-Key` or `Authorization` headers to be explicitly omitted"""
norovirus hu/norwalk/10285/2010/vnm,1261233,Caliciviridae,Norovirus,False,low,"Error: ""Could not resolve authentication method. Expected either api_key or auth_token to be set. Or for one of the `X-Api-Key` or `Authorization` headers to be explicitly omitted"""
norovirus hu/norwalk/10296/2010/vnm,1261234,Caliciviridae,Norovirus,False,low,"Error: ""Could not resolve authentication method. Expected either api_key or auth_token to be set. Or for one of the `X-Api-Key` or `Authorization` headers to be explicitly omitted"""
norovirus hu/norwalk/10313/2010/vnm,1261235,Caliciviridae,Norovirus,False,low,"Error: ""Could not resolve authentication method. Expected either api_key or auth_token to be set. Or for one of the `X-Api-Key` or `Authorization` headers to be explicitly omitted"""
norovirus hu/norwalk/10325/2010/vnm,1261236,Caliciviridae,Norovirus,False,low,"Error: ""Could not resolve authentication method. Expected either api_key or auth_token to be set. Or for one of the `X-Api-Key` or `Authorization` headers to be explicitly omitted"""
norovirus hu/norwalk/10328/2010/vnm,1261237,Caliciviridae,Norovirus,False,low,"Error: ""Could not resolve authentication method. Expected either api_key or auth_token to be set. Or for one of the `X-Api-Key` or `Authorization` headers to be explicitly omitted"""
norovirus hu/norwalk/10368/2010/vnm,1261238,Caliciviridae,Norovirus,False,low,"Error: ""Could not resolve authentication method. Expected either api_key or auth_token to be set. Or for one of the `X-Api-Key` or `Authorization` headers to be explicitly omitted"""
norovirus hu/norwalk/10378/2010/vnm,1261239,Caliciviridae,Norovirus,False,low,"Error: ""Could not resolve authentication method. Expected either api_key or auth_token to be set. Or for one of the `X-Api-Key` or `Authorization` headers to be explicitly omitted"""
norovirus hu/norwalk/10386/2010/vnm,1261240,Caliciviridae,Norovirus,False,low,"Error: ""Could not resolve authentication method. Expected either api_key or auth_token to be set. Or for one of the `X-Api-Key` or `Authorization` headers to be explicitly omitted"""
norovirus hu/norwalk/20008/2009/vnm,1261241,Caliciviridae,Norovirus,False,low,"Error: ""Could not resolve authentication method. Expected either api_key or auth_token to be set. Or for one of the `X-Api-Key` or `Authorization` headers to be explicitly omitted"""
norovirus hu/norwalk/20010/2009/vnm,1261242,Caliciviridae,Norovirus,False,low,"Error: ""Could not resolve authentication method. Expected either api_key or auth_token to be set. Or for one of the `X-Api-Key` or `Authorization` headers to be explicitly omitted"""
norovirus hu/norwalk/20014/2009/vnm,1261243,Caliciviridae,Norovirus,False,low,"Error: ""Could not resolve authentication method. Expected either api_key or auth_token to be set. Or for one of the `X-Api-Key` or `Authorization` headers to be explicitly omitted"""
norovirus hu/norwalk/20016/2009/vnm,1261244,Caliciviridae,Norovirus,False,low,"Error: ""Could not resolve authentication method. Expected either api_key or auth_token to be set. Or for one of the `X-Api-Key` or `Authorization` headers to be explicitly omitted"""
norovirus hu/norwalk/20019/2009/vnm,1261245,Caliciviridae,Norovirus,False,low,"Error: ""Could not resolve authentication method. Expected either api_key or auth_token to be set. Or for one of the `X-Api-Key` or `Authorization` headers to be explicitly omitted"""
norovirus hu/norwalk/20033/2009/vnm,1261246,Caliciviridae,Norovirus,False,low,"Error: ""Could not resolve authentication method. Expected either api_key or auth_token to be set. Or for one of the `X-Api-Key` or `Authorization` headers to be explicitly omitted"""
norovirus hu/norwalk/20035/2009/vnm,1261247,Caliciviridae,Norovirus,False,low,"Error: ""Could not resolve authentication method. Expected either api_key or auth_token to be set. Or for one of the `X-Api-Key` or `Authorization` headers to be explicitly omitted"""
norovirus hu/norwalk/20044/2009/vnm,1261248,Caliciviridae,Norovirus,False,low,"Error: ""Could not resolve authentication method. Expected either api_key or auth_token to be set. Or for one of the `X-Api-Key` or `Authorization` headers to be explicitly omitted"""
norovirus hu/norwalk/20047/2009/vnm,1261249,Caliciviridae,Norovirus,False,low,"Error: ""Could not resolve authentication method. Expected either api_key or auth_token to be set. Or for one of the `X-Api-Key` or `Authorization` headers to be explicitly omitted"""
norovirus hu/norwalk/20066/2009/vnm,1261250,Caliciviridae,Norovirus,False,low,"Error: ""Could not resolve authentication method. Expected either api_key or auth_token to be set. Or for one of the `X-Api-Key` or `Authorization` headers to be explicitly omitted"""
norovirus hu/norwalk/20067/2009/vnm,1261251,Caliciviridae,Norovirus,False,low,"Error: ""Could not resolve authentication method. Expected either api_key or auth_token to be set. Or for one of the `X-Api-Key` or `Authorization` headers to be explicitly omitted"""
norovirus hu/norwalk/20069/2009/vnm,1261252,Caliciviridae,Norovirus,False,low,"Error: ""Could not resolve authentication method. Expected either api_key or auth_token to be set. Or for one of the `X-Api-Key` or `Authorization` headers to be explicitly omitted"""
norovirus hu/norwalk/20092/2009/vnm,1261253,Caliciviridae,Norovirus,False,low,"Error: ""Could not resolve authentication method. Expected either api_key or auth_token to be set. Or for one of the `X-Api-Key` or `Authorization` headers to be explicitly omitted"""
norovirus hu/norwalk/20093/2009/vnm,1261254,Caliciviridae,Norovirus,False,low,"Error: ""Could not resolve authentication method. Expected either api_key or auth_token to be set. Or for one of the `X-Api-Key` or `Authorization` headers to be explicitly omitted"""
norovirus hu/norwalk/20094/2009/vnm,1261255,Caliciviridae,Norovirus,False,low,"Error: ""Could not resolve authentication method. Expected either api_key or auth_token to be set. Or for one of the `X-Api-Key` or `Authorization` headers to be explicitly omitted"""
norovirus hu/norwalk/20118/2009/vnm,1261256,Caliciviridae,Norovirus,False,low,"Error: ""Could not resolve authentication method. Expected either api_key or auth_token to be set. Or for one of the `X-Api-Key` or `Authorization` headers to be explicitly omitted"""
norovirus hu/norwalk/20122/2009/vnm,1261257,Caliciviridae,Norovirus,False,low,"Error: ""Could not resolve authentication method. Expected either api_key or auth_token to be set. Or for one of the `X-Api-Key` or `Authorization` headers to be explicitly omitted"""
norovirus hu/norwalk/20123/2009/vnm,1261258,Caliciviridae,Norovirus,False,low,"Error: ""Could not resolve authentication method. Expected either api_key or auth_token to be set. Or for one of the `X-Api-Key` or `Authorization` headers to be explicitly omitted"""
norovirus hu/norwalk/20128/2009/vnm,1261259,Caliciviridae,Norovirus,False,low,"Error: ""Could not resolve authentication method. Expected either api_key or auth_token to be set. Or for one of the `X-Api-Key` or `Authorization` headers to be explicitly omitted"""
norovirus hu/norwalk/20135/2009/vnm,1261260,Caliciviridae,Norovirus,False,low,"Error: ""Could not resolve authentication method. Expected either api_key or auth_token to be set. Or for one of the `X-Api-Key` or `Authorization` headers to be explicitly omitted"""
norovirus hu/norwalk/20139/2009/vnm,1261261,Caliciviridae,Norovirus,False,low,"Error: ""Could not resolve authentication method. Expected either api_key or auth_token to be set. Or for one of the `X-Api-Key` or `Authorization` headers to be explicitly omitted"""
norovirus hu/norwalk/20140/2009/vnm,1261262,Caliciviridae,Norovirus,False,low,"Error: ""Could not resolve authentication method. Expected either api_key or auth_token to be set. Or for one of the `X-Api-Key` or `Authorization` headers to be explicitly omitted"""
norovirus hu/norwalk/20142/2009/vnm,1261263,Caliciviridae,Norovirus,False,low,"Error: ""Could not resolve authentication method. Expected either api_key or auth_token to be set. Or for one of the `X-Api-Key` or `Authorization` headers to be explicitly omitted"""
norovirus hu/shanghai/sh312/2009/chn,756497,Caliciviridae,Norovirus,False,low,"Error: ""Could not resolve authentication method. Expected either api_key or auth_token to be set. Or for one of the `X-Api-Key` or `Authorization` headers to be explicitly omitted"""
norovirus hu/shanghai/sh5/2009/chn,756496,Caliciviridae,Norovirus,False,low,"Error: ""Could not resolve authentication method. Expected either api_key or auth_token to be set. Or for one of the `X-Api-Key` or `Authorization` headers to be explicitly omitted"""
norovirus hu/texas/tch04-577/2004/us,479952,Caliciviridae,Norovirus,False,low,"Error: ""Could not resolve authentication method. Expected either api_key or auth_token to be set. Or for one of the `X-Api-Key` or `Authorization` headers to be explicitly omitted"""
norovirus jb031230049/nanshan/ob/12/2012/sz/chn,1507813,Caliciviridae,Norovirus,False,low,"Error: ""Could not resolve authentication method. Expected either api_key or auth_token to be set. Or for one of the `X-Api-Key` or `Authorization` headers to be explicitly omitted"""
norovirus jb031230054/luohu/ob/12/2012/sz/chn,1507812,Caliciviridae,Norovirus,False,low,"Error: ""Could not resolve authentication method. Expected either api_key or auth_token to be set. Or for one of the `X-Api-Key` or `Authorization` headers to be explicitly omitted"""
sapporo-hk299 virus,2779846,Caliciviridae,Norovirus,False,low,"Error: ""Could not resolve authentication method. Expected either api_key or auth_token to be set. Or for one of the `X-Api-Key` or `Authorization` headers to be explicitly omitted"""
ehime virus,2849733,Caliciviridae,Sapovirus,False,low,"Error: ""Could not resolve authentication method. Expected either api_key or auth_token to be set. Or for one of the `X-Api-Key` or `Authorization` headers to be explicitly omitted"""
sapovirus d1737-a/jun2008/jpn,674093,Caliciviridae,Sapovirus,False,low,"Error: ""Could not resolve authentication method. Expected either api_key or auth_token to be set. Or for one of the `X-Api-Key` or `Authorization` headers to be explicitly omitted"""
sapovirus gii,515177,Caliciviridae,Sapovirus,False,low,"Error: ""Could not resolve authentication method. Expected either api_key or auth_token to be set. Or for one of the `X-Api-Key` or `Authorization` headers to be explicitly omitted"""
sapovirus giv,515179,Caliciviridae,Sapovirus,False,low,"Error: ""Could not resolve authentication method. Expected either api_key or auth_token to be set. Or for one of the `X-Api-Key` or `Authorization` headers to be explicitly omitted"""
sapovirus hu/20082029/2008/jp,1031410,Caliciviridae,Sapovirus,False,low,"Error: ""Could not resolve authentication method. Expected either api_key or auth_token to be set. Or for one of the `X-Api-Key` or `Authorization` headers to be explicitly omitted"""
sapovirus hu/d1714-b/2008/jpn,674086,Caliciviridae,Sapovirus,False,low,"Error: ""Could not resolve authentication method. Expected either api_key or auth_token to be set. Or for one of the `X-Api-Key` or `Authorization` headers to be explicitly omitted"""
sapovirus hu/dresden/pjg-sap01/de,291175,Caliciviridae,Sapovirus,False,low,"Error: ""Could not resolve authentication method. Expected either api_key or auth_token to be set. Or for one of the `X-Api-Key` or `Authorization` headers to be explicitly omitted"""
sapovirus hu/kushiro5/2007/jp,556755,Caliciviridae,Sapovirus,False,low,"Error: ""Could not resolve authentication method. Expected either api_key or auth_token to be set. Or for one of the `X-Api-Key` or `Authorization` headers to be explicitly omitted"""
sapovirus hu/nagoya/ngy-1/2012/jpn,1280920,Caliciviridae,Sapovirus,False,low,"Error: ""Could not resolve authentication method. Expected either api_key or auth_token to be set. Or for one of the `X-Api-Key` or `Authorization` headers to be explicitly omitted"""
sapovirus hu/oh08021/2008/jp,1003429,Caliciviridae,Sapovirus,False,low,"Error: ""Could not resolve authentication method. Expected either api_key or auth_token to be set. Or for one of the `X-Api-Key` or `Authorization` headers to be explicitly omitted"""
sapovirus mc114,234603,Caliciviridae,Sapovirus,False,low,"Error: ""Could not resolve authentication method. Expected either api_key or auth_token to be set. Or for one of the `X-Api-Key` or `Authorization` headers to be explicitly omitted"""
hom-1 vesivirus,1960046,Caliciviridae,Vesivirus,False,low,"Error: ""Could not resolve authentication method. Expected either api_key or auth_token to be set. Or for one of the `X-Api-Key` or `Authorization` headers to be explicitly omitted"""
dicistroviridae tz-1,2575370,Dicistroviridae,,False,low,"Error: ""Could not resolve authentication method. Expected either api_key or auth_token to be set. Or for one of the `X-Api-Key` or `Authorization` headers to be explicitly omitted"""
dicistroviridae tz-2,2575371,Dicistroviridae,,False,low,"Error: ""Could not resolve authentication method. Expected either api_key or auth_token to be set. Or for one of the `X-Api-Key` or `Authorization` headers to be explicitly omitted"""
dicistroviridae tz-3,2575372,Dicistroviridae,,False,low,"Error: ""Could not resolve authentication method. Expected either api_key or auth_token to be set. Or for one of the `X-Api-Key` or `Authorization` headers to be explicitly omitted"""
human tmev-like cardiovirus,511755,Picornaviridae,Cardiovirus,False,low,"Error: ""Could not resolve authentication method. Expected either api_key or auth_token to be set. Or for one of the `X-Api-Key` or `Authorization` headers to be explicitly omitted"""
saffold virus,434309,Picornaviridae,Cardiovirus,False,low,"Error: ""Could not resolve authentication method. Expected either api_key or auth_token to be set. Or for one of the `X-Api-Key` or `Authorization` headers to be explicitly omitted"""
saffold virus 2,1425211,Picornaviridae,Cardiovirus,False,low,"Error: ""Could not resolve authentication method. Expected either api_key or auth_token to be set. Or for one of the `X-Api-Key` or `Authorization` headers to be explicitly omitted"""
saffold virus 3,1982742,Picornaviridae,Cardiovirus,False,low,"Error: ""Could not resolve authentication method. Expected either api_key or auth_token to be set. Or for one of the `X-Api-Key` or `Authorization` headers to be explicitly omitted"""
cosavirus b,2003649,Picornaviridae,Cosavirus,False,low,"Error: ""Could not resolve authentication method. Expected either api_key or auth_token to be set. Or for one of the `X-Api-Key` or `Authorization` headers to be explicitly omitted"""
cosavirus d,2003650,Picornaviridae,Cosavirus,False,low,"Error: ""Could not resolve authentication method. Expected either api_key or auth_token to be set. Or for one of the `X-Api-Key` or `Authorization` headers to be explicitly omitted"""
cosavirus e,2003651,Picornaviridae,Cosavirus,False,low,"Error: ""Could not resolve authentication method. Expected either api_key or auth_token to be set. Or for one of the `X-Api-Key` or `Authorization` headers to be explicitly omitted"""
cosavirus jmy-2014,1582094,Picornaviridae,Cosavirus,False,low,"Error: ""Could not resolve authentication method. Expected either api_key or auth_token to be set. Or for one of the `X-Api-Key` or `Authorization` headers to be explicitly omitted"""
human cosavirus,1233383,Picornaviridae,Cosavirus,False,low,"Error: ""Could not resolve authentication method. Expected either api_key or auth_token to be set. Or for one of the `X-Api-Key` or `Authorization` headers to be explicitly omitted"""
coxsackievirus a1,42779,Picornaviridae,Enterovirus,False,low,"Error: ""Could not resolve authentication method. Expected either api_key or auth_token to be set. Or for one of the `X-Api-Key` or `Authorization` headers to be explicitly omitted"""
coxsackievirus a10,42769,Picornaviridae,Enterovirus,False,low,"Error: ""Could not resolve authentication method. Expected either api_key or auth_token to be set. Or for one of the `X-Api-Key` or `Authorization` headers to be explicitly omitted"""
coxsackievirus a11,42770,Picornaviridae,Enterovirus,False,low,"Error: ""Could not resolve authentication method. Expected either api_key or auth_token to be set. Or for one of the `X-Api-Key` or `Authorization` headers to be explicitly omitted"""
coxsackievirus a12,42771,Picornaviridae,Enterovirus,False,low,"Error: ""Could not resolve authentication method. Expected either api_key or auth_token to be set. Or for one of the `X-Api-Key` or `Authorization` headers to be explicitly omitted"""
coxsackievirus a14,42773,Picornaviridae,Enterovirus,False,low,"Error: ""Could not resolve authentication method. Expected either api_key or auth_token to be set. Or for one of the `X-Api-Key` or `Authorization` headers to be explicitly omitted"""
coxsackievirus a15,42774,Picornaviridae,Enterovirus,False,low,"Error: ""Could not resolve authentication method. Expected either api_key or auth_token to be set. Or for one of the `X-Api-Key` or `Authorization` headers to be explicitly omitted"""
coxsackievirus a17,42775,Picornaviridae,Enterovirus,False,low,"Error: ""Could not resolve authentication method. Expected either api_key or auth_token to be set. Or for one of the `X-Api-Key` or `Authorization` headers to be explicitly omitted"""
coxsackievirus a18,42776,Picornaviridae,Enterovirus,False,low,"Error: ""Could not resolve authentication method. Expected either api_key or auth_token to be set. Or for one of the `X-Api-Key` or `Authorization` headers to be explicitly omitted"""
coxsackievirus a19,42778,Picornaviridae,Enterovirus,False,low,"Error: ""Could not resolve authentication method. Expected either api_key or auth_token to be set. Or for one of the `X-Api-Key` or `Authorization` headers to be explicitly omitted"""
coxsackievirus a2,33757,Picornaviridae,Enterovirus,False,low,"Error: ""Could not resolve authentication method. Expected either api_key or auth_token to be set. Or for one of the `X-Api-Key` or `Authorization` headers to be explicitly omitted"""
coxsackievirus a22,42783,Picornaviridae,Enterovirus,False,low,"Error: ""Could not resolve authentication method. Expected either api_key or auth_token to be set. Or for one of the `X-Api-Key` or `Authorization` headers to be explicitly omitted"""
coxsackievirus a3,42784,Picornaviridae,Enterovirus,False,low,"Error: ""Could not resolve authentication method. Expected either api_key or auth_token to be set. Or for one of the `X-Api-Key` or `Authorization` headers to be explicitly omitted"""
coxsackievirus a4,42785,Picornaviridae,Enterovirus,False,low,"Error: ""Could not resolve authentication method. Expected either api_key or auth_token to be set. Or for one of the `X-Api-Key` or `Authorization` headers to be explicitly omitted"""
coxsackievirus a5,42786,Picornaviridae,Enterovirus,False,low,"Error: ""Could not resolve authentication method. Expected either api_key or auth_token to be set. Or for one of the `X-Api-Key` or `Authorization` headers to be explicitly omitted"""
coxsackievirus a6,86107,Picornaviridae,Enterovirus,False,low,"Error: ""Could not resolve authentication method. Expected either api_key or auth_token to be set. Or for one of the `X-Api-Key` or `Authorization` headers to be explicitly omitted"""
coxsackievirus a7,42787,Picornaviridae,Enterovirus,False,low,"Error: ""Could not resolve authentication method. Expected either api_key or auth_token to be set. Or for one of the `X-Api-Key` or `Authorization` headers to be explicitly omitted"""
coxsackievirus a8,42788,Picornaviridae,Enterovirus,False,low,"Error: ""Could not resolve authentication method. Expected either api_key or auth_token to be set. Or for one of the `X-Api-Key` or `Authorization` headers to be explicitly omitted"""
coxsackievirus b2,82639,Picornaviridae,Enterovirus,False,low,"Error: ""Could not resolve authentication method. Expected either api_key or auth_token to be set. Or for one of the `X-Api-Key` or `Authorization` headers to be explicitly omitted"""
coxsackievirus b6,74561,Picornaviridae,Enterovirus,False,low,"Error: ""Could not resolve authentication method. Expected either api_key or auth_token to be set. Or for one of the `X-Api-Key` or `Authorization` headers to be explicitly omitted"""
echovirus e11,12078,Picornaviridae,Enterovirus,False,low,"Error: ""Could not resolve authentication method. Expected either api_key or auth_token to be set. Or for one of the `X-Api-Key` or `Authorization` headers to be explicitly omitted"""
echovirus e12,35293,Picornaviridae,Enterovirus,False,low,"Error: ""Could not resolve authentication method. Expected either api_key or auth_token to be set. Or for one of the `X-Api-Key` or `Authorization` headers to be explicitly omitted"""
echovirus e13,47501,Picornaviridae,Enterovirus,False,low,"Error: ""Could not resolve authentication method. Expected either api_key or auth_token to be set. Or for one of the `X-Api-Key` or `Authorization` headers to be explicitly omitted"""
echovirus e14,47502,Picornaviridae,Enterovirus,False,low,"Error: ""Could not resolve authentication method. Expected either api_key or auth_token to be set. Or for one of the `X-Api-Key` or `Authorization` headers to be explicitly omitted"""
echovirus e16,47504,Picornaviridae,Enterovirus,False,low,"Error: ""Could not resolve authentication method. Expected either api_key or auth_token to be set. Or for one of the `X-Api-Key` or `Authorization` headers to be explicitly omitted"""
echovirus e17,47505,Picornaviridae,Enterovirus,False,low,"Error: ""Could not resolve authentication method. Expected either api_key or auth_token to be set. Or for one of the `X-Api-Key` or `Authorization` headers to be explicitly omitted"""
echovirus e18,47506,Picornaviridae,Enterovirus,False,low,"Error: ""Could not resolve authentication method. Expected either api_key or auth_token to be set. Or for one of the `X-Api-Key` or `Authorization` headers to be explicitly omitted"""
echovirus e19,47507,Picornaviridae,Enterovirus,False,low,"Error: ""Could not resolve authentication method. Expected either api_key or auth_token to be set. Or for one of the `X-Api-Key` or `Authorization` headers to be explicitly omitted"""
echovirus e2,35294,Picornaviridae,Enterovirus,False,low,"Error: ""Could not resolve authentication method. Expected either api_key or auth_token to be set. Or for one of the `X-Api-Key` or `Authorization` headers to be explicitly omitted"""
echovirus e20,47508,Picornaviridae,Enterovirus,False,low,"Error: ""Could not resolve authentication method. Expected either api_key or auth_token to be set. Or for one of the `X-Api-Key` or `Authorization` headers to be explicitly omitted"""
echovirus e21,47509,Picornaviridae,Enterovirus,False,low,"Error: ""Could not resolve authentication method. Expected either api_key or auth_token to be set. Or for one of the `X-Api-Key` or `Authorization` headers to be explicitly omitted"""
echovirus e24,47510,Picornaviridae,Enterovirus,False,low,"Error: ""Could not resolve authentication method. Expected either api_key or auth_token to be set. Or for one of the `X-Api-Key` or `Authorization` headers to be explicitly omitted"""
echovirus e25,45101,Picornaviridae,Enterovirus,False,low,"Error: ""Could not resolve authentication method. Expected either api_key or auth_token to be set. Or for one of the `X-Api-Key` or `Authorization` headers to be explicitly omitted"""
echovirus e26,47511,Picornaviridae,Enterovirus,False,low,"Error: ""Could not resolve authentication method. Expected either api_key or auth_token to be set. Or for one of the `X-Api-Key` or `Authorization` headers to be explicitly omitted"""
echovirus e27,45999,Picornaviridae,Enterovirus,False,low,"Error: ""Could not resolve authentication method. Expected either api_key or auth_token to be set. Or for one of the `X-Api-Key` or `Authorization` headers to be explicitly omitted"""
echovirus e3,47516,Picornaviridae,Enterovirus,False,low,"Error: ""Could not resolve authentication method. Expected either api_key or auth_token to be set. Or for one of the `X-Api-Key` or `Authorization` headers to be explicitly omitted"""
echovirus e31,47513,Picornaviridae,Enterovirus,False,low,"Error: ""Could not resolve authentication method. Expected either api_key or auth_token to be set. Or for one of the `X-Api-Key` or `Authorization` headers to be explicitly omitted"""
echovirus e32,47514,Picornaviridae,Enterovirus,False,low,"Error: ""Could not resolve authentication method. Expected either api_key or auth_token to be set. Or for one of the `X-Api-Key` or `Authorization` headers to be explicitly omitted"""
echovirus e33,47515,Picornaviridae,Enterovirus,False,low,"Error: ""Could not resolve authentication method. Expected either api_key or auth_token to be set. Or for one of the `X-Api-Key` or `Authorization` headers to be explicitly omitted"""
echovirus e4,35295,Picornaviridae,Enterovirus,False,low,"Error: ""Could not resolve authentication method. Expected either api_key or auth_token to be set. Or for one of the `X-Api-Key` or `Authorization` headers to be explicitly omitted"""
echovirus e5,40280,Picornaviridae,Enterovirus,False,low,"Error: ""Could not resolve authentication method. Expected either api_key or auth_token to be set. Or for one of the `X-Api-Key` or `Authorization` headers to be explicitly omitted"""
echovirus e6,12062,Picornaviridae,Enterovirus,False,low,"Error: ""Could not resolve authentication method. Expected either api_key or auth_token to be set. Or for one of the `X-Api-Key` or `Authorization` headers to be explicitly omitted"""
echovirus e7,46018,Picornaviridae,Enterovirus,False,low,"Error: ""Could not resolve authentication method. Expected either api_key or auth_token to be set. Or for one of the `X-Api-Key` or `Authorization` headers to be explicitly omitted"""
echovirus e9,12060,Picornaviridae,Enterovirus,False,low,"Error: ""Could not resolve authentication method. Expected either api_key or auth_token to be set. Or for one of the `X-Api-Key` or `Authorization` headers to be explicitly omitted"""
enterovirus a120,1435148,Picornaviridae,Enterovirus,False,low,"Error: ""Could not resolve authentication method. Expected either api_key or auth_token to be set. Or for one of the `X-Api-Key` or `Authorization` headers to be explicitly omitted"""
enterovirus a89,306586,Picornaviridae,Enterovirus,False,low,"Error: ""Could not resolve authentication method. Expected either api_key or auth_token to be set. Or for one of the `X-Api-Key` or `Authorization` headers to be explicitly omitted"""
enterovirus b100,325447,Picornaviridae,Enterovirus,False,low,"Error: ""Could not resolve authentication method. Expected either api_key or auth_token to be set. Or for one of the `X-Api-Key` or `Authorization` headers to be explicitly omitted"""
enterovirus b101,408681,Picornaviridae,Enterovirus,False,low,"Error: ""Could not resolve authentication method. Expected either api_key or auth_token to be set. Or for one of the `X-Api-Key` or `Authorization` headers to be explicitly omitted"""
enterovirus b106,1248136,Picornaviridae,Enterovirus,False,low,"Error: ""Could not resolve authentication method. Expected either api_key or auth_token to be set. Or for one of the `X-Api-Key` or `Authorization` headers to be explicitly omitted"""
enterovirus b111,1442164,Picornaviridae,Enterovirus,False,low,"Error: ""Could not resolve authentication method. Expected either api_key or auth_token to be set. Or for one of the `X-Api-Key` or `Authorization` headers to be explicitly omitted"""
enterovirus b69,171720,Picornaviridae,Enterovirus,False,low,"Error: ""Could not resolve authentication method. Expected either api_key or auth_token to be set. Or for one of the `X-Api-Key` or `Authorization` headers to be explicitly omitted"""
enterovirus b73,200154,Picornaviridae,Enterovirus,False,low,"Error: ""Could not resolve authentication method. Expected either api_key or auth_token to be set. Or for one of the `X-Api-Key` or `Authorization` headers to be explicitly omitted"""
enterovirus b74,222889,Picornaviridae,Enterovirus,False,low,"Error: ""Could not resolve authentication method. Expected either api_key or auth_token to be set. Or for one of the `X-Api-Key` or `Authorization` headers to be explicitly omitted"""
enterovirus b75,282345,Picornaviridae,Enterovirus,False,low,"Error: ""Could not resolve authentication method. Expected either api_key or auth_token to be set. Or for one of the `X-Api-Key` or `Authorization` headers to be explicitly omitted"""
enterovirus b77,222887,Picornaviridae,Enterovirus,False,low,"Error: ""Could not resolve authentication method. Expected either api_key or auth_token to be set. Or for one of the `X-Api-Key` or `Authorization` headers to be explicitly omitted"""
enterovirus b80,318563,Picornaviridae,Enterovirus,False,low,"Error: ""Could not resolve authentication method. Expected either api_key or auth_token to be set. Or for one of the `X-Api-Key` or `Authorization` headers to be explicitly omitted"""
enterovirus b81,318564,Picornaviridae,Enterovirus,False,low,"Error: ""Could not resolve authentication method. Expected either api_key or auth_token to be set. Or for one of the `X-Api-Key` or `Authorization` headers to be explicitly omitted"""
enterovirus b83,318566,Picornaviridae,Enterovirus,False,low,"Error: ""Could not resolve authentication method. Expected either api_key or auth_token to be set. Or for one of the `X-Api-Key` or `Authorization` headers to be explicitly omitted"""
enterovirus b84,318567,Picornaviridae,Enterovirus,False,low,"Error: ""Could not resolve authentication method. Expected either api_key or auth_token to be set. Or for one of the `X-Api-Key` or `Authorization` headers to be explicitly omitted"""
enterovirus b85,318568,Picornaviridae,Enterovirus,False,low,"Error: ""Could not resolve authentication method. Expected either api_key or auth_token to be set. Or for one of the `X-Api-Key` or `Authorization` headers to be explicitly omitted"""
enterovirus b86,318569,Picornaviridae,Enterovirus,False,low,"Error: ""Could not resolve authentication method. Expected either api_key or auth_token to be set. Or for one of the `X-Api-Key` or `Authorization` headers to be explicitly omitted"""
enterovirus b87,318570,Picornaviridae,Enterovirus,False,low,"Error: ""Could not resolve authentication method. Expected either api_key or auth_token to be set. Or for one of the `X-Api-Key` or `Authorization` headers to be explicitly omitted"""
enterovirus b88,318571,Picornaviridae,Enterovirus,False,low,"Error: ""Could not resolve authentication method. Expected either api_key or auth_token to be set. Or for one of the `X-Api-Key` or `Authorization` headers to be explicitly omitted"""
enterovirus b93,991902,Picornaviridae,Enterovirus,False,low,"Error: ""Could not resolve authentication method. Expected either api_key or auth_token to be set. Or for one of the `X-Api-Key` or `Authorization` headers to be explicitly omitted"""
enterovirus b97,325446,Picornaviridae,Enterovirus,False,low,"Error: ""Could not resolve authentication method. Expected either api_key or auth_token to be set. Or for one of the `X-Api-Key` or `Authorization` headers to be explicitly omitted"""
enterovirus b98,582384,Picornaviridae,Enterovirus,False,low,"Error: ""Could not resolve authentication method. Expected either api_key or auth_token to be set. Or for one of the `X-Api-Key` or `Authorization` headers to be explicitly omitted"""
enterovirus c102,2760818,Picornaviridae,Enterovirus,False,low,"Error: ""Could not resolve authentication method. Expected either api_key or auth_token to be set. Or for one of the `X-Api-Key` or `Authorization` headers to be explicitly omitted"""
enterovirus c104,2650411,Picornaviridae,Enterovirus,False,low,"Error: ""Could not resolve authentication method. Expected either api_key or auth_token to be set. Or for one of the `X-Api-Key` or `Authorization` headers to be explicitly omitted"""
enterovirus c105,2749421,Picornaviridae,Enterovirus,False,low,"Error: ""Could not resolve authentication method. Expected either api_key or auth_token to be set. Or for one of the `X-Api-Key` or `Authorization` headers to be explicitly omitted"""
enterovirus c109,861519,Picornaviridae,Enterovirus,False,low,"Error: ""Could not resolve authentication method. Expected either api_key or auth_token to be set. Or for one of the `X-Api-Key` or `Authorization` headers to be explicitly omitted"""
enterovirus c117,2760819,Picornaviridae,Enterovirus,False,low,"Error: ""Could not resolve authentication method. Expected either api_key or auth_token to be set. Or for one of the `X-Api-Key` or `Authorization` headers to be explicitly omitted"""
enterovirus c118,2760820,Picornaviridae,Enterovirus,False,low,"Error: ""Could not resolve authentication method. Expected either api_key or auth_token to be set. Or for one of the `X-Api-Key` or `Authorization` headers to be explicitly omitted"""
enterovirus c96,325445,Picornaviridae,Enterovirus,False,low,"Error: ""Could not resolve authentication method. Expected either api_key or auth_token to be set. Or for one of the `X-Api-Key` or `Authorization` headers to be explicitly omitted"""
enterovirus d111,1141754,Picornaviridae,Enterovirus,False,low,"Error: ""Could not resolve authentication method. Expected either api_key or auth_token to be set. Or for one of the `X-Api-Key` or `Authorization` headers to be explicitly omitted"""
enterovirus d94,2015550,Picornaviridae,Enterovirus,False,low,"Error: ""Could not resolve authentication method. Expected either api_key or auth_token to be set. Or for one of the `X-Api-Key` or `Authorization` headers to be explicitly omitted"""
enterovirus yanbian 96-83csf,123738,Picornaviridae,Enterovirus,False,low,"Error: ""Could not resolve authentication method. Expected either api_key or auth_token to be set. Or for one of the `X-Api-Key` or `Authorization` headers to be explicitly omitted"""
human rhinovirus a95,185942,Picornaviridae,Enterovirus,False,low,"Error: ""Could not resolve authentication method. Expected either api_key or auth_token to be set. Or for one of the `X-Api-Key` or `Authorization` headers to be explicitly omitted"""
human rhinovirus ams323,433730,Picornaviridae,Enterovirus,False,low,"Error: ""Could not resolve authentication method. Expected either api_key or auth_token to be set. Or for one of the `X-Api-Key` or `Authorization` headers to be explicitly omitted"""
poliovirus 2,12083,Picornaviridae,Enterovirus,False,low,"Error: ""Could not resolve authentication method. Expected either api_key or auth_token to be set. Or for one of the `X-Api-Key` or `Authorization` headers to be explicitly omitted"""
poliovirus 3,12086,Picornaviridae,Enterovirus,False,low,"Error: ""Could not resolve authentication method. Expected either api_key or auth_token to be set. Or for one of the `X-Api-Key` or `Authorization` headers to be explicitly omitted"""
rhinovirus a,147711,Picornaviridae,Enterovirus,False,low,"Error: ""Could not resolve authentication method. Expected either api_key or auth_token to be set. Or for one of the `X-Api-Key` or `Authorization` headers to be explicitly omitted"""
rhinovirus a10,185892,Picornaviridae,Enterovirus,False,low,"Error: ""Could not resolve authentication method. Expected either api_key or auth_token to be set. Or for one of the `X-Api-Key` or `Authorization` headers to be explicitly omitted"""
rhinovirus a100,185946,Picornaviridae,Enterovirus,False,low,"Error: ""Could not resolve authentication method. Expected either api_key or auth_token to be set. Or for one of the `X-Api-Key` or `Authorization` headers to be explicitly omitted"""
rhinovirus a101,1219381,Picornaviridae,Enterovirus,False,low,"Error: ""Could not resolve authentication method. Expected either api_key or auth_token to be set. Or for one of the `X-Api-Key` or `Authorization` headers to be explicitly omitted"""
rhinovirus a103,1033850,Picornaviridae,Enterovirus,False,low,"Error: ""Could not resolve authentication method. Expected either api_key or auth_token to be set. Or for one of the `X-Api-Key` or `Authorization` headers to be explicitly omitted"""
rhinovirus a11,39767,Picornaviridae,Enterovirus,False,low,"Error: ""Could not resolve authentication method. Expected either api_key or auth_token to be set. Or for one of the `X-Api-Key` or `Authorization` headers to be explicitly omitted"""
rhinovirus a12,147684,Picornaviridae,Enterovirus,False,low,"Error: ""Could not resolve authentication method. Expected either api_key or auth_token to be set. Or for one of the `X-Api-Key` or `Authorization` headers to be explicitly omitted"""
rhinovirus a13,185893,Picornaviridae,Enterovirus,False,low,"Error: ""Could not resolve authentication method. Expected either api_key or auth_token to be set. Or for one of the `X-Api-Key` or `Authorization` headers to be explicitly omitted"""
rhinovirus a15,185894,Picornaviridae,Enterovirus,False,low,"Error: ""Could not resolve authentication method. Expected either api_key or auth_token to be set. Or for one of the `X-Api-Key` or `Authorization` headers to be explicitly omitted"""
rhinovirus a18,147674,Picornaviridae,Enterovirus,False,low,"Error: ""Could not resolve authentication method. Expected either api_key or auth_token to be set. Or for one of the `X-Api-Key` or `Authorization` headers to be explicitly omitted"""
rhinovirus a19,185895,Picornaviridae,Enterovirus,False,low,"Error: ""Could not resolve authentication method. Expected either api_key or auth_token to be set. Or for one of the `X-Api-Key` or `Authorization` headers to be explicitly omitted"""
rhinovirus a1b,2777147,Picornaviridae,Enterovirus,False,low,"Error: ""Could not resolve authentication method. Expected either api_key or auth_token to be set. Or for one of the `X-Api-Key` or `Authorization` headers to be explicitly omitted"""
rhinovirus a2,12130,Picornaviridae,Enterovirus,False,low,"Error: ""Could not resolve authentication method. Expected either api_key or auth_token to be set. Or for one of the `X-Api-Key` or `Authorization` headers to be explicitly omitted"""
rhinovirus a20,147675,Picornaviridae,Enterovirus,False,low,"Error: ""Could not resolve authentication method. Expected either api_key or auth_token to be set. Or for one of the `X-Api-Key` or `Authorization` headers to be explicitly omitted"""
rhinovirus a21,44128,Picornaviridae,Enterovirus,False,low,"Error: ""Could not resolve authentication method. Expected either api_key or auth_token to be set. Or for one of the `X-Api-Key` or `Authorization` headers to be explicitly omitted"""
rhinovirus a22,185896,Picornaviridae,Enterovirus,False,low,"Error: ""Could not resolve authentication method. Expected either api_key or auth_token to be set. Or for one of the `X-Api-Key` or `Authorization` headers to be explicitly omitted"""
rhinovirus a23,12135,Picornaviridae,Enterovirus,False,low,"Error: ""Could not resolve authentication method. Expected either api_key or auth_token to be set. Or for one of the `X-Api-Key` or `Authorization` headers to be explicitly omitted"""
rhinovirus a24,185897,Picornaviridae,Enterovirus,False,low,"Error: ""Could not resolve authentication method. Expected either api_key or auth_token to be set. Or for one of the `X-Api-Key` or `Authorization` headers to be explicitly omitted"""
rhinovirus a25,185898,Picornaviridae,Enterovirus,False,low,"Error: ""Could not resolve authentication method. Expected either api_key or auth_token to be set. Or for one of the `X-Api-Key` or `Authorization` headers to be explicitly omitted"""
rhinovirus a28,147672,Picornaviridae,Enterovirus,False,low,"Error: ""Could not resolve authentication method. Expected either api_key or auth_token to be set. Or for one of the `X-Api-Key` or `Authorization` headers to be explicitly omitted"""
rhinovirus a29,44129,Picornaviridae,Enterovirus,False,low,"Error: ""Could not resolve authentication method. Expected either api_key or auth_token to be set. Or for one of the `X-Api-Key` or `Authorization` headers to be explicitly omitted"""
rhinovirus a30,185901,Picornaviridae,Enterovirus,False,low,"Error: ""Could not resolve authentication method. Expected either api_key or auth_token to be set. Or for one of the `X-Api-Key` or `Authorization` headers to be explicitly omitted"""
rhinovirus a31,185902,Picornaviridae,Enterovirus,False,low,"Error: ""Could not resolve authentication method. Expected either api_key or auth_token to be set. Or for one of the `X-Api-Key` or `Authorization` headers to be explicitly omitted"""
rhinovirus a32,185903,Picornaviridae,Enterovirus,False,low,"Error: ""Could not resolve authentication method. Expected either api_key or auth_token to be set. Or for one of the `X-Api-Key` or `Authorization` headers to be explicitly omitted"""
rhinovirus a33,185904,Picornaviridae,Enterovirus,False,low,"Error: ""Could not resolve authentication method. Expected either api_key or auth_token to be set. Or for one of the `X-Api-Key` or `Authorization` headers to be explicitly omitted"""
rhinovirus a34,185905,Picornaviridae,Enterovirus,False,low,"Error: ""Could not resolve authentication method. Expected either api_key or auth_token to be set. Or for one of the `X-Api-Key` or `Authorization` headers to be explicitly omitted"""
rhinovirus a36,147673,Picornaviridae,Enterovirus,False,low,"Error: ""Could not resolve authentication method. Expected either api_key or auth_token to be set. Or for one of the `X-Api-Key` or `Authorization` headers to be explicitly omitted"""
rhinovirus a38,185906,Picornaviridae,Enterovirus,False,low,"Error: ""Could not resolve authentication method. Expected either api_key or auth_token to be set. Or for one of the `X-Api-Key` or `Authorization` headers to be explicitly omitted"""
rhinovirus a39,185907,Picornaviridae,Enterovirus,False,low,"Error: ""Could not resolve authentication method. Expected either api_key or auth_token to be set. Or for one of the `X-Api-Key` or `Authorization` headers to be explicitly omitted"""
rhinovirus a40,185908,Picornaviridae,Enterovirus,False,low,"Error: ""Could not resolve authentication method. Expected either api_key or auth_token to be set. Or for one of the `X-Api-Key` or `Authorization` headers to be explicitly omitted"""
rhinovirus a41,185909,Picornaviridae,Enterovirus,False,low,"Error: ""Could not resolve authentication method. Expected either api_key or auth_token to be set. Or for one of the `X-Api-Key` or `Authorization` headers to be explicitly omitted"""
rhinovirus a43,167321,Picornaviridae,Enterovirus,False,low,"Error: ""Could not resolve authentication method. Expected either api_key or auth_token to be set. Or for one of the `X-Api-Key` or `Authorization` headers to be explicitly omitted"""
rhinovirus a44,185910,Picornaviridae,Enterovirus,False,low,"Error: ""Could not resolve authentication method. Expected either api_key or auth_token to be set. Or for one of the `X-Api-Key` or `Authorization` headers to be explicitly omitted"""
rhinovirus a45,147676,Picornaviridae,Enterovirus,False,low,"Error: ""Could not resolve authentication method. Expected either api_key or auth_token to be set. Or for one of the `X-Api-Key` or `Authorization` headers to be explicitly omitted"""
rhinovirus a46,167324,Picornaviridae,Enterovirus,False,low,"Error: ""Could not resolve authentication method. Expected either api_key or auth_token to be set. Or for one of the `X-Api-Key` or `Authorization` headers to be explicitly omitted"""
rhinovirus a47,185911,Picornaviridae,Enterovirus,False,low,"Error: ""Could not resolve authentication method. Expected either api_key or auth_token to be set. Or for one of the `X-Api-Key` or `Authorization` headers to be explicitly omitted"""
rhinovirus a49,44131,Picornaviridae,Enterovirus,False,low,"Error: ""Could not resolve authentication method. Expected either api_key or auth_token to be set. Or for one of the `X-Api-Key` or `Authorization` headers to be explicitly omitted"""
rhinovirus a50,44132,Picornaviridae,Enterovirus,False,low,"Error: ""Could not resolve authentication method. Expected either api_key or auth_token to be set. Or for one of the `X-Api-Key` or `Authorization` headers to be explicitly omitted"""
rhinovirus a51,185912,Picornaviridae,Enterovirus,False,low,"Error: ""Could not resolve authentication method. Expected either api_key or auth_token to be set. Or for one of the `X-Api-Key` or `Authorization` headers to be explicitly omitted"""
rhinovirus a53,185913,Picornaviridae,Enterovirus,False,low,"Error: ""Could not resolve authentication method. Expected either api_key or auth_token to be set. Or for one of the `X-Api-Key` or `Authorization` headers to be explicitly omitted"""
rhinovirus a54,185914,Picornaviridae,Enterovirus,False,low,"Error: ""Could not resolve authentication method. Expected either api_key or auth_token to be set. Or for one of the `X-Api-Key` or `Authorization` headers to be explicitly omitted"""
rhinovirus a55,185915,Picornaviridae,Enterovirus,False,low,"Error: ""Could not resolve authentication method. Expected either api_key or auth_token to be set. Or for one of the `X-Api-Key` or `Authorization` headers to be explicitly omitted"""
rhinovirus a56,185916,Picornaviridae,Enterovirus,False,low,"Error: ""Could not resolve authentication method. Expected either api_key or auth_token to be set. Or for one of the `X-Api-Key` or `Authorization` headers to be explicitly omitted"""
rhinovirus a57,185917,Picornaviridae,Enterovirus,False,low,"Error: ""Could not resolve authentication method. Expected either api_key or auth_token to be set. Or for one of the `X-Api-Key` or `Authorization` headers to be explicitly omitted"""
rhinovirus a58,44133,Picornaviridae,Enterovirus,False,low,"Error: ""Could not resolve authentication method. Expected either api_key or auth_token to be set. Or for one of the `X-Api-Key` or `Authorization` headers to be explicitly omitted"""
rhinovirus a59,185918,Picornaviridae,Enterovirus,False,low,"Error: ""Could not resolve authentication method. Expected either api_key or auth_token to be set. Or for one of the `X-Api-Key` or `Authorization` headers to be explicitly omitted"""
rhinovirus a60,185919,Picornaviridae,Enterovirus,False,low,"Error: ""Could not resolve authentication method. Expected either api_key or auth_token to be set. Or for one of the `X-Api-Key` or `Authorization` headers to be explicitly omitted"""
rhinovirus a61,185920,Picornaviridae,Enterovirus,False,low,"Error: ""Could not resolve authentication method. Expected either api_key or auth_token to be set. Or for one of the `X-Api-Key` or `Authorization` headers to be explicitly omitted"""
rhinovirus a62,44134,Picornaviridae,Enterovirus,False,low,"Error: ""Could not resolve authentication method. Expected either api_key or auth_token to be set. Or for one of the `X-Api-Key` or `Authorization` headers to be explicitly omitted"""
rhinovirus a63,185921,Picornaviridae,Enterovirus,False,low,"Error: ""Could not resolve authentication method. Expected either api_key or auth_token to be set. Or for one of the `X-Api-Key` or `Authorization` headers to be explicitly omitted"""
rhinovirus a64,185922,Picornaviridae,Enterovirus,False,low,"Error: ""Could not resolve authentication method. Expected either api_key or auth_token to be set. Or for one of the `X-Api-Key` or `Authorization` headers to be explicitly omitted"""
rhinovirus a65,44135,Picornaviridae,Enterovirus,False,low,"Error: ""Could not resolve authentication method. Expected either api_key or auth_token to be set. Or for one of the `X-Api-Key` or `Authorization` headers to be explicitly omitted"""
rhinovirus a66,185923,Picornaviridae,Enterovirus,False,low,"Error: ""Could not resolve authentication method. Expected either api_key or auth_token to be set. Or for one of the `X-Api-Key` or `Authorization` headers to be explicitly omitted"""
rhinovirus a67,185924,Picornaviridae,Enterovirus,False,low,"Error: ""Could not resolve authentication method. Expected either api_key or auth_token to be set. Or for one of the `X-Api-Key` or `Authorization` headers to be explicitly omitted"""
rhinovirus a68,185925,Picornaviridae,Enterovirus,False,low,"Error: ""Could not resolve authentication method. Expected either api_key or auth_token to be set. Or for one of the `X-Api-Key` or `Authorization` headers to be explicitly omitted"""
rhinovirus a7,44136,Picornaviridae,Enterovirus,False,low,"Error: ""Could not resolve authentication method. Expected either api_key or auth_token to be set. Or for one of the `X-Api-Key` or `Authorization` headers to be explicitly omitted"""
rhinovirus a71,185927,Picornaviridae,Enterovirus,False,low,"Error: ""Could not resolve authentication method. Expected either api_key or auth_token to be set. Or for one of the `X-Api-Key` or `Authorization` headers to be explicitly omitted"""
rhinovirus a73,185928,Picornaviridae,Enterovirus,False,low,"Error: ""Could not resolve authentication method. Expected either api_key or auth_token to be set. Or for one of the `X-Api-Key` or `Authorization` headers to be explicitly omitted"""
rhinovirus a74,185929,Picornaviridae,Enterovirus,False,low,"Error: ""Could not resolve authentication method. Expected either api_key or auth_token to be set. Or for one of the `X-Api-Key` or `Authorization` headers to be explicitly omitted"""
rhinovirus a75,185930,Picornaviridae,Enterovirus,False,low,"Error: ""Could not resolve authentication method. Expected either api_key or auth_token to be set. Or for one of the `X-Api-Key` or `Authorization` headers to be explicitly omitted"""
rhinovirus a76,185931,Picornaviridae,Enterovirus,False,low,"Error: ""Could not resolve authentication method. Expected either api_key or auth_token to be set. Or for one of the `X-Api-Key` or `Authorization` headers to be explicitly omitted"""
rhinovirus a77,185932,Picornaviridae,Enterovirus,False,low,"Error: ""Could not resolve authentication method. Expected either api_key or auth_token to be set. Or for one of the `X-Api-Key` or `Authorization` headers to be explicitly omitted"""
rhinovirus a78,147685,Picornaviridae,Enterovirus,False,low,"Error: ""Could not resolve authentication method. Expected either api_key or auth_token to be set. Or for one of the `X-Api-Key` or `Authorization` headers to be explicitly omitted"""
rhinovirus a8,185890,Picornaviridae,Enterovirus,False,low,"Error: ""Could not resolve authentication method. Expected either api_key or auth_token to be set. Or for one of the `X-Api-Key` or `Authorization` headers to be explicitly omitted"""
rhinovirus a80,185934,Picornaviridae,Enterovirus,False,low,"Error: ""Could not resolve authentication method. Expected either api_key or auth_token to be set. Or for one of the `X-Api-Key` or `Authorization` headers to be explicitly omitted"""
rhinovirus a81,185935,Picornaviridae,Enterovirus,False,low,"Error: ""Could not resolve authentication method. Expected either api_key or auth_token to be set. Or for one of the `X-Api-Key` or `Authorization` headers to be explicitly omitted"""
rhinovirus a82,167322,Picornaviridae,Enterovirus,False,low,"Error: ""Could not resolve authentication method. Expected either api_key or auth_token to be set. Or for one of the `X-Api-Key` or `Authorization` headers to be explicitly omitted"""
rhinovirus a85,185937,Picornaviridae,Enterovirus,False,low,"Error: ""Could not resolve authentication method. Expected either api_key or auth_token to be set. Or for one of the `X-Api-Key` or `Authorization` headers to be explicitly omitted"""
rhinovirus a88,185939,Picornaviridae,Enterovirus,False,low,"Error: ""Could not resolve authentication method. Expected either api_key or auth_token to be set. Or for one of the `X-Api-Key` or `Authorization` headers to be explicitly omitted"""
rhinovirus a89,12132,Picornaviridae,Enterovirus,False,low,"Error: ""Could not resolve authentication method. Expected either api_key or auth_token to be set. Or for one of the `X-Api-Key` or `Authorization` headers to be explicitly omitted"""
rhinovirus a9,185891,Picornaviridae,Enterovirus,False,low,"Error: ""Could not resolve authentication method. Expected either api_key or auth_token to be set. Or for one of the `X-Api-Key` or `Authorization` headers to be explicitly omitted"""
rhinovirus a90,185940,Picornaviridae,Enterovirus,False,low,"Error: ""Could not resolve authentication method. Expected either api_key or auth_token to be set. Or for one of the `X-Api-Key` or `Authorization` headers to be explicitly omitted"""
rhinovirus a94,185941,Picornaviridae,Enterovirus,False,low,"Error: ""Could not resolve authentication method. Expected either api_key or auth_token to be set. Or for one of the `X-Api-Key` or `Authorization` headers to be explicitly omitted"""
rhinovirus a96,185943,Picornaviridae,Enterovirus,False,low,"Error: ""Could not resolve authentication method. Expected either api_key or auth_token to be set. Or for one of the `X-Api-Key` or `Authorization` headers to be explicitly omitted"""
rhinovirus a98,185944,Picornaviridae,Enterovirus,False,low,"Error: ""Could not resolve authentication method. Expected either api_key or auth_token to be set. Or for one of the `X-Api-Key` or `Authorization` headers to be explicitly omitted"""
rhinovirus b,147712,Picornaviridae,Enterovirus,False,low,"Error: ""Could not resolve authentication method. Expected either api_key or auth_token to be set. Or for one of the `X-Api-Key` or `Authorization` headers to be explicitly omitted"""
rhinovirus b14,12131,Picornaviridae,Enterovirus,False,low,"Error: ""Could not resolve authentication method. Expected either api_key or auth_token to be set. Or for one of the `X-Api-Key` or `Authorization` headers to be explicitly omitted"""
rhinovirus b17,150904,Picornaviridae,Enterovirus,False,low,"Error: ""Could not resolve authentication method. Expected either api_key or auth_token to be set. Or for one of the `X-Api-Key` or `Authorization` headers to be explicitly omitted"""
rhinovirus b26,185899,Picornaviridae,Enterovirus,False,low,"Error: ""Could not resolve authentication method. Expected either api_key or auth_token to be set. Or for one of the `X-Api-Key` or `Authorization` headers to be explicitly omitted"""
rhinovirus b27,185900,Picornaviridae,Enterovirus,False,low,"Error: ""Could not resolve authentication method. Expected either api_key or auth_token to be set. Or for one of the `X-Api-Key` or `Authorization` headers to be explicitly omitted"""
rhinovirus b3,44130,Picornaviridae,Enterovirus,False,low,"Error: ""Could not resolve authentication method. Expected either api_key or auth_token to be set. Or for one of the `X-Api-Key` or `Authorization` headers to be explicitly omitted"""
rhinovirus b35,167329,Picornaviridae,Enterovirus,False,low,"Error: ""Could not resolve authentication method. Expected either api_key or auth_token to be set. Or for one of the `X-Api-Key` or `Authorization` headers to be explicitly omitted"""
rhinovirus b37,147680,Picornaviridae,Enterovirus,False,low,"Error: ""Could not resolve authentication method. Expected either api_key or auth_token to be set. Or for one of the `X-Api-Key` or `Authorization` headers to be explicitly omitted"""
rhinovirus b4,185889,Picornaviridae,Enterovirus,False,low,"Error: ""Could not resolve authentication method. Expected either api_key or auth_token to be set. Or for one of the `X-Api-Key` or `Authorization` headers to be explicitly omitted"""
rhinovirus b42,147683,Picornaviridae,Enterovirus,False,low,"Error: ""Could not resolve authentication method. Expected either api_key or auth_token to be set. Or for one of the `X-Api-Key` or `Authorization` headers to be explicitly omitted"""
rhinovirus b48,147679,Picornaviridae,Enterovirus,False,low,"Error: ""Could not resolve authentication method. Expected either api_key or auth_token to be set. Or for one of the `X-Api-Key` or `Authorization` headers to be explicitly omitted"""
rhinovirus b5,147714,Picornaviridae,Enterovirus,False,low,"Error: ""Could not resolve authentication method. Expected either api_key or auth_token to be set. Or for one of the `X-Api-Key` or `Authorization` headers to be explicitly omitted"""
rhinovirus b52,147677,Picornaviridae,Enterovirus,False,low,"Error: ""Could not resolve authentication method. Expected either api_key or auth_token to be set. Or for one of the `X-Api-Key` or `Authorization` headers to be explicitly omitted"""
rhinovirus b6,147681,Picornaviridae,Enterovirus,False,low,"Error: ""Could not resolve authentication method. Expected either api_key or auth_token to be set. Or for one of the `X-Api-Key` or `Authorization` headers to be explicitly omitted"""
rhinovirus b69,147678,Picornaviridae,Enterovirus,False,low,"Error: ""Could not resolve authentication method. Expected either api_key or auth_token to be set. Or for one of the `X-Api-Key` or `Authorization` headers to be explicitly omitted"""
rhinovirus b70,185926,Picornaviridae,Enterovirus,False,low,"Error: ""Could not resolve authentication method. Expected either api_key or auth_token to be set. Or for one of the `X-Api-Key` or `Authorization` headers to be explicitly omitted"""
rhinovirus b72,44137,Picornaviridae,Enterovirus,False,low,"Error: ""Could not resolve authentication method. Expected either api_key or auth_token to be set. Or for one of the `X-Api-Key` or `Authorization` headers to be explicitly omitted"""
rhinovirus b79,185933,Picornaviridae,Enterovirus,False,low,"Error: ""Could not resolve authentication method. Expected either api_key or auth_token to be set. Or for one of the `X-Api-Key` or `Authorization` headers to be explicitly omitted"""
rhinovirus b83,185936,Picornaviridae,Enterovirus,False,low,"Error: ""Could not resolve authentication method. Expected either api_key or auth_token to be set. Or for one of the `X-Api-Key` or `Authorization` headers to be explicitly omitted"""
rhinovirus b84,167328,Picornaviridae,Enterovirus,False,low,"Error: ""Could not resolve authentication method. Expected either api_key or auth_token to be set. Or for one of the `X-Api-Key` or `Authorization` headers to be explicitly omitted"""
rhinovirus b86,185938,Picornaviridae,Enterovirus,False,low,"Error: ""Could not resolve authentication method. Expected either api_key or auth_token to be set. Or for one of the `X-Api-Key` or `Authorization` headers to be explicitly omitted"""
rhinovirus b91,167325,Picornaviridae,Enterovirus,False,low,"Error: ""Could not resolve authentication method. Expected either api_key or auth_token to be set. Or for one of the `X-Api-Key` or `Authorization` headers to be explicitly omitted"""
rhinovirus b92,167326,Picornaviridae,Enterovirus,False,low,"Error: ""Could not resolve authentication method. Expected either api_key or auth_token to be set. Or for one of the `X-Api-Key` or `Authorization` headers to be explicitly omitted"""
rhinovirus b93,167327,Picornaviridae,Enterovirus,False,low,"Error: ""Could not resolve authentication method. Expected either api_key or auth_token to be set. Or for one of the `X-Api-Key` or `Authorization` headers to be explicitly omitted"""
rhinovirus b97,167330,Picornaviridae,Enterovirus,False,low,"Error: ""Could not resolve authentication method. Expected either api_key or auth_token to be set. Or for one of the `X-Api-Key` or `Authorization` headers to be explicitly omitted"""
rhinovirus b99,185945,Picornaviridae,Enterovirus,False,low,"Error: ""Could not resolve authentication method. Expected either api_key or auth_token to be set. Or for one of the `X-Api-Key` or `Authorization` headers to be explicitly omitted"""
rhinovirus c1,1219416,Picornaviridae,Enterovirus,False,low,"Error: ""Could not resolve authentication method. Expected either api_key or auth_token to be set. Or for one of the `X-Api-Key` or `Authorization` headers to be explicitly omitted"""
rhinovirus c10,1219419,Picornaviridae,Enterovirus,False,low,"Error: ""Could not resolve authentication method. Expected either api_key or auth_token to be set. Or for one of the `X-Api-Key` or `Authorization` headers to be explicitly omitted"""
rhinovirus c11,1240004,Picornaviridae,Enterovirus,False,low,"Error: ""Could not resolve authentication method. Expected either api_key or auth_token to be set. Or for one of the `X-Api-Key` or `Authorization` headers to be explicitly omitted"""
rhinovirus c12,1418064,Picornaviridae,Enterovirus,False,low,"Error: ""Could not resolve authentication method. Expected either api_key or auth_token to be set. Or for one of the `X-Api-Key` or `Authorization` headers to be explicitly omitted"""
rhinovirus c15,1418033,Picornaviridae,Enterovirus,False,low,"Error: ""Could not resolve authentication method. Expected either api_key or auth_token to be set. Or for one of the `X-Api-Key` or `Authorization` headers to be explicitly omitted"""
rhinovirus c17,1219404,Picornaviridae,Enterovirus,False,low,"Error: ""Could not resolve authentication method. Expected either api_key or auth_token to be set. Or for one of the `X-Api-Key` or `Authorization` headers to be explicitly omitted"""
rhinovirus c2,1219376,Picornaviridae,Enterovirus,False,low,"Error: ""Could not resolve authentication method. Expected either api_key or auth_token to be set. Or for one of the `X-Api-Key` or `Authorization` headers to be explicitly omitted"""
rhinovirus c23,2045067,Picornaviridae,Enterovirus,False,low,"Error: ""Could not resolve authentication method. Expected either api_key or auth_token to be set. Or for one of the `X-Api-Key` or `Authorization` headers to be explicitly omitted"""
rhinovirus c3,1219377,Picornaviridae,Enterovirus,False,low,"Error: ""Could not resolve authentication method. Expected either api_key or auth_token to be set. Or for one of the `X-Api-Key` or `Authorization` headers to be explicitly omitted"""
rhinovirus c31,2045073,Picornaviridae,Enterovirus,False,low,"Error: ""Could not resolve authentication method. Expected either api_key or auth_token to be set. Or for one of the `X-Api-Key` or `Authorization` headers to be explicitly omitted"""
rhinovirus c32,1219405,Picornaviridae,Enterovirus,False,low,"Error: ""Could not resolve authentication method. Expected either api_key or auth_token to be set. Or for one of the `X-Api-Key` or `Authorization` headers to be explicitly omitted"""
rhinovirus c34,2045075,Picornaviridae,Enterovirus,False,low,"Error: ""Could not resolve authentication method. Expected either api_key or auth_token to be set. Or for one of the `X-Api-Key` or `Authorization` headers to be explicitly omitted"""
rhinovirus c35,1077430,Picornaviridae,Enterovirus,False,low,"Error: ""Could not resolve authentication method. Expected either api_key or auth_token to be set. Or for one of the `X-Api-Key` or `Authorization` headers to be explicitly omitted"""
rhinovirus c36,1418041,Picornaviridae,Enterovirus,False,low,"Error: ""Could not resolve authentication method. Expected either api_key or auth_token to be set. Or for one of the `X-Api-Key` or `Authorization` headers to be explicitly omitted"""
rhinovirus c39,1418035,Picornaviridae,Enterovirus,False,low,"Error: ""Could not resolve authentication method. Expected either api_key or auth_token to be set. Or for one of the `X-Api-Key` or `Authorization` headers to be explicitly omitted"""
rhinovirus c40,1219406,Picornaviridae,Enterovirus,False,low,"Error: ""Could not resolve authentication method. Expected either api_key or auth_token to be set. Or for one of the `X-Api-Key` or `Authorization` headers to be explicitly omitted"""
rhinovirus c41,2045078,Picornaviridae,Enterovirus,False,low,"Error: ""Could not resolve authentication method. Expected either api_key or auth_token to be set. Or for one of the `X-Api-Key` or `Authorization` headers to be explicitly omitted"""
rhinovirus c42,1219407,Picornaviridae,Enterovirus,False,low,"Error: ""Could not resolve authentication method. Expected either api_key or auth_token to be set. Or for one of the `X-Api-Key` or `Authorization` headers to be explicitly omitted"""
rhinovirus c43,1219413,Picornaviridae,Enterovirus,False,low,"Error: ""Could not resolve authentication method. Expected either api_key or auth_token to be set. Or for one of the `X-Api-Key` or `Authorization` headers to be explicitly omitted"""
rhinovirus c47,2035045,Picornaviridae,Enterovirus,False,low,"Error: ""Could not resolve authentication method. Expected either api_key or auth_token to be set. Or for one of the `X-Api-Key` or `Authorization` headers to be explicitly omitted"""
rhinovirus c48,2777134,Picornaviridae,Enterovirus,False,low,"Error: ""Could not resolve authentication method. Expected either api_key or auth_token to be set. Or for one of the `X-Api-Key` or `Authorization` headers to be explicitly omitted"""
rhinovirus c51,2777131,Picornaviridae,Enterovirus,False,low,"Error: ""Could not resolve authentication method. Expected either api_key or auth_token to be set. Or for one of the `X-Api-Key` or `Authorization` headers to be explicitly omitted"""
rhinovirus c53,2032983,Picornaviridae,Enterovirus,False,low,"Error: ""Could not resolve authentication method. Expected either api_key or auth_token to be set. Or for one of the `X-Api-Key` or `Authorization` headers to be explicitly omitted"""
rhinovirus c56,2094116,Picornaviridae,Enterovirus,False,low,"Error: ""Could not resolve authentication method. Expected either api_key or auth_token to be set. Or for one of the `X-Api-Key` or `Authorization` headers to be explicitly omitted"""
rhinovirus c6,1219378,Picornaviridae,Enterovirus,False,low,"Error: ""Could not resolve authentication method. Expected either api_key or auth_token to be set. Or for one of the `X-Api-Key` or `Authorization` headers to be explicitly omitted"""
rhinovirus c8,1219380,Picornaviridae,Enterovirus,False,low,"Error: ""Could not resolve authentication method. Expected either api_key or auth_token to be set. Or for one of the `X-Api-Key` or `Authorization` headers to be explicitly omitted"""
rhinovirus c9,1220265,Picornaviridae,Enterovirus,False,low,"Error: ""Could not resolve authentication method. Expected either api_key or auth_token to be set. Or for one of the `X-Api-Key` or `Authorization` headers to be explicitly omitted"""
aichivirus a1,1313215,Picornaviridae,Kobuvirus,False,low,"Error: ""Could not resolve authentication method. Expected either api_key or auth_token to be set. Or for one of the `X-Api-Key` or `Authorization` headers to be explicitly omitted"""
kobuvirus sewage kathmandu,1224522,Picornaviridae,Kobuvirus,False,low,"Error: ""Could not resolve authentication method. Expected either api_key or auth_token to be set. Or for one of the `X-Api-Key` or `Authorization` headers to be explicitly omitted"""
human parechovirus 17,1906354,Picornaviridae,Parechovirus,False,low,"Error: ""Could not resolve authentication method. Expected either api_key or auth_token to be set. Or for one of the `X-Api-Key` or `Authorization` headers to be explicitly omitted"""
human parechovirus 18,1906355,Picornaviridae,Parechovirus,False,low,"Error: ""Could not resolve authentication method. Expected either api_key or auth_token to be set. Or for one of the `X-Api-Key` or `Authorization` headers to be explicitly omitted"""
human parechovirus 19,1906356,Picornaviridae,Parechovirus,False,low,"Error: ""Could not resolve authentication method. Expected either api_key or auth_token to be set. Or for one of the `X-Api-Key` or `Authorization` headers to be explicitly omitted"""
human parechovirus 2,39085,Picornaviridae,Parechovirus,False,low,"Error: ""Could not resolve authentication method. Expected either api_key or auth_token to be set. Or for one of the `X-Api-Key` or `Authorization` headers to be explicitly omitted"""
human parechovirus 3,195055,Picornaviridae,Parechovirus,False,low,"Error: ""Could not resolve authentication method. Expected either api_key or auth_token to be set. Or for one of the `X-Api-Key` or `Authorization` headers to be explicitly omitted"""
human parechovirus 4,362784,Picornaviridae,Parechovirus,False,low,"Error: ""Could not resolve authentication method. Expected either api_key or auth_token to be set. Or for one of the `X-Api-Key` or `Authorization` headers to be explicitly omitted"""
human parechovirus 5,376148,Picornaviridae,Parechovirus,False,low,"Error: ""Could not resolve authentication method. Expected either api_key or auth_token to be set. Or for one of the `X-Api-Key` or `Authorization` headers to be explicitly omitted"""
human parechovirus 6,411152,Picornaviridae,Parechovirus,False,low,"Error: ""Could not resolve authentication method. Expected either api_key or auth_token to be set. Or for one of the `X-Api-Key` or `Authorization` headers to be explicitly omitted"""
human parechovirus 7,533185,Picornaviridae,Parechovirus,False,low,"Error: ""Could not resolve authentication method. Expected either api_key or auth_token to be set. Or for one of the `X-Api-Key` or `Authorization` headers to be explicitly omitted"""
human parechovirus 8,602074,Picornaviridae,Parechovirus,False,low,"Error: ""Could not resolve authentication method. Expected either api_key or auth_token to be set. Or for one of the `X-Api-Key` or `Authorization` headers to be explicitly omitted"""
parechovirus a,1803956,Picornaviridae,Parechovirus,False,low,"Error: ""Could not resolve authentication method. Expected either api_key or auth_token to be set. Or for one of the `X-Api-Key` or `Authorization` headers to be explicitly omitted"""
parechovirus a1,12063,Picornaviridae,Parechovirus,False,low,"Error: ""Could not resolve authentication method. Expected either api_key or auth_token to be set. Or for one of the `X-Api-Key` or `Authorization` headers to be explicitly omitted"""
salivirus fhb,1547495,Picornaviridae,Salivirus,False,low,"Error: ""Could not resolve authentication method. Expected either api_key or auth_token to be set. Or for one of the `X-Api-Key` or `Authorization` headers to be explicitly omitted"""
salivirus ng-j1,651733,Picornaviridae,Salivirus,False,low,"Error: ""Could not resolve authentication method. Expected either api_key or auth_token to be set. Or for one of the `X-Api-Key` or `Authorization` headers to be explicitly omitted"""
infectious spleen and kidney necrosis virus,180170,Iridoviridae,Megalocytivirus,False,low,"Error: ""Could not resolve authentication method. Expected either api_key or auth_token to be set. Or for one of the `X-Api-Key` or `Authorization` headers to be explicitly omitted"""
human gut-associated brisavirus vw,2571073,Redondoviridae,Torbevirus,False,low,"Error: ""Could not resolve authentication method. Expected either api_key or auth_token to be set. Or for one of the `X-Api-Key` or `Authorization` headers to be explicitly omitted"""
human gut-associated vientovirus mw,2571074,Redondoviridae,Torbevirus,False,low,"Error: ""Could not resolve authentication method. Expected either api_key or auth_token to be set. Or for one of the `X-Api-Key` or `Authorization` headers to be explicitly omitted"""
human lung-associated brisavirus aa,2571075,Redondoviridae,Torbevirus,False,low,"Error: ""Could not resolve authentication method. Expected either api_key or auth_token to be set. Or for one of the `X-Api-Key` or `Authorization` headers to be explicitly omitted"""
human lung-associated brisavirus ii,2571076,Redondoviridae,Torbevirus,False,low,"Error: ""Could not resolve authentication method. Expected either api_key or auth_token to be set. Or for one of the `X-Api-Key` or `Authorization` headers to be explicitly omitted"""
human lung-associated brisavirus md,2571077,Redondoviridae,Torbevirus,False,low,"Error: ""Could not resolve authentication method. Expected either api_key or auth_token to be set. Or for one of the `X-Api-Key` or `Authorization` headers to be explicitly omitted"""
human lung-associated brisavirus rc,2571078,Redondoviridae,Torbevirus,False,low,"Error: ""Could not resolve authentication method. Expected either api_key or auth_token to be set. Or for one of the `X-Api-Key` or `Authorization` headers to be explicitly omitted"""
human lung-associated vientovirus al,2571079,Redondoviridae,Torbevirus,False,low,"Error: ""Could not resolve authentication method. Expected either api_key or auth_token to be set. Or for one of the `X-Api-Key` or `Authorization` headers to be explicitly omitted"""
human lung-associated vientovirus dc,2571080,Redondoviridae,Torbevirus,False,low,"Error: ""Could not resolve authentication method. Expected either api_key or auth_token to be set. Or for one of the `X-Api-Key` or `Authorization` headers to be explicitly omitted"""
human lung-associated vientovirus es,2571081,Redondoviridae,Torbevirus,False,low,"Error: ""Could not resolve authentication method. Expected either api_key or auth_token to be set. Or for one of the `X-Api-Key` or `Authorization` headers to be explicitly omitted"""
human lung-associated vientovirus fb,2571082,Redondoviridae,Torbevirus,False,low,"Error: ""Could not resolve authentication method. Expected either api_key or auth_token to be set. Or for one of the `X-Api-Key` or `Authorization` headers to be explicitly omitted"""
human lung-associated vientovirus jb,2571083,Redondoviridae,Torbevirus,False,low,"Error: ""Could not resolve authentication method. Expected either api_key or auth_token to be set. Or for one of the `X-Api-Key` or `Authorization` headers to be explicitly omitted"""
human lung-associated vientovirus jy,2571084,Redondoviridae,Torbevirus,False,low,"Error: ""Could not resolve authentication method. Expected either api_key or auth_token to be set. Or for one of the `X-Api-Key` or `Authorization` headers to be explicitly omitted"""
human lung-associated vientovirus lt,2571085,Redondoviridae,Torbevirus,False,low,"Error: ""Could not resolve authentication method. Expected either api_key or auth_token to be set. Or for one of the `X-Api-Key` or `Authorization` headers to be explicitly omitted"""
human oral-associated brisavirus yh,2571086,Redondoviridae,Torbevirus,False,low,"Error: ""Could not resolve authentication method. Expected either api_key or auth_token to be set. Or for one of the `X-Api-Key` or `Authorization` headers to be explicitly omitted"""
human oral-associated vientovirus av,2571087,Redondoviridae,Torbevirus,False,low,"Error: ""Could not resolve authentication method. Expected either api_key or auth_token to be set. Or for one of the `X-Api-Key` or `Authorization` headers to be explicitly omitted"""
human oral-associated vientovirus ec,2571088,Redondoviridae,Torbevirus,False,low,"Error: ""Could not resolve authentication method. Expected either api_key or auth_token to be set. Or for one of the `X-Api-Key` or `Authorization` headers to be explicitly omitted"""
human oral-associated vientovirus lz,2571089,Redondoviridae,Torbevirus,False,low,"Error: ""Could not resolve authentication method. Expected either api_key or auth_token to be set. Or for one of the `X-Api-Key` or `Authorization` headers to be explicitly omitted"""
human oral-associated vientovirus mc,2571090,Redondoviridae,Torbevirus,False,low,"Error: ""Could not resolve authentication method. Expected either api_key or auth_token to be set. Or for one of the `X-Api-Key` or `Authorization` headers to be explicitly omitted"""
human oral-associated vientovirus xm,2571091,Redondoviridae,Torbevirus,False,low,"Error: ""Could not resolve authentication method. Expected either api_key or auth_token to be set. Or for one of the `X-Api-Key` or `Authorization` headers to be explicitly omitted"""
human circovirus vs6600022,1525173,Pecoviridae,Amaruvirus,False,low,"Error: ""Could not resolve authentication method. Expected either api_key or auth_token to be set. Or for one of the `X-Api-Key` or `Authorization` headers to be explicitly omitted"""
human adenovirus 11,10541,Adenoviridae,Mastadenovirus,False,low,"Error: ""Could not resolve authentication method. Expected either api_key or auth_token to be set. Or for one of the `X-Api-Key` or `Authorization` headers to be explicitly omitted"""
human adenovirus 11+34,1461395,Adenoviridae,Mastadenovirus,False,low,"Error: ""Could not resolve authentication method. Expected either api_key or auth_token to be set. Or for one of the `X-Api-Key` or `Authorization` headers to be explicitly omitted"""
human adenovirus 14,10521,Adenoviridae,Mastadenovirus,False,low,"Error: ""Could not resolve authentication method. Expected either api_key or auth_token to be set. Or for one of the `X-Api-Key` or `Authorization` headers to be explicitly omitted"""
human adenovirus 15,28276,Adenoviridae,Mastadenovirus,False,low,"Error: ""Could not resolve authentication method. Expected either api_key or auth_token to be set. Or for one of the `X-Api-Key` or `Authorization` headers to be explicitly omitted"""
human adenovirus 16,31544,Adenoviridae,Mastadenovirus,False,low,"Error: ""Could not resolve authentication method. Expected either api_key or auth_token to be set. Or for one of the `X-Api-Key` or `Authorization` headers to be explicitly omitted"""
human adenovirus 17,46922,Adenoviridae,Mastadenovirus,False,low,"Error: ""Could not resolve authentication method. Expected either api_key or auth_token to be set. Or for one of the `X-Api-Key` or `Authorization` headers to be explicitly omitted"""
human adenovirus 18,10528,Adenoviridae,Mastadenovirus,False,low,"Error: ""Could not resolve authentication method. Expected either api_key or auth_token to be set. Or for one of the `X-Api-Key` or `Authorization` headers to be explicitly omitted"""
human adenovirus 19,28278,Adenoviridae,Mastadenovirus,False,low,"Error: ""Could not resolve authentication method. Expected either api_key or auth_token to be set. Or for one of the `X-Api-Key` or `Authorization` headers to be explicitly omitted"""
human adenovirus 19a,88059,Adenoviridae,Mastadenovirus,False,low,"Error: ""Could not resolve authentication method. Expected either api_key or auth_token to be set. Or for one of the `X-Api-Key` or `Authorization` headers to be explicitly omitted"""
human adenovirus 2,10515,Adenoviridae,Mastadenovirus,False,low,"Error: ""Could not resolve authentication method. Expected either api_key or auth_token to be set. Or for one of the `X-Api-Key` or `Authorization` headers to be explicitly omitted"""
human adenovirus 20,46923,Adenoviridae,Mastadenovirus,False,low,"Error: ""Could not resolve authentication method. Expected either api_key or auth_token to be set. Or for one of the `X-Api-Key` or `Authorization` headers to be explicitly omitted"""
human adenovirus 21,32608,Adenoviridae,Mastadenovirus,False,low,"Error: ""Could not resolve authentication method. Expected either api_key or auth_token to be set. Or for one of the `X-Api-Key` or `Authorization` headers to be explicitly omitted"""
human adenovirus 22,46924,Adenoviridae,Mastadenovirus,False,low,"Error: ""Could not resolve authentication method. Expected either api_key or auth_token to be set. Or for one of the `X-Api-Key` or `Authorization` headers to be explicitly omitted"""
human adenovirus 23,46925,Adenoviridae,Mastadenovirus,False,low,"Error: ""Could not resolve authentication method. Expected either api_key or auth_token to be set. Or for one of the `X-Api-Key` or `Authorization` headers to be explicitly omitted"""
human adenovirus 24,46926,Adenoviridae,Mastadenovirus,False,low,"Error: ""Could not resolve authentication method. Expected either api_key or auth_token to be set. Or for one of the `X-Api-Key` or `Authorization` headers to be explicitly omitted"""
human adenovirus 25,46927,Adenoviridae,Mastadenovirus,False,low,"Error: ""Could not resolve authentication method. Expected either api_key or auth_token to be set. Or for one of the `X-Api-Key` or `Authorization` headers to be explicitly omitted"""
human adenovirus 26,46928,Adenoviridae,Mastadenovirus,False,low,"Error: ""Could not resolve authentication method. Expected either api_key or auth_token to be set. Or for one of the `X-Api-Key` or `Authorization` headers to be explicitly omitted"""
human adenovirus 27,46929,Adenoviridae,Mastadenovirus,False,low,"Error: ""Could not resolve authentication method. Expected either api_key or auth_token to be set. Or for one of the `X-Api-Key` or `Authorization` headers to be explicitly omitted"""
human adenovirus 28,46930,Adenoviridae,Mastadenovirus,False,low,"Error: ""Could not resolve authentication method. Expected either api_key or auth_token to be set. Or for one of the `X-Api-Key` or `Authorization` headers to be explicitly omitted"""
human adenovirus 29,46931,Adenoviridae,Mastadenovirus,False,low,"Error: ""Could not resolve authentication method. Expected either api_key or auth_token to be set. Or for one of the `X-Api-Key` or `Authorization` headers to be explicitly omitted"""
human adenovirus 3+11p,459785,Adenoviridae,Mastadenovirus,False,low,"Error: ""Could not resolve authentication method. Expected either api_key or auth_token to be set. Or for one of the `X-Api-Key` or `Authorization` headers to be explicitly omitted"""
human adenovirus 3+7,260047,Adenoviridae,Mastadenovirus,False,low,"Error: ""Could not resolve authentication method. Expected either api_key or auth_token to be set. Or for one of the `X-Api-Key` or `Authorization` headers to be explicitly omitted"""
human adenovirus 30,46932,Adenoviridae,Mastadenovirus,False,low,"Error: ""Could not resolve authentication method. Expected either api_key or auth_token to be set. Or for one of the `X-Api-Key` or `Authorization` headers to be explicitly omitted"""
human adenovirus 31,10529,Adenoviridae,Mastadenovirus,False,low,"Error: ""Could not resolve authentication method. Expected either api_key or auth_token to be set. Or for one of the `X-Api-Key` or `Authorization` headers to be explicitly omitted"""
human adenovirus 32,46933,Adenoviridae,Mastadenovirus,False,low,"Error: ""Could not resolve authentication method. Expected either api_key or auth_token to be set. Or for one of the `X-Api-Key` or `Authorization` headers to be explicitly omitted"""
human adenovirus 33,46934,Adenoviridae,Mastadenovirus,False,low,"Error: ""Could not resolve authentication method. Expected either api_key or auth_token to be set. Or for one of the `X-Api-Key` or `Authorization` headers to be explicitly omitted"""
human adenovirus 34,10548,Adenoviridae,Mastadenovirus,False,low,"Error: ""Could not resolve authentication method. Expected either api_key or auth_token to be set. Or for one of the `X-Api-Key` or `Authorization` headers to be explicitly omitted"""
human adenovirus 35,10522,Adenoviridae,Mastadenovirus,False,low,"Error: ""Could not resolve authentication method. Expected either api_key or auth_token to be set. Or for one of the `X-Api-Key` or `Authorization` headers to be explicitly omitted"""
human adenovirus 38,46943,Adenoviridae,Mastadenovirus,False,low,"Error: ""Could not resolve authentication method. Expected either api_key or auth_token to be set. Or for one of the `X-Api-Key` or `Authorization` headers to be explicitly omitted"""
human adenovirus 39,46935,Adenoviridae,Mastadenovirus,False,low,"Error: ""Could not resolve authentication method. Expected either api_key or auth_token to be set. Or for one of the `X-Api-Key` or `Authorization` headers to be explicitly omitted"""
human adenovirus 4,28280,Adenoviridae,Mastadenovirus,False,low,"Error: ""Could not resolve authentication method. Expected either api_key or auth_token to be set. Or for one of the `X-Api-Key` or `Authorization` headers to be explicitly omitted"""
human adenovirus 41,10524,Adenoviridae,Mastadenovirus,False,low,"Error: ""Could not resolve authentication method. Expected either api_key or auth_token to be set. Or for one of the `X-Api-Key` or `Authorization` headers to be explicitly omitted"""
human adenovirus 42,46937,Adenoviridae,Mastadenovirus,False,low,"Error: ""Could not resolve authentication method. Expected either api_key or auth_token to be set. Or for one of the `X-Api-Key` or `Authorization` headers to be explicitly omitted"""
human adenovirus 43,46938,Adenoviridae,Mastadenovirus,False,low,"Error: ""Could not resolve authentication method. Expected either api_key or auth_token to be set. Or for one of the `X-Api-Key` or `Authorization` headers to be explicitly omitted"""
human adenovirus 44,46939,Adenoviridae,Mastadenovirus,False,low,"Error: ""Could not resolve authentication method. Expected either api_key or auth_token to be set. Or for one of the `X-Api-Key` or `Authorization` headers to be explicitly omitted"""
human adenovirus 45,46940,Adenoviridae,Mastadenovirus,False,low,"Error: ""Could not resolve authentication method. Expected either api_key or auth_token to be set. Or for one of the `X-Api-Key` or `Authorization` headers to be explicitly omitted"""
human adenovirus 46,46941,Adenoviridae,Mastadenovirus,False,low,"Error: ""Could not resolve authentication method. Expected either api_key or auth_token to be set. Or for one of the `X-Api-Key` or `Authorization` headers to be explicitly omitted"""
human adenovirus 47,46942,Adenoviridae,Mastadenovirus,False,low,"Error: ""Could not resolve authentication method. Expected either api_key or auth_token to be set. Or for one of the `X-Api-Key` or `Authorization` headers to be explicitly omitted"""
human adenovirus 48,39641,Adenoviridae,Mastadenovirus,False,low,"Error: ""Could not resolve authentication method. Expected either api_key or auth_token to be set. Or for one of the `X-Api-Key` or `Authorization` headers to be explicitly omitted"""
human adenovirus 49,218120,Adenoviridae,Mastadenovirus,False,low,"Error: ""Could not resolve authentication method. Expected either api_key or auth_token to be set. Or for one of the `X-Api-Key` or `Authorization` headers to be explicitly omitted"""
human adenovirus 50,107462,Adenoviridae,Mastadenovirus,False,low,"Error: ""Could not resolve authentication method. Expected either api_key or auth_token to be set. Or for one of the `X-Api-Key` or `Authorization` headers to be explicitly omitted"""
human adenovirus 51,245072,Adenoviridae,Mastadenovirus,False,low,"Error: ""Could not resolve authentication method. Expected either api_key or auth_token to be set. Or for one of the `X-Api-Key` or `Authorization` headers to be explicitly omitted"""
human adenovirus 53,556926,Adenoviridae,Mastadenovirus,False,low,"Error: ""Could not resolve authentication method. Expected either api_key or auth_token to be set. Or for one of the `X-Api-Key` or `Authorization` headers to be explicitly omitted"""
human adenovirus 54,651580,Adenoviridae,Mastadenovirus,False,low,"Error: ""Could not resolve authentication method. Expected either api_key or auth_token to be set. Or for one of the `X-Api-Key` or `Authorization` headers to be explicitly omitted"""
human adenovirus 55,714978,Adenoviridae,Mastadenovirus,False,low,"Error: ""Could not resolve authentication method. Expected either api_key or auth_token to be set. Or for one of the `X-Api-Key` or `Authorization` headers to be explicitly omitted"""
human adenovirus 56,880565,Adenoviridae,Mastadenovirus,False,low,"Error: ""Could not resolve authentication method. Expected either api_key or auth_token to be set. Or for one of the `X-Api-Key` or `Authorization` headers to be explicitly omitted"""
human adenovirus 58,980087,Adenoviridae,Mastadenovirus,False,low,"Error: ""Could not resolve authentication method. Expected either api_key or auth_token to be set. Or for one of the `X-Api-Key` or `Authorization` headers to be explicitly omitted"""
human adenovirus 60a,1091198,Adenoviridae,Mastadenovirus,False,low,"Error: ""Could not resolve authentication method. Expected either api_key or auth_token to be set. Or for one of the `X-Api-Key` or `Authorization` headers to be explicitly omitted"""
human adenovirus 61,1069441,Adenoviridae,Mastadenovirus,False,low,"Error: ""Could not resolve authentication method. Expected either api_key or auth_token to be set. Or for one of the `X-Api-Key` or `Authorization` headers to be explicitly omitted"""
human adenovirus 62,1091197,Adenoviridae,Mastadenovirus,False,low,"Error: ""Could not resolve authentication method. Expected either api_key or auth_token to be set. Or for one of the `X-Api-Key` or `Authorization` headers to be explicitly omitted"""
human adenovirus 63,1124795,Adenoviridae,Mastadenovirus,False,low,"Error: ""Could not resolve authentication method. Expected either api_key or auth_token to be set. Or for one of the `X-Api-Key` or `Authorization` headers to be explicitly omitted"""
human adenovirus 64,1145295,Adenoviridae,Mastadenovirus,False,low,"Error: ""Could not resolve authentication method. Expected either api_key or auth_token to be set. Or for one of the `X-Api-Key` or `Authorization` headers to be explicitly omitted"""
human adenovirus 65,1094363,Adenoviridae,Mastadenovirus,False,low,"Error: ""Could not resolve authentication method. Expected either api_key or auth_token to be set. Or for one of the `X-Api-Key` or `Authorization` headers to be explicitly omitted"""
human adenovirus 66,1337398,Adenoviridae,Mastadenovirus,False,low,"Error: ""Could not resolve authentication method. Expected either api_key or auth_token to be set. Or for one of the `X-Api-Key` or `Authorization` headers to be explicitly omitted"""
human adenovirus 67,1101371,Adenoviridae,Mastadenovirus,False,low,"Error: ""Could not resolve authentication method. Expected either api_key or auth_token to be set. Or for one of the `X-Api-Key` or `Authorization` headers to be explicitly omitted"""
human adenovirus 68,1096763,Adenoviridae,Mastadenovirus,False,low,"Error: ""Could not resolve authentication method. Expected either api_key or auth_token to be set. Or for one of the `X-Api-Key` or `Authorization` headers to be explicitly omitted"""
human adenovirus 69,1604283,Adenoviridae,Mastadenovirus,False,low,"Error: ""Could not resolve authentication method. Expected either api_key or auth_token to be set. Or for one of the `X-Api-Key` or `Authorization` headers to be explicitly omitted"""
human adenovirus 7,10519,Adenoviridae,Mastadenovirus,False,low,"Error: ""Could not resolve authentication method. Expected either api_key or auth_token to be set. Or for one of the `X-Api-Key` or `Authorization` headers to be explicitly omitted"""
human adenovirus 71,1643649,Adenoviridae,Mastadenovirus,False,low,"Error: ""Could not resolve authentication method. Expected either api_key or auth_token to be set. Or for one of the `X-Api-Key` or `Authorization` headers to be explicitly omitted"""
human adenovirus 81,1972755,Adenoviridae,Mastadenovirus,False,low,"Error: ""Could not resolve authentication method. Expected either api_key or auth_token to be set. Or for one of the `X-Api-Key` or `Authorization` headers to be explicitly omitted"""
human adenovirus 86,2461378,Adenoviridae,Mastadenovirus,False,low,"Error: ""Could not resolve authentication method. Expected either api_key or auth_token to be set. Or for one of the `X-Api-Key` or `Authorization` headers to be explicitly omitted"""
human adenovirus b3,45659,Adenoviridae,Mastadenovirus,False,low,"Error: ""Could not resolve authentication method. Expected either api_key or auth_token to be set. Or for one of the `X-Api-Key` or `Authorization` headers to be explicitly omitted"""
human adenovirus d10,28275,Adenoviridae,Mastadenovirus,False,low,"Error: ""Could not resolve authentication method. Expected either api_key or auth_token to be set. Or for one of the `X-Api-Key` or `Authorization` headers to be explicitly omitted"""
human adenovirus d13,46921,Adenoviridae,Mastadenovirus,False,low,"Error: ""Could not resolve authentication method. Expected either api_key or auth_token to be set. Or for one of the `X-Api-Key` or `Authorization` headers to be explicitly omitted"""
human adenovirus d37,52275,Adenoviridae,Mastadenovirus,False,low,"Error: ""Could not resolve authentication method. Expected either api_key or auth_token to be set. Or for one of the `X-Api-Key` or `Authorization` headers to be explicitly omitted"""
human adenovirus d8,31545,Adenoviridae,Mastadenovirus,False,low,"Error: ""Could not resolve authentication method. Expected either api_key or auth_token to be set. Or for one of the `X-Api-Key` or `Authorization` headers to be explicitly omitted"""
human adenovirus d9,10527,Adenoviridae,Mastadenovirus,False,low,"Error: ""Could not resolve authentication method. Expected either api_key or auth_token to be set. Or for one of the `X-Api-Key` or `Authorization` headers to be explicitly omitted"""
simian adenovirus 27.2,585084,Adenoviridae,Mastadenovirus,False,low,"Error: ""Could not resolve authentication method. Expected either api_key or auth_token to be set. Or for one of the `X-Api-Key` or `Authorization` headers to be explicitly omitted"""
simian adenovirus 28.2,585086,Adenoviridae,Mastadenovirus,False,low,"Error: ""Could not resolve authentication method. Expected either api_key or auth_token to be set. Or for one of the `X-Api-Key` or `Authorization` headers to be explicitly omitted"""
simian adenovirus 41.1,585095,Adenoviridae,Mastadenovirus,False,low,"Error: ""Could not resolve authentication method. Expected either api_key or auth_token to be set. Or for one of the `X-Api-Key` or `Authorization` headers to be explicitly omitted"""
simian adenovirus 41.2,585096,Adenoviridae,Mastadenovirus,False,low,"Error: ""Could not resolve authentication method. Expected either api_key or auth_token to be set. Or for one of the `X-Api-Key` or `Authorization` headers to be explicitly omitted"""
simian adenovirus 43,585077,Adenoviridae,Mastadenovirus,False,low,"Error: ""Could not resolve authentication method. Expected either api_key or auth_token to be set. Or for one of the `X-Api-Key` or `Authorization` headers to be explicitly omitted"""
simian adenovirus 45,585079,Adenoviridae,Mastadenovirus,False,low,"Error: ""Could not resolve authentication method. Expected either api_key or auth_token to be set. Or for one of the `X-Api-Key` or `Authorization` headers to be explicitly omitted"""
simian adenovirus 46,585080,Adenoviridae,Mastadenovirus,False,low,"Error: ""Could not resolve authentication method. Expected either api_key or auth_token to be set. Or for one of the `X-Api-Key` or `Authorization` headers to be explicitly omitted"""
simian adenovirus 47,585081,Adenoviridae,Mastadenovirus,False,low,"Error: ""Could not resolve authentication method. Expected either api_key or auth_token to be set. Or for one of the `X-Api-Key` or `Authorization` headers to be explicitly omitted"""
torque teno virus 10,687349,Anelloviridae,Alphatorquevirus,False,low,"Error: ""Could not resolve authentication method. Expected either api_key or auth_token to be set. Or for one of the `X-Api-Key` or `Authorization` headers to be explicitly omitted"""
torque teno virus 12,687351,Anelloviridae,Alphatorquevirus,False,low,"Error: ""Could not resolve authentication method. Expected either api_key or auth_token to be set. Or for one of the `X-Api-Key` or `Authorization` headers to be explicitly omitted"""
torque teno virus 15,687354,Anelloviridae,Alphatorquevirus,False,low,"Error: ""Could not resolve authentication method. Expected either api_key or auth_token to be set. Or for one of the `X-Api-Key` or `Authorization` headers to be explicitly omitted"""
torque teno virus 16,687355,Anelloviridae,Alphatorquevirus,False,low,"Error: ""Could not resolve authentication method. Expected either api_key or auth_token to be set. Or for one of the `X-Api-Key` or `Authorization` headers to be explicitly omitted"""
torque teno virus 17,687356,Anelloviridae,Alphatorquevirus,False,low,"Error: ""Could not resolve authentication method. Expected either api_key or auth_token to be set. Or for one of the `X-Api-Key` or `Authorization` headers to be explicitly omitted"""
torque teno virus 18,687357,Anelloviridae,Alphatorquevirus,False,low,"Error: ""Could not resolve authentication method. Expected either api_key or auth_token to be set. Or for one of the `X-Api-Key` or `Authorization` headers to be explicitly omitted"""
torque teno virus 19,687358,Anelloviridae,Alphatorquevirus,False,low,"Error: ""Could not resolve authentication method. Expected either api_key or auth_token to be set. Or for one of the `X-Api-Key` or `Authorization` headers to be explicitly omitted"""
torque teno virus 27,687366,Anelloviridae,Alphatorquevirus,False,low,"Error: ""Could not resolve authentication method. Expected either api_key or auth_token to be set. Or for one of the `X-Api-Key` or `Authorization` headers to be explicitly omitted"""
torque teno virus 28,687367,Anelloviridae,Alphatorquevirus,False,low,"Error: ""Could not resolve authentication method. Expected either api_key or auth_token to be set. Or for one of the `X-Api-Key` or `Authorization` headers to be explicitly omitted"""
torque teno virus 6,687345,Anelloviridae,Alphatorquevirus,False,low,"Error: ""Could not resolve authentication method. Expected either api_key or auth_token to be set. Or for one of the `X-Api-Key` or `Authorization` headers to be explicitly omitted"""
torque teno virus 7,687346,Anelloviridae,Alphatorquevirus,False,low,"Error: ""Could not resolve authentication method. Expected either api_key or auth_token to be set. Or for one of the `X-Api-Key` or `Authorization` headers to be explicitly omitted"""
torque teno mini virus 1,687369,Anelloviridae,Betatorquevirus,False,low,"Error: ""Could not resolve authentication method. Expected either api_key or auth_token to be set. Or for one of the `X-Api-Key` or `Authorization` headers to be explicitly omitted"""
torque teno mini virus 10,2065036,Anelloviridae,Betatorquevirus,False,low,"Error: ""Could not resolve authentication method. Expected either api_key or auth_token to be set. Or for one of the `X-Api-Key` or `Authorization` headers to be explicitly omitted"""
torque teno mini virus 18,1859149,Anelloviridae,Betatorquevirus,False,low,"Error: ""Could not resolve authentication method. Expected either api_key or auth_token to be set. Or for one of the `X-Api-Key` or `Authorization` headers to be explicitly omitted"""
torque teno mini virus 2,687370,Anelloviridae,Betatorquevirus,False,low,"Error: ""Could not resolve authentication method. Expected either api_key or auth_token to be set. Or for one of the `X-Api-Key` or `Authorization` headers to be explicitly omitted"""
torque teno mini virus 3,687371,Anelloviridae,Betatorquevirus,False,low,"Error: ""Could not resolve authentication method. Expected either api_key or auth_token to be set. Or for one of the `X-Api-Key` or `Authorization` headers to be explicitly omitted"""
torque teno mini virus 5,687373,Anelloviridae,Betatorquevirus,False,low,"Error: ""Could not resolve authentication method. Expected either api_key or auth_token to be set. Or for one of the `X-Api-Key` or `Authorization` headers to be explicitly omitted"""
torque teno mini virus 6,687374,Anelloviridae,Betatorquevirus,False,low,"Error: ""Could not resolve authentication method. Expected either api_key or auth_token to be set. Or for one of the `X-Api-Key` or `Authorization` headers to be explicitly omitted"""
torque teno mini virus 7,687375,Anelloviridae,Betatorquevirus,False,low,"Error: ""Could not resolve authentication method. Expected either api_key or auth_token to be set. Or for one of the `X-Api-Key` or `Authorization` headers to be explicitly omitted"""
torque teno mini virus 8,687376,Anelloviridae,Betatorquevirus,False,low,"Error: ""Could not resolve authentication method. Expected either api_key or auth_token to be set. Or for one of the `X-Api-Key` or `Authorization` headers to be explicitly omitted"""
torque teno mini virus ala22,1535290,Anelloviridae,Betatorquevirus,False,low,"Error: ""Could not resolve authentication method. Expected either api_key or auth_token to be set. Or for one of the `X-Api-Key` or `Authorization` headers to be explicitly omitted"""
torque teno mini virus alh8,1535291,Anelloviridae,Betatorquevirus,False,low,"Error: ""Could not resolve authentication method. Expected either api_key or auth_token to be set. Or for one of the `X-Api-Key` or `Authorization` headers to be explicitly omitted"""
torque teno mini virus sha,2057931,Anelloviridae,Betatorquevirus,False,low,"Error: ""Could not resolve authentication method. Expected either api_key or auth_token to be set. Or for one of the `X-Api-Key` or `Authorization` headers to be explicitly omitted"""
torque teno mini virus shb,2057932,Anelloviridae,Betatorquevirus,False,low,"Error: ""Could not resolve authentication method. Expected either api_key or auth_token to be set. Or for one of the `X-Api-Key` or `Authorization` headers to be explicitly omitted"""
torque teno mini virus shc,2057933,Anelloviridae,Betatorquevirus,False,low,"Error: ""Could not resolve authentication method. Expected either api_key or auth_token to be set. Or for one of the `X-Api-Key` or `Authorization` headers to be explicitly omitted"""
torque teno midi virus 1,687379,Anelloviridae,Gammatorquevirus,False,low,"Error: ""Could not resolve authentication method. Expected either api_key or auth_token to be set. Or for one of the `X-Api-Key` or `Authorization` headers to be explicitly omitted"""
torque teno midi virus 10,2065051,Anelloviridae,Gammatorquevirus,False,low,"Error: ""Could not resolve authentication method. Expected either api_key or auth_token to be set. Or for one of the `X-Api-Key` or `Authorization` headers to be explicitly omitted"""
torque teno midi virus 11,2065052,Anelloviridae,Gammatorquevirus,False,low,"Error: ""Could not resolve authentication method. Expected either api_key or auth_token to be set. Or for one of the `X-Api-Key` or `Authorization` headers to be explicitly omitted"""
torque teno midi virus 12,2065053,Anelloviridae,Gammatorquevirus,False,low,"Error: ""Could not resolve authentication method. Expected either api_key or auth_token to be set. Or for one of the `X-Api-Key` or `Authorization` headers to be explicitly omitted"""
torque teno midi virus 13,2065054,Anelloviridae,Gammatorquevirus,False,low,"Error: ""Could not resolve authentication method. Expected either api_key or auth_token to be set. Or for one of the `X-Api-Key` or `Authorization` headers to be explicitly omitted"""
torque teno midi virus 14,2065055,Anelloviridae,Gammatorquevirus,False,low,"Error: ""Could not resolve authentication method. Expected either api_key or auth_token to be set. Or for one of the `X-Api-Key` or `Authorization` headers to be explicitly omitted"""
torque teno midi virus 15,2065056,Anelloviridae,Gammatorquevirus,False,low,"Error: ""Could not resolve authentication method. Expected either api_key or auth_token to be set. Or for one of the `X-Api-Key` or `Authorization` headers to be explicitly omitted"""
torque teno midi virus 2,687380,Anelloviridae,Gammatorquevirus,False,low,"Error: ""Could not resolve authentication method. Expected either api_key or auth_token to be set. Or for one of the `X-Api-Key` or `Authorization` headers to be explicitly omitted"""
torque teno midi virus 5,2065046,Anelloviridae,Gammatorquevirus,False,low,"Error: ""Could not resolve authentication method. Expected either api_key or auth_token to be set. Or for one of the `X-Api-Key` or `Authorization` headers to be explicitly omitted"""
torque teno midi virus 6,2065047,Anelloviridae,Gammatorquevirus,False,low,"Error: ""Could not resolve authentication method. Expected either api_key or auth_token to be set. Or for one of the `X-Api-Key` or `Authorization` headers to be explicitly omitted"""
torque teno midi virus 7,2065048,Anelloviridae,Gammatorquevirus,False,low,"Error: ""Could not resolve authentication method. Expected either api_key or auth_token to be set. Or for one of the `X-Api-Key` or `Authorization` headers to be explicitly omitted"""
torque teno midi virus 8,2065049,Anelloviridae,Gammatorquevirus,False,low,"Error: ""Could not resolve authentication method. Expected either api_key or auth_token to be set. Or for one of the `X-Api-Key` or `Authorization` headers to be explicitly omitted"""
torque teno midi virus 9,2065050,Anelloviridae,Gammatorquevirus,False,low,"Error: ""Could not resolve authentication method. Expected either api_key or auth_token to be set. Or for one of the `X-Api-Key` or `Authorization` headers to be explicitly omitted"""
gyrovirus tu243,1415627,Anelloviridae,Gyrovirus,False,low,"Error: ""Could not resolve authentication method. Expected either api_key or auth_token to be set. Or for one of the `X-Api-Key` or `Authorization` headers to be explicitly omitted"""
gyrovirus tu789,1415628,Anelloviridae,Gyrovirus,False,low,"Error: ""Could not resolve authentication method. Expected either api_key or auth_token to be set. Or for one of the `X-Api-Key` or `Authorization` headers to be explicitly omitted"""
anellovirus cya/2019,2749445,Anelloviridae,,False,low,"Error: ""Could not resolve authentication method. Expected either api_key or auth_token to be set. Or for one of the `X-Api-Key` or `Authorization` headers to be explicitly omitted"""
anellovirus cyb/2019,2749446,Anelloviridae,,False,low,"Error: ""Could not resolve authentication method. Expected either api_key or auth_token to be set. Or for one of the `X-Api-Key` or `Authorization` headers to be explicitly omitted"""
anellovirus cyc/2019,2749447,Anelloviridae,,False,low,"Error: ""Could not resolve authentication method. Expected either api_key or auth_token to be set. Or for one of the `X-Api-Key` or `Authorization` headers to be explicitly omitted"""
human anellovirus zj-ad 1,2778524,Anelloviridae,,False,low,"Error: ""Could not resolve authentication method. Expected either api_key or auth_token to be set. Or for one of the `X-Api-Key` or `Authorization` headers to be explicitly omitted"""
micro torque teno virus,943084,Anelloviridae,,False,low,"Error: ""Could not resolve authentication method. Expected either api_key or auth_token to be set. Or for one of the `X-Api-Key` or `Authorization` headers to be explicitly omitted"""
sen virus,136966,Anelloviridae,,False,low,"Error: ""Could not resolve authentication method. Expected either api_key or auth_token to be set. Or for one of the `X-Api-Key` or `Authorization` headers to be explicitly omitted"""
small anellovirus 1,289366,Anelloviridae,,False,low,"Error: ""Could not resolve authentication method. Expected either api_key or auth_token to be set. Or for one of the `X-Api-Key` or `Authorization` headers to be explicitly omitted"""
small anellovirus 2,289367,Anelloviridae,,False,low,"Error: ""Could not resolve authentication method. Expected either api_key or auth_token to be set. Or for one of the `X-Api-Key` or `Authorization` headers to be explicitly omitted"""
torque teno virus 8,687347,Anelloviridae,,False,low,"Error: ""Could not resolve authentication method. Expected either api_key or auth_token to be set. Or for one of the `X-Api-Key` or `Authorization` headers to be explicitly omitted"""
torque teno virus az1_2,2853118,Anelloviridae,,False,low,"Error: ""Could not resolve authentication method. Expected either api_key or auth_token to be set. Or for one of the `X-Api-Key` or `Authorization` headers to be explicitly omitted"""
torque teno virus az6_5,2853119,Anelloviridae,,False,low,"Error: ""Could not resolve authentication method. Expected either api_key or auth_token to be set. Or for one of the `X-Api-Key` or `Authorization` headers to be explicitly omitted"""
torque teno virus az7_4,2853120,Anelloviridae,,False,low,"Error: ""Could not resolve authentication method. Expected either api_key or auth_token to be set. Or for one of the `X-Api-Key` or `Authorization` headers to be explicitly omitted"""
tt virus cya/2019,2749452,Anelloviridae,,False,low,"Error: ""Could not resolve authentication method. Expected either api_key or auth_token to be set. Or for one of the `X-Api-Key` or `Authorization` headers to be explicitly omitted"""
tt virus cyb/2019,2749453,Anelloviridae,,False,low,"Error: ""Could not resolve authentication method. Expected either api_key or auth_token to be set. Or for one of the `X-Api-Key` or `Authorization` headers to be explicitly omitted"""
tt virus cyc/2019,2749454,Anelloviridae,,False,low,"Error: ""Could not resolve authentication method. Expected either api_key or auth_token to be set. Or for one of the `X-Api-Key` or `Authorization` headers to be explicitly omitted"""
alphapolyomavirus octihominis,1891727,Polyomaviridae,Alphapolyomavirus,False,low,"Error: ""Could not resolve authentication method. Expected either api_key or auth_token to be set. Or for one of the `X-Api-Key` or `Authorization` headers to be explicitly omitted"""
alphapolyomavirus quardecihominis,2734294,Polyomaviridae,Alphapolyomavirus,False,low,"Error: ""Could not resolve authentication method. Expected either api_key or auth_token to be set. Or for one of the `X-Api-Key` or `Authorization` headers to be explicitly omitted"""
alphapolyomavirus terdecihominis,1891728,Polyomaviridae,Alphapolyomavirus,False,low,"Error: ""Could not resolve authentication method. Expected either api_key or auth_token to be set. Or for one of the `X-Api-Key` or `Authorization` headers to be explicitly omitted"""
human polyomavirus 12,1303334,Polyomaviridae,Alphapolyomavirus,False,low,"Error: ""Could not resolve authentication method. Expected either api_key or auth_token to be set. Or for one of the `X-Api-Key` or `Authorization` headers to be explicitly omitted"""
human polyomavirus 9,943908,Polyomaviridae,Alphapolyomavirus,False,low,"Error: ""Could not resolve authentication method. Expected either api_key or auth_token to be set. Or for one of the `X-Api-Key` or `Authorization` headers to be explicitly omitted"""
betapolyomavirus quartihominis,1891765,Polyomaviridae,Betapolyomavirus,False,low,"Error: ""Could not resolve authentication method. Expected either api_key or auth_token to be set. Or for one of the `X-Api-Key` or `Authorization` headers to be explicitly omitted"""
betapolyomavirus secuhominis,1891763,Polyomaviridae,Betapolyomavirus,False,low,"Error: ""Could not resolve authentication method. Expected either api_key or auth_token to be set. Or for one of the `X-Api-Key` or `Authorization` headers to be explicitly omitted"""
betapolyomavirus tertihominis,1891764,Polyomaviridae,Betapolyomavirus,False,low,"Error: ""Could not resolve authentication method. Expected either api_key or auth_token to be set. Or for one of the `X-Api-Key` or `Authorization` headers to be explicitly omitted"""
ki polyomavirus stockholm 350,423447,Polyomaviridae,Betapolyomavirus,False,low,"Error: ""Could not resolve authentication method. Expected either api_key or auth_token to be set. Or for one of the `X-Api-Key` or `Authorization` headers to be explicitly omitted"""
ki polyomavirus stockholm 380,423448,Polyomaviridae,Betapolyomavirus,False,low,"Error: ""Could not resolve authentication method. Expected either api_key or auth_token to be set. Or for one of the `X-Api-Key` or `Authorization` headers to be explicitly omitted"""
ki polyomavirus stockholm 60,423446,Polyomaviridae,Betapolyomavirus,False,low,"Error: ""Could not resolve authentication method. Expected either api_key or auth_token to be set. Or for one of the `X-Api-Key` or `Authorization` headers to be explicitly omitted"""
deltapolyomavirus decihominis,1208309,Polyomaviridae,Deltapolyomavirus,False,low,"Error: ""Could not resolve authentication method. Expected either api_key or auth_token to be set. Or for one of the `X-Api-Key` or `Authorization` headers to be explicitly omitted"""
deltapolyomavirus undecihominis,1891745,Polyomaviridae,Deltapolyomavirus,False,low,"Error: ""Could not resolve authentication method. Expected either api_key or auth_token to be set. Or for one of the `X-Api-Key` or `Authorization` headers to be explicitly omitted"""
human polyomavirus 6,746830,Polyomaviridae,Deltapolyomavirus,False,low,"Error: ""Could not resolve authentication method. Expected either api_key or auth_token to be set. Or for one of the `X-Api-Key` or `Authorization` headers to be explicitly omitted"""
human polyomavirus 7,746831,Polyomaviridae,Deltapolyomavirus,False,low,"Error: ""Could not resolve authentication method. Expected either api_key or auth_token to be set. Or for one of the `X-Api-Key` or `Authorization` headers to be explicitly omitted"""
quebec polyomavirus,2506584,Polyomaviridae,Deltapolyomavirus,False,low,"Error: ""Could not resolve authentication method. Expected either api_key or auth_token to be set. Or for one of the `X-Api-Key` or `Authorization` headers to be explicitly omitted"""
mx polyomavirus,1231709,Polyomaviridae,,False,low,"Error: ""Could not resolve authentication method. Expected either api_key or auth_token to be set. Or for one of the `X-Api-Key` or `Authorization` headers to be explicitly omitted"""
astrovirus mlb1,568715,Astroviridae,Mamastrovirus,False,low,"Error: ""Could not resolve authentication method. Expected either api_key or auth_token to be set. Or for one of the `X-Api-Key` or `Authorization` headers to be explicitly omitted"""
astrovirus sg,767521,Astroviridae,Mamastrovirus,False,low,"Error: ""Could not resolve authentication method. Expected either api_key or auth_token to be set. Or for one of the `X-Api-Key` or `Authorization` headers to be explicitly omitted"""
astrovirus va1,645687,Astroviridae,Mamastrovirus,False,low,"Error: ""Could not resolve authentication method. Expected either api_key or auth_token to be set. Or for one of the `X-Api-Key` or `Authorization` headers to be explicitly omitted"""
burkina faso astrovirus,1518574,Astroviridae,Mamastrovirus,False,low,"Error: ""Could not resolve authentication method. Expected either api_key or auth_token to be set. Or for one of the `X-Api-Key` or `Authorization` headers to be explicitly omitted"""
hmo astrovirus a,682382,Astroviridae,Mamastrovirus,False,low,"Error: ""Could not resolve authentication method. Expected either api_key or auth_token to be set. Or for one of the `X-Api-Key` or `Authorization` headers to be explicitly omitted"""
human astrovirus 1,12456,Astroviridae,Mamastrovirus,False,low,"Error: ""Could not resolve authentication method. Expected either api_key or auth_token to be set. Or for one of the `X-Api-Key` or `Authorization` headers to be explicitly omitted"""
human astrovirus 2,12701,Astroviridae,Mamastrovirus,False,low,"Error: ""Could not resolve authentication method. Expected either api_key or auth_token to be set. Or for one of the `X-Api-Key` or `Authorization` headers to be explicitly omitted"""
human astrovirus 3,35740,Astroviridae,Mamastrovirus,False,low,"Error: ""Could not resolve authentication method. Expected either api_key or auth_token to be set. Or for one of the `X-Api-Key` or `Authorization` headers to be explicitly omitted"""
human astrovirus 4,35300,Astroviridae,Mamastrovirus,False,low,"Error: ""Could not resolve authentication method. Expected either api_key or auth_token to be set. Or for one of the `X-Api-Key` or `Authorization` headers to be explicitly omitted"""
human astrovirus 5,35741,Astroviridae,Mamastrovirus,False,low,"Error: ""Could not resolve authentication method. Expected either api_key or auth_token to be set. Or for one of the `X-Api-Key` or `Authorization` headers to be explicitly omitted"""
human astrovirus 6,37130,Astroviridae,Mamastrovirus,False,low,"Error: ""Could not resolve authentication method. Expected either api_key or auth_token to be set. Or for one of the `X-Api-Key` or `Authorization` headers to be explicitly omitted"""
human astrovirus 7,38950,Astroviridae,Mamastrovirus,False,low,"Error: ""Could not resolve authentication method. Expected either api_key or auth_token to be set. Or for one of the `X-Api-Key` or `Authorization` headers to be explicitly omitted"""
human astrovirus 8,43358,Astroviridae,Mamastrovirus,False,low,"Error: ""Could not resolve authentication method. Expected either api_key or auth_token to be set. Or for one of the `X-Api-Key` or `Authorization` headers to be explicitly omitted"""
human astrovirus uk1,1570321,Astroviridae,Mamastrovirus,False,low,"Error: ""Could not resolve authentication method. Expected either api_key or auth_token to be set. Or for one of the `X-Api-Key` or `Authorization` headers to be explicitly omitted"""
mamastrovirus 8,1239572,Astroviridae,Mamastrovirus,False,low,"Error: ""Could not resolve authentication method. Expected either api_key or auth_token to be set. Or for one of the `X-Api-Key` or `Authorization` headers to be explicitly omitted"""
astrovirus mlb2,683172,Astroviridae,,False,low,"Error: ""Could not resolve authentication method. Expected either api_key or auth_token to be set. Or for one of the `X-Api-Key` or `Authorization` headers to be explicitly omitted"""
astrovirus mlb3,1247114,Astroviridae,,False,low,"Error: ""Could not resolve authentication method. Expected either api_key or auth_token to be set. Or for one of the `X-Api-Key` or `Authorization` headers to be explicitly omitted"""
astrovirus va3,683174,Astroviridae,,False,low,"Error: ""Could not resolve authentication method. Expected either api_key or auth_token to be set. Or for one of the `X-Api-Key` or `Authorization` headers to be explicitly omitted"""
astrovirus va4,1247113,Astroviridae,,False,low,"Error: ""Could not resolve authentication method. Expected either api_key or auth_token to be set. Or for one of the `X-Api-Key` or `Authorization` headers to be explicitly omitted"""
bastrovirus 3,1803390,Astroviridae,,False,low,"Error: ""Could not resolve authentication method. Expected either api_key or auth_token to be set. Or for one of the `X-Api-Key` or `Authorization` headers to be explicitly omitted"""
bastrovirus 4,1803393,Astroviridae,,False,low,"Error: ""Could not resolve authentication method. Expected either api_key or auth_token to be set. Or for one of the `X-Api-Key` or `Authorization` headers to be explicitly omitted"""
bastrovirus 7,1803394,Astroviridae,,False,low,"Error: ""Could not resolve authentication method. Expected either api_key or auth_token to be set. Or for one of the `X-Api-Key` or `Authorization` headers to be explicitly omitted"""
alphapapillomavirus 13,333766,Papillomaviridae,Alphapapillomavirus,False,low,"Error: ""Could not resolve authentication method. Expected either api_key or auth_token to be set. Or for one of the `X-Api-Key` or `Authorization` headers to be explicitly omitted"""
alphapapillomavirus 3,333767,Papillomaviridae,Alphapapillomavirus,False,low,"Error: ""Could not resolve authentication method. Expected either api_key or auth_token to be set. Or for one of the `X-Api-Key` or `Authorization` headers to be explicitly omitted"""
alphapapillomavirus 4,337043,Papillomaviridae,Alphapapillomavirus,False,low,"Error: ""Could not resolve authentication method. Expected either api_key or auth_token to be set. Or for one of the `X-Api-Key` or `Authorization` headers to be explicitly omitted"""
alphapapillomavirus 7,337042,Papillomaviridae,Alphapapillomavirus,False,low,"Error: ""Could not resolve authentication method. Expected either api_key or auth_token to be set. Or for one of the `X-Api-Key` or `Authorization` headers to be explicitly omitted"""
human papillomavirus 10,333759,Papillomaviridae,Alphapapillomavirus,False,low,"Error: ""Could not resolve authentication method. Expected either api_key or auth_token to be set. Or for one of the `X-Api-Key` or `Authorization` headers to be explicitly omitted"""
human papillomavirus 102,338327,Papillomaviridae,Alphapapillomavirus,False,low,"Error: ""Could not resolve authentication method. Expected either api_key or auth_token to be set. Or for one of the `X-Api-Key` or `Authorization` headers to be explicitly omitted"""
human papillomavirus 106,338326,Papillomaviridae,Alphapapillomavirus,False,low,"Error: ""Could not resolve authentication method. Expected either api_key or auth_token to be set. Or for one of the `X-Api-Key` or `Authorization` headers to be explicitly omitted"""
human papillomavirus 117,720708,Papillomaviridae,Alphapapillomavirus,False,low,"Error: ""Could not resolve authentication method. Expected either api_key or auth_token to be set. Or for one of the `X-Api-Key` or `Authorization` headers to be explicitly omitted"""
human papillomavirus 125,673323,Papillomaviridae,Alphapapillomavirus,False,low,"Error: ""Could not resolve authentication method. Expected either api_key or auth_token to be set. Or for one of the `X-Api-Key` or `Authorization` headers to be explicitly omitted"""
human papillomavirus 13,10573,Papillomaviridae,Alphapapillomavirus,False,low,"Error: ""Could not resolve authentication method. Expected either api_key or auth_token to be set. Or for one of the `X-Api-Key` or `Authorization` headers to be explicitly omitted"""
human papillomavirus 160,2259332,Papillomaviridae,Alphapapillomavirus,False,low,"Error: ""Could not resolve authentication method. Expected either api_key or auth_token to be set. Or for one of the `X-Api-Key` or `Authorization` headers to be explicitly omitted"""
human papillomavirus 27,333752,Papillomaviridae,Alphapapillomavirus,False,low,"Error: ""Could not resolve authentication method. Expected either api_key or auth_token to be set. Or for one of the `X-Api-Key` or `Authorization` headers to be explicitly omitted"""
human papillomavirus 28,37111,Papillomaviridae,Alphapapillomavirus,False,low,"Error: ""Could not resolve authentication method. Expected either api_key or auth_token to be set. Or for one of the `X-Api-Key` or `Authorization` headers to be explicitly omitted"""
human papillomavirus 29,37112,Papillomaviridae,Alphapapillomavirus,False,low,"Error: ""Could not resolve authentication method. Expected either api_key or auth_token to be set. Or for one of the `X-Api-Key` or `Authorization` headers to be explicitly omitted"""
human papillomavirus 30,10611,Papillomaviridae,Alphapapillomavirus,False,low,"Error: ""Could not resolve authentication method. Expected either api_key or auth_token to be set. Or for one of the `X-Api-Key` or `Authorization` headers to be explicitly omitted"""
human papillomavirus 31,10585,Papillomaviridae,Alphapapillomavirus,False,low,"Error: ""Could not resolve authentication method. Expected either api_key or auth_token to be set. Or for one of the `X-Api-Key` or `Authorization` headers to be explicitly omitted"""
human papillomavirus 32,333763,Papillomaviridae,Alphapapillomavirus,False,low,"Error: ""Could not resolve authentication method. Expected either api_key or auth_token to be set. Or for one of the `X-Api-Key` or `Authorization` headers to be explicitly omitted"""
human papillomavirus 33,10586,Papillomaviridae,Alphapapillomavirus,False,low,"Error: ""Could not resolve authentication method. Expected either api_key or auth_token to be set. Or for one of the `X-Api-Key` or `Authorization` headers to be explicitly omitted"""
human papillomavirus 35,10587,Papillomaviridae,Alphapapillomavirus,False,low,"Error: ""Could not resolve authentication method. Expected either api_key or auth_token to be set. Or for one of the `X-Api-Key` or `Authorization` headers to be explicitly omitted"""
human papillomavirus 39,10588,Papillomaviridae,Alphapapillomavirus,False,low,"Error: ""Could not resolve authentication method. Expected either api_key or auth_token to be set. Or for one of the `X-Api-Key` or `Authorization` headers to be explicitly omitted"""
human papillomavirus 40,10615,Papillomaviridae,Alphapapillomavirus,False,low,"Error: ""Could not resolve authentication method. Expected either api_key or auth_token to be set. Or for one of the `X-Api-Key` or `Authorization` headers to be explicitly omitted"""
human papillomavirus 42,10590,Papillomaviridae,Alphapapillomavirus,False,low,"Error: ""Could not resolve authentication method. Expected either api_key or auth_token to be set. Or for one of the `X-Api-Key` or `Authorization` headers to be explicitly omitted"""
human papillomavirus 43,10591,Papillomaviridae,Alphapapillomavirus,False,low,"Error: ""Could not resolve authentication method. Expected either api_key or auth_token to be set. Or for one of the `X-Api-Key` or `Authorization` headers to be explicitly omitted"""
human papillomavirus 44,10592,Papillomaviridae,Alphapapillomavirus,False,low,"Error: ""Could not resolve authentication method. Expected either api_key or auth_token to be set. Or for one of the `X-Api-Key` or `Authorization` headers to be explicitly omitted"""
human papillomavirus 45,10593,Papillomaviridae,Alphapapillomavirus,False,low,"Error: ""Could not resolve authentication method. Expected either api_key or auth_token to be set. Or for one of the `X-Api-Key` or `Authorization` headers to be explicitly omitted"""
human papillomavirus 51,10595,Papillomaviridae,Alphapapillomavirus,False,low,"Error: ""Could not resolve authentication method. Expected either api_key or auth_token to be set. Or for one of the `X-Api-Key` or `Authorization` headers to be explicitly omitted"""
human papillomavirus 52,10618,Papillomaviridae,Alphapapillomavirus,False,low,"Error: ""Could not resolve authentication method. Expected either api_key or auth_token to be set. Or for one of the `X-Api-Key` or `Authorization` headers to be explicitly omitted"""
human papillomavirus 56,10596,Papillomaviridae,Alphapapillomavirus,False,low,"Error: ""Could not resolve authentication method. Expected either api_key or auth_token to be set. Or for one of the `X-Api-Key` or `Authorization` headers to be explicitly omitted"""
human papillomavirus 57,333753,Papillomaviridae,Alphapapillomavirus,False,low,"Error: ""Could not resolve authentication method. Expected either api_key or auth_token to be set. Or for one of the `X-Api-Key` or `Authorization` headers to be explicitly omitted"""
human papillomavirus 58,10598,Papillomaviridae,Alphapapillomavirus,False,low,"Error: ""Could not resolve authentication method. Expected either api_key or auth_token to be set. Or for one of the `X-Api-Key` or `Authorization` headers to be explicitly omitted"""
human papillomavirus 59,37115,Papillomaviridae,Alphapapillomavirus,False,low,"Error: ""Could not resolve authentication method. Expected either api_key or auth_token to be set. Or for one of the `X-Api-Key` or `Authorization` headers to be explicitly omitted"""
human papillomavirus 62,334210,Papillomaviridae,Alphapapillomavirus,False,low,"Error: ""Could not resolve authentication method. Expected either api_key or auth_token to be set. Or for one of the `X-Api-Key` or `Authorization` headers to be explicitly omitted"""
human papillomavirus 66,37119,Papillomaviridae,Alphapapillomavirus,False,low,"Error: ""Could not resolve authentication method. Expected either api_key or auth_token to be set. Or for one of the `X-Api-Key` or `Authorization` headers to be explicitly omitted"""
human papillomavirus 67,37120,Papillomaviridae,Alphapapillomavirus,False,low,"Error: ""Could not resolve authentication method. Expected either api_key or auth_token to be set. Or for one of the `X-Api-Key` or `Authorization` headers to be explicitly omitted"""
human papillomavirus 68,45240,Papillomaviridae,Alphapapillomavirus,False,low,"Error: ""Could not resolve authentication method. Expected either api_key or auth_token to be set. Or for one of the `X-Api-Key` or `Authorization` headers to be explicitly omitted"""
human papillomavirus 69,37121,Papillomaviridae,Alphapapillomavirus,False,low,"Error: ""Could not resolve authentication method. Expected either api_key or auth_token to be set. Or for one of the `X-Api-Key` or `Authorization` headers to be explicitly omitted"""
human papillomavirus 71,120686,Papillomaviridae,Alphapapillomavirus,False,low,"Error: ""Could not resolve authentication method. Expected either api_key or auth_token to be set. Or for one of the `X-Api-Key` or `Authorization` headers to be explicitly omitted"""
human papillomavirus 72,333770,Papillomaviridae,Alphapapillomavirus,False,low,"Error: ""Could not resolve authentication method. Expected either api_key or auth_token to be set. Or for one of the `X-Api-Key` or `Authorization` headers to be explicitly omitted"""
human papillomavirus 73,51033,Papillomaviridae,Alphapapillomavirus,False,low,"Error: ""Could not resolve authentication method. Expected either api_key or auth_token to be set. Or for one of the `X-Api-Key` or `Authorization` headers to be explicitly omitted"""
human papillomavirus 74,44028,Papillomaviridae,Alphapapillomavirus,False,low,"Error: ""Could not resolve authentication method. Expected either api_key or auth_token to be set. Or for one of the `X-Api-Key` or `Authorization` headers to be explicitly omitted"""
human papillomavirus 81,333771,Papillomaviridae,Alphapapillomavirus,False,low,"Error: ""Could not resolve authentication method. Expected either api_key or auth_token to be set. Or for one of the `X-Api-Key` or `Authorization` headers to be explicitly omitted"""
human papillomavirus 82,129724,Papillomaviridae,Alphapapillomavirus,False,low,"Error: ""Could not resolve authentication method. Expected either api_key or auth_token to be set. Or for one of the `X-Api-Key` or `Authorization` headers to be explicitly omitted"""
human papillomavirus 83,333772,Papillomaviridae,Alphapapillomavirus,False,low,"Error: ""Could not resolve authentication method. Expected either api_key or auth_token to be set. Or for one of the `X-Api-Key` or `Authorization` headers to be explicitly omitted"""
human papillomavirus 84,150546,Papillomaviridae,Alphapapillomavirus,False,low,"Error: ""Could not resolve authentication method. Expected either api_key or auth_token to be set. Or for one of the `X-Api-Key` or `Authorization` headers to be explicitly omitted"""
human papillomavirus 85,2848423,Papillomaviridae,Alphapapillomavirus,False,low,"Error: ""Could not resolve authentication method. Expected either api_key or auth_token to be set. Or for one of the `X-Api-Key` or `Authorization` headers to be explicitly omitted"""
human papillomavirus 86,171370,Papillomaviridae,Alphapapillomavirus,False,low,"Error: ""Could not resolve authentication method. Expected either api_key or auth_token to be set. Or for one of the `X-Api-Key` or `Authorization` headers to be explicitly omitted"""
human papillomavirus 87,120381,Papillomaviridae,Alphapapillomavirus,False,low,"Error: ""Could not resolve authentication method. Expected either api_key or auth_token to be set. Or for one of the `X-Api-Key` or `Authorization` headers to be explicitly omitted"""
human papillomavirus 89,202250,Papillomaviridae,Alphapapillomavirus,False,low,"Error: ""Could not resolve authentication method. Expected either api_key or auth_token to be set. Or for one of the `X-Api-Key` or `Authorization` headers to be explicitly omitted"""
human papillomavirus 91,202252,Papillomaviridae,Alphapapillomavirus,False,low,"Error: ""Could not resolve authentication method. Expected either api_key or auth_token to be set. Or for one of the `X-Api-Key` or `Authorization` headers to be explicitly omitted"""
human papillomavirus 94,260717,Papillomaviridae,Alphapapillomavirus,False,low,"Error: ""Could not resolve authentication method. Expected either api_key or auth_token to be set. Or for one of the `X-Api-Key` or `Authorization` headers to be explicitly omitted"""
human papillomavirus 97,338324,Papillomaviridae,Alphapapillomavirus,False,low,"Error: ""Could not resolve authentication method. Expected either api_key or auth_token to be set. Or for one of the `X-Api-Key` or `Authorization` headers to be explicitly omitted"""
human papillomavirus type 177,1851123,Papillomaviridae,Alphapapillomavirus,False,low,"Error: ""Could not resolve authentication method. Expected either api_key or auth_token to be set. Or for one of the `X-Api-Key` or `Authorization` headers to be explicitly omitted"""
human papillomavirus type 2,333751,Papillomaviridae,Alphapapillomavirus,False,low,"Error: ""Could not resolve authentication method. Expected either api_key or auth_token to be set. Or for one of the `X-Api-Key` or `Authorization` headers to be explicitly omitted"""
human papillomavirus type 26,333762,Papillomaviridae,Alphapapillomavirus,False,low,"Error: ""Could not resolve authentication method. Expected either api_key or auth_token to be set. Or for one of the `X-Api-Key` or `Authorization` headers to be explicitly omitted"""
human papillomavirus type 34,333764,Papillomaviridae,Alphapapillomavirus,False,low,"Error: ""Could not resolve authentication method. Expected either api_key or auth_token to be set. Or for one of the `X-Api-Key` or `Authorization` headers to be explicitly omitted"""
human papillomavirus type 53,333765,Papillomaviridae,Alphapapillomavirus,False,low,"Error: ""Could not resolve authentication method. Expected either api_key or auth_token to be set. Or for one of the `X-Api-Key` or `Authorization` headers to be explicitly omitted"""
human papillomavirus type 55,37114,Papillomaviridae,Alphapapillomavirus,False,low,"Error: ""Could not resolve authentication method. Expected either api_key or auth_token to be set. Or for one of the `X-Api-Key` or `Authorization` headers to be explicitly omitted"""
human papillomavirus type 61,37116,Papillomaviridae,Alphapapillomavirus,False,low,"Error: ""Could not resolve authentication method. Expected either api_key or auth_token to be set. Or for one of the `X-Api-Key` or `Authorization` headers to be explicitly omitted"""
human papillomavirus type 7,10620,Papillomaviridae,Alphapapillomavirus,False,low,"Error: ""Could not resolve authentication method. Expected either api_key or auth_token to be set. Or for one of the `X-Api-Key` or `Authorization` headers to be explicitly omitted"""
human papillomavirus type 70,39457,Papillomaviridae,Alphapapillomavirus,False,low,"Error: ""Could not resolve authentication method. Expected either api_key or auth_token to be set. Or for one of the `X-Api-Key` or `Authorization` headers to be explicitly omitted"""
human papillomavirus type 78,1297549,Papillomaviridae,Alphapapillomavirus,False,low,"Error: ""Could not resolve authentication method. Expected either api_key or auth_token to be set. Or for one of the `X-Api-Key` or `Authorization` headers to be explicitly omitted"""
human papillomavirus type 90,333769,Papillomaviridae,Alphapapillomavirus,False,low,"Error: ""Could not resolve authentication method. Expected either api_key or auth_token to be set. Or for one of the `X-Api-Key` or `Authorization` headers to be explicitly omitted"""
human papillomavirus type xs2,1288116,Papillomaviridae,Alphapapillomavirus,False,low,"Error: ""Could not resolve authentication method. Expected either api_key or auth_token to be set. Or for one of the `X-Api-Key` or `Authorization` headers to be explicitly omitted"""
betapapillomavirus 2,333924,Papillomaviridae,Betapapillomavirus,False,low,"Error: ""Could not resolve authentication method. Expected either api_key or auth_token to be set. Or for one of the `X-Api-Key` or `Authorization` headers to be explicitly omitted"""
betapapillomavirus 4,334208,Papillomaviridae,Betapapillomavirus,False,low,"Error: ""Could not resolve authentication method. Expected either api_key or auth_token to be set. Or for one of the `X-Api-Key` or `Authorization` headers to be explicitly omitted"""
betapapillomavirus 5,334209,Papillomaviridae,Betapapillomavirus,False,low,"Error: ""Could not resolve authentication method. Expected either api_key or auth_token to be set. Or for one of the `X-Api-Key` or `Authorization` headers to be explicitly omitted"""
human papillomavirus - 5b,10599,Papillomaviridae,Betapapillomavirus,False,low,"Error: ""Could not resolve authentication method. Expected either api_key or auth_token to be set. Or for one of the `X-Api-Key` or `Authorization` headers to be explicitly omitted"""
human papillomavirus 100,587349,Papillomaviridae,Betapapillomavirus,False,low,"Error: ""Could not resolve authentication method. Expected either api_key or auth_token to be set. Or for one of the `X-Api-Key` or `Authorization` headers to be explicitly omitted"""
human papillomavirus 104,518628,Papillomaviridae,Betapapillomavirus,False,low,"Error: ""Could not resolve authentication method. Expected either api_key or auth_token to be set. Or for one of the `X-Api-Key` or `Authorization` headers to be explicitly omitted"""
human papillomavirus 105,587350,Papillomaviridae,Betapapillomavirus,False,low,"Error: ""Could not resolve authentication method. Expected either api_key or auth_token to be set. Or for one of the `X-Api-Key` or `Authorization` headers to be explicitly omitted"""
human papillomavirus 107,427343,Papillomaviridae,Betapapillomavirus,False,low,"Error: ""Could not resolve authentication method. Expected either api_key or auth_token to be set. Or for one of the `X-Api-Key` or `Authorization` headers to be explicitly omitted"""
human papillomavirus 110,518629,Papillomaviridae,Betapapillomavirus,False,low,"Error: ""Could not resolve authentication method. Expected either api_key or auth_token to be set. Or for one of the `X-Api-Key` or `Authorization` headers to be explicitly omitted"""
human papillomavirus 111,518630,Papillomaviridae,Betapapillomavirus,False,low,"Error: ""Could not resolve authentication method. Expected either api_key or auth_token to be set. Or for one of the `X-Api-Key` or `Authorization` headers to be explicitly omitted"""
human papillomavirus 113,587351,Papillomaviridae,Betapapillomavirus,False,low,"Error: ""Could not resolve authentication method. Expected either api_key or auth_token to be set. Or for one of the `X-Api-Key` or `Authorization` headers to be explicitly omitted"""
human papillomavirus 115,696746,Papillomaviridae,Betapapillomavirus,False,low,"Error: ""Could not resolve authentication method. Expected either api_key or auth_token to be set. Or for one of the `X-Api-Key` or `Authorization` headers to be explicitly omitted"""
human papillomavirus 118,927771,Papillomaviridae,Betapapillomavirus,False,low,"Error: ""Could not resolve authentication method. Expected either api_key or auth_token to be set. Or for one of the `X-Api-Key` or `Authorization` headers to be explicitly omitted"""
human papillomavirus 120,765052,Papillomaviridae,Betapapillomavirus,False,low,"Error: ""Could not resolve authentication method. Expected either api_key or auth_token to be set. Or for one of the `X-Api-Key` or `Authorization` headers to be explicitly omitted"""
human papillomavirus 122,765054,Papillomaviridae,Betapapillomavirus,False,low,"Error: ""Could not resolve authentication method. Expected either api_key or auth_token to be set. Or for one of the `X-Api-Key` or `Authorization` headers to be explicitly omitted"""
human papillomavirus 124,765056,Papillomaviridae,Betapapillomavirus,False,low,"Error: ""Could not resolve authentication method. Expected either api_key or auth_token to be set. Or for one of the `X-Api-Key` or `Authorization` headers to be explicitly omitted"""
human papillomavirus 143,1070416,Papillomaviridae,Betapapillomavirus,False,low,"Error: ""Could not resolve authentication method. Expected either api_key or auth_token to be set. Or for one of the `X-Api-Key` or `Authorization` headers to be explicitly omitted"""
human papillomavirus 145,1070418,Papillomaviridae,Betapapillomavirus,False,low,"Error: ""Could not resolve authentication method. Expected either api_key or auth_token to be set. Or for one of the `X-Api-Key` or `Authorization` headers to be explicitly omitted"""
human papillomavirus 150,743811,Papillomaviridae,Betapapillomavirus,False,low,"Error: ""Could not resolve authentication method. Expected either api_key or auth_token to be set. Or for one of the `X-Api-Key` or `Authorization` headers to be explicitly omitted"""
human papillomavirus 151,743812,Papillomaviridae,Betapapillomavirus,False,low,"Error: ""Could not resolve authentication method. Expected either api_key or auth_token to be set. Or for one of the `X-Api-Key` or `Authorization` headers to be explicitly omitted"""
human papillomavirus 152,990302,Papillomaviridae,Betapapillomavirus,False,low,"Error: ""Could not resolve authentication method. Expected either api_key or auth_token to be set. Or for one of the `X-Api-Key` or `Authorization` headers to be explicitly omitted"""
human papillomavirus 159,1209820,Papillomaviridae,Betapapillomavirus,False,low,"Error: ""Could not resolve authentication method. Expected either api_key or auth_token to be set. Or for one of the `X-Api-Key` or `Authorization` headers to be explicitly omitted"""
human papillomavirus 17,10607,Papillomaviridae,Betapapillomavirus,False,low,"Error: ""Could not resolve authentication method. Expected either api_key or auth_token to be set. Or for one of the `X-Api-Key` or `Authorization` headers to be explicitly omitted"""
human papillomavirus 174,1347832,Papillomaviridae,Betapapillomavirus,False,low,"Error: ""Could not resolve authentication method. Expected either api_key or auth_token to be set. Or for one of the `X-Api-Key` or `Authorization` headers to be explicitly omitted"""
human papillomavirus 182,1851125,Papillomaviridae,Betapapillomavirus,False,low,"Error: ""Could not resolve authentication method. Expected either api_key or auth_token to be set. Or for one of the `X-Api-Key` or `Authorization` headers to be explicitly omitted"""
human papillomavirus 195,1851220,Papillomaviridae,Betapapillomavirus,False,low,"Error: ""Could not resolve authentication method. Expected either api_key or auth_token to be set. Or for one of the `X-Api-Key` or `Authorization` headers to be explicitly omitted"""
human papillomavirus 196,1851221,Papillomaviridae,Betapapillomavirus,False,low,"Error: ""Could not resolve authentication method. Expected either api_key or auth_token to be set. Or for one of the `X-Api-Key` or `Authorization` headers to be explicitly omitted"""
human papillomavirus 20,31547,Papillomaviridae,Betapapillomavirus,False,low,"Error: ""Could not resolve authentication method. Expected either api_key or auth_token to be set. Or for one of the `X-Api-Key` or `Authorization` headers to be explicitly omitted"""
human papillomavirus 209,1961924,Papillomaviridae,Betapapillomavirus,False,low,"Error: ""Could not resolve authentication method. Expected either api_key or auth_token to be set. Or for one of the `X-Api-Key` or `Authorization` headers to be explicitly omitted"""
human papillomavirus 21,31548,Papillomaviridae,Betapapillomavirus,False,low,"Error: ""Could not resolve authentication method. Expected either api_key or auth_token to be set. Or for one of the `X-Api-Key` or `Authorization` headers to be explicitly omitted"""
human papillomavirus 22,37954,Papillomaviridae,Betapapillomavirus,False,low,"Error: ""Could not resolve authentication method. Expected either api_key or auth_token to be set. Or for one of the `X-Api-Key` or `Authorization` headers to be explicitly omitted"""
human papillomavirus 23,37955,Papillomaviridae,Betapapillomavirus,False,low,"Error: ""Could not resolve authentication method. Expected either api_key or auth_token to be set. Or for one of the `X-Api-Key` or `Authorization` headers to be explicitly omitted"""
human papillomavirus 24,37956,Papillomaviridae,Betapapillomavirus,False,low,"Error: ""Could not resolve authentication method. Expected either api_key or auth_token to be set. Or for one of the `X-Api-Key` or `Authorization` headers to be explicitly omitted"""
human papillomavirus 36,37957,Papillomaviridae,Betapapillomavirus,False,low,"Error: ""Could not resolve authentication method. Expected either api_key or auth_token to be set. Or for one of the `X-Api-Key` or `Authorization` headers to be explicitly omitted"""
human papillomavirus 37,37958,Papillomaviridae,Betapapillomavirus,False,low,"Error: ""Could not resolve authentication method. Expected either api_key or auth_token to be set. Or for one of the `X-Api-Key` or `Authorization` headers to be explicitly omitted"""
human papillomavirus 38,37959,Papillomaviridae,Betapapillomavirus,False,low,"Error: ""Could not resolve authentication method. Expected either api_key or auth_token to be set. Or for one of the `X-Api-Key` or `Authorization` headers to be explicitly omitted"""
human papillomavirus 49,10616,Papillomaviridae,Betapapillomavirus,False,low,"Error: ""Could not resolve authentication method. Expected either api_key or auth_token to be set. Or for one of the `X-Api-Key` or `Authorization` headers to be explicitly omitted"""
human papillomavirus 5,333923,Papillomaviridae,Betapapillomavirus,False,low,"Error: ""Could not resolve authentication method. Expected either api_key or auth_token to be set. Or for one of the `X-Api-Key` or `Authorization` headers to be explicitly omitted"""
human papillomavirus 8,10579,Papillomaviridae,Betapapillomavirus,False,low,"Error: ""Could not resolve authentication method. Expected either api_key or auth_token to be set. Or for one of the `X-Api-Key` or `Authorization` headers to be explicitly omitted"""
human papillomavirus 92,211787,Papillomaviridae,Betapapillomavirus,False,low,"Error: ""Could not resolve authentication method. Expected either api_key or auth_token to be set. Or for one of the `X-Api-Key` or `Authorization` headers to be explicitly omitted"""
human papillomavirus 93,247268,Papillomaviridae,Betapapillomavirus,False,low,"Error: ""Could not resolve authentication method. Expected either api_key or auth_token to be set. Or for one of the `X-Api-Key` or `Authorization` headers to be explicitly omitted"""
human papillomavirus 96,247269,Papillomaviridae,Betapapillomavirus,False,low,"Error: ""Could not resolve authentication method. Expected either api_key or auth_token to be set. Or for one of the `X-Api-Key` or `Authorization` headers to be explicitly omitted"""
human papillomavirus 98,587347,Papillomaviridae,Betapapillomavirus,False,low,"Error: ""Could not resolve authentication method. Expected either api_key or auth_token to be set. Or for one of the `X-Api-Key` or `Authorization` headers to be explicitly omitted"""
human papillomavirus 99,587348,Papillomaviridae,Betapapillomavirus,False,low,"Error: ""Could not resolve authentication method. Expected either api_key or auth_token to be set. Or for one of the `X-Api-Key` or `Authorization` headers to be explicitly omitted"""
human papillomavirus rtrx7,79691,Papillomaviridae,Betapapillomavirus,False,low,"Error: ""Could not resolve authentication method. Expected either api_key or auth_token to be set. Or for one of the `X-Api-Key` or `Authorization` headers to be explicitly omitted"""
human papillomavirus type 185,1851127,Papillomaviridae,Betapapillomavirus,False,low,"Error: ""Could not resolve authentication method. Expected either api_key or auth_token to be set. Or for one of the `X-Api-Key` or `Authorization` headers to be explicitly omitted"""
gammapapillomavirus 10,1175852,Papillomaviridae,Gammapapillomavirus,False,low,"Error: ""Could not resolve authentication method. Expected either api_key or auth_token to be set. Or for one of the `X-Api-Key` or `Authorization` headers to be explicitly omitted"""
gammapapillomavirus 11,1513256,Papillomaviridae,Gammapapillomavirus,False,low,"Error: ""Could not resolve authentication method. Expected either api_key or auth_token to be set. Or for one of the `X-Api-Key` or `Authorization` headers to be explicitly omitted"""
gammapapillomavirus 12,1513257,Papillomaviridae,Gammapapillomavirus,False,low,"Error: ""Could not resolve authentication method. Expected either api_key or auth_token to be set. Or for one of the `X-Api-Key` or `Authorization` headers to be explicitly omitted"""
gammapapillomavirus 13,1513258,Papillomaviridae,Gammapapillomavirus,False,low,"Error: ""Could not resolve authentication method. Expected either api_key or auth_token to be set. Or for one of the `X-Api-Key` or `Authorization` headers to be explicitly omitted"""
gammapapillomavirus 14,1513259,Papillomaviridae,Gammapapillomavirus,False,low,"Error: ""Could not resolve authentication method. Expected either api_key or auth_token to be set. Or for one of the `X-Api-Key` or `Authorization` headers to be explicitly omitted"""
gammapapillomavirus 15,1513260,Papillomaviridae,Gammapapillomavirus,False,low,"Error: ""Could not resolve authentication method. Expected either api_key or auth_token to be set. Or for one of the `X-Api-Key` or `Authorization` headers to be explicitly omitted"""
gammapapillomavirus 16,1513261,Papillomaviridae,Gammapapillomavirus,False,low,"Error: ""Could not resolve authentication method. Expected either api_key or auth_token to be set. Or for one of the `X-Api-Key` or `Authorization` headers to be explicitly omitted"""
gammapapillomavirus 17,1513262,Papillomaviridae,Gammapapillomavirus,False,low,"Error: ""Could not resolve authentication method. Expected either api_key or auth_token to be set. Or for one of the `X-Api-Key` or `Authorization` headers to be explicitly omitted"""
gammapapillomavirus 18,1513263,Papillomaviridae,Gammapapillomavirus,False,low,"Error: ""Could not resolve authentication method. Expected either api_key or auth_token to be set. Or for one of the `X-Api-Key` or `Authorization` headers to be explicitly omitted"""
gammapapillomavirus 19,1513264,Papillomaviridae,Gammapapillomavirus,False,low,"Error: ""Could not resolve authentication method. Expected either api_key or auth_token to be set. Or for one of the `X-Api-Key` or `Authorization` headers to be explicitly omitted"""
gammapapillomavirus 21,1961678,Papillomaviridae,Gammapapillomavirus,False,low,"Error: ""Could not resolve authentication method. Expected either api_key or auth_token to be set. Or for one of the `X-Api-Key` or `Authorization` headers to be explicitly omitted"""
gammapapillomavirus 22,1961679,Papillomaviridae,Gammapapillomavirus,False,low,"Error: ""Could not resolve authentication method. Expected either api_key or auth_token to be set. Or for one of the `X-Api-Key` or `Authorization` headers to be explicitly omitted"""
gammapapillomavirus 23,1961680,Papillomaviridae,Gammapapillomavirus,False,low,"Error: ""Could not resolve authentication method. Expected either api_key or auth_token to be set. Or for one of the `X-Api-Key` or `Authorization` headers to be explicitly omitted"""
gammapapillomavirus 24,1961681,Papillomaviridae,Gammapapillomavirus,False,low,"Error: ""Could not resolve authentication method. Expected either api_key or auth_token to be set. Or for one of the `X-Api-Key` or `Authorization` headers to be explicitly omitted"""
gammapapillomavirus 25,1961682,Papillomaviridae,Gammapapillomavirus,False,low,"Error: ""Could not resolve authentication method. Expected either api_key or auth_token to be set. Or for one of the `X-Api-Key` or `Authorization` headers to be explicitly omitted"""
gammapapillomavirus 26,1961683,Papillomaviridae,Gammapapillomavirus,False,low,"Error: ""Could not resolve authentication method. Expected either api_key or auth_token to be set. Or for one of the `X-Api-Key` or `Authorization` headers to be explicitly omitted"""
gammapapillomavirus 27,2169902,Papillomaviridae,Gammapapillomavirus,False,low,"Error: ""Could not resolve authentication method. Expected either api_key or auth_token to be set. Or for one of the `X-Api-Key` or `Authorization` headers to be explicitly omitted"""
gammapapillomavirus 4,333930,Papillomaviridae,Gammapapillomavirus,False,low,"Error: ""Could not resolve authentication method. Expected either api_key or auth_token to be set. Or for one of the `X-Api-Key` or `Authorization` headers to be explicitly omitted"""
gammapapillomavirus 5,333931,Papillomaviridae,Gammapapillomavirus,False,low,"Error: ""Could not resolve authentication method. Expected either api_key or auth_token to be set. Or for one of the `X-Api-Key` or `Authorization` headers to be explicitly omitted"""
gammapapillomavirus 6,1175848,Papillomaviridae,Gammapapillomavirus,False,low,"Error: ""Could not resolve authentication method. Expected either api_key or auth_token to be set. Or for one of the `X-Api-Key` or `Authorization` headers to be explicitly omitted"""
gammapapillomavirus 7,1175849,Papillomaviridae,Gammapapillomavirus,False,low,"Error: ""Could not resolve authentication method. Expected either api_key or auth_token to be set. Or for one of the `X-Api-Key` or `Authorization` headers to be explicitly omitted"""
gammapapillomavirus 8,1175850,Papillomaviridae,Gammapapillomavirus,False,low,"Error: ""Could not resolve authentication method. Expected either api_key or auth_token to be set. Or for one of the `X-Api-Key` or `Authorization` headers to be explicitly omitted"""
gammapapillomavirus 9,1175851,Papillomaviridae,Gammapapillomavirus,False,low,"Error: ""Could not resolve authentication method. Expected either api_key or auth_token to be set. Or for one of the `X-Api-Key` or `Authorization` headers to be explicitly omitted"""
human papillomavirus 103,338323,Papillomaviridae,Gammapapillomavirus,False,low,"Error: ""Could not resolve authentication method. Expected either api_key or auth_token to be set. Or for one of the `X-Api-Key` or `Authorization` headers to be explicitly omitted"""
human papillomavirus 108,565537,Papillomaviridae,Gammapapillomavirus,False,low,"Error: ""Could not resolve authentication method. Expected either api_key or auth_token to be set. Or for one of the `X-Api-Key` or `Authorization` headers to be explicitly omitted"""
human papillomavirus 109,915426,Papillomaviridae,Gammapapillomavirus,False,low,"Error: ""Could not resolve authentication method. Expected either api_key or auth_token to be set. Or for one of the `X-Api-Key` or `Authorization` headers to be explicitly omitted"""
human papillomavirus 116,915428,Papillomaviridae,Gammapapillomavirus,False,low,"Error: ""Could not resolve authentication method. Expected either api_key or auth_token to be set. Or for one of the `X-Api-Key` or `Authorization` headers to be explicitly omitted"""
human papillomavirus 119,765051,Papillomaviridae,Gammapapillomavirus,False,low,"Error: ""Could not resolve authentication method. Expected either api_key or auth_token to be set. Or for one of the `X-Api-Key` or `Authorization` headers to be explicitly omitted"""
human papillomavirus 121,915429,Papillomaviridae,Gammapapillomavirus,False,low,"Error: ""Could not resolve authentication method. Expected either api_key or auth_token to be set. Or for one of the `X-Api-Key` or `Authorization` headers to be explicitly omitted"""
human papillomavirus 123,765055,Papillomaviridae,Gammapapillomavirus,False,low,"Error: ""Could not resolve authentication method. Expected either api_key or auth_token to be set. Or for one of the `X-Api-Key` or `Authorization` headers to be explicitly omitted"""
human papillomavirus 126,1055684,Papillomaviridae,Gammapapillomavirus,False,low,"Error: ""Could not resolve authentication method. Expected either api_key or auth_token to be set. Or for one of the `X-Api-Key` or `Authorization` headers to be explicitly omitted"""
human papillomavirus 127,746832,Papillomaviridae,Gammapapillomavirus,False,low,"Error: ""Could not resolve authentication method. Expected either api_key or auth_token to be set. Or for one of the `X-Api-Key` or `Authorization` headers to be explicitly omitted"""
human papillomavirus 130,909329,Papillomaviridae,Gammapapillomavirus,False,low,"Error: ""Could not resolve authentication method. Expected either api_key or auth_token to be set. Or for one of the `X-Api-Key` or `Authorization` headers to be explicitly omitted"""
human papillomavirus 132,909331,Papillomaviridae,Gammapapillomavirus,False,low,"Error: ""Could not resolve authentication method. Expected either api_key or auth_token to be set. Or for one of the `X-Api-Key` or `Authorization` headers to be explicitly omitted"""
human papillomavirus 133,909332,Papillomaviridae,Gammapapillomavirus,False,low,"Error: ""Could not resolve authentication method. Expected either api_key or auth_token to be set. Or for one of the `X-Api-Key` or `Authorization` headers to be explicitly omitted"""
human papillomavirus 134,909333,Papillomaviridae,Gammapapillomavirus,False,low,"Error: ""Could not resolve authentication method. Expected either api_key or auth_token to be set. Or for one of the `X-Api-Key` or `Authorization` headers to be explicitly omitted"""
human papillomavirus 135,1070408,Papillomaviridae,Gammapapillomavirus,False,low,"Error: ""Could not resolve authentication method. Expected either api_key or auth_token to be set. Or for one of the `X-Api-Key` or `Authorization` headers to be explicitly omitted"""
human papillomavirus 136,1070409,Papillomaviridae,Gammapapillomavirus,False,low,"Error: ""Could not resolve authentication method. Expected either api_key or auth_token to be set. Or for one of the `X-Api-Key` or `Authorization` headers to be explicitly omitted"""
human papillomavirus 138,1070411,Papillomaviridae,Gammapapillomavirus,False,low,"Error: ""Could not resolve authentication method. Expected either api_key or auth_token to be set. Or for one of the `X-Api-Key` or `Authorization` headers to be explicitly omitted"""
human papillomavirus 139,1070412,Papillomaviridae,Gammapapillomavirus,False,low,"Error: ""Could not resolve authentication method. Expected either api_key or auth_token to be set. Or for one of the `X-Api-Key` or `Authorization` headers to be explicitly omitted"""
human papillomavirus 140,1070413,Papillomaviridae,Gammapapillomavirus,False,low,"Error: ""Could not resolve authentication method. Expected either api_key or auth_token to be set. Or for one of the `X-Api-Key` or `Authorization` headers to be explicitly omitted"""
human papillomavirus 141,1070414,Papillomaviridae,Gammapapillomavirus,False,low,"Error: ""Could not resolve authentication method. Expected either api_key or auth_token to be set. Or for one of the `X-Api-Key` or `Authorization` headers to be explicitly omitted"""
human papillomavirus 142,1070415,Papillomaviridae,Gammapapillomavirus,False,low,"Error: ""Could not resolve authentication method. Expected either api_key or auth_token to be set. Or for one of the `X-Api-Key` or `Authorization` headers to be explicitly omitted"""
human papillomavirus 146,1070419,Papillomaviridae,Gammapapillomavirus,False,low,"Error: ""Could not resolve authentication method. Expected either api_key or auth_token to be set. Or for one of the `X-Api-Key` or `Authorization` headers to be explicitly omitted"""
human papillomavirus 147,1070420,Papillomaviridae,Gammapapillomavirus,False,low,"Error: ""Could not resolve authentication method. Expected either api_key or auth_token to be set. Or for one of the `X-Api-Key` or `Authorization` headers to be explicitly omitted"""
human papillomavirus 148,942038,Papillomaviridae,Gammapapillomavirus,False,low,"Error: ""Could not resolve authentication method. Expected either api_key or auth_token to be set. Or for one of the `X-Api-Key` or `Authorization` headers to be explicitly omitted"""
human papillomavirus 149,909328,Papillomaviridae,Gammapapillomavirus,False,low,"Error: ""Could not resolve authentication method. Expected either api_key or auth_token to be set. Or for one of the `X-Api-Key` or `Authorization` headers to be explicitly omitted"""
human papillomavirus 153,1110710,Papillomaviridae,Gammapapillomavirus,False,low,"Error: ""Could not resolve authentication method. Expected either api_key or auth_token to be set. Or for one of the `X-Api-Key` or `Authorization` headers to be explicitly omitted"""
human papillomavirus 154,1195796,Papillomaviridae,Gammapapillomavirus,False,low,"Error: ""Could not resolve authentication method. Expected either api_key or auth_token to be set. Or for one of the `X-Api-Key` or `Authorization` headers to be explicitly omitted"""
human papillomavirus 155,1165934,Papillomaviridae,Gammapapillomavirus,False,low,"Error: ""Could not resolve authentication method. Expected either api_key or auth_token to be set. Or for one of the `X-Api-Key` or `Authorization` headers to be explicitly omitted"""
human papillomavirus 157,2259331,Papillomaviridae,Gammapapillomavirus,False,low,"Error: ""Could not resolve authentication method. Expected either api_key or auth_token to be set. Or for one of the `X-Api-Key` or `Authorization` headers to be explicitly omitted"""
human papillomavirus 158,2259343,Papillomaviridae,Gammapapillomavirus,False,low,"Error: ""Could not resolve authentication method. Expected either api_key or auth_token to be set. Or for one of the `X-Api-Key` or `Authorization` headers to be explicitly omitted"""
human papillomavirus 162,1315263,Papillomaviridae,Gammapapillomavirus,False,low,"Error: ""Could not resolve authentication method. Expected either api_key or auth_token to be set. Or for one of the `X-Api-Key` or `Authorization` headers to be explicitly omitted"""
human papillomavirus 163,1315262,Papillomaviridae,Gammapapillomavirus,False,low,"Error: ""Could not resolve authentication method. Expected either api_key or auth_token to be set. Or for one of the `X-Api-Key` or `Authorization` headers to be explicitly omitted"""
human papillomavirus 164,1315261,Papillomaviridae,Gammapapillomavirus,False,low,"Error: ""Could not resolve authentication method. Expected either api_key or auth_token to be set. Or for one of the `X-Api-Key` or `Authorization` headers to be explicitly omitted"""
human papillomavirus 165,1315266,Papillomaviridae,Gammapapillomavirus,False,low,"Error: ""Could not resolve authentication method. Expected either api_key or auth_token to be set. Or for one of the `X-Api-Key` or `Authorization` headers to be explicitly omitted"""
human papillomavirus 166,1315259,Papillomaviridae,Gammapapillomavirus,False,low,"Error: ""Could not resolve authentication method. Expected either api_key or auth_token to be set. Or for one of the `X-Api-Key` or `Authorization` headers to be explicitly omitted"""
human papillomavirus 168,1420544,Papillomaviridae,Gammapapillomavirus,False,low,"Error: ""Could not resolve authentication method. Expected either api_key or auth_token to be set. Or for one of the `X-Api-Key` or `Authorization` headers to be explicitly omitted"""
human papillomavirus 169,1315260,Papillomaviridae,Gammapapillomavirus,False,low,"Error: ""Could not resolve authentication method. Expected either api_key or auth_token to be set. Or for one of the `X-Api-Key` or `Authorization` headers to be explicitly omitted"""
human papillomavirus 170,1315265,Papillomaviridae,Gammapapillomavirus,False,low,"Error: ""Could not resolve authentication method. Expected either api_key or auth_token to be set. Or for one of the `X-Api-Key` or `Authorization` headers to be explicitly omitted"""
human papillomavirus 171,1434986,Papillomaviridae,Gammapapillomavirus,False,low,"Error: ""Could not resolve authentication method. Expected either api_key or auth_token to be set. Or for one of the `X-Api-Key` or `Authorization` headers to be explicitly omitted"""
human papillomavirus 173,1434988,Papillomaviridae,Gammapapillomavirus,False,low,"Error: ""Could not resolve authentication method. Expected either api_key or auth_token to be set. Or for one of the `X-Api-Key` or `Authorization` headers to be explicitly omitted"""
human papillomavirus 178,1478160,Papillomaviridae,Gammapapillomavirus,False,low,"Error: ""Could not resolve authentication method. Expected either api_key or auth_token to be set. Or for one of the `X-Api-Key` or `Authorization` headers to be explicitly omitted"""
human papillomavirus 179,1472342,Papillomaviridae,Gammapapillomavirus,False,low,"Error: ""Could not resolve authentication method. Expected either api_key or auth_token to be set. Or for one of the `X-Api-Key` or `Authorization` headers to be explicitly omitted"""
human papillomavirus 180,1449827,Papillomaviridae,Gammapapillomavirus,False,low,"Error: ""Could not resolve authentication method. Expected either api_key or auth_token to be set. Or for one of the `X-Api-Key` or `Authorization` headers to be explicitly omitted"""
human papillomavirus 181,1851124,Papillomaviridae,Gammapapillomavirus,False,low,"Error: ""Could not resolve authentication method. Expected either api_key or auth_token to be set. Or for one of the `X-Api-Key` or `Authorization` headers to be explicitly omitted"""
human papillomavirus 186,1851128,Papillomaviridae,Gammapapillomavirus,False,low,"Error: ""Could not resolve authentication method. Expected either api_key or auth_token to be set. Or for one of the `X-Api-Key` or `Authorization` headers to be explicitly omitted"""
human papillomavirus 189,1851214,Papillomaviridae,Gammapapillomavirus,False,low,"Error: ""Could not resolve authentication method. Expected either api_key or auth_token to be set. Or for one of the `X-Api-Key` or `Authorization` headers to be explicitly omitted"""
human papillomavirus 191,1851216,Papillomaviridae,Gammapapillomavirus,False,low,"Error: ""Could not resolve authentication method. Expected either api_key or auth_token to be set. Or for one of the `X-Api-Key` or `Authorization` headers to be explicitly omitted"""
human papillomavirus 192,1851217,Papillomaviridae,Gammapapillomavirus,False,low,"Error: ""Could not resolve authentication method. Expected either api_key or auth_token to be set. Or for one of the `X-Api-Key` or `Authorization` headers to be explicitly omitted"""
human papillomavirus 193,1851218,Papillomaviridae,Gammapapillomavirus,False,low,"Error: ""Could not resolve authentication method. Expected either api_key or auth_token to be set. Or for one of the `X-Api-Key` or `Authorization` headers to be explicitly omitted"""
human papillomavirus 197,1542134,Papillomaviridae,Gammapapillomavirus,False,low,"Error: ""Could not resolve authentication method. Expected either api_key or auth_token to be set. Or for one of the `X-Api-Key` or `Authorization` headers to be explicitly omitted"""
human papillomavirus 199,1545700,Papillomaviridae,Gammapapillomavirus,False,low,"Error: ""Could not resolve authentication method. Expected either api_key or auth_token to be set. Or for one of the `X-Api-Key` or `Authorization` headers to be explicitly omitted"""
human papillomavirus 200,1682339,Papillomaviridae,Gammapapillomavirus,False,low,"Error: ""Could not resolve authentication method. Expected either api_key or auth_token to be set. Or for one of the `X-Api-Key` or `Authorization` headers to be explicitly omitted"""
human papillomavirus 202,1682341,Papillomaviridae,Gammapapillomavirus,False,low,"Error: ""Could not resolve authentication method. Expected either api_key or auth_token to be set. Or for one of the `X-Api-Key` or `Authorization` headers to be explicitly omitted"""
human papillomavirus 205,2259334,Papillomaviridae,Gammapapillomavirus,False,low,"Error: ""Could not resolve authentication method. Expected either api_key or auth_token to be set. Or for one of the `X-Api-Key` or `Authorization` headers to be explicitly omitted"""
human papillomavirus 4,10617,Papillomaviridae,Gammapapillomavirus,False,low,"Error: ""Could not resolve authentication method. Expected either api_key or auth_token to be set. Or for one of the `X-Api-Key` or `Authorization` headers to be explicitly omitted"""
human papillomavirus 65,28312,Papillomaviridae,Gammapapillomavirus,False,low,"Error: ""Could not resolve authentication method. Expected either api_key or auth_token to be set. Or for one of the `X-Api-Key` or `Authorization` headers to be explicitly omitted"""
human papillomavirus kc5,1647924,Papillomaviridae,Gammapapillomavirus,False,low,"Error: ""Could not resolve authentication method. Expected either api_key or auth_token to be set. Or for one of the `X-Api-Key` or `Authorization` headers to be explicitly omitted"""
human papillomavirus type 161,1315264,Papillomaviridae,Gammapapillomavirus,False,low,"Error: ""Could not resolve authentication method. Expected either api_key or auth_token to be set. Or for one of the `X-Api-Key` or `Authorization` headers to be explicitly omitted"""
human papillomavirus type 176,1851122,Papillomaviridae,Gammapapillomavirus,False,low,"Error: ""Could not resolve authentication method. Expected either api_key or auth_token to be set. Or for one of the `X-Api-Key` or `Authorization` headers to be explicitly omitted"""
human papillomavirus type 183,1851126,Papillomaviridae,Gammapapillomavirus,False,low,"Error: ""Could not resolve authentication method. Expected either api_key or auth_token to be set. Or for one of the `X-Api-Key` or `Authorization` headers to be explicitly omitted"""
human papillomavirus type 188,1851213,Papillomaviridae,Gammapapillomavirus,False,low,"Error: ""Could not resolve authentication method. Expected either api_key or auth_token to be set. Or for one of the `X-Api-Key` or `Authorization` headers to be explicitly omitted"""
human papillomavirus type 190,1851215,Papillomaviridae,Gammapapillomavirus,False,low,"Error: ""Could not resolve authentication method. Expected either api_key or auth_token to be set. Or for one of the `X-Api-Key` or `Authorization` headers to be explicitly omitted"""
human papillomavirus type 194,1851219,Papillomaviridae,Gammapapillomavirus,False,low,"Error: ""Could not resolve authentication method. Expected either api_key or auth_token to be set. Or for one of the `X-Api-Key` or `Authorization` headers to be explicitly omitted"""
human papillomavirus type 210,2320739,Papillomaviridae,Gammapapillomavirus,False,low,"Error: ""Could not resolve authentication method. Expected either api_key or auth_token to be set. Or for one of the `X-Api-Key` or `Authorization` headers to be explicitly omitted"""
human papillomavirus type 48,40538,Papillomaviridae,Gammapapillomavirus,False,low,"Error: ""Could not resolve authentication method. Expected either api_key or auth_token to be set. Or for one of the `X-Api-Key` or `Authorization` headers to be explicitly omitted"""
human papillomavirus type 50,40539,Papillomaviridae,Gammapapillomavirus,False,low,"Error: ""Could not resolve authentication method. Expected either api_key or auth_token to be set. Or for one of the `X-Api-Key` or `Authorization` headers to be explicitly omitted"""
mupapillomavirus 1,334203,Papillomaviridae,Mupapillomavirus,False,low,"Error: ""Could not resolve authentication method. Expected either api_key or auth_token to be set. Or for one of the `X-Api-Key` or `Authorization` headers to be explicitly omitted"""
mupapillomavirus 2,334204,Papillomaviridae,Mupapillomavirus,False,low,"Error: ""Could not resolve authentication method. Expected either api_key or auth_token to be set. Or for one of the `X-Api-Key` or `Authorization` headers to be explicitly omitted"""
mupapillomavirus 3,1961783,Papillomaviridae,Mupapillomavirus,False,low,"Error: ""Could not resolve authentication method. Expected either api_key or auth_token to be set. Or for one of the `X-Api-Key` or `Authorization` headers to be explicitly omitted"""
human papillomavirus,10566,Papillomaviridae,,False,low,"Error: ""Could not resolve authentication method. Expected either api_key or auth_token to be set. Or for one of the `X-Api-Key` or `Authorization` headers to be explicitly omitted"""
human papillomavirus az1_1,2853106,Papillomaviridae,,False,low,"Error: ""Could not resolve authentication method. Expected either api_key or auth_token to be set. Or for one of the `X-Api-Key` or `Authorization` headers to be explicitly omitted"""
human papillomavirus type 203,2093789,Papillomaviridae,,False,low,"Error: ""Could not resolve authentication method. Expected either api_key or auth_token to be set. Or for one of the `X-Api-Key` or `Authorization` headers to be explicitly omitted"""
human papillomavirus type 211,2060135,Papillomaviridae,,False,low,"Error: ""Could not resolve authentication method. Expected either api_key or auth_token to be set. Or for one of the `X-Api-Key` or `Authorization` headers to be explicitly omitted"""
human papillomavirus type 212,2060136,Papillomaviridae,,False,low,"Error: ""Could not resolve authentication method. Expected either api_key or auth_token to be set. Or for one of the `X-Api-Key` or `Authorization` headers to be explicitly omitted"""
human papillomavirus type 213,2060137,Papillomaviridae,,False,low,"Error: ""Could not resolve authentication method. Expected either api_key or auth_token to be set. Or for one of the `X-Api-Key` or `Authorization` headers to be explicitly omitted"""
human papillomavirus type 214,2060138,Papillomaviridae,,False,low,"Error: ""Could not resolve authentication method. Expected either api_key or auth_token to be set. Or for one of the `X-Api-Key` or `Authorization` headers to be explicitly omitted"""
human papillomavirus type 215,2060139,Papillomaviridae,,False,low,"Error: ""Could not resolve authentication method. Expected either api_key or auth_token to be set. Or for one of the `X-Api-Key` or `Authorization` headers to be explicitly omitted"""
human papillomavirus type 216,2060140,Papillomaviridae,,False,low,"Error: ""Could not resolve authentication method. Expected either api_key or auth_token to be set. Or for one of the `X-Api-Key` or `Authorization` headers to be explicitly omitted"""
human papillomavirus type 219,2200956,Papillomaviridae,,False,low,"Error: ""Could not resolve authentication method. Expected either api_key or auth_token to be set. Or for one of the `X-Api-Key` or `Authorization` headers to be explicitly omitted"""
human papillomavirus type 220,2200957,Papillomaviridae,,False,low,"Error: ""Could not resolve authentication method. Expected either api_key or auth_token to be set. Or for one of the `X-Api-Key` or `Authorization` headers to be explicitly omitted"""
human papillomavirus type 221,2200958,Papillomaviridae,,False,low,"Error: ""Could not resolve authentication method. Expected either api_key or auth_token to be set. Or for one of the `X-Api-Key` or `Authorization` headers to be explicitly omitted"""
human papillomavirus type 222,2200959,Papillomaviridae,,False,low,"Error: ""Could not resolve authentication method. Expected either api_key or auth_token to be set. Or for one of the `X-Api-Key` or `Authorization` headers to be explicitly omitted"""
human papillomavirus type 85,652810,Papillomaviridae,,False,low,"Error: ""Could not resolve authentication method. Expected either api_key or auth_token to be set. Or for one of the `X-Api-Key` or `Authorization` headers to be explicitly omitted"""
human papillomavirus type 41,10589,Papillomaviridae,Nupapillomavirus,False,low,"Error: ""Could not resolve authentication method. Expected either api_key or auth_token to be set. Or for one of the `X-Api-Key` or `Authorization` headers to be explicitly omitted"""
