virus_taxid,h2h_prob,zoo_prob,h2h_pseudo,zoo_pseudo,is_labelled,umap_x,umap_y,umap_z
287,0.9369,0.9536,1,1,False,8.970939,3.2300386,2.9503434
470,0.2993,0.9047,0,1,False,7.974092,17.584154,6.8635254
1496,0.9997,0.0001,1,0,False,4.588275,2.2425838,1.4947852
10243,0.0497,0.9638,0,1,True,6.5006433,10.868864,6.7416415
10244,0.9705,0.9459,1,1,True,8.457532,17.472878,6.936285
10245,0.0132,0.9847,0,1,True,8.351272,15.515545,6.708772
10255,0.9845,0.9274,1,1,True,6.5988216,11.1585045,6.6930494
10256,0.1743,0.8306,0,0,False,5.9864917,2.228319,1.6428179
10258,0.0152,0.9947,0,1,True,9.094697,6.4709024,4.74828
10261,0.8747,0.274,0,0,False,4.567481,1.1674997,2.0655193
10264,0.9842,0.0642,1,0,False,4.072494,0.85822743,2.0325332
10266,0.847,0.694,0,0,False,4.383361,1.3152937,2.1972618
10271,0.1754,0.8308,0,0,False,6.568477,2.6086614,1.3139925
10273,0.7866,0.7928,0,0,False,6.9182367,10.228726,5.6586432
10276,0.9913,0.0349,1,0,False,4.797254,1.3866085,1.8427522
10279,0.9954,0.9941,1,1,True,8.369751,5.8236885,4.6637263
10288,0.385,0.5479,0,0,False,4.0031056,7.9784155,6.487093
10295,0.2079,0.9836,0,1,False,9.333428,8.633227,5.0666327
10298,0.9968,0.995,1,1,True,10.134372,4.746398,4.2442303
10310,0.9872,0.9999,1,1,True,9.085745,5.2933674,4.637841
10317,0.4412,0.9904,0,1,False,9.793373,6.254099,4.5569253
10325,0.0139,1.0,0,1,True,9.77301,5.4957943,4.4334183
10326,0.9927,0.9913,1,1,False,9.184327,14.387065,6.712985
10331,0.2591,0.7818,0,0,False,9.077185,16.419409,7.0173783
10334,0.4719,0.7939,0,0,False,8.51898,18.448332,7.2561426
10335,0.9914,0.9977,1,1,True,6.849322,10.049323,5.4961243
10345,0.0054,0.9993,0,1,True,9.617865,7.205362,4.784368
10353,0.0313,0.9688,0,1,True,8.49639,6.9804583,4.7394547
10359,0.9778,0.9983,1,1,True,9.48013,6.450666,4.59537
10364,0.937,0.9533,1,1,False,8.834031,2.9125903,2.9743416
10366,0.6879,0.9986,0,1,False,9.185183,5.735639,4.627945
10368,0.0,1.0,0,1,False,6.4092712,1.7451,3.1696186
10371,0.2067,0.8489,0,0,False,7.185544,9.310729,6.1323576
10372,0.9955,0.9705,1,1,True,4.169289,1.2336642,2.4807348
10376,0.9396,0.9504,1,1,True,8.860968,18.025517,7.138398
10381,0.0117,0.9888,0,1,True,5.493756,6.923183,4.770162
10386,0.9989,0.1156,1,0,False,7.8896623,3.1407685,2.3531651
10390,0.6702,0.5677,0,0,False,8.857082,16.83797,6.904254
10397,0.9234,0.9723,1,1,False,10.433397,4.721245,4.1110344
10398,0.1339,0.8857,0,0,False,6.7263184,2.721302,1.2816867
10401,0.3641,0.642,0,0,False,8.444413,13.994537,6.680959
10406,0.4458,0.5906,0,0,False,8.102379,12.691735,7.0307245
10407,1.0,0.8345,1,0,True,7.066102,19.149895,6.7790365
10449,0.8425,0.9799,0,1,False,8.074563,2.6425388,2.7102048
10454,1.0,0.0,1,0,False,5.504471,3.1432397,3.856268
10455,1.0,0.0,1,0,False,6.1586027,3.0563562,3.5651975
10456,0.0634,0.8821,0,0,False,7.4235697,3.459095,2.691637
10464,1.0,0.3061,1,0,False,5.747211,11.025867,5.2597747
10484,0.9866,0.116,1,0,False,6.8217835,1.2013307,2.6744134
10493,0.2601,0.7873,0,0,False,6.8717966,3.3403823,1.7442585
10497,0.8454,0.2333,0,0,False,6.0207353,10.255785,6.40932
10506,0.8786,0.1223,0,0,False,5.927469,2.3102813,1.2721304
10510,0.4141,0.6602,0,0,False,7.4672785,3.0987897,2.3760135
10512,0.3197,0.9586,0,1,False,6.3144717,6.9039598,5.2001967
10514,0.5855,0.8213,0,0,False,6.721457,8.248168,5.85907
10515,0.9996,0.0002,1,0,True,7.383879,11.520897,5.905662
10519,0.941,0.0814,1,0,True,7.861547,19.868135,7.588645
10521,0.9993,0.0045,1,0,True,7.733417,13.66416,6.501232
10522,0.9325,0.0876,1,0,True,8.296412,19.760588,7.8732967
10524,0.9716,0.0389,1,0,True,7.599395,12.70379,6.129277
10527,0.9994,0.0523,1,0,True,7.747536,3.8050997,2.5676744
10528,0.999,0.0015,1,0,True,7.2428646,5.1003385,3.0487597
10529,0.9986,0.0096,1,0,True,2.3303344,-1.6489406,4.722389
10533,0.9584,0.9241,1,1,True,8.074048,19.833364,7.5446167
10537,0.3174,0.9563,0,1,False,6.3562374,6.9577947,5.2973475
10541,0.9766,0.0553,1,0,True,8.210779,16.92918,6.8102765
10548,1.0,0.0005,1,0,True,6.730855,11.936275,5.8709455
10561,0.1115,0.9661,0,1,False,4.3391023,1.0524874,2.3151596
10564,0.7829,0.2476,0,0,False,6.999381,3.4721348,1.6674627
10566,0.9952,0.0068,1,0,True,4.2420073,0.9533671,2.4618714
10567,0.2307,0.7672,0,0,False,8.032237,10.577182,6.288787
10568,0.953,0.0475,1,0,False,5.8142834,2.8043525,1.5728414
10570,0.2315,0.7962,0,0,False,8.610199,16.047678,6.8235908
10571,0.986,0.0149,1,0,False,5.327715,1.8408738,1.6279812
10573,0.9635,0.0332,1,0,True,5.171386,8.076251,6.4076734
10579,0.9726,0.0361,1,0,True,1.6936779,-3.506806,5.2406845
10580,0.9383,0.9392,1,1,True,8.315179,19.135015,7.631413
10585,0.9449,0.1106,1,0,True,7.6045833,19.887201,7.3792562
10586,0.9384,0.0749,1,0,True,8.713206,18.315493,7.3316774
10587,0.9496,0.1056,1,0,True,7.45416,19.684137,7.11343
10588,0.9904,0.0186,1,0,True,7.435178,12.228419,6.392307
10589,0.9961,0.0039,1,0,True,5.458142,3.4206665,2.0960436
10590,0.9857,0.0156,1,0,True,6.5647874,10.284259,6.8405538
10591,0.9903,0.0048,1,0,True,4.7752385,7.297169,6.0068293
10592,0.9832,0.0257,1,0,True,6.624371,11.032747,6.984739
10593,0.9562,0.0444,1,0,True,8.4567,14.655413,6.692849
10595,0.9962,0.0031,1,0,True,5.924745,9.987247,6.571619
10596,0.9982,0.0093,1,0,True,4.471932,1.9256082,2.1254067
10598,0.9979,0.0078,1,0,True,2.1062837,-1.9366531,4.9832363
10599,0.9732,0.0368,1,0,True,1.7058494,-3.9294603,5.443546
10600,0.842,0.4158,0,0,False,8.47534,18.911043,7.383831
10607,0.9904,0.0169,1,0,True,2.1394408,-2.477302,5.175531
10611,0.9895,0.031,1,0,True,6.8303614,11.092221,7.0599394
10615,0.9691,0.0338,1,0,True,7.8695316,12.770669,6.7397423
10616,0.9999,0.0002,1,0,True,5.0207267,1.3989733,1.9168535
10617,0.996,0.0122,1,0,True,4.317794,1.1670811,2.4258473
10618,0.9864,0.0492,1,0,True,8.388406,18.758139,7.3878994
10620,0.9732,0.0288,1,0,True,7.2378364,11.527235,7.1030626
10623,0.9958,0.0129,1,0,False,5.3356805,1.3414937,1.9479059
10640,0.9772,0.0236,1,0,False,5.489575,2.1466677,1.1729422
10641,0.9896,0.0112,1,0,False,4.6459084,1.8033482,1.6008794
10651,0.3823,0.4023,0,0,False,4.89768,8.380958,6.675644
10653,0.6454,0.3278,0,0,False,2.578681,1.2396219,2.8272586
10654,0.1886,0.773,0,0,False,3.3347347,1.4033499,2.7504375
10658,0.4748,0.7608,0,0,False,7.2117987,7.219261,4.8417754
10666,0.3045,0.6779,0,0,False,1.2675128,0.28791732,3.4135938
10680,0.31,0.6132,0,0,False,5.969846,8.393921,6.1701307
10682,0.9881,0.0129,1,0,False,6.0194397,1.9104977,1.9525535
10689,0.4247,0.5785,0,0,False,6.46174,2.4105976,1.4616029
10692,0.3044,0.6782,0,0,False,1.2769043,0.20216054,3.2548463
10693,0.3036,0.6793,0,0,False,1.3150231,0.25941476,3.2531245
10702,0.4311,0.7958,0,0,False,8.87864,6.1912236,4.5502496
10704,0.9663,0.9509,1,1,False,8.838323,3.4622786,2.625995
10713,0.0,0.0,0,0,False,7.2584,2.453263,4.2354317
10717,0.9386,0.062,1,0,False,5.9882674,2.3291752,1.3075386
10719,0.9813,0.0229,1,0,False,8.879617,4.1269035,3.6777542
10730,0.0,0.0,0,0,False,5.984672,-2.5768244,0.46337658
10732,0.2888,0.9464,0,1,False,8.830892,7.0460477,4.611613
10747,0.8474,0.1595,0,0,False,4.613097,1.3233494,2.2294805
10748,0.9945,0.0257,1,0,False,4.8097773,1.5314921,1.8930795
10757,0.9968,0.0051,1,0,False,5.0140057,1.5312774,1.7340283
10759,1.0,0.0006,1,0,False,5.032596,2.67912,3.6119475
10760,0.1161,0.8985,0,0,False,7.4662967,7.6197023,5.320623
10784,0.2215,0.7555,0,0,False,8.048252,10.547513,6.5892067
10788,0.6886,0.6497,0,0,False,7.545504,19.684755,7.2693324
10794,0.5006,0.5558,0,0,False,6.142383,8.834415,6.3182387
10796,0.6094,0.6136,0,0,False,7.932077,19.31445,7.386416
10804,0.9995,0.9483,1,1,True,7.94356,4.1161075,3.3895066
10820,0.107,0.8965,0,0,False,7.6192017,6.963442,4.8232493
10826,0.1192,0.9088,0,1,False,7.670574,8.404826,5.394235
10830,0.4755,0.5352,0,0,False,5.840639,3.8077555,1.9222611
10832,0.0012,0.9993,0,1,False,11.481697,20.365797,6.6140223
10834,0.6758,0.473,0,0,False,7.932489,19.505192,7.3495464
10836,0.9994,0.9818,1,1,False,7.4965563,3.0003567,2.582842
10837,0.6436,0.485,0,0,False,7.6499023,19.751068,7.352991
10838,0.4075,0.4667,0,0,False,7.784719,13.141377,6.157649
10840,0.8479,0.1903,0,0,False,6.6962657,10.374305,6.480661
10845,0.9107,0.0917,1,0,False,6.238563,2.5470502,1.5796455
10849,1.0,0.0,1,0,False,4.934602,2.3513358,2.1962895
10854,0.0578,0.9997,0,1,False,4.294207,1.6810398,2.0264988
10863,0.8085,0.2208,0,0,False,6.343748,2.0245285,2.3325925
10867,0.8774,0.1238,0,0,False,6.445855,2.6587749,0.9697697
10868,0.9765,0.0266,1,0,False,5.6158013,1.89418,1.4981327
10869,0.9786,0.0223,1,0,False,5.5425253,2.0653806,1.4286392
10872,0.9752,0.026,1,0,False,4.8628325,1.6573421,1.5571243
10891,0.8233,0.1669,0,0,False,3.392809,-2.0206861,5.5185323
10913,0.3153,0.8967,0,0,False,7.324297,17.937868,6.819319
10941,0.9275,0.976,1,1,True,7.4299145,18.640715,7.0016823
10943,1.0,0.9997,1,1,True,3.463103,5.6291227,5.1033683
10967,0.2924,0.9016,0,1,False,7.340322,17.902876,6.7818017
10970,0.2983,0.8934,0,0,False,7.3431277,17.853521,6.777753
11008,0.9596,0.0416,1,0,False,5.8441176,2.0863297,1.4408872
11020,0.0376,0.9675,0,1,True,7.5954556,10.173069,6.4546947
11021,0.1054,0.9461,0,1,True,7.4782434,20.010445,7.4849167
11023,0.0266,0.9826,0,1,True,8.583267,10.706275,5.8882995
11024,0.0373,0.9717,0,1,True,8.598858,14.129505,6.6708484
11029,0.9809,0.9017,1,1,True,8.207608,19.223427,7.4106293
11033,0.019,0.9866,0,1,True,8.1770315,10.138973,5.9184356
11034,0.0908,0.9492,0,1,True,7.5730367,19.736244,7.4129252
11036,0.09,0.9455,0,1,True,8.014824,19.266476,7.2223325
11039,0.0161,0.9943,0,1,True,6.907442,9.054895,5.642791
11041,0.9987,0.0016,1,0,True,9.07878,4.2664914,4.294443
11047,0.9984,0.838,1,0,False,7.4781322,3.3360646,2.3644385
11048,0.976,0.0976,1,0,False,7.341292,3.2407718,2.2786252
11049,0.388,0.5918,0,0,False,8.248306,13.466623,6.6148243
11053,0.9511,0.9468,1,1,True,7.5337853,19.67206,7.270897
11060,0.9482,0.9456,1,1,True,7.445215,19.630804,7.20094
11069,0.9458,0.983,1,1,True,7.415692,19.842762,7.1355457
11070,0.9682,0.9606,1,1,True,7.411216,19.531168,7.202402
11072,0.0893,0.946,0,1,True,7.973307,19.472586,7.5794096
11077,0.0692,0.9309,0,1,True,7.7213635,14.79986,6.6096907
11079,0.0141,0.994,0,1,True,6.766359,7.634941,5.4030275
11080,0.0159,0.983,0,1,True,7.76749,10.243029,6.403852
11082,0.0965,0.9458,0,1,True,7.6759834,19.692034,7.31559
11083,0.0581,0.9555,0,1,True,8.580474,18.054901,7.2387333
11084,0.0548,0.9612,0,1,True,8.533256,18.377205,7.2786536
11085,0.0624,0.9503,0,1,True,8.765538,17.517004,7.2288547
11086,0.0581,0.9541,0,1,True,8.719296,17.795889,7.191155
11089,0.9809,0.9805,1,1,True,8.252927,19.241297,7.5260262
11096,0.7375,0.5699,0,0,False,8.505476,18.753325,7.35426
11099,0.0169,0.9743,0,1,True,5.668841,7.4111323,5.6755176
11120,0.1021,0.9279,0,1,True,8.09762,19.343103,7.449678
11135,0.8645,0.1367,0,0,False,4.818223,4.3377066,2.1283607
11137,0.9855,0.9049,1,1,True,8.339699,18.987638,7.4051204
11138,0.0104,0.985,0,1,True,7.9066744,10.239774,6.207552
11144,0.2893,0.7209,0,0,False,8.297266,10.641836,6.397856
11149,0.858,0.3285,0,0,False,6.9645295,11.334651,6.9245954
11153,0.1641,0.8451,0,0,True,1.7826293,-3.672466,5.445478
11216,0.9668,0.9398,1,1,True,7.6571507,19.531105,7.3177996
11224,0.9885,0.0123,1,0,True,4.7011037,5.8434787,4.3937154
11226,0.9751,0.0252,1,0,True,2.748384,-0.8599757,4.2632904
11234,0.9441,0.9456,1,1,True,7.7305117,19.803354,7.4681053
11240,0.3183,0.7039,0,0,False,6.938176,10.468542,7.416745
11242,0.5092,0.5233,0,0,False,6.395075,9.402624,6.9212523
11246,0.4294,0.1499,0,0,False,4.146093,6.2348523,5.632723
11247,0.7877,0.2337,0,0,False,6.4570427,10.317551,7.0154977
11250,0.9603,0.9631,1,1,True,7.181804,19.215895,6.938858
11263,0.02,0.9829,0,1,True,8.009285,12.998773,7.2093787
11276,0.1331,0.9046,0,1,True,8.108708,19.401726,7.481322
11290,0.3478,0.6628,0,0,False,8.435361,12.720544,6.5335674
11292,0.1034,0.9479,0,1,True,7.663089,19.748753,7.2152214
11303,0.3025,0.9944,0,1,False,3.7445657,1.0945312,2.9291835
11307,0.4093,0.6738,0,0,False,6.6687536,9.513475,6.860985
11318,0.0309,0.9735,0,1,True,7.555317,11.119606,7.0002027
11320,0.8787,0.9824,0,1,True,7.294171,18.159603,6.8213964
11520,0.9577,0.9461,1,1,True,7.4619484,19.251099,7.0154185
11552,0.879,0.4058,0,0,False,8.379504,18.835905,7.4436502
11553,0.4707,0.6714,0,0,False,8.547973,18.263048,7.279722
11569,0.0351,0.9686,0,1,True,7.8930717,11.421338,6.616704
11577,0.0013,0.8582,0,0,False,3.1325743,7.1057835,6.1564164
11590,0.0151,0.1424,0,0,False,5.381252,8.909167,7.0252666
11636,0.4949,0.5981,0,0,False,7.25466,3.4955773,1.7590328
11642,0.0089,0.9646,0,1,True,4.16856,5.623401,5.388881
11660,0.3853,0.8439,0,0,False,6.4313974,8.031112,6.2736816
11663,0.4912,0.4936,0,0,False,5.9170337,7.602705,6.205286
11665,0.9709,0.0439,1,0,False,4.751824,1.7997764,1.9896228
11673,0.979,0.0293,1,0,False,4.671718,1.6345137,1.6058714
11676,0.9669,0.9625,1,1,True,7.3267555,19.181759,7.0111704
11709,0.9761,0.9864,1,1,True,8.081947,12.04435,6.6395154
11723,0.0177,0.987,0,1,True,6.788878,9.0266285,5.9869194
11746,0.9993,0.0011,1,0,False,5.1773496,1.7129073,1.7188985
11757,0.029,0.9881,0,1,True,5.97789,7.85795,5.9764056
11764,0.1856,0.7322,0,0,False,8.309931,9.961502,5.952324
11768,0.0888,0.9355,0,1,False,6.937295,6.504824,4.9745803
11786,0.0088,0.9887,0,1,True,8.144378,10.507204,5.8847556
11788,0.2483,0.7727,0,0,False,8.2280035,10.43053,5.858367
11790,0.699,0.9605,0,1,False,9.481386,5.048126,4.023038
11801,0.9767,0.0326,1,0,False,7.2545013,4.5511765,2.7403316
11809,0.7214,0.9377,0,1,False,7.7913227,9.254071,5.6886997
11819,0.3456,0.9276,0,1,False,7.4755616,6.0962105,4.3594146
11827,1.0,0.0026,1,0,True,7.157913,5.9027815,3.6279936
11830,0.0921,0.9134,0,1,False,7.723344,7.6516256,5.087268
11834,0.2087,0.952,0,1,False,8.012065,9.357382,5.6341662
11837,0.0164,0.9877,0,1,True,8.311975,10.438115,5.7222004
11840,0.0112,0.9988,0,1,True,8.174118,9.073497,5.400005
11855,0.0059,0.9946,0,1,True,6.753269,2.805896,1.3326031
11856,0.0779,0.9458,0,1,False,7.299644,6.601992,4.619808
11867,0.508,0.6127,0,0,False,9.276123,17.696674,7.099771
11884,0.3816,0.7404,0,0,False,8.137179,8.533669,5.241756
11885,0.4871,0.6261,0,0,False,9.145763,17.88725,7.1198916
11886,0.4675,0.64,0,0,False,9.360841,17.94592,7.118581
11901,0.0487,0.9821,0,1,True,8.190797,18.717636,7.1564813
11908,0.9456,0.9857,1,1,True,8.569648,18.475061,7.2221
11909,0.9793,0.9976,1,1,True,8.103725,9.243881,5.319547
11946,0.4667,0.6405,0,0,False,9.351492,17.819107,7.08393
11958,0.4912,0.5195,0,0,False,7.862296,4.175916,2.7768111
11963,0.9735,0.8632,1,0,True,1.6760249,-3.9101765,5.414409
11970,0.0118,0.9915,0,1,True,7.6167407,7.718624,5.2319865
11976,0.6687,0.7046,0,0,False,7.784967,19.178425,7.034025
11978,0.7071,0.2934,0,0,False,6.4334893,4.661517,2.5881214
11983,0.9375,0.9847,1,1,True,8.118125,10.419015,5.9515996
11988,0.4376,0.7997,0,0,False,7.6732173,5.9163394,4.6448255
12018,0.8251,0.6988,0,0,False,7.085243,3.043241,1.8973986
12023,0.9996,0.9826,1,1,False,7.8732305,2.8362496,2.4184618
12024,0.9993,0.8535,1,0,False,7.6530356,3.1370714,2.348407
12041,0.2152,0.7964,0,0,False,7.1341977,6.7405195,4.5288267
12042,0.0011,0.9989,0,1,False,6.3322163,2.7089913,2.6454895
12045,0.7872,0.2513,0,0,False,6.8257933,2.315579,1.9959483
12049,0.8862,0.1469,0,0,False,6.053008,4.0046115,2.0368283
12055,0.0152,0.934,0,1,False,6.56828,5.717212,3.1825814
12056,0.9407,0.0699,1,0,False,6.4981914,5.4118767,3.652121
12060,0.997,0.0121,1,0,True,6.0394588,14.047208,6.790348
12062,0.9925,0.0179,1,0,True,6.0919585,14.054178,6.7747293
12063,1.0,0.0003,1,0,True,5.716854,11.525243,6.4776835
12064,0.8898,0.1909,0,0,False,6.0249076,15.571517,7.5482283
12066,0.733,0.4207,0,0,False,6.2402406,15.290166,7.009561
12067,0.9796,0.8739,1,0,True,1.7832551,-3.2694983,5.262587
12069,0.9999,0.9016,1,1,True,5.973734,16.346287,7.715644
12071,1.0,0.8949,1,0,True,6.181546,16.547,7.727527
12072,1.0,0.8949,1,0,True,6.257967,16.684666,7.7491374
12073,0.9999,0.9992,1,1,True,7.137211,3.2110949,2.13131
12074,0.9879,0.8625,1,0,True,6.2119737,14.583973,6.8017273
12075,0.1143,0.9076,0,1,True,6.169128,15.072655,6.9898562
12078,0.9991,0.0012,1,0,True,5.7383733,9.449768,5.632132
12080,0.9943,0.8631,1,0,True,6.1705585,15.653631,7.130343
12083,0.9902,0.0851,1,0,True,6.386749,15.782757,6.9487143
12086,0.9965,0.0892,1,0,True,6.342827,16.061594,7.1215086
12089,1.0,0.8969,1,0,True,6.11761,16.482004,7.698177
12090,1.0,0.9018,1,1,True,6.045269,16.102997,7.511865
12092,0.9628,0.9496,1,1,True,8.549413,17.338297,7.0375504
12104,0.0051,0.9991,0,1,True,7.7062287,9.433384,5.5640526
12111,0.0258,0.9942,0,1,True,7.6700234,5.3040137,3.6770756
12116,0.0501,0.9506,0,1,True,7.7520204,7.6157994,4.80361
12118,0.052,0.9884,0,1,True,8.309078,18.751,7.252151
12122,0.8338,0.0874,0,0,False,7.5916495,5.807539,4.5085535
12124,0.0612,0.972,0,1,False,7.8083825,9.050502,5.6326165
12130,0.9878,0.0164,1,0,True,5.569684,15.584488,7.498857
12131,0.9998,0.0014,1,0,True,5.4575815,14.358952,7.397412
12132,0.9959,0.0144,1,0,True,5.2564745,15.048579,7.6799083
12135,0.9991,0.0126,1,0,True,5.6104226,16.199331,7.7701955
12139,0.5877,0.4045,0,0,False,6.972309,4.041248,1.9061884
12142,0.873,0.1327,0,0,False,6.733228,3.802868,1.9885261
12143,0.0389,0.9358,0,1,False,6.5721946,4.7676497,2.8420582
12144,0.1833,0.8309,0,0,False,7.1873927,6.5159125,4.550478
12145,0.046,0.9421,0,1,False,6.8202286,3.800446,2.0351965
12151,0.9985,0.9707,1,1,False,7.450018,3.052307,2.1233582
12152,0.935,0.5287,1,0,False,7.0631537,2.7919223,2.376521
12153,0.0722,0.9724,0,1,False,7.097665,2.9270763,2.4921124
12154,0.0558,0.8764,0,0,False,7.4962225,4.4040036,3.4682236
12158,0.6767,0.3341,0,0,False,7.345807,3.7828884,2.460266
12161,0.8796,0.2897,0,0,False,6.7843246,2.8727524,2.0156152
12162,0.9974,0.9948,1,1,False,7.6645217,2.7293234,2.4193475
12165,0.9337,0.0906,1,0,False,6.133992,2.7497544,1.2818342
12166,0.8879,0.1141,0,0,False,6.6772213,3.9393182,1.6929754
12167,0.4386,0.7148,0,0,False,6.4084907,8.462479,6.271897
12169,0.5165,0.5347,0,0,False,7.8871074,12.90126,6.790966
12173,0.4228,0.5673,0,0,False,6.9353437,3.7714012,2.2634294
12175,0.9372,0.0648,1,0,False,6.0358357,2.4923267,1.2713033
12177,0.1643,0.6063,0,0,False,7.578806,10.570058,6.1653433
12178,0.3052,0.7548,0,0,False,7.144784,4.215726,2.5397542
12179,0.0589,0.8798,0,0,False,7.547233,8.863279,5.4537325
12180,1.0,0.0026,1,0,False,5.9568725,7.378552,5.164053
12181,0.3497,0.4207,0,0,False,7.770405,12.209925,7.0455103
12182,0.9187,0.0814,1,0,False,5.4180164,4.7331023,2.2661855
12183,0.7982,0.5175,0,0,False,7.6397586,19.5505,7.425631
12187,0.4713,0.753,0,0,False,7.65612,9.380254,6.200123
12188,0.9665,0.0819,1,0,False,6.4433722,7.149852,4.294342
12194,0.0702,0.8419,0,0,False,7.261046,4.520963,2.724134
12196,0.4784,0.5193,0,0,False,4.870244,3.9592004,2.5449362
12197,0.9972,0.0063,1,0,False,4.7588077,1.3400983,1.9583455
12198,0.563,0.5306,0,0,False,7.0732837,11.389815,7.3109174
12199,0.3643,0.7365,0,0,False,7.9040604,11.493963,6.713624
12202,0.7378,0.263,0,0,False,5.6286287,3.3288257,1.9627507
12203,0.3218,0.6812,0,0,False,7.809845,11.832047,6.9415574
12204,0.8274,0.1729,0,0,False,5.719667,4.0682526,2.1086986
12205,0.3357,0.5414,0,0,False,5.983375,8.5111475,6.61404
12208,0.3663,0.6337,0,0,False,5.802094,4.4682083,1.9797184
12209,0.94,0.0666,1,0,False,6.1612167,3.4455786,1.1873783
12210,0.8888,0.1129,0,0,False,5.822758,3.3046558,1.7719975
12211,0.7276,0.6367,0,0,False,7.5494847,19.592878,7.179398
12215,0.1735,0.8263,0,0,False,7.3782687,10.517552,6.9579415
12216,0.6531,0.6835,0,0,False,7.702872,19.460487,7.181635
12222,0.8055,0.4935,0,0,False,8.508088,18.690727,7.373342
12224,0.8518,0.1483,0,0,False,5.3260407,4.3012147,1.9765371
12227,0.7638,0.2371,0,0,False,5.8335667,3.2336342,1.6839265
12228,0.4879,0.5128,0,0,False,5.0014234,3.2632158,2.0622327
12230,0.6734,0.7839,0,0,False,7.549662,19.301504,7.1323376
12232,0.952,0.0485,1,0,False,4.5787816,4.9822164,2.632401
12235,0.5444,0.6569,0,0,False,7.7852335,19.885283,7.514179
12238,0.9797,0.0216,1,0,False,5.486534,1.9284774,1.5311399
12239,0.9433,0.0591,1,0,False,5.6896367,4.3565145,1.7340484
12241,0.9994,0.3684,1,0,False,5.5516777,6.31122,3.3950686
12242,0.3646,0.7445,0,0,False,8.58485,16.48146,6.9227715
12253,0.4822,0.5466,0,0,False,7.779898,12.535687,6.7322073
12285,0.9089,0.0985,1,0,False,6.1822176,2.9818852,1.1156183
12287,0.9447,0.0566,1,0,False,5.9428735,2.6285036,1.2822466
12288,0.071,0.9252,0,1,False,6.78388,3.9740705,2.4287505
12336,0.0,1.0,0,1,False,4.1434684,1.6515939,2.6868403
12348,0.9483,0.1041,1,0,False,6.7255945,3.0656419,1.5174546
12353,0.998,0.0015,1,0,False,4.7442913,1.868732,3.893636
12390,0.6889,0.309,0,0,False,4.6182346,2.4847372,1.8702643
12402,0.7841,0.2685,0,0,False,4.9209747,1.4110434,1.9992979
12417,0.9445,0.0599,1,0,False,4.932866,1.7990587,2.0221887
12430,0.1398,0.9268,0,1,False,6.460855,8.531583,6.201224
12431,0.2054,0.7577,0,0,False,6.6661196,3.8602054,1.9647815
12432,0.3053,0.867,0,0,False,6.945206,9.132179,6.234939
12433,0.0039,0.8899,0,0,False,7.119341,4.455051,2.244101
12436,0.8885,0.1607,0,0,False,2.7105708,-1.51524,4.926921
12450,0.7607,0.2393,0,0,False,6.669609,3.9862666,1.9515966
12455,0.9842,0.7867,1,0,False,7.322411,3.0401673,2.0912313
12456,0.9802,0.0095,1,0,True,2.8444865,-1.607134,5.343026
12458,0.8571,0.1444,0,0,False,6.5056734,3.9384983,1.5781193
12470,0.9348,0.0675,1,0,False,6.922474,3.112343,1.6850294
12471,0.3848,0.7367,0,0,False,6.851717,9.090684,6.232062
12472,0.8869,0.1162,0,0,False,6.2584243,2.7045019,2.2910616
12473,0.9382,0.0628,1,0,False,6.2503247,3.2612069,1.418774
12475,0.999,0.9972,1,1,False,9.155464,14.699174,6.592489
12480,0.015,0.9882,0,1,True,8.193584,12.017919,6.781282
12509,0.487,0.6158,0,0,False,8.819768,18.118013,7.1503453
12524,0.9441,0.0561,1,0,False,6.2280097,2.7257721,1.341268
12530,0.9032,0.0968,1,0,False,6.6918483,3.0282376,1.8350273
12538,0.0288,0.9733,0,1,True,7.3880906,11.04282,7.0391073
12542,0.0647,0.9481,0,1,True,8.697012,17.787262,7.10775
12558,0.6835,0.3076,0,0,False,6.835629,3.835989,1.742678
12615,0.3996,0.6071,0,0,False,6.973865,3.6414392,2.3167973
12618,0.0995,0.9549,0,1,True,7.7810555,19.466604,7.385588
12627,0.4058,0.8132,0,0,False,7.5621114,9.445945,6.208861
12637,0.9494,0.9555,1,1,True,7.5394535,19.623043,7.2336297
12639,0.3955,0.6699,0,0,False,8.363275,12.82281,6.7064137
12643,0.0366,0.9745,0,1,True,8.605259,16.005102,6.7105227
12657,0.3308,0.8393,0,0,False,8.170219,11.6262045,6.150488
12663,0.9093,0.0908,1,0,False,6.320092,2.6514297,1.3625073
12701,0.9981,0.0084,1,0,True,2.661084,-1.32277,4.515478
12721,0.9999,0.0004,1,0,True,4.903433,4.570089,2.3121576
12730,0.9459,0.9281,1,1,True,8.1980715,19.060286,7.466758
12742,0.9589,0.043,1,0,False,5.1556234,1.7054039,1.8864923
12777,0.9069,0.0931,1,0,False,6.116917,3.5044727,1.2216567
12783,0.8416,0.1143,0,0,False,3.399795,-2.2947357,5.820641
12809,0.1091,0.8177,0,0,False,6.700715,3.4482818,1.92842
12814,0.9779,0.8953,1,0,True,2.659587,-2.8611374,5.6025453
12844,0.1174,0.8849,0,0,False,6.8590465,8.893366,6.4605036
12870,0.9655,0.0399,1,0,True,4.1823435,0.8697991,2.2222438
12881,0.9588,0.0434,1,0,False,6.011167,4.6403017,2.0037723
12885,1.0,0.002,1,0,False,6.295992,11.248155,5.6974034
12888,0.9993,0.0453,1,0,False,7.0302725,11.915975,5.927351
12889,0.8344,0.0813,0,0,False,7.7461214,5.278917,4.7192287
12890,0.7559,0.3343,0,0,False,6.881124,14.131891,6.426585
12892,0.7576,0.326,0,0,False,6.709374,14.130845,6.445138
12893,0.4556,0.7715,0,0,False,6.625679,13.516502,6.353514
12894,0.5255,0.7239,0,0,False,6.603475,13.562454,6.438837
12895,0.6919,0.6748,0,0,False,6.6053853,14.129267,6.5254
12896,0.8315,0.201,0,0,False,1.7640581,-3.6875203,5.418417
12897,0.6536,0.5454,0,0,False,6.782106,13.7980385,6.3913484
12898,0.8319,0.0854,0,0,False,7.265452,5.0233345,4.5501747
12899,0.8479,0.1502,0,0,False,2.5344245,-2.9842145,5.455533
12901,0.7579,0.3396,0,0,False,6.8183484,14.128245,6.4177914
12904,0.8019,0.2084,0,0,False,6.9778605,14.371645,6.461182
12906,0.0003,0.9997,0,1,False,8.179051,6.0182543,4.704346
12907,0.8395,0.0778,0,0,False,3.4516268,-1.7240804,5.75609
28274,0.2061,0.6739,0,0,False,7.9479995,10.289841,6.1622334
28275,0.9802,0.0089,1,0,True,3.673794,-2.0252728,5.8399
28276,0.9769,0.0229,1,0,True,3.1936102,-2.4639122,5.724306
28278,0.9787,0.0134,1,0,True,3.4359355,-2.1288981,5.8056974
28280,0.9263,0.0891,1,0,True,7.8941455,19.622503,7.490548
28282,0.9616,0.988,1,1,True,6.5148234,7.909349,5.9028554
28284,0.9722,0.8457,1,0,True,1.947674,-3.6040843,5.497037
28285,0.9684,0.9399,1,1,True,7.892656,19.844679,7.773647
28288,0.2572,0.7199,0,0,False,6.999201,3.6843665,2.1630208
28289,1.0,0.2916,1,0,False,5.7474394,10.8683195,5.136571
28292,0.3049,0.4739,0,0,False,6.88269,10.511097,6.96133
28295,0.6624,0.6375,0,0,False,7.4342685,19.823637,7.1900716
28300,0.9997,0.0194,1,0,False,7.167053,12.57011,6.094016
28321,0.266,0.9632,0,1,False,4.2112565,1.2495973,2.2960904
28332,0.9767,0.0702,1,0,True,8.165442,8.484551,5.0324645
28344,0.6581,0.7436,0,0,False,7.6072354,19.284079,7.149084
28347,0.9955,0.0867,1,0,False,4.54061,1.3939424,2.3833964
28350,0.0023,0.9986,0,1,False,11.089518,19.247742,6.5795884
28354,0.2319,0.7198,0,0,False,8.256889,9.566775,5.619777
28871,0.1951,0.7762,0,0,False,8.514154,15.672592,6.764092
28873,0.0339,0.9674,0,1,True,5.5218587,8.4058695,5.553452
28874,0.8319,0.1721,0,0,False,8.195966,14.840954,6.6768794
28875,0.992,0.9276,1,1,True,7.9202127,16.36119,6.711553
28876,0.9891,0.999,1,1,True,2.9045012,0.3325492,3.0299013
28882,0.3434,0.876,0,0,False,7.4492183,3.4682994,2.3196943
29250,0.7827,0.231,0,0,False,5.849075,6.9805923,5.326674
29255,0.1442,0.7338,0,0,False,8.299635,9.698988,5.645827
29256,0.9495,0.0519,1,0,False,6.615545,3.1846354,1.7858838
29271,0.4344,0.5657,0,0,False,5.754846,4.1042066,2.070445
29272,0.9502,0.0498,1,0,False,6.256594,2.947619,1.653615
31503,0.9402,0.8543,1,0,False,6.453501,2.4438553,2.0387807
31504,0.8537,0.0674,0,0,False,3.2756486,-1.9903919,5.627949
31507,0.9948,0.0053,1,0,False,5.9122667,3.048768,2.0246592
31533,0.3017,0.6835,0,0,False,1.4597383,0.26854116,3.2661273
31544,0.9842,0.0201,1,0,True,2.384874,-2.7794125,5.48618
31545,0.9932,0.003,1,0,True,7.57673,3.772184,3.2205992
31547,0.9765,0.0311,1,0,True,1.6813992,-3.9074173,5.423808
31548,0.9724,0.036,1,0,True,1.9734591,-3.2789762,5.369004
31552,0.9639,0.9546,1,1,True,7.2753234,19.482866,6.9097857
31559,0.689,0.3071,0,0,False,5.29611,5.372494,2.6256962
31598,0.9491,0.051,1,0,False,6.159063,2.9450223,1.1927322
31612,0.9017,0.1011,1,0,False,4.925281,3.2042282,1.935919
31631,0.9274,0.9138,1,1,True,7.8013883,19.674389,7.408209
31656,0.2496,0.812,0,0,False,7.239304,9.375506,6.259127
31658,0.1043,0.9074,0,1,False,7.0249214,7.2493362,4.991003
31699,0.0898,0.9436,0,1,True,7.768928,19.514105,7.3393025
31704,0.9999,1.0,1,1,True,7.9446664,15.434649,6.861241
31708,0.9987,0.8077,1,0,True,5.4829626,16.045542,7.833655
31711,0.1235,0.8952,0,0,False,6.882918,3.5551314,1.8678651
31713,0.9694,0.5018,1,0,False,4.355124,0.91975874,2.6474895
31722,0.9593,0.0408,1,0,False,6.5521355,3.2169888,1.3063719
31732,0.1789,0.8786,0,0,False,6.5243335,8.851374,6.6243052
31741,0.9059,0.803,1,0,False,5.3450375,6.4605594,4.1670575
31742,0.097,0.4779,0,0,False,5.7665687,8.887366,7.0026784
31743,0.7287,0.389,0,0,False,6.9610415,11.018384,6.917746
31744,0.6002,0.768,0,0,False,7.379545,3.5570102,2.127749
31749,0.4817,0.5162,0,0,False,5.426696,4.7252865,1.7949698
31754,0.2072,0.9928,0,1,False,3.5258486,0.66813445,2.3337662
31757,0.8442,0.1617,0,0,False,9.674051,4.6615157,3.2272525
31770,0.0312,0.9472,0,1,False,6.887259,4.5079355,2.4064138
32603,0.9559,0.9734,1,1,True,8.332027,13.652514,6.431636
32604,0.9738,0.0269,1,0,True,8.075468,13.335581,6.5566983
32605,0.1273,0.8728,0,0,True,2.369689,-1.5637766,4.2400613
32608,0.9951,0.005,1,0,True,5.7740455,4.2007995,1.808235
32612,0.0451,0.9431,0,1,False,6.2902193,5.974729,4.150459
32619,0.7807,0.3434,0,0,False,6.932571,10.697154,6.778012
32620,0.6638,0.3361,0,0,False,5.4532766,2.4571238,1.670189
32624,0.3245,0.7626,0,0,False,7.144227,9.503139,6.428626
32625,0.4109,0.5908,0,0,False,6.004089,3.4056888,1.4517766
32630,0.6719,0.3304,0,0,False,7.5381336,4.9445415,3.2510223
33706,0.8023,0.7784,0,0,False,9.792121,4.6345215,4.042444
33708,0.2331,0.654,0,0,False,7.992007,9.89016,6.332733
33727,0.7838,0.2184,0,0,False,5.6329074,2.1836786,1.0583996
33743,0.0635,0.9495,0,1,True,8.895289,17.545074,7.0893207
33745,0.9671,0.0454,1,0,True,8.2697115,17.924881,7.16937
33746,0.946,0.0684,1,0,True,8.216266,17.58499,7.079631
33748,0.083,0.745,0,0,False,8.449053,10.120679,5.7480903
33756,0.0921,0.8154,0,0,False,7.9165797,10.369729,6.416417
33757,1.0,0.0913,1,0,True,6.3354135,16.74617,7.748942
33758,0.9973,0.2258,1,0,False,7.0812078,15.735139,7.2645473
33760,0.3687,0.6316,0,0,False,5.859383,2.5697234,1.2291608
33761,0.7846,0.2151,0,0,False,6.4636674,3.997383,1.7603029
33763,0.4355,0.6768,0,0,False,6.298271,8.700842,6.109415
33765,0.8844,0.2945,0,0,False,6.8215127,11.172465,7.0276937
33771,0.9868,0.3251,1,0,False,6.5760136,13.188484,6.736508
35241,0.7373,0.2611,0,0,False,4.548024,2.444829,2.05464
35243,0.3983,0.7359,0,0,False,8.228855,11.8974085,6.3122497
35244,0.3156,0.9967,0,1,False,9.782763,5.6211405,4.5391893
35246,0.0219,0.5162,0,0,False,7.6870723,5.8280683,4.039761
35250,0.5038,0.4781,0,0,False,8.291116,12.775098,6.2318444
35252,0.4095,0.7021,0,0,False,6.1597958,8.277795,6.1745796
35254,1.0,0.2928,1,0,False,5.735231,11.21749,5.291556
35258,0.4034,0.589,0,0,False,5.6714606,8.098544,6.4092007
35265,0.9665,0.7845,1,0,False,8.834104,14.465426,6.744363
35269,0.0595,0.8472,0,0,False,6.328656,3.5297627,1.9214842
35280,0.0429,0.6947,0,0,False,6.862764,3.7527583,2.1883202
35281,0.9462,0.0673,1,0,False,5.1686277,2.2452428,1.71441
35286,0.3969,0.5336,0,0,False,7.6588817,9.915001,5.998958
35287,0.8631,0.1365,0,0,False,6.4873276,2.990812,1.3846242
35288,0.2048,0.7901,0,0,False,6.6856775,3.8012228,2.19007
35289,0.9476,0.0561,1,0,False,5.785047,2.046151,1.7120299
35291,0.0358,0.336,0,0,False,7.0533333,5.2836814,2.4909942
35293,1.0,0.0,1,0,True,5.560311,10.700752,5.9331536
35294,0.9874,0.0236,1,0,True,6.081098,13.693239,6.713094
35295,0.9732,0.0364,1,0,True,1.7500134,-3.4715035,5.311557
35300,0.9995,0.0159,1,0,True,4.4987016,5.6733437,4.6160254
35308,0.9584,0.4133,1,0,False,3.9972572,1.406665,2.9471023
35316,0.4583,0.3111,0,0,False,4.7047367,8.487513,6.304702
35320,0.0422,0.6959,0,0,False,3.5485775,1.2356126,2.9848664
35344,0.451,0.8219,0,0,False,5.1098604,7.1272316,4.689369
35345,0.9762,0.0302,1,0,False,4.841752,1.7287381,1.7322387
35593,0.9841,0.2677,1,0,False,4.0465574,1.3515352,2.3943095
35612,0.0,1.0,0,1,True,6.877479,6.7071147,4.035314
35740,0.9934,0.0066,1,0,True,5.406512,3.8689747,2.584413
35741,0.9726,0.0366,1,0,True,1.9690416,-3.1559541,5.383559
36339,0.3038,0.6791,0,0,False,1.253768,0.19810447,3.3246806
36355,1.0,0.6153,1,0,False,6.884994,12.457068,6.4212255
36362,0.9766,0.6324,1,0,False,4.381392,1.8862003,2.7090552
36363,0.4929,0.5075,0,0,False,4.98025,3.0157907,1.9139842
36370,0.1418,0.9232,0,1,False,6.8657947,9.303685,6.284962
36403,0.141,0.8628,0,0,False,5.9286656,3.4126534,1.4418529
36427,0.0119,0.9781,0,1,True,3.2515445,0.714788,2.9099038
36453,0.9452,0.1466,1,0,False,2.6902776,-2.031131,5.356269
37105,0.8225,0.1774,0,0,False,6.1106005,3.8395112,1.4303046
37108,0.2885,0.6783,0,0,False,7.3686724,10.80164,6.067088
37111,0.9908,0.0147,1,0,True,2.330318,-1.9942843,4.9893866
37112,0.9876,0.0158,1,0,True,2.0480855,-2.2252526,5.0380855
37114,0.9991,0.0042,1,0,True,2.2125027,-1.8425194,4.8582206
37115,0.9573,0.058,1,0,True,8.637471,16.599852,6.906964
37116,0.9988,0.0013,1,0,True,4.5724635,5.2369547,2.900077
37119,0.8569,0.1431,0,0,True,2.2616088,-1.5296947,4.2011824
37120,0.958,0.0591,1,0,True,8.625066,17.90459,7.1770964
37121,0.9742,0.0134,1,0,True,5.7640715,9.416118,6.247089
37124,0.942,0.946,1,1,True,7.706087,19.663244,7.3631916
37127,0.4991,0.5068,0,0,False,5.9420505,2.6448648,2.0202131
37130,0.9997,0.0015,1,0,True,5.2252574,7.087557,4.179136
37131,0.2743,0.7332,0,0,False,7.9860916,10.388738,6.631863
37138,0.5669,0.4338,0,0,False,5.4349265,1.9936395,1.7189407
37140,0.764,0.2336,0,0,False,6.591118,3.1451864,1.5563909
37296,1.0,0.9866,1,1,True,4.267282,1.4238687,3.1732466
37300,0.0726,0.874,0,0,False,7.2991223,2.853663,3.4836464
37325,0.7178,0.5396,0,0,False,8.80561,17.184305,6.7765455
37665,0.6766,0.3231,0,0,False,6.252976,2.9828405,1.8384784
37733,0.6188,0.3809,0,0,False,6.359629,3.336145,1.3666718
37741,0.4556,0.696,0,0,False,6.3769956,8.375206,5.6050153
37954,0.9918,0.0151,1,0,True,2.0814357,-2.443902,5.1290035
37955,0.996,0.0042,1,0,True,1.8339517,-3.6143022,5.3948436
37956,0.9733,0.0349,1,0,True,1.7610297,-3.2939596,5.1626525
37957,0.9985,0.0052,1,0,True,4.7313056,1.6068432,1.8187045
37958,0.9781,0.025,1,0,True,1.7644325,-2.9545877,5.091377
37959,0.9739,0.0355,1,0,True,1.7693411,-3.3972073,5.2804794
38012,0.5297,0.4702,0,0,False,6.057803,3.2625651,2.082323
38018,0.0,1.0,0,1,False,8.189906,2.6457853,3.9134953
38062,0.3564,0.5238,0,0,False,4.909722,8.251696,6.468394
38143,0.1611,0.8388,0,0,False,7.2096505,9.576072,5.693055
38170,1.0,0.0003,1,0,False,7.5226083,3.8000884,4.4766097
38251,0.7437,0.588,0,0,False,7.8610225,19.55413,7.2447476
38416,0.6116,0.376,0,0,False,7.704253,11.257723,5.887323
38420,0.4447,0.7453,0,0,False,8.025645,9.760705,5.9746614
38432,0.5257,0.5474,0,0,False,6.579025,9.662144,6.1421056
38525,0.204,0.8633,0,0,False,6.6812115,9.369849,6.1901193
38766,0.1423,0.8579,0,0,True,8.560146,15.421238,6.681312
38767,0.0659,0.9491,0,1,True,9.089886,18.03347,6.9642906
38804,0.0173,0.9827,0,1,True,6.342661,2.7925274,1.5250503
38837,0.4168,0.5875,0,0,False,8.049784,12.158331,6.8021584
38950,0.9814,0.0211,1,0,True,2.7845004,-2.298479,5.3505826
39046,0.517,0.5819,0,0,False,6.3073635,7.689513,5.7919188
39054,0.9391,0.9072,1,1,True,6.4151883,13.990982,6.504034
39085,0.9868,0.019,1,0,True,2.5746691,-2.0608537,5.2598047
39103,0.0654,0.9945,0,1,False,5.0143714,1.3565034,2.6470451
39116,0.2594,0.7406,0,0,False,5.9188933,3.7141647,1.362123
39420,0.0115,0.63,0,0,False,7.158473,4.6605353,2.9671843
39457,1.0,0.0005,1,0,True,2.7366276,-1.0740664,4.5799503
39637,0.0166,0.8126,0,0,False,7.702054,4.195413,3.443218
39640,0.1103,0.8108,0,0,False,5.1111236,0.5521587,2.6240752
39641,0.9792,0.0104,1,0,True,3.4229002,-1.9530665,5.6924844
39681,0.9731,0.1573,1,0,False,5.379423,1.9937987,2.811564
39720,0.3787,0.3665,0,0,False,5.2731752,6.830785,5.808587
39767,0.9946,0.011,1,0,True,5.486467,15.5114155,7.508686
39804,0.0459,0.8688,0,0,False,7.1209683,3.539343,2.2349317
39838,0.4954,0.512,0,0,False,4.075704,0.99817395,1.4768066
39944,0.8971,0.0408,0,0,False,3.919305,-2.0293417,5.844123
40004,0.3668,0.6782,0,0,False,8.516842,13.504419,6.6596484
40050,0.2427,0.7839,0,0,False,7.6374464,15.285303,6.610161
40052,0.0,1.0,0,1,True,4.8776345,1.0705507,2.7134504
40053,0.0007,0.9891,0,1,True,6.9646664,4.625327,2.5907037
40057,0.0098,0.9902,0,1,True,5.647868,2.8185008,2.1443515
40058,0.0,1.0,0,1,True,5.9915056,1.4771886,2.9931316
40059,0.0554,0.949,0,1,True,4.666475,1.0677485,2.0538023
40064,0.1648,0.8447,0,0,True,1.8868725,-3.4489472,5.532083
40270,0.3687,0.8178,0,0,False,6.623686,8.55678,6.0286717
40271,0.9467,0.0904,1,0,True,7.8222003,19.160616,7.237001
40278,0.8492,0.196,0,0,False,1.7234261,-3.661592,5.3660827
40279,0.4069,0.7307,0,0,False,7.4005423,9.212958,6.2544994
40280,0.9875,0.0257,1,0,True,6.0812516,13.840842,6.723981
40281,0.0538,0.8865,0,0,False,7.391315,3.065055,3.037632
40521,0.5458,0.455,0,0,False,5.4838176,3.241778,1.291807
40522,0.7219,0.2802,0,0,False,5.4306226,1.9426504,1.4935962
40537,0.9834,0.0213,1,0,False,5.759759,2.5594518,1.6422398
40538,0.9987,0.005,1,0,True,4.341952,1.4444621,2.3398478
40539,0.9953,0.0149,1,0,True,4.591461,1.240338,1.7987599
40640,0.8782,0.1213,0,0,False,6.059609,3.394545,0.9337748
40666,0.2837,0.7146,0,0,False,6.208241,3.08723,1.5923415
40979,0.0222,0.9185,0,1,False,6.8212986,3.866824,2.447491
41459,0.7192,0.3163,0,0,False,5.6550164,3.2059166,1.6874621
41460,0.2597,0.7399,0,0,False,5.6396728,3.5754604,1.4789011
41678,0.9899,0.0102,1,0,False,4.46168,1.8115916,1.2080075
41763,0.3352,0.6653,0,0,False,6.0401525,3.399002,1.6306
41764,0.5826,0.6542,0,0,False,6.525487,4.8899903,2.4445963
41846,0.9989,0.9032,1,1,True,5.7217164,13.020111,6.6321917
41856,0.9728,0.8524,1,0,True,1.9586449,-3.3122103,5.4101048
42004,0.1899,0.235,0,0,False,5.4860787,9.312095,6.678839
42182,0.9464,0.0663,1,0,True,8.612726,17.375238,7.1384487
42478,0.8483,0.1527,0,0,False,5.5588503,2.7895148,1.3216412
42567,0.1116,0.9203,0,1,True,6.3076777,13.244745,6.435274
42631,0.2588,0.847,0,0,False,6.6828237,8.821197,6.3806095
42769,1.0,0.0,1,0,True,5.9124904,12.477599,6.500528
42770,0.9674,0.0315,1,0,True,5.9572825,8.269044,5.76153
42771,1.0,0.0909,1,0,True,6.2773533,16.576633,7.663794
42772,0.9991,0.9814,1,1,True,5.463528,7.0661306,4.1011176
42773,0.9999,0.0307,1,0,True,6.290459,15.705197,7.4010024
42774,0.9971,0.0038,1,0,True,2.2020504,-2.667175,5.325813
42775,1.0,0.0001,1,0,True,6.296683,11.250726,6.1985264
42776,0.9759,0.0285,1,0,True,2.0399313,-2.859565,5.277077
42778,0.9946,0.0172,1,0,True,2.8540606,-1.9222964,5.5459714
42779,0.9732,0.0367,1,0,True,1.9208509,-3.1817234,5.3125534
42782,0.9644,0.9757,1,1,True,8.333511,13.065174,6.6744742
42783,0.9999,0.0293,1,0,True,5.6958036,12.633363,6.6326995
42784,0.9397,0.1067,1,0,True,6.1924567,13.85145,6.6122074
42785,0.9959,0.0177,1,0,True,5.8375382,13.566711,6.7997527
42786,0.9977,0.0159,1,0,True,5.821817,13.365829,6.727163
42787,1.0,0.0904,1,0,True,6.408226,16.79339,7.681302
42788,0.9866,0.0551,1,0,True,6.5886054,14.664496,6.9899178
42789,0.9628,0.9222,1,1,True,7.9891205,18.963394,7.4176764
42882,0.261,0.7355,0,0,False,7.2678227,10.372506,7.0358534
43130,0.1902,0.8116,0,0,False,6.0129995,3.6885717,1.3329558
43240,0.4504,0.5503,0,0,False,5.7237196,4.5839434,1.4191421
43358,0.9976,0.0089,1,0,True,2.2236059,-1.9626793,4.90254
43685,0.6718,0.3221,0,0,False,4.907551,3.187624,2.0269444
43761,0.1703,0.8805,0,0,False,7.456151,2.8445215,3.1454203
43764,0.8314,0.1944,0,0,False,7.0036983,2.7300878,2.2979376
44024,0.0049,0.9941,0,1,True,6.9309473,9.2019615,5.9877577
44025,0.0052,0.9949,0,1,True,5.909393,4.109544,1.6846321
44026,0.0309,0.9695,0,1,True,7.491198,10.703738,6.8530817
44028,0.9663,0.0379,1,0,True,5.8277674,8.897708,6.3634534
44088,0.3272,0.673,0,0,False,4.695468,4.4940314,1.6932358
44128,0.9999,0.0282,1,0,True,5.604325,13.244293,6.714689
44129,1.0,0.0114,1,0,True,4.0844707,9.672199,5.661618
44130,0.9884,0.0197,1,0,True,5.5315294,15.291513,7.65057
44131,0.9991,0.0124,1,0,True,5.443983,15.975207,7.8017883
44132,0.999,0.0051,1,0,True,2.1893873,-1.7240916,4.7063246
44133,0.9734,0.0367,1,0,True,1.7902483,-3.3589551,5.285966
44134,1.0,0.0,1,0,True,5.31674,14.509668,7.2464404
44135,1.0,0.0099,1,0,True,3.9042358,9.681739,5.5238657
44136,0.9966,0.0105,1,0,True,5.5909142,15.77508,7.728824
44137,1.0,0.0027,1,0,True,5.5845146,13.091955,6.882877
44158,0.0391,0.9716,0,1,True,8.707299,13.8221,6.542023
44560,0.0018,0.999,0,1,False,11.592169,19.900623,6.6209593
44755,0.3581,0.3352,0,0,False,7.5986705,12.270112,7.243981
45101,1.0,0.0001,1,0,True,5.738373,10.861347,6.1212916
45103,0.9101,0.1889,1,0,False,5.0986958,1.4239558,2.3835084
45224,0.6724,0.3218,0,0,False,6.037382,2.4971993,1.6200507
45237,0.8139,0.4792,0,0,False,8.0510435,3.2445955,2.861256
45240,0.995,0.005,1,0,True,5.8157954,4.560862,2.009466
45370,0.5959,0.493,0,0,False,7.759819,12.394613,6.100153
45455,0.065,0.9483,0,1,False,7.931308,8.960118,5.3712893
45617,0.9725,0.0268,1,0,True,5.933635,7.126774,5.8039417
45659,0.9674,0.0486,1,0,True,7.848247,19.874052,7.478839
45661,0.1746,0.8267,0,0,False,5.774366,4.0424943,1.4737009
45764,0.1142,0.9992,0,1,False,10.004759,5.738128,4.663257
45999,0.9859,0.0205,1,0,True,2.4813328,-2.3951442,5.4058228
46014,0.4444,0.5671,0,0,False,4.253721,5.3874245,2.931339
46015,0.713,0.2852,0,0,False,5.531521,2.3096304,1.240593
46018,1.0,0.0331,1,0,True,4.885479,10.198983,5.6774955
46021,0.3848,0.6107,0,0,False,6.1033587,2.8103833,1.617191
46076,0.4316,0.3805,0,0,False,7.700733,11.843345,7.0740514
46242,0.0607,0.8818,0,0,False,7.0950236,3.6692662,2.6659842
46253,0.2059,0.7108,0,0,False,5.1556153,3.328544,1.4351056
46342,0.8045,0.2006,0,0,False,7.0105853,14.870632,6.5172396
46350,0.9792,0.0229,1,0,True,8.198514,4.0097466,2.87955
46448,0.0045,0.9973,0,1,False,10.071113,17.6025,6.4132686
46473,0.5333,0.55,0,0,False,5.9809155,7.1115794,5.244676
46608,0.0646,0.8789,0,0,False,6.2358336,4.6480336,1.8261915
46618,0.5537,0.8996,0,0,False,6.085081,5.8929358,2.46165
46619,0.3098,0.6913,0,0,False,5.634933,3.4110093,1.1860623
46771,0.5374,0.5715,0,0,False,8.684686,17.63489,7.049002
46916,0.6634,0.2286,0,0,False,7.574459,5.416007,3.7652626
46917,0.2622,0.7473,0,0,False,5.273125,4.753353,1.8176348
46920,0.2515,1.0,0,1,False,4.74932,9.10181,7.8552957
46921,0.9836,0.008,1,0,True,8.103247,5.140091,4.3972588
46922,0.9852,0.0071,1,0,True,7.9250693,5.367385,4.2259502
46923,0.9766,0.0212,1,0,True,3.0283444,-2.6153555,5.684798
46924,0.9805,0.0086,1,0,True,3.745433,-1.9507341,5.7475286
46925,0.9781,0.0121,1,0,True,3.4701028,-2.1425464,5.6658287
46926,0.9862,0.0111,1,0,True,3.137496,-2.3660712,5.5311227
46927,0.9941,0.0024,1,0,True,3.9858487,-1.7250323,5.5123143
46928,1.0,0.0003,1,0,True,7.7921343,4.422301,4.393789
46929,0.9791,0.0189,1,0,True,3.4003646,-2.2224898,5.783118
46930,0.9771,0.0219,1,0,True,3.3010962,-2.5044992,5.817661
46931,0.9794,0.0151,1,0,True,3.3189783,-2.3726447,5.7513056
46932,0.9993,0.0003,1,0,True,3.543601,-2.2225351,5.8741293
46933,0.9811,0.009,1,0,True,8.049438,5.445203,4.518576
46934,0.9812,0.0125,1,0,True,3.2937198,-2.3639593,5.6462183
46935,0.9826,0.0201,1,0,True,2.7969275,-2.733908,5.7024074
46936,0.9728,0.846,1,0,True,1.7260814,-3.639167,5.3889933
46937,0.9855,0.015,1,0,True,8.183,6.6420918,4.716836
46938,0.9805,0.0083,1,0,True,3.7980292,-1.6155025,5.7473745
46939,0.9872,0.0056,1,0,True,3.9493265,-1.7955422,5.6250544
46940,0.9785,0.0185,1,0,True,3.2643933,-2.4891126,5.7888236
46941,0.9823,0.0077,1,0,True,7.619242,5.3530583,4.4352965
46942,0.9838,0.0072,1,0,True,3.781188,-1.857758,5.668947
46943,0.9784,0.0155,1,0,True,3.8832786,-2.1354675,5.7477803
47000,0.0025,0.9982,0,1,True,6.582925,3.6190467,1.8281795
47001,0.0086,0.3819,0,0,False,6.642087,4.3463635,2.4301636
47049,0.4974,0.5,0,0,False,6.0617213,2.705537,1.4540901
47501,1.0,0.0304,1,0,True,4.96056,10.127268,5.7142053
47502,1.0,0.0236,1,0,True,4.1503267,9.770833,5.541248
47503,1.0,0.9916,1,1,True,6.4011703,11.810516,6.03976
47504,0.9932,0.0147,1,0,True,2.1166198,-2.0507824,5.236709
47505,0.981,0.0238,1,0,True,2.002226,-3.0688806,5.3738494
47506,1.0,0.0001,1,0,True,3.76725,-1.1064115,5.1081266
47507,1.0,0.013,1,0,True,3.857129,9.484693,5.4554524
47508,0.9935,0.013,1,0,True,2.0695393,-2.615048,5.225468
47509,0.9784,0.0251,1,0,True,2.323915,-2.8495393,5.430453
47510,0.9828,0.0388,1,0,True,6.269601,14.225419,6.6910076
47511,0.9974,0.0144,1,0,True,2.4785151,-1.5019646,4.888378
47512,1.0,0.8147,1,0,True,4.723247,9.932509,5.7004557
47513,1.0,0.0006,1,0,True,6.0596976,11.473984,6.22428
47514,1.0,0.0003,1,0,True,5.2649417,10.388787,5.996756
47515,1.0,0.0901,1,0,True,6.2237954,16.643812,7.7515283
47516,1.0,0.0326,1,0,True,4.7162523,9.935995,5.643549
47669,0.0353,0.8974,0,0,False,6.6280365,3.982375,2.5476055
47680,0.3583,0.6399,0,0,False,5.945906,3.0769382,1.3510004
47681,0.9518,0.0721,1,0,False,5.546222,15.84964,7.7883463
47736,0.3945,0.6693,0,0,False,8.550641,13.049202,6.498158
47740,0.3491,0.8149,0,0,False,7.931336,10.350967,5.98646
47900,0.6794,0.3187,0,0,False,5.7964225,3.6482441,1.0387468
47901,0.8209,0.1844,0,0,False,8.148439,3.6297925,2.717483
47903,0.3932,0.6028,0,0,False,5.1622376,2.9152968,1.8722126
47929,0.1771,0.9813,0,1,False,9.187874,7.190037,4.8363056
47985,0.9734,0.0354,1,0,False,5.745966,2.1032364,1.7567472
48540,0.0923,0.0176,0,0,True,2.8649638,-2.5800035,5.5172143
48542,0.1157,0.0123,0,0,True,3.1733124,-1.9445612,5.4615197
48543,0.0233,0.9788,0,1,True,8.239499,12.429255,6.6507497
48544,0.0458,0.9324,0,1,False,6.963899,4.0469627,2.306971
49267,0.252,0.7399,0,0,False,6.154098,3.5744715,1.4478925
49964,0.3706,0.9978,0,1,False,9.185191,5.519779,3.9905431
50290,0.235,0.5678,0,0,False,9.018469,9.492414,5.4586515
50292,0.0015,0.993,0,1,True,8.056574,4.787204,3.192046
50294,0.0055,0.3926,0,0,False,7.317808,4.062205,2.8895912
50713,0.52,0.479,0,0,False,5.554096,3.6554122,1.3016957
50948,0.2854,0.7181,0,0,False,3.7120252,1.1833103,3.2414567
51033,0.9797,0.0169,1,0,True,7.416793,12.410869,6.9900374
51313,1.0,0.0,1,0,False,5.5191255,2.8681083,3.433196
51330,0.6232,0.3791,0,0,False,5.334414,2.3319201,1.3858281
51354,0.9474,0.0527,1,0,False,5.6299176,3.9648664,1.7475601
51369,0.0001,1.0,0,1,False,4.970886,1.4423821,2.5044007
51677,1.0,0.8269,1,0,False,6.6313815,12.251931,6.225361
51680,0.3849,0.7624,0,0,False,6.487906,8.427395,5.847165
52135,0.5079,0.4735,0,0,False,5.592445,2.6451356,1.2098727
52274,0.9922,0.3357,1,0,False,7.1873775,6.860852,4.735488
52275,0.9995,0.0002,1,0,True,7.787842,5.540908,4.311684
52280,0.1342,0.8907,0,0,False,5.8318963,3.6582458,1.5846972
52979,0.9803,0.0195,1,0,False,5.21736,2.82762,1.2468531
52996,0.6463,0.3274,0,0,False,2.3216488,1.2829589,2.7339106
53010,0.0017,0.999,0,1,False,11.683736,20.027433,6.7182846
53181,0.2986,0.6963,0,0,False,6.1515083,2.801947,1.4762667
53182,0.9737,0.7221,1,0,False,4.2226553,1.5782297,2.5790038
53193,0.8368,0.0837,0,0,False,7.606568,4.507893,3.831199
53258,0.9915,0.0083,1,0,True,4.945028,2.5507846,1.0904013
53260,0.0026,0.9985,0,1,False,10.465523,18.787771,6.7110486
53954,0.0895,0.8897,0,0,False,6.8603697,8.609755,5.7687345
53988,0.0034,0.86,0,0,False,4.9935026,1.31939,3.4966276
54289,0.6729,0.3123,0,0,False,6.0362644,2.8710592,1.2367773
54290,0.0138,0.9889,0,1,True,7.5350566,6.3271847,4.4225807
54315,0.0201,0.9828,0,1,True,8.416352,12.986748,6.6616507
55216,0.0027,0.9984,0,1,False,10.278266,18.127481,6.549504
55744,0.9062,0.1002,1,0,False,8.588987,6.9305735,4.4897804
55884,0.9973,0.003,1,0,False,7.634318,3.2095456,3.0398557
55951,0.224,0.5291,0,0,False,7.8050447,9.74718,5.9066377
56144,0.2159,0.9073,0,1,False,5.7241554,5.7672114,4.0638947
56879,0.0421,0.9674,0,1,False,7.543128,3.3988674,3.0348003
56947,1.0,0.469,1,0,False,6.131844,11.933499,5.9355707
57477,0.8708,0.1282,0,0,False,4.9981065,1.8275152,1.9954385
57482,0.0897,0.9485,0,1,True,7.761476,19.84837,7.296827
57483,0.0272,0.9705,0,1,True,8.501343,13.876879,6.7542944
57579,0.9792,0.9979,1,1,True,8.3893585,4.468586,3.6484587
57667,0.9654,0.9621,1,1,True,8.664586,16.95792,7.041181
58094,0.1762,0.933,0,1,False,7.406713,6.5701184,4.048519
58103,0.2202,0.7764,0,0,False,6.506551,3.4209476,1.3947421
58535,0.8763,0.3724,0,0,False,8.328913,18.984911,7.446875
59241,0.256,0.6473,0,0,False,5.879923,4.0929155,1.5799701
59300,0.0255,0.9785,0,1,True,8.432837,12.915316,6.5210004
59301,0.0021,0.99,0,1,True,7.6187897,3.9552789,3.9969265
59302,0.0054,0.9923,0,1,True,7.28401,8.442884,5.47913
59303,0.1081,0.8879,0,0,True,3.1772351,-2.0536149,5.5776596
59304,0.3646,0.7248,0,0,False,7.7930584,9.614363,5.900285
59305,0.0005,0.0263,0,0,True,7.00017,4.666715,2.8147178
59376,1.0,0.0,1,0,False,5.7507615,3.0735552,4.1274514
59380,0.5033,0.7521,0,0,False,6.289348,8.245779,5.8844447
59504,0.3457,0.6262,0,0,False,5.8748527,7.8163595,6.2712336
59563,0.0039,0.9902,0,1,True,7.102496,8.944669,5.96478
59749,0.0468,0.9637,0,1,False,7.6751976,3.0790234,3.3751013
59817,0.3962,0.6029,0,0,False,4.7214003,2.3487394,1.3476424
60714,0.2966,0.7942,0,0,False,6.7598286,8.564166,5.824345
60875,0.0216,0.985,0,1,True,9.039491,16.556482,6.6481075
60876,0.0456,0.9664,0,1,True,8.721745,14.117363,6.797137
60877,0.0138,0.9751,0,1,True,8.174834,10.819176,5.775634
60879,0.0165,0.3722,0,0,False,6.7294183,4.4110928,2.7106137
62059,0.413,0.6176,0,0,False,6.0246973,8.068579,6.219247
62099,0.8977,0.4286,0,0,False,4.02963,1.7622926,1.9872581
62352,0.0,1.0,0,1,False,6.311105,2.4929328,3.9509485
64003,0.3053,0.7283,0,0,False,6.2860355,2.3912277,2.5240104
64141,0.1487,0.8565,0,0,True,5.657764,15.3146715,7.337539
64279,0.9235,0.0817,1,0,False,4.8933425,2.0291831,1.4019719
64280,0.0188,0.9907,0,1,True,8.282321,11.859266,6.666735
64282,0.9143,0.1818,1,0,False,5.537757,7.3587217,5.5504713
64283,0.2263,0.7536,0,0,False,7.834439,10.887825,6.761978
64285,0.0053,0.997,0,1,True,6.119474,4.025878,1.7044908
64286,0.0909,0.9466,0,1,True,7.607835,19.760387,7.3246665
64290,0.0413,0.9781,0,1,True,8.00568,11.241263,6.684692
64292,0.013,0.0362,0,0,True,7.5716624,10.508575,6.615933
64293,0.0348,0.9759,0,1,True,8.53062,16.739552,6.8375096
64294,0.466,0.6241,0,0,False,6.1792073,9.020482,6.6112275
64295,0.3899,0.5986,0,0,False,8.040728,12.6960745,6.707537
64296,0.3746,0.5894,0,0,False,8.348832,11.982875,6.587133
64297,0.279,0.7847,0,0,False,7.4269004,10.511993,6.930749
64299,0.1958,0.8426,0,0,False,7.6926866,10.210834,6.836056
64300,0.0239,0.9804,0,1,True,8.24399,13.247802,6.6838346
64303,0.0152,0.9868,0,1,True,6.323712,7.583542,5.2127113
64305,0.018,0.9832,0,1,True,7.766863,10.711992,6.8013077
64307,0.8036,0.5375,0,0,False,8.60508,14.308104,6.6864247
64311,0.0146,0.056,0,0,True,8.757047,15.37283,6.7595463
64312,0.0104,0.9892,0,1,True,6.099792,3.2581048,1.5498899
64315,0.0057,0.9909,0,1,True,6.8125496,8.453627,5.9185505
64317,0.0755,0.9061,0,1,False,7.6080737,9.269822,5.97466
64318,0.0152,0.9851,0,1,True,8.142379,11.156419,6.092709
64320,0.9732,0.9194,1,1,True,8.025133,19.320236,7.4301157
64894,0.3793,0.6731,0,0,False,8.473883,13.202109,6.7267227
64958,0.191,0.8724,0,0,False,6.0364046,3.6858697,1.566116
65467,0.4559,0.4415,0,0,False,4.7963696,7.494028,6.0392547
66200,0.1369,0.7844,0,0,False,6.742951,9.330209,6.3081207
66284,0.1001,0.8999,0,0,False,7.8643007,2.4752069,3.1960819
66711,0.0,0.0,0,0,False,11.246114,-6.229118,0.22372316
66834,0.8319,0.1625,0,0,False,5.1201696,2.3317795,1.1597421
67082,0.4119,0.4378,0,0,False,4.5231586,8.644055,6.637844
67603,0.112,0.9128,0,1,False,6.937928,4.5889354,2.443726
67605,0.0155,0.5234,0,0,False,3.6027722,0.9265938,3.025424
67754,0.9991,0.001,1,0,False,6.1316347,11.893035,6.7531295
67761,0.1591,0.7602,0,0,False,4.8990464,4.5785947,1.8905473
67762,0.002,0.9988,0,1,False,11.103812,19.342457,6.58343
68033,0.3986,0.658,0,0,False,8.518055,12.184003,6.5351496
68347,0.8882,0.1306,0,0,False,4.230105,1.611458,1.7030542
68402,0.8212,0.1765,0,0,False,2.7220817,-2.7852428,5.6265907
68416,0.5552,0.8798,0,0,False,8.193757,18.332642,7.0306506
68558,0.9919,0.0158,1,0,True,8.762006,5.997096,4.4682727
68876,0.9372,0.0771,1,0,False,5.23962,7.5843506,4.9216714
68887,0.9809,0.9129,1,1,True,9.801155,15.416946,6.996688
69576,0.2193,0.4925,0,0,False,5.5916963,2.7979593,0.9454854
69609,0.3033,0.6804,0,0,False,1.4968091,0.35252535,3.2981925
70177,0.2056,0.6419,0,0,False,5.672886,2.9945896,1.5556552
70203,0.412,0.5436,0,0,False,5.295879,2.3514495,1.0448743
70600,0.5475,0.4138,0,0,False,5.4778547,2.7623143,1.1657268
70793,0.3065,0.5604,0,0,False,6.2278357,3.899949,1.2299285
70822,0.3826,0.6356,0,0,False,8.292156,12.093447,6.326332
70823,0.0068,0.9977,0,1,False,6.443661,2.677097,2.8551002
71030,0.0526,0.9729,0,1,False,7.0502086,3.0590537,2.5116606
71032,0.2822,0.6318,0,0,False,7.5182557,10.012895,6.4651084
72003,0.7454,0.2506,0,0,False,5.2977915,1.9331914,1.3653365
72149,0.956,0.9582,1,1,True,8.463205,8.623846,5.1289754
72197,0.9949,0.005,1,0,True,5.2027364,2.4265447,1.1638515
72201,0.5225,0.602,0,0,False,5.6452737,8.217833,6.243548
72539,0.1146,0.9631,0,1,False,7.109627,6.1174855,4.31978
72750,0.1612,0.7273,0,0,False,5.9286947,3.1471062,2.6501508
73034,0.0898,0.9409,0,1,True,6.399364,13.411482,6.418583
73036,0.0048,0.9982,0,1,True,7.4857807,16.993643,6.745336
73422,0.4187,0.5535,0,0,False,5.0073524,1.7991297,1.2250375
73423,0.3731,0.4333,0,0,False,5.78786,5.1585536,3.256415
73494,0.9982,0.1105,1,0,False,7.191836,12.446875,6.0200386
73497,0.9991,0.9886,1,1,False,7.7302628,5.388357,3.8444402
73498,0.2467,0.8869,0,0,False,8.841901,3.8620439,3.4511254
73561,0.3541,0.6169,0,0,False,2.8137128,0.68198204,3.3003652
73819,0.022,0.8616,0,0,False,6.639287,2.9303372,2.6950123
74320,0.2818,0.5576,0,0,False,5.4107018,3.4768233,0.91878843
74501,0.8058,0.0618,0,0,False,4.7911725,6.035863,5.185542
74561,0.9723,0.037,1,0,True,1.907827,-3.7296917,5.5569324
74660,0.023,0.6344,0,0,False,6.9825892,4.1818047,2.2893424
75320,0.4961,0.4724,0,0,False,4.949168,2.1488762,1.357067
75387,0.7955,0.9909,0,1,False,4.382691,6.307554,4.846054
75590,0.1881,0.798,0,0,False,4.2273545,1.3895636,2.064758
75888,0.0829,0.9107,0,1,False,4.314241,1.098211,3.3391585
75914,0.0116,0.9732,0,1,False,5.788149,2.878684,1.2556729
77048,0.3682,0.6746,0,0,False,8.437398,12.69296,6.6753483
77344,0.2913,0.6387,0,0,False,7.099759,5.6232386,3.2133377
77698,0.0433,0.9427,0,1,False,3.4696527,0.9827957,3.2227972
77763,0.0062,0.9943,0,1,True,3.4784782,0.9201107,2.8394775
77775,0.6859,0.8638,0,0,False,4.80978,5.8219604,5.05332
77856,0.7638,0.3663,0,0,False,8.272053,17.643744,6.930874
78219,0.7358,0.2628,0,0,False,5.8245153,3.0546403,2.6799023
78395,0.143,0.7537,0,0,False,7.629072,8.746359,5.2126966
78522,0.6745,0.3235,0,0,False,4.4020033,1.5039964,1.6994715
78540,0.0899,0.7916,0,0,False,7.2894764,8.251386,5.4011173
79450,0.7883,0.2429,0,0,False,6.9832163,14.129024,6.3787165
79691,0.9726,0.0362,1,0,True,1.7064538,-3.5640528,5.3015423
79700,0.3739,0.9883,0,1,False,9.606119,6.279848,4.574259
79889,0.9926,0.0092,1,0,False,8.8567295,4.5563483,3.8612118
79891,0.9366,0.979,1,1,False,10.226414,4.7960157,4.0089436
79899,0.0083,0.0219,0,0,True,5.849954,3.4426272,2.2763574
79917,0.4461,0.5781,0,0,False,7.02501,9.943439,6.9203234
80341,0.834,0.2949,0,0,False,9.505515,4.734353,3.8301806
80366,0.8362,0.1605,0,0,False,5.277673,2.2827308,1.1298952
81877,0.6463,0.8496,0,0,False,4.8711224,6.7230616,3.6991818
81931,0.5364,0.4045,0,0,False,5.5997887,3.0875547,0.91397303
82300,0.9088,0.0915,1,0,True,8.014679,7.278973,4.584258
82639,0.9938,0.0139,1,0,True,2.3932679,-2.3287628,5.283635
82676,0.8109,0.1791,0,0,False,5.342571,3.3128467,0.87952626
83191,0.4436,0.0484,0,0,False,4.977894,9.669287,6.8237085
83201,0.4753,0.4246,0,0,False,6.124535,3.1772065,1.3768579
83440,0.5491,0.9819,0,1,False,7.997972,4.1874247,3.352394
83839,0.002,0.9988,0,1,False,11.1664505,19.449196,6.402138
84272,0.1061,0.0838,0,0,True,7.945406,19.567516,7.456689
84589,0.0634,0.9014,0,1,False,7.6429214,8.732631,5.4950843
84739,0.9787,0.9528,1,1,False,9.197248,15.222184,6.6827717
85106,0.9999,0.9972,1,1,True,8.4529915,5.266642,3.7378328
85454,0.0769,0.87,0,0,False,6.8737907,9.471876,6.209101
85618,0.6656,0.2797,0,0,False,5.540862,2.945436,1.3086338
85652,0.0734,0.5414,0,0,False,7.264967,3.9892347,2.68626
85655,0.5289,0.9867,0,1,False,8.726977,5.9536076,4.4751263
85708,0.085,0.9788,0,1,True,7.411164,18.713547,6.929161
85753,0.0022,0.9987,0,1,False,11.239715,19.360693,6.3583713
86107,0.9631,0.0723,1,0,True,7.531883,19.323889,7.1603236
86782,0.0056,0.9947,0,1,True,4.316715,6.8534403,5.6463737
87097,0.3823,0.505,0,0,False,5.2797947,8.312581,6.1463327
88059,0.957,0.0622,1,0,True,8.337103,17.446478,6.9639673
88387,0.8491,0.1489,0,0,False,4.7345114,2.2829118,1.146425
88388,0.6761,0.9459,0,1,False,4.149574,0.7498661,2.147038
88389,0.3748,0.6128,0,0,False,4.357474,1.764223,1.7620007
88870,0.9828,0.02,1,0,False,9.603945,3.8723679,3.6373103
89463,0.5175,0.4551,0,0,False,5.07163,2.4036658,1.2189517
89623,0.5005,0.6157,0,0,False,8.113728,11.340633,6.5503
90371,0.0,1.0,0,1,False,7.827392,2.2216218,3.7204692
90961,0.0005,0.9976,0,1,True,5.5669484,3.1863434,1.3454688
90963,0.3379,0.571,0,0,False,4.9907284,2.5278726,0.8960527
91613,0.6474,0.2317,0,0,False,5.792067,9.014902,6.9946475
91753,0.2148,0.9334,0,1,False,6.038317,4.0207486,1.8766626
92129,0.4506,0.5858,0,0,False,5.766359,7.687482,5.853976
92444,0.7949,0.932,0,1,False,4.6590343,7.1298985,4.810535
92521,0.4761,0.4296,0,0,False,5.28608,2.9268773,1.0341861
92652,0.9691,0.0032,1,0,False,5.6916876,6.4334407,2.9763198
92963,0.0021,0.9987,0,1,False,11.33625,19.293709,6.6867967
93224,0.9878,0.9689,1,1,False,3.89828,1.0715331,2.2405903
93386,0.9977,0.9952,1,1,False,9.119838,14.340118,6.55583
93465,0.0059,0.334,0,0,False,7.2411704,4.037991,2.9090781
93678,1.0,0.9545,1,1,True,9.998282,16.474472,2.2727075
93830,0.0056,0.007,0,0,True,7.184315,11.777613,7.458774
94290,0.2766,0.9306,0,1,False,6.4599485,4.3035216,1.8453748
95340,1.0,0.8045,1,0,True,7.2436185,24.780754,7.690358
95342,0.9996,0.9928,1,1,True,6.315574,5.712629,3.7744114
96029,0.4178,0.8822,0,0,False,6.5354843,4.21621,1.9524363
96054,0.2123,0.8632,0,0,False,9.375141,16.987923,6.5719624
96491,0.0049,0.3119,0,0,False,6.826697,4.065388,2.3560367
97081,0.0,0.0,0,0,False,5.984743,-2.5518007,0.45369986
97195,0.917,0.2223,1,0,False,5.3189216,8.614033,5.66559
97344,0.0127,0.9761,0,1,False,4.92754,2.207017,1.5152855
98383,0.9673,0.3131,1,0,False,4.9365187,1.3051043,2.4012764
99000,0.0,1.0,0,1,True,3.6315298,1.0920006,2.773747
99179,0.0185,0.9635,0,1,False,5.0798936,2.0443916,1.2521112
99287,0.036,0.964,0,1,False,7.337584,2.4825294,2.830226
99565,0.9945,0.0133,1,0,True,6.0072246,6.22486,4.184808
99585,0.3439,0.4668,0,0,False,5.5267916,4.154806,1.3012791
99930,0.0334,0.8064,0,0,False,7.1087084,2.821057,2.7500196
100217,0.9525,0.9094,1,1,False,9.194415,15.028059,6.724434
100220,0.1823,0.6681,0,0,False,8.111586,10.355022,6.3162813
100755,0.0027,0.9984,0,1,False,10.375179,18.2922,6.596559
100785,0.7174,0.4454,0,0,False,6.721976,14.120214,6.4466195
100887,0.423,0.5724,0,0,False,5.288908,1.5853382,1.8138809
101570,0.9986,0.9912,1,1,False,6.263607,3.9125834,2.8427625
101764,0.3277,0.5735,0,0,False,6.191711,3.7143536,1.5994508
101850,0.122,0.5936,0,0,False,5.8211036,3.2840827,1.1690478
102793,0.0909,0.9749,0,1,True,7.3164043,18.860085,6.8860707
102796,0.0654,0.9818,0,1,True,7.2064724,18.287235,6.818025
102800,0.078,0.9806,0,1,True,7.1918054,18.70824,6.8771935
102801,0.0693,0.982,0,1,True,7.181671,18.411873,6.83235
103371,0.0002,0.9997,0,1,False,6.967074,2.6854956,2.860151
103603,0.2183,0.5416,0,0,False,5.5934534,3.7881393,1.6342714
103722,0.0153,0.9954,0,1,False,7.439494,3.3528526,3.2432904
103723,0.0012,0.9988,0,1,False,7.1589336,2.8064504,3.2021852
103782,0.0081,0.9919,0,1,False,7.0369153,2.2533052,3.1954722
103807,0.4592,0.7554,0,0,False,5.8288646,4.68504,2.155247
103881,0.1462,0.838,0,0,False,4.0262218,1.3700919,2.852217
104263,0.3893,0.6299,0,0,False,5.8679028,3.7561195,1.5743918
104388,0.3796,0.7492,0,0,False,6.35486,3.5148575,1.3652279
104580,0.0028,0.9007,0,1,True,3.5343182,1.0059502,2.9525836
104581,0.0,1.0,0,1,False,7.874133,2.5984058,3.9019108
104637,0.6284,0.8508,0,0,False,5.743383,3.9435294,1.3662326
104664,0.5193,0.5966,0,0,False,6.6343746,8.666018,6.0095897
105154,0.985,0.9212,1,1,False,4.8927417,2.1669629,2.1938603
106331,0.1698,0.6515,0,0,False,5.5466604,2.8222022,1.6026548
106332,0.1805,0.8124,0,0,False,7.833526,8.533007,5.1148777
106820,0.9927,0.1016,1,0,True,7.9883056,16.368214,6.788514
106821,1.0,0.0594,1,0,True,6.9933877,19.133684,6.746437
106962,0.1304,0.5828,0,0,False,7.3246336,8.785634,5.504885
106966,0.1237,0.8827,0,0,True,5.804755,15.815238,7.5643535
107324,0.6454,0.3278,0,0,False,2.961005,0.79354054,2.5720277
107462,0.9792,0.0098,1,0,True,3.525835,-1.5994385,5.687184
108098,0.9588,0.9177,1,1,True,8.154525,19.542074,7.5680723
109270,0.2852,0.4311,0,0,False,8.184332,13.638295,6.807023
109981,0.7685,0.3688,0,0,False,6.2229977,10.804681,6.8835487
110457,0.3886,0.7166,0,0,False,5.841236,3.3195035,2.3250937
111167,0.0098,0.9737,0,1,False,5.1195235,2.3749194,1.2724785
111418,0.1121,0.6668,0,0,False,5.8576846,3.7419534,1.1421132
111469,0.7727,0.1844,0,0,False,5.7471943,7.4155765,5.5890265
111470,0.465,0.7116,0,0,False,8.256129,11.044128,6.249561
111874,0.004,0.9908,0,1,False,5.2400203,2.413027,1.8502371
111970,0.0364,0.9389,0,1,False,5.327948,2.1725903,1.8297004
112227,0.5283,0.5801,0,0,False,7.372424,9.774072,6.277832
112228,0.3943,0.609,0,0,False,7.714428,7.5306654,4.778927
112229,0.3751,0.5215,0,0,False,5.4450154,3.8180747,1.9040041
112436,0.5382,0.816,0,0,False,4.3772807,6.4312654,3.7425294
112437,0.4256,0.9263,0,1,False,6.450846,4.64473,2.1681392
113370,0.3116,0.7085,0,0,False,7.299744,3.0755613,2.391179
113553,0.7062,0.9104,0,1,False,7.216839,2.9643872,2.522205
114102,0.0946,0.7757,0,0,False,5.6022944,2.6145375,1.5832616
114416,0.4881,0.5498,0,0,False,4.315705,1.8546448,1.7325319
114424,1.0,0.9651,1,1,False,2.785633,-1.8243942,4.6883693
114429,0.151,0.3927,0,0,False,4.9471784,3.9907732,1.4730453
114430,0.9948,0.9265,1,1,False,3.7534897,1.36844,2.3254762
114654,0.0066,0.0223,0,0,True,8.259612,9.693713,5.693082
114727,0.9603,0.9461,1,1,True,7.367882,19.38025,7.073159
114728,0.9323,0.9769,1,1,True,7.3549905,18.879673,6.8769517
114729,0.9043,0.9802,1,1,True,7.192005,18.428383,6.8068867
114777,0.1552,0.9708,0,1,False,9.308333,7.8597345,4.9300337
114871,0.0364,0.9535,0,1,False,4.5739236,1.857562,2.0983875
114921,0.2338,0.8615,0,0,False,5.4872127,4.6423755,2.0647979
114922,0.5852,0.1695,0,0,False,5.5668225,9.368924,6.760482
115992,0.0288,0.9417,0,1,False,5.315535,2.9272723,0.80862457
116056,0.7889,0.9298,0,1,False,5.850227,4.2898808,2.6233177
118027,0.0001,0.9999,0,1,True,6.7866125,2.8316636,3.5257049
118140,0.4655,0.6763,0,0,False,6.1107736,7.9814916,6.278541
119210,0.892,0.9806,0,1,True,7.246393,18.475151,6.837884
119214,0.078,0.9683,0,1,True,7.501085,19.48606,7.106398
119215,0.0734,0.9809,0,1,True,7.2049584,18.539877,6.8392806
119218,0.9301,0.9885,1,1,True,7.7916803,18.301659,6.9370227
119222,0.5672,0.2082,0,0,False,5.2910705,6.6481094,5.3709044
119910,0.3383,0.2933,0,0,False,6.527842,4.4077063,2.510743
120168,0.002,0.9988,0,1,False,11.444771,19.554085,6.6188445
120381,0.9437,0.0528,1,0,True,7.2719245,10.526014,6.48129
120499,0.4638,0.5734,0,0,False,6.4699874,9.631253,6.9286313
120574,0.4737,0.4506,0,0,False,4.795806,8.002458,6.0481257
120686,0.9714,0.0445,1,0,True,6.7676845,10.200568,6.624396
122928,0.9656,0.9546,1,1,True,8.221748,11.142151,6.7074075
122929,0.9923,0.9478,1,1,True,7.4612007,13.045831,6.460168
123630,1.0,0.1533,1,0,False,9.591858,16.208727,2.478071
123735,0.0026,0.9985,0,1,False,10.364405,18.52965,6.6497
123738,1.0,0.09,1,0,True,6.2769666,16.67176,7.751873
125788,0.0181,0.9479,0,1,False,4.916442,3.1803143,1.3906776
126070,0.7141,0.7312,0,0,False,7.4248376,18.85979,6.9414096
126989,0.2332,0.7213,0,0,False,7.777652,3.347034,2.7910855
127441,0.207,0.793,0,0,False,7.0861473,6.3752284,3.7512329
127507,0.001,0.0417,0,0,False,6.740196,3.8977742,4.0684423
127508,0.001,0.0414,0,0,False,6.7425275,3.8372257,4.213381
127509,0.0009,0.0412,0,0,False,6.6231565,3.9657006,4.085652
127511,0.0009,0.0413,0,0,False,6.809541,3.7843497,4.244642
128708,0.0137,0.971,0,1,False,5.086139,2.701703,0.68558663
128710,0.7209,0.1913,0,0,False,6.3921876,8.506814,5.485221
128818,0.0367,0.8937,0,0,False,5.36436,3.2276804,0.9847531
128941,0.0023,0.9987,0,1,False,11.120678,19.286596,6.419215
128975,0.115,0.7715,0,0,False,6.650721,3.5970855,2.09081
129009,0.0116,0.9773,0,1,False,4.7224035,1.718276,1.462932
129141,0.013,0.9747,0,1,False,4.436127,2.1186752,1.2674931
129143,0.3972,0.516,0,0,False,5.264875,8.303971,6.5451875
129395,0.017,0.9167,0,1,False,6.927851,3.8489745,2.0171268
129724,0.9287,0.0715,1,0,True,8.530131,15.135647,6.7320056
129726,0.0152,0.9979,0,1,True,8.842965,5.876487,4.567212
129727,0.0078,0.9935,0,1,True,10.065908,4.1846247,4.252789
129732,0.3343,0.2617,0,0,False,7.656148,11.500393,7.0554304
129861,0.9509,0.0803,1,0,False,4.00398,1.6075604,1.733061
129862,0.4171,0.7259,0,0,False,6.429619,3.6868033,1.3061422
129875,0.9919,0.943,1,1,True,8.467761,14.553633,6.6687546
129950,0.2286,0.7721,0,0,False,7.386961,3.308754,2.3273263
129951,0.9622,0.9327,1,1,True,7.918782,19.875494,7.80516
129953,0.5678,0.9223,0,1,False,6.30859,4.2911463,1.3204637
129956,0.8903,0.1344,0,0,False,6.414698,5.6168456,2.8914065
130308,0.9468,0.9864,1,1,True,8.791015,15.806475,6.5878654
130309,0.976,0.9918,1,1,True,5.7681975,4.663753,1.499255
130310,0.9853,0.8973,1,0,True,8.4858,19.073093,7.598143
130328,0.032,0.9309,0,1,False,5.3274446,2.9033823,0.9641226
130499,0.0214,0.9391,0,1,False,4.528145,1.8819383,1.6934001
130556,0.0008,0.9981,0,1,False,6.783483,2.554864,2.6290636
131082,0.8427,0.9396,0,1,False,5.601832,5.570632,2.1856194
131083,0.6088,0.7818,0,0,False,5.8889856,4.3588486,1.7745887
131226,0.0237,0.9688,0,1,False,4.3576975,2.1862297,1.8546234
132475,0.0932,0.9068,0,1,True,2.2597737,-1.4216694,4.2328253
132477,0.1141,0.845,0,0,False,5.8927474,3.4798524,1.7900664
132484,0.9531,0.0586,1,0,True,8.215661,14.197578,6.7013516
133704,0.0085,0.9938,0,1,True,8.4721575,14.86913,6.75622
133789,0.3487,0.419,0,0,False,6.61871,7.969234,5.74918
134386,0.0,0.0,0,0,False,11.104773,20.682346,3.2020977
134394,0.0212,0.9781,0,1,False,5.5222654,2.635448,1.9631224
134554,0.8062,0.9579,0,1,False,7.7748947,3.9203663,2.7375321
134632,0.0004,0.9996,0,1,False,6.288357,2.2664258,3.6021912
136966,0.1521,0.0349,0,0,True,2.0868094,-3.223501,5.463533
137443,0.9987,0.9959,1,1,False,9.117571,14.767359,6.548594
137475,0.2683,0.61,0,0,False,4.9917517,3.9863608,1.3359135
137556,0.7115,0.9069,0,1,False,6.665357,4.2751484,2.333563
137758,0.009,0.9811,0,1,False,4.4624867,2.019847,1.4040009
138184,0.9963,0.8845,1,0,False,7.1624436,6.2832403,4.043545
138948,1.0,0.8947,1,0,True,6.295276,16.67264,7.7392507
138949,1.0,0.8947,1,0,True,6.178897,16.556074,7.7454476
138950,0.9434,0.9518,1,1,True,7.5832953,19.56048,7.2719865
138951,1.0,0.8978,1,0,True,6.0044775,16.207708,7.6135063
138982,0.072,0.8382,0,0,False,5.242974,2.9800289,0.9998888
139870,0.9988,0.9982,1,1,False,3.7090364,1.0609872,2.7067232
139871,0.0956,0.8936,0,0,False,3.7107875,1.1488625,1.8438545
139872,0.1371,0.8651,0,0,False,4.32375,1.6166438,1.5957754
141860,0.0472,0.8697,0,0,False,6.7777424,2.7546866,2.2766337
142102,0.6662,0.3621,0,0,False,6.5698657,7.7385087,5.101129
142661,0.1261,0.9315,0,1,False,9.462711,16.663717,6.3773975
142843,0.0551,0.9292,0,1,False,5.634446,2.9350622,1.7957886
145390,0.9999,0.4623,1,0,False,6.2448463,16.612919,7.722651
145579,0.466,0.2385,0,0,False,7.125224,8.404594,5.582937
145856,0.9956,0.9999,1,1,True,4.6846466,1.8846066,3.2758696
146015,0.4474,0.6993,0,0,False,8.0855875,11.598755,6.2303524
146032,0.1657,0.8964,0,0,False,9.240983,16.892996,6.6362257
146073,0.222,0.8183,0,0,False,7.0247736,7.0153384,4.6781735
146269,0.0157,0.9708,0,1,False,4.9653134,1.9711475,1.3742428
146499,0.5427,0.8894,0,0,False,6.279535,3.498415,1.5808792
146500,0.0299,0.1427,0,0,False,5.5366087,9.106828,7.14852
146762,0.2777,0.8662,0,0,False,6.3123546,3.5204449,1.5652322
147672,0.9897,0.0147,1,0,True,5.5221434,15.7519,7.7642984
147673,0.9977,0.0113,1,0,True,5.437689,14.945207,7.582873
147674,0.9975,0.0106,1,0,True,5.417505,15.837867,7.825481
147675,0.9955,0.0108,1,0,True,5.507319,15.784725,7.6361933
147676,1.0,0.0001,1,0,True,4.874527,11.241089,6.3501554
147677,1.0,0.0058,1,0,True,5.5790505,13.188901,6.9591293
147678,1.0,0.0,1,0,True,5.4840765,14.219963,7.325824
147679,0.9996,0.0026,1,0,True,5.4741516,14.6084385,7.4714108
147680,1.0,0.0007,1,0,True,5.2692413,12.435806,6.676856
147681,0.9419,0.0899,1,0,True,7.730599,19.107674,7.50631
147683,1.0,0.0,1,0,True,5.809999,13.884702,7.2444754
147684,0.9731,0.0367,1,0,True,1.7375907,-3.7191226,5.142974
147685,0.9995,0.0137,1,0,True,5.6908092,16.535118,7.828112
147711,0.997,0.0103,1,0,True,5.526733,16.12649,7.925378
147712,0.9999,0.0008,1,0,True,5.479876,14.865668,7.526924
147714,1.0,0.0243,1,0,True,4.2115707,9.238506,5.791612
148363,1.0,0.0,1,0,False,5.484856,2.8072646,3.4391146
148879,0.9155,0.0847,1,0,False,4.557058,2.6129003,1.5295933
148880,0.0003,0.9996,0,1,False,7.012767,2.3726013,3.2019625
148943,0.0654,0.9519,0,1,False,5.586699,2.8470328,1.4241208
150284,0.3884,0.7132,0,0,False,5.83667,8.131432,6.033775
150285,0.9409,0.1722,1,0,False,6.7743726,5.0841928,2.8691726
150286,0.7444,0.2534,0,0,False,5.859533,7.035252,5.5857644
150546,0.972,0.0247,1,0,True,7.5853133,11.520872,6.341364
150904,0.9816,0.0243,1,0,True,1.7895398,-3.1269505,5.1882863
151535,0.0165,0.9749,0,1,False,4.9347076,2.5373528,1.00303
151536,0.4915,0.9987,0,1,False,3.3848836,0.92119175,2.4409776
151537,0.0825,0.923,0,1,False,4.807956,2.2055886,1.709566
151599,0.6015,0.4118,0,0,False,7.465474,5.171739,3.545612
152217,0.9543,0.2162,1,0,False,7.393928,5.8961635,3.7032218
154122,0.0194,0.9861,0,1,False,5.625349,2.8290455,2.422911
154339,0.0186,0.9638,0,1,False,5.323405,3.0164433,1.190765
154784,0.0174,0.9617,0,1,False,5.901106,3.2959049,1.274475
154834,0.2988,0.9647,0,1,False,7.46624,6.3209705,3.9250317
155148,0.4883,0.9996,0,1,False,5.2575164,1.8080584,2.8577392
155414,0.6151,0.3184,0,0,False,6.9527073,4.1960635,2.1421976
156690,0.843,0.9545,0,1,False,6.222073,4.545352,1.5224388
157018,0.6957,0.512,0,0,False,5.949685,8.62715,6.177007
157270,0.0155,0.9854,0,1,False,6.6054015,3.0710268,1.9975289
157777,0.0126,0.9821,0,1,False,5.1499586,3.3432362,0.9384152
157802,0.8787,0.9822,0,1,True,7.238166,18.39378,6.8470774
157837,0.2855,0.8268,0,0,False,5.8172774,3.7107675,1.4253956
157898,0.0112,0.969,0,1,False,3.485637,6.656679,5.3582635
157899,0.9947,0.7892,1,0,False,3.962619,1.4556938,1.8319861
157924,0.9991,0.9796,1,1,False,2.068777,0.6490371,2.8870652
158372,0.2522,0.9114,0,1,False,7.020317,8.381444,5.8025723
159079,0.1146,0.9455,0,1,True,7.4063153,19.138206,7.2186446
159122,0.4069,0.6799,0,0,False,8.194675,11.384346,6.526
159139,0.0802,0.7276,0,0,False,3.6673934,7.5506563,6.2330365
159146,0.8577,0.9987,0,1,False,3.2692254,0.8016543,2.909177
159150,0.8443,0.395,0,0,False,7.515196,12.668421,6.6361485
159153,0.0114,0.9794,0,1,False,5.376665,2.7880802,1.129899
159252,0.1181,0.8939,0,0,False,4.3300204,2.4569268,1.7790363
160358,0.2571,0.7429,0,0,False,4.798059,2.6928651,1.28671
160484,0.0102,0.9925,0,1,False,6.243498,3.2752526,1.6367481
160796,0.7999,0.3002,0,0,False,7.5427756,12.875377,6.8731275
160842,0.3663,0.5661,0,0,False,7.5602384,9.792084,6.5009212
160843,0.0336,0.0927,0,0,False,5.9915733,9.493076,7.2896547
160844,0.426,0.916,0,1,False,5.923661,2.8237796,1.6910619
161494,0.9947,0.9923,1,1,False,7.9359756,4.834004,3.8290222
162145,0.9605,0.9386,1,1,True,7.8004794,19.71135,7.3238087
163654,0.1635,0.7898,0,0,False,7.127655,9.712546,5.8659277
163655,0.0021,0.9987,0,1,False,11.241254,19.298847,6.713479
164416,0.0187,0.9846,0,1,True,7.9791865,12.407916,6.7496977
165432,0.0333,0.9651,0,1,False,5.41356,2.444385,1.6628177
166056,1.0,0.2906,1,0,False,5.7839956,11.189426,5.2491217
166124,1.0,0.0007,1,0,True,7.1842537,13.347609,6.3260126
166921,0.0,1.0,0,1,False,7.957356,2.4055548,2.6930163
167018,0.4431,0.6763,0,0,False,7.8102064,9.62334,5.8393497
167019,0.2541,0.6322,0,0,False,7.147997,3.968128,2.2725246
167020,0.9997,0.0004,1,0,False,6.1245813,6.422409,4.8595243
167021,0.8215,0.8972,0,0,False,6.4156766,4.528469,1.8855729
167129,0.233,0.8268,0,0,False,5.551725,3.4790378,1.6685935
167132,0.2772,0.7431,0,0,False,8.04634,10.969112,6.4576015
167321,1.0,0.0083,1,0,True,4.1650667,9.830715,5.7635517
167322,1.0,0.0037,1,0,True,5.345791,12.974801,6.8594112
167324,0.9996,0.0101,1,0,True,5.474207,15.891531,7.81697
167325,1.0,0.0,1,0,True,5.6623445,13.4754095,7.0609045
167326,1.0,0.0,1,0,True,5.53754,14.171401,7.3149867
167327,0.992,0.0144,1,0,True,1.8582888,-2.5431533,5.014929
167328,1.0,0.0,1,0,True,5.571918,14.21442,7.311146
167329,1.0,0.0187,1,0,True,5.9602013,12.447624,6.8001733
167330,1.0,0.0084,1,0,True,3.8519208,9.437927,5.427014
167634,0.0366,0.9632,0,1,False,6.383339,3.0377052,2.1022406
167927,0.1867,0.6081,0,0,False,4.8221526,4.834361,1.8514473
168135,0.1044,0.8213,0,0,False,4.8534923,3.5902562,1.2170196
168238,0.7341,0.2774,0,0,False,8.3930435,10.965695,6.3986044
169066,1.0,0.0025,1,0,False,5.610292,13.273521,6.9319367
169684,0.2105,0.8214,0,0,False,10.010712,4.24718,3.885861
169687,0.9984,0.002,1,0,False,4.0384007,1.6336133,1.5907675
169691,0.8487,0.2724,0,0,False,4.013379,1.7778707,1.3479717
169693,0.0,0.0,0,0,False,11.098577,20.553339,3.2419577
169696,0.0,0.0,0,0,False,11.14914,20.51863,3.1660082
170325,0.0257,0.9737,0,1,False,4.244289,5.216627,2.5027552
170525,0.9595,0.0972,1,0,True,7.6874027,19.907307,7.5811706
170528,0.9352,0.0967,1,0,True,8.0889435,19.503529,7.577028
170617,1.0,0.3509,1,0,False,5.9658713,11.353506,5.5874248
170621,0.016,0.9837,0,1,False,4.989881,2.388559,1.2156196
170965,0.0124,0.9878,0,1,False,5.7813215,2.852203,1.6966751
171370,0.9669,0.0361,1,0,True,8.200914,13.343991,6.7310596
171618,0.078,0.9186,0,1,False,4.284912,2.4391212,1.1824796
171720,0.9725,0.0353,1,0,True,1.8567251,-3.6010354,5.421187
172148,0.0253,0.9794,0,1,True,8.344034,13.024166,6.2822356
172220,0.9958,0.9976,1,1,False,3.9635954,0.8989631,1.9623681
172278,0.0015,0.9991,0,1,False,11.56024,20.13072,6.5984626
172296,0.6862,0.8158,0,0,False,5.263378,7.119045,4.0916896
172297,0.9949,0.4348,1,0,False,7.6119127,4.509248,4.632469
172314,0.0106,0.9826,0,1,True,7.131175,9.387408,5.5789795
172667,0.0393,0.9783,0,1,False,5.457261,3.093786,1.3252486
172861,0.3067,0.8511,0,0,False,7.6316586,3.4618592,2.7106385
172862,0.9747,0.9912,1,1,False,7.649186,3.5958462,2.8345792
173082,0.1576,0.8595,0,0,False,7.7267785,6.815594,5.0495515
173566,0.8533,0.2175,0,0,False,9.95394,4.3932657,3.708033
173707,0.0112,0.9928,0,1,False,5.380307,3.1474607,1.7912756
173824,0.4209,0.5668,0,0,False,7.7268467,10.516346,6.4629807
174142,1.0,0.0123,1,0,False,7.7086453,5.1214356,4.128899
174178,0.6463,0.3273,0,0,False,2.1410623,1.3262963,2.6730673
175567,0.9929,0.0171,1,0,False,7.3212576,6.243253,3.6800075
175814,0.1898,0.8102,0,0,False,3.8059177,2.2299025,1.6351391
175950,0.6658,0.4825,0,0,False,6.864603,4.0729256,2.5739589
176106,0.9946,0.0065,1,0,False,4.230689,1.7810714,1.3349471
176652,0.9939,0.8805,1,0,False,3.803305,1.2446523,2.1470792
178354,0.9419,0.283,1,0,False,6.039358,8.630063,6.0357785
178530,1.0,0.0302,1,0,False,4.5588813,5.5241356,4.8854513
179237,0.5995,0.8852,0,0,False,7.5972567,4.1465487,3.0675044
179241,0.3128,0.7209,0,0,False,7.8513227,11.314776,6.9148197
180170,0.0135,0.0335,0,0,True,7.1774154,8.604293,5.867283
180230,0.3391,0.6446,0,0,False,8.102885,11.021156,6.287274
180399,0.451,0.4738,0,0,False,7.6580033,13.099373,6.1211147
180503,0.0184,0.9807,0,1,False,5.2951474,2.5247493,1.1620842
180526,0.0016,0.999,0,1,False,11.594501,19.827986,6.698174
180586,0.0157,0.983,0,1,False,5.109195,3.2011654,0.93516904
180587,0.9743,0.3741,1,0,False,8.616811,14.972907,6.3688445
180822,0.0214,0.9992,0,1,False,6.9653864,2.712724,3.4279408
180903,0.0207,0.9784,0,1,False,4.763825,2.5037858,1.3513057
181003,0.0074,0.1212,0,0,True,3.5015662,7.40719,6.1286407
181082,0.8495,0.1507,0,0,False,4.529005,2.260049,1.4136074
181604,0.3715,0.6285,0,0,False,5.0663247,2.0896513,1.5602373
183585,0.607,0.3911,0,0,False,4.716429,7.1212425,5.8484497
184020,0.0719,0.8269,0,0,False,7.6310916,8.470583,5.28029
185218,0.0355,0.9645,0,1,False,5.11148,2.673639,1.68832
185579,0.967,0.9992,1,1,True,7.5127916,6.4749384,4.4874287
185580,0.1361,0.8683,0,0,True,2.1312513,-3.0446837,5.3981986
185636,0.0211,0.9789,0,1,False,4.560431,2.7794967,1.2994375
185637,0.997,0.5521,1,0,False,4.4652257,1.8220626,1.5223693
185638,0.8064,0.1936,0,0,False,4.656468,2.2758865,1.3669558
185639,0.9672,0.9996,1,1,False,4.42599,1.3474538,2.938059
185750,0.994,0.0013,1,0,False,4.022041,4.337663,1.4122055
185793,0.0018,0.999,0,1,False,11.609715,19.956263,6.6087036
185889,1.0,0.0007,1,0,True,5.145877,12.149086,6.611665
185890,1.0,0.0012,1,0,True,5.412513,13.347245,6.967404
185891,1.0,0.0004,1,0,True,5.393197,13.289131,6.94254
185892,0.9965,0.0106,1,0,True,5.4205537,15.996217,7.7444696
185893,0.9995,0.0138,1,0,True,5.4655304,16.114502,7.8665657
185894,1.0,0.0021,1,0,True,5.3636436,12.933971,6.8260393
185895,0.997,0.0128,1,0,True,5.315492,14.78293,7.577228
185896,0.9726,0.037,1,0,True,1.6352601,-3.5919864,5.2557397
185897,0.9722,0.0367,1,0,True,1.6996756,-3.7222252,5.2190394
185898,0.9995,0.0138,1,0,True,5.5482297,16.259058,7.7811007
185899,0.9989,0.0057,1,0,True,2.4703937,-1.26898,4.5031705
185900,1.0,0.0001,1,0,True,4.772829,11.346827,6.3997827
185901,0.9968,0.0104,1,0,True,5.5156913,15.953055,7.7196846
185902,0.9992,0.0043,1,0,True,5.433855,15.886167,7.790887
185903,0.9961,0.0106,1,0,True,5.4725785,15.936368,7.566116
185904,0.9965,0.0104,1,0,True,5.450037,15.996481,7.6857305
185905,1.0,0.0001,1,0,True,5.4780912,13.602652,7.0531244
185906,1.0,0.0079,1,0,True,3.9677007,9.607425,5.6297703
185907,0.9995,0.0138,1,0,True,5.6272736,16.280022,7.696857
185908,1.0,0.0009,1,0,True,5.3394885,12.883118,6.824688
185909,0.9907,0.0142,1,0,True,5.452657,15.395572,7.71364
185910,0.9995,0.0139,1,0,True,5.612242,16.27481,7.7335005
185911,0.9985,0.0111,1,0,True,5.4599514,15.960988,7.804211
185912,1.0,0.0002,1,0,True,5.5800242,13.460558,7.031156
185913,1.0,0.0006,1,0,True,5.0997095,12.218823,6.6346393
185914,1.0,0.0,1,0,True,4.700005,10.833968,6.296725
185915,1.0,0.0002,1,0,True,5.352051,13.804066,7.1220884
185916,0.9996,0.0004,1,0,True,3.2336807,4.530369,2.5093582
185917,0.9991,0.0057,1,0,True,5.4831624,14.900604,7.3547816
185918,0.9999,0.0192,1,0,True,5.5147705,12.60783,6.6588707
185919,0.9996,0.0138,1,0,True,5.4877305,16.115076,7.8646235
185920,1.0,0.0001,1,0,True,4.95322,11.789262,6.558945
185921,1.0,0.0001,1,0,True,5.19652,11.611832,6.5153923
185922,1.0,0.0003,1,0,True,5.058989,11.852169,6.593294
185923,0.9976,0.0111,1,0,True,5.599461,16.212399,7.8302484
185924,0.9975,0.0116,1,0,True,5.2667656,14.954594,7.628261
185925,1.0,0.0002,1,0,True,5.00656,12.113891,6.709271
185926,0.9891,0.0164,1,0,True,5.4570694,15.41574,7.6961
185927,1.0,0.0006,1,0,True,5.064357,12.40032,6.6929164
185928,0.9732,0.0367,1,0,True,1.760259,-3.551205,5.33653
185929,1.0,0.0,1,0,True,4.9240384,10.235747,6.362766
185930,1.0,0.0,1,0,True,5.5178776,13.8717165,7.1157546
185931,1.0,0.0041,1,0,True,4.129417,9.95693,5.793279
185932,0.9936,0.0116,1,0,True,5.535461,15.76037,7.6289577
185933,0.9899,0.0208,1,0,True,5.4981275,15.159213,7.600067
185934,0.9991,0.0037,1,0,True,2.133097,-1.769394,4.8987803
185935,0.9968,0.0097,1,0,True,5.458327,16.195606,7.887132
185936,1.0,0.0,1,0,True,5.570404,13.948668,7.2124467
185937,0.9927,0.0121,1,0,True,5.5809226,15.783222,7.550212
185938,1.0,0.0004,1,0,True,5.264309,12.1259985,6.5783434
185939,0.9929,0.017,1,0,True,5.363696,15.333458,7.712604
185940,0.9989,0.0055,1,0,True,2.2984285,-1.8422714,4.7324586
185941,0.9978,0.0106,1,0,True,5.538152,15.88761,7.8879976
185942,0.9981,0.0065,1,0,True,2.1425252,-1.8061725,4.744515
185943,1.0,0.0129,1,0,True,4.30482,9.811143,5.7568083
185944,0.9959,0.0085,1,0,True,5.254311,15.313689,7.7395205
185945,0.9989,0.0069,1,0,True,2.3162732,-1.4431804,4.5664077
185946,1.0,0.0001,1,0,True,5.489767,13.734044,7.131092
185954,0.9229,0.302,1,0,False,5.340393,9.534021,6.368448
185955,0.405,0.6582,0,0,False,8.15705,13.070271,6.701256
185959,0.6535,0.9988,0,1,False,4.0779653,1.5682,2.0432818
186165,1.0,0.0,1,0,False,5.726713,13.990118,7.2179995
186371,0.0,0.0,0,0,False,11.114905,20.572268,3.25202
186538,0.9284,0.9482,1,1,True,8.139872,19.359266,7.573052
186539,0.0006,0.9995,0,1,True,5.4206276,3.7180002,1.2296735
186540,0.9604,0.9835,1,1,True,7.5965443,11.714991,6.818184
186541,0.9913,0.9702,1,1,True,5.7941065,8.817376,6.790738
186637,0.0023,0.9986,0,1,False,10.044326,17.97361,6.608474
186769,0.0619,0.9381,0,1,False,5.1835623,3.3192668,1.2356715
186772,0.1501,0.8926,0,0,False,7.998214,5.600687,4.144347
187977,0.0999,0.9322,0,1,False,5.091648,4.2356534,1.211349
187978,0.0512,0.9404,0,1,False,4.9629893,4.0407414,0.9273747
187984,0.0136,0.987,0,1,True,8.668547,3.5672398,2.838218
188333,0.0018,0.9989,0,1,False,11.669258,19.907272,6.6324944
188539,0.0058,0.9951,0,1,True,7.3473196,7.2734423,4.854417
188763,0.4228,0.818,0,0,False,8.767882,6.83188,4.6919575
188938,0.4331,0.6935,0,0,False,8.2671585,12.314034,6.670626
189830,0.4388,0.4938,0,0,False,6.623316,4.2441735,2.164411
189836,0.752,0.9233,0,1,False,8.063329,3.5899076,2.996946
190061,0.0154,0.9878,0,1,False,5.762331,3.4102824,1.5806621
190063,0.1586,0.9034,0,1,False,6.331926,4.1080537,2.1811633
190064,0.0075,0.993,0,1,False,7.405504,2.5861824,3.2111971
190065,0.9876,0.9948,1,1,False,7.62376,3.637312,2.905679
190478,0.2834,0.7166,0,0,False,3.6383648,4.914186,2.5797453
190809,0.6412,0.8248,0,0,False,7.759743,4.5297427,2.9604793
190810,0.9871,0.0129,1,0,False,7.223283,13.897894,6.3550725
190811,0.3577,0.9048,0,1,False,7.2748785,18.390013,6.854992
191032,0.8223,0.163,0,0,False,2.834219,-2.5446503,5.5930142
191460,0.0021,0.9988,0,1,False,11.097831,19.197697,6.6268578
191463,0.0039,0.9977,0,1,False,9.964379,17.57995,6.4362535
192021,0.0569,0.9434,0,1,False,5.628335,2.799295,1.5612113
192022,0.8229,0.1623,0,0,False,3.1234188,-2.4704547,5.945906
192023,0.8772,0.0655,0,0,False,3.7142742,-1.940541,5.4774866
192025,0.8487,0.1529,0,0,False,2.628102,-2.7946796,5.563129
192026,0.8443,0.0658,0,0,False,7.85352,5.209639,4.684653
192027,0.8505,0.0591,0,0,False,3.8503828,-1.6140512,5.8618855
192203,0.3504,0.6281,0,0,False,6.831851,9.203421,6.573976
192452,0.0235,0.9894,0,1,False,6.114778,4.1440253,1.8181708
192584,1.0,0.2762,1,0,False,5.980393,11.015635,5.6445947
192971,0.8315,0.1685,0,0,False,3.6504736,5.3405023,3.1783497
193118,0.8887,0.1473,0,0,False,2.0991848,-2.9135299,5.321495
193119,0.3992,0.6831,0,0,False,6.7447357,3.5462666,2.4957695
193120,0.9755,0.1064,1,0,False,6.957983,5.113604,2.821312
193121,0.4241,0.5299,0,0,False,6.1771107,4.0129724,2.4506023
193122,0.8442,0.1741,0,0,False,2.2564898,-3.1285799,5.5868697
194397,0.4724,0.9447,0,1,False,6.252261,4.2072964,1.6320179
194440,0.5722,0.7555,0,0,False,8.416986,18.510895,7.2398224
194443,0.4153,0.5867,0,0,False,8.411801,10.301721,5.7263083
194445,0.8148,0.2939,0,0,False,5.2341976,8.460206,6.0823407
194540,0.4246,0.6385,0,0,False,6.010322,7.919425,6.088422
194701,0.398,0.5327,0,0,False,7.036614,3.112682,2.595825
194948,0.131,0.3532,0,0,False,6.3220353,4.054241,2.1488364
194949,0.0987,0.8076,0,0,False,6.2235484,4.066616,2.1139808
194959,0.0673,0.1472,0,0,False,7.6557884,9.345941,5.7750373
194965,0.0208,0.9979,0,1,True,7.5604954,6.2028522,4.01221
195055,0.9991,0.0054,1,0,True,8.414119,18.659937,7.354039
195056,0.8746,0.0883,0,0,False,3.422325,-2.3070216,5.8869805
195059,0.6786,0.4709,0,0,False,6.1098266,7.8824224,6.3254056
195060,0.1879,0.6299,0,0,False,7.0461936,8.8822975,6.042106
195061,0.0389,0.9617,0,1,False,7.604785,7.227594,4.483645
195062,0.3787,0.6661,0,0,False,8.238545,12.969432,6.7537036
195063,0.9276,0.1119,1,0,False,2.6051178,-2.513221,5.3719416
196089,0.9913,0.3644,1,0,False,4.439451,1.6894711,1.7282296
196093,0.0019,0.9989,0,1,False,11.67555,19.785023,6.3662167
196094,0.9609,0.0835,1,0,False,2.2796848,-2.3462982,5.2971573
196095,0.0254,0.9558,0,1,False,7.858099,7.0351667,4.2575736
196242,0.3158,0.6199,0,0,False,6.4623313,3.9589787,2.1474674
196375,0.6236,0.4235,0,0,False,6.9225745,4.4378214,2.3809547
196398,0.6293,0.3998,0,0,False,6.6140175,4.2853,2.5888329
196399,0.8553,0.1457,0,0,False,2.3245707,-3.0959466,5.492898
196400,0.3547,0.6746,0,0,False,8.235183,13.551421,6.91356
197771,0.8176,0.1645,0,0,False,6.4900537,8.7321615,6.188123
197783,0.9591,0.9955,1,1,False,7.620041,4.4689274,3.6783366
198110,0.5023,0.6112,0,0,False,8.172822,14.308898,6.7716603
198112,0.235,0.8113,0,0,False,8.606654,16.066828,6.5609107
198310,0.4535,0.4442,0,0,False,8.292812,11.546992,6.513054
198503,0.4801,0.5939,0,0,False,8.052199,12.589502,6.473548
198538,0.7966,0.2033,0,0,False,4.9921803,2.843922,1.1554699
198539,0.559,0.4405,0,0,False,4.2376933,3.9101982,1.9707731
198540,0.9966,0.0151,1,0,False,3.4725683,0.6585592,2.331451
198541,0.307,0.6925,0,0,False,2.6801763,0.6538223,2.9236476
198542,0.7415,0.9718,0,1,False,3.14549,1.0703895,2.39726
198543,0.9989,0.9123,1,1,False,4.3676996,1.7321371,1.8033234
198597,0.5989,0.4009,0,0,False,5.343589,4.3702917,1.4428016
198599,0.9999,0.9984,1,1,False,7.3023973,5.7272773,3.5648334
198608,0.8549,0.1911,0,0,False,2.3472164,-3.127259,5.299006
199361,0.3354,0.2359,0,0,False,6.2726283,4.214071,2.082123
199587,0.0026,0.9984,0,1,False,10.363821,18.395111,6.6166277
200154,0.9902,0.0258,1,0,True,5.8754053,12.970687,6.5303245
201847,0.9944,0.0164,1,0,False,3.8302238,1.2154701,2.2439094
201862,0.1348,0.0003,0,0,False,4.471578,7.039925,5.294127
202250,0.9729,0.0365,1,0,True,1.8330985,-3.455723,5.3671427
202252,0.9871,0.0105,1,0,True,6.27892,9.353472,6.2415404
202566,0.9749,0.0239,1,0,False,6.434827,7.1970983,5.3216376
202568,0.0017,0.999,0,1,False,11.303608,19.67395,6.36501
202812,0.9821,0.9976,1,1,False,8.523835,4.6449385,3.271151
202813,0.6133,0.4036,0,0,False,8.572774,7.998852,5.1276693
202910,0.9068,0.9682,1,1,False,10.0298605,5.1106586,4.2260857
203168,0.9277,0.0628,1,0,False,5.3955946,6.313921,5.167701
204090,0.9962,0.0003,1,0,False,3.4173384,6.877354,5.6615705
204269,0.0,1.0,0,1,False,8.917014,2.7274911,3.7679431
204270,0.0,0.0,0,0,False,7.910754,4.9871783,4.875613
204440,0.6124,0.3858,0,0,False,5.80898,2.978299,2.7159424
204478,0.7508,0.303,0,0,False,7.0060105,10.351761,6.315398
204507,0.3038,0.6961,0,0,False,4.9213643,2.3897412,1.5123721
204873,0.9421,0.0576,1,0,False,5.0449243,4.105995,2.032495
204928,0.1013,0.8991,0,0,False,5.524,3.8737476,1.3123919
204933,0.9958,0.9953,1,1,False,7.5086727,4.2467246,2.876453
204987,0.7532,0.6402,0,0,False,7.2926946,19.208961,7.12743
205874,0.3252,0.9847,0,1,False,9.933452,5.829415,4.1429253
205877,0.0,0.0,0,0,False,18.199566,-2.9626462,2.4087489
205880,0.7616,0.8789,0,0,False,7.6979117,3.584036,2.6170163
207343,0.4012,0.5992,0,0,False,8.05201,10.988299,6.3055673
207597,0.0973,0.903,0,1,False,5.0434012,3.4553614,1.6207218
207656,0.8666,0.1333,0,0,False,4.6165657,2.7289357,1.0441997
207697,0.0016,0.999,0,1,False,11.433406,19.769241,6.5599294
207830,0.9934,0.008,1,0,False,6.8810034,8.079793,5.2023706
208013,1.0,0.0,1,0,False,5.9260006,3.2107725,4.1917777
208084,0.1038,0.9797,0,1,False,6.3498144,4.1990066,1.3473603
208086,0.805,0.0226,0,0,False,5.7515163,3.5614383,1.5424694
208177,0.0017,0.999,0,1,False,11.408015,19.674345,6.578994
208491,0.7819,0.2255,0,0,False,6.203541,7.819495,5.7124777
208726,1.0,0.9993,1,1,True,2.736724,-0.6930292,3.7438195
208893,0.9651,0.0913,1,0,True,7.3334804,19.086441,7.031743
208895,0.93,0.1331,1,0,True,7.2625875,19.330688,7.081114
208973,0.0072,0.9929,0,1,False,7.317995,2.0128858,3.0900598
209529,0.7024,0.2974,0,0,False,4.8449883,3.0179453,1.2913874
209854,0.173,0.0001,0,0,False,4.62071,6.4049273,4.481276
210827,0.7519,0.518,0,0,False,7.3997965,3.9874954,2.4854665
211787,0.9884,0.0227,1,0,True,6.6665077,10.096746,7.1400065
211866,0.0026,0.9984,0,1,False,10.288661,18.39198,6.656483
211977,0.4835,0.6199,0,0,False,8.721739,17.878689,7.1251016
212035,0.9865,0.0134,1,0,False,4.149733,2.575529,1.2868665
213034,0.0356,0.9646,0,1,False,5.6476154,3.0514429,1.6425382
213236,0.0898,0.9784,0,1,False,11.845056,3.5921745,4.612284
213633,0.4209,0.3998,0,0,False,6.4647236,4.0916286,2.397349
213774,0.4378,0.5696,0,0,False,3.8776429,0.9636773,1.4715453
213775,0.998,0.0034,1,0,False,4.227512,1.8184896,1.7485346
213777,0.0969,0.9094,0,1,False,4.4618087,0.9569652,1.5332758
213782,0.368,0.7942,0,0,False,2.7250054,0.45611155,1.5394019
213888,0.9983,0.0025,1,0,False,4.11659,1.7947999,1.996309
214439,0.3758,0.733,0,0,False,7.363832,9.891034,6.377687
215158,0.0016,0.9984,0,1,False,8.224015,2.4656332,3.1918023
215851,0.0621,0.9821,0,1,True,7.3411427,18.302855,6.8216867
216371,0.1645,0.7683,0,0,False,6.4218493,3.7593985,1.9904065
216614,0.997,0.232,1,0,False,4.5205975,1.4043194,2.1552052
217615,0.9859,0.0138,1,0,False,4.5278444,2.3101935,1.3287107
217686,0.9976,0.002,1,0,False,4.8493776,1.7263288,2.3899581
218120,0.98,0.0088,1,0,True,3.8824651,-1.6773988,5.7916613
218667,0.9236,0.9781,1,1,False,7.4181814,3.4379761,2.8421664
218849,0.4036,0.457,0,0,False,6.1769633,3.756562,1.654796
218923,0.03,0.9704,0,1,False,4.945369,2.9594808,0.90378344
219174,0.8164,0.1715,0,0,False,2.8629313,-2.6055484,5.6805196
219584,0.8326,0.1671,0,0,False,4.4587717,3.2612314,1.5596647
219596,0.9783,0.0097,1,0,False,4.321033,5.985696,2.807153
219744,0.0018,0.9989,0,1,False,11.410153,19.83926,6.681374
220608,0.0021,0.9988,0,1,False,11.443381,19.592203,6.5098352
220638,0.8482,0.1363,0,0,False,5.3389997,3.5639923,1.1867907
220812,0.0,0.0,0,0,False,11.085868,20.497684,3.2671278
220813,0.8802,0.5227,0,0,False,5.5855227,8.601995,6.150695
220814,0.9795,0.0336,1,0,False,2.2874355,-1.2964079,4.660215
220932,0.0019,0.9989,0,1,False,11.641079,19.890678,6.7842903
221029,0.7199,0.0,0,0,False,2.5253499,3.1233613,2.4238927
221036,0.0,0.0,0,0,False,11.19871,20.689657,3.1166945
221037,0.8139,0.4612,0,0,False,4.877754,8.333548,5.859119
221054,0.7653,0.2331,0,0,False,4.77763,3.6332424,1.251965
221262,0.7366,0.5064,0,0,False,6.8211775,9.588005,6.735456
222078,0.0019,0.9989,0,1,False,11.30745,19.739628,6.9427524
222079,0.0012,0.9993,0,1,False,11.470752,20.13495,6.4279885
222441,0.0016,0.9991,0,1,False,11.733059,20.099314,6.715569
222450,0.0019,0.9989,0,1,False,11.280689,19.31763,6.828691
222456,0.0018,0.9989,0,1,False,11.467989,19.693798,6.5162425
222459,0.0024,0.9985,0,1,False,9.949946,18.064814,6.741145
222460,0.0027,0.9984,0,1,False,10.352808,18.412607,6.6275086
222464,0.0014,0.9992,0,1,False,11.653655,20.368608,6.627006
222474,0.0016,0.999,0,1,False,11.462309,19.882196,6.5436554
222475,0.0018,0.999,0,1,False,11.633143,19.780682,6.7368317
222557,0.9894,0.01,1,0,False,4.3801193,1.5344377,2.2291274
222887,0.9826,0.0002,1,0,True,4.249979,7.8658137,4.3240814
222889,1.0,0.0003,1,0,True,5.8193693,11.10704,6.2031617
223252,0.0018,0.9989,0,1,False,11.802624,20.02049,6.9374747
223275,0.0017,0.999,0,1,False,11.492976,19.820011,6.621798
223276,0.0019,0.9989,0,1,False,11.373043,19.59849,6.592235
223305,0.0012,0.9993,0,1,False,11.401622,19.75433,6.4187765
223318,0.3519,0.4554,0,0,False,7.7126465,12.95827,6.1883287
223328,0.0019,0.9989,0,1,False,11.26731,19.514147,6.533611
223332,0.0025,0.9985,0,1,False,10.222262,18.388529,6.675365
223334,0.002,0.9988,0,1,False,11.044243,19.21505,6.5611386
223337,0.0022,0.9987,0,1,False,11.296629,19.949055,6.4461856
223344,0.0016,0.9991,0,1,False,11.701764,20.16747,6.6320386
223345,0.0023,0.9986,0,1,False,11.035107,19.1339,6.7168083
223346,0.0018,0.9989,0,1,False,11.450607,19.665028,6.5642095
223352,0.002,0.9988,0,1,False,11.4038925,19.591545,6.6037045
223524,0.0001,1.0,0,1,False,6.3228393,2.2851539,2.4883847
223769,0.1039,0.8319,0,0,False,6.246727,3.6750176,1.9533865
224399,0.9498,0.0019,1,0,False,5.335472,3.3631346,2.5047865
224578,0.3056,0.2827,0,0,False,6.326599,3.9396782,2.1121883
225725,0.9982,0.0114,1,0,False,3.9347281,1.7225761,1.8093312
225726,0.9983,0.018,1,0,False,4.205969,1.5175885,1.606967
225752,0.0028,0.9983,0,1,False,10.345678,18.034817,6.4476
225979,0.9981,0.009,1,0,False,3.7462115,1.3070047,1.7881404
227137,0.002,0.9988,0,1,False,11.200852,19.213573,6.7086363
227507,0.6104,0.9807,0,1,False,4.5119953,0.95133704,2.9696913
227720,0.4344,0.4578,0,0,False,7.105213,8.894335,5.6715665
228277,0.3935,0.6082,0,0,False,8.128282,10.870558,6.4158106
228330,0.023,0.0044,0,0,True,6.3544416,9.576722,6.5910416
228404,0.0,0.8189,0,0,True,8.679362,13.800861,8.958329
228407,0.0347,0.0072,0,0,True,5.649447,9.55181,6.4938188
228415,0.0172,0.0,0,0,True,4.9346867,6.737658,4.7453375
228578,0.6006,0.4337,0,0,False,6.568629,7.820092,5.679886
228582,0.3357,0.3505,0,0,False,6.388064,3.7317312,1.5756638
228897,0.0031,0.9981,0,1,False,9.9631605,17.70642,6.548026
229030,0.9284,0.07,1,0,False,5.059081,2.8701384,1.3747097
229149,0.9832,0.9816,1,1,False,6.773437,4.5513597,2.2012389
229634,0.0019,0.9989,0,1,False,11.237777,19.53912,6.8494616
230158,0.9899,0.0046,1,0,False,4.9571815,2.8140223,1.2587763
232380,0.0017,0.999,0,1,False,11.543939,19.835737,6.6636534
232800,0.1733,0.9029,0,1,False,9.367604,16.492601,6.3047895
232802,0.7543,0.6076,0,0,False,7.2953606,19.216293,6.8808618
233051,0.9871,0.0087,1,0,False,5.283836,3.8711486,1.1309949
233784,0.2506,0.6391,0,0,False,6.06712,4.196654,2.537748
234603,0.9447,0.0534,1,0,True,7.8189507,10.084887,6.5344157
234829,0.8192,0.4058,0,0,False,5.3225083,8.54449,5.914814
235266,0.9947,0.0037,1,0,False,4.8103895,3.4221504,1.6196265
235434,0.9367,0.0064,1,0,False,5.396289,3.6478748,1.4949023
235994,0.0827,0.0264,0,0,False,6.5668893,4.2094197,2.1223311
236750,0.9981,0.0017,1,0,False,4.2728534,2.0950842,1.3812356
237020,0.7737,0.2076,0,0,False,5.294114,3.7593007,1.3612702
237716,0.4564,0.6629,0,0,False,8.412402,14.291928,6.717812
238854,0.5571,0.3552,0,0,False,7.6344957,12.362609,6.9241085
240426,0.9731,0.9447,1,1,False,9.120505,15.5754,6.725196
240492,0.0093,0.9945,0,1,False,9.707498,17.095667,6.360481
240555,0.9981,0.0524,1,0,False,4.2272096,1.7043083,1.8638173
240865,0.0013,0.9992,0,1,False,11.549135,19.597363,6.696447
241630,0.6383,0.3605,0,0,False,5.4016657,3.7271886,1.7323188
242861,0.3635,0.6543,0,0,False,9.791547,3.4985669,3.0727384
243550,0.8804,0.8715,0,0,False,7.0804715,4.1886096,2.584864
243563,0.3004,0.9939,0,1,False,5.1231747,5.311585,4.2130904
244589,0.9522,0.047,1,0,False,4.916503,3.2459037,0.8740198
244590,0.8176,0.1827,0,0,False,6.014133,9.521544,6.2734385
245072,0.969,0.0352,1,0,True,7.7273946,11.271071,5.91429
245101,0.9996,0.9996,1,1,False,7.380535,3.970654,2.9387696
246280,0.2244,0.7538,0,0,False,5.059286,1.1911771,3.2918897
247080,0.7023,0.6877,0,0,False,7.0009904,4.180147,2.5100186
247149,0.0,0.0325,0,0,True,8.731361,13.928424,9.152615
247268,0.974,0.0352,1,0,True,1.6740518,-4.0261874,5.4483156
247269,0.9726,0.0371,1,0,True,1.6828785,-3.8549583,5.4016066
248062,0.0382,0.9657,0,1,True,5.9964976,8.316632,6.3164043
248496,0.9982,0.0036,1,0,False,4.4376965,1.7470332,1.5462935
249151,0.9933,0.005,1,0,False,4.727746,2.8726037,1.2663504
249583,0.2226,0.8511,0,0,False,8.856683,16.777353,6.8395
249584,0.9725,0.3433,1,0,False,8.661728,14.856427,6.804131
251749,0.1765,0.0002,0,0,False,5.536428,6.869773,3.673419
252602,0.9801,0.0168,1,0,False,6.8206544,7.8669224,4.952969
253433,0.0,0.823,0,0,True,8.37312,12.951021,8.056609
253434,0.0,0.0326,0,0,True,8.612441,13.58974,8.690452
253435,0.0,0.0326,0,0,True,8.597668,13.541762,8.637698
253700,0.4008,0.6664,0,0,False,8.229096,12.562691,6.967906
253701,0.1255,0.4322,0,0,False,8.099835,9.722114,5.6752853
253702,0.444,0.5095,0,0,False,8.245298,11.256717,6.6205554
254252,0.0,0.0,0,0,False,21.423578,5.773838,-0.010009475
254253,0.0855,0.9924,0,1,False,3.284556,0.55030906,2.1381545
254397,0.836,0.1652,0,0,False,5.1715555,4.1875453,3.1521862
255066,0.764,0.0001,0,0,False,5.057915,5.107763,2.067043
255238,0.6739,0.0064,0,0,False,5.415078,2.8408444,2.0855417
255255,0.9957,0.0013,1,0,False,4.6843004,2.643342,1.8415871
255431,0.8413,0.0136,0,0,False,6.6717577,3.2030456,1.7150433
255587,0.4929,0.0094,0,0,False,6.1695294,3.9460502,1.9214714
256548,0.9564,0.9548,1,1,False,7.210477,4.941773,2.7310116
256729,0.2544,0.5274,0,0,False,4.410304,8.6576605,6.3148756
256994,0.9959,0.0022,1,0,False,4.5765095,2.9124677,1.5066179
257468,0.7411,0.6698,0,0,False,7.2722306,19.360348,6.896209
258453,1.0,0.0103,1,0,True,7.1886396,24.745298,7.5151563
259898,0.7783,0.1215,0,0,False,6.5290093,9.364104,6.1935782
259931,0.0326,0.0052,0,0,False,6.211244,4.9108906,2.4576507
260047,0.9995,0.0005,1,0,True,6.7151623,13.082353,6.2873387
260120,0.0,0.0,0,0,False,17.642849,8.191317,9.425565
260372,1.0,0.9997,1,1,False,5.506218,4.3810525,4.159258
260377,0.0015,0.9991,0,1,False,11.68299,20.423773,6.5030675
260378,0.0014,0.9992,0,1,False,11.697086,20.098806,6.643599
260379,0.0016,0.9991,0,1,False,11.588694,19.910952,6.6002684
260479,0.997,0.2376,1,0,False,4.016298,1.4411246,1.9374549
260717,0.9926,0.0123,1,0,True,6.658183,10.508257,6.095129
260797,0.0486,0.0018,0,0,False,5.230505,3.6904056,2.6801555
260827,0.0,0.0003,0,0,False,5.748575,5.069611,4.6450863
260908,0.4907,0.4232,0,0,False,8.020324,13.82309,6.2570505
261939,0.159,0.9404,0,1,False,7.6815033,6.2637887,4.1790557
262175,1.0,0.2983,1,0,False,5.9967313,10.913052,5.3884444
262177,0.9677,0.9863,1,1,False,8.401242,5.878934,3.8961887
262897,0.9765,0.9963,1,1,True,8.611091,8.808102,5.2945647
262957,0.403,0.0121,0,0,False,5.1509156,4.161546,1.1083394
262968,0.0055,0.9945,0,1,False,6.3896823,2.285481,2.8154643
263001,0.0026,0.9985,0,1,False,10.300717,18.68789,6.748549
263004,0.7589,0.0013,0,0,False,4.185398,5.668152,4.012188
263578,0.9998,0.0002,1,0,False,3.835329,3.347135,0.955222
263793,0.1481,0.9174,0,1,False,8.836362,15.454848,6.372431
263892,0.9976,0.0001,1,0,False,4.709433,3.0845265,1.4675823
264076,0.9989,0.0008,1,0,False,3.210759,1.7379218,1.9436117
265294,0.8842,0.9414,0,1,False,8.713494,9.36987,5.5795264
265522,0.0,1.0,0,1,False,6.3674955,1.502822,3.6073482
267285,0.9997,0.9996,1,1,False,7.235896,3.617772,2.7973828
268316,0.767,0.4909,0,0,False,8.199759,18.87638,7.5587716
268591,0.9963,0.0003,1,0,False,5.983919,3.3007321,1.8794494
268746,0.9546,0.4046,1,0,False,3.88552,1.4685146,2.6689656
268747,0.9993,0.0151,1,0,False,3.815411,1.708129,1.9908657
268776,0.9617,0.9489,1,1,False,6.8802257,3.4118998,2.704487
268785,0.5358,0.469,0,0,False,7.6236486,7.933208,4.7332253
269095,0.0022,0.9987,0,1,False,11.049523,19.188715,6.577308
269145,0.9997,0.0008,1,0,False,4.320137,2.4093049,1.6497838
269213,0.9722,0.0017,1,0,False,5.2224345,2.425353,2.8286464
269275,0.0025,0.9985,0,1,False,10.275671,18.751038,6.7313495
269277,0.2046,0.8729,0,0,False,8.966455,16.333216,6.5582027
270140,0.0019,0.9989,0,1,False,11.251462,19.365438,6.564108
270146,0.0016,0.999,0,1,False,11.887023,20.193872,6.824167
270161,0.7567,0.7372,0,0,False,6.7786555,4.1747565,2.4263415
270256,0.9259,0.0103,1,0,False,5.884293,2.9551983,1.8212055
270370,1.0,0.007,1,0,True,7.208851,24.865921,7.548459
270473,0.3482,0.6817,0,0,False,8.186656,13.285489,7.0860386
270478,0.2273,0.744,0,0,False,5.5183825,8.241394,6.9233403
270642,0.983,0.0515,1,0,True,8.1659565,19.036629,7.418991
270673,0.9125,0.0018,1,0,False,5.6497025,3.6783159,1.5687251
271108,0.9995,0.0,1,0,False,5.363396,3.504727,2.0368195
271257,0.9999,0.9999,1,1,False,7.7587385,3.7516851,2.9054582
272551,0.7925,0.0945,0,0,False,6.9283934,8.8733015,5.4290547
272563,0.9986,0.0001,1,0,False,4.1785736,2.3173175,1.3584682
272570,1.0,0.0065,1,0,True,7.196373,24.651577,7.4764533
272571,1.0,0.0065,1,0,True,7.1919036,24.543741,7.4442654
272572,1.0,0.0065,1,0,True,7.217723,24.625898,7.4410505
272573,1.0,0.0032,1,0,True,7.1994853,24.647905,7.47066
272574,1.0,0.0067,1,0,True,7.2252326,24.61701,7.4437466
272575,1.0,0.0101,1,0,True,7.19047,24.724548,7.5139046
272576,1.0,0.0093,1,0,True,7.25379,24.829113,7.49769
272636,1.0,1.0,1,1,True,7.4947524,5.2580776,3.1295886
272751,1.0,0.0003,1,0,False,8.522419,3.4335983,4.1627345
273133,0.7874,0.0066,0,0,False,5.3744106,4.047594,1.2744174
273348,0.0032,0.0971,0,0,True,3.034871,0.82324725,2.8861997
273357,0.0152,0.9685,0,1,True,3.5069525,7.654342,6.358117
273360,0.4311,0.5668,0,0,False,4.1006665,6.538874,5.6060805
274495,0.4065,0.5455,0,0,False,3.3637433,1.0076168,3.4265602
274584,0.9997,0.0001,1,0,False,4.1178265,6.185326,4.83553
277944,0.9888,0.0405,1,0,True,8.33769,19.110548,7.5863156
278069,0.9383,0.0612,1,0,False,3.23497,4.162002,2.1048958
279281,0.953,0.9511,1,1,False,6.720709,4.894323,2.342196
279303,0.135,0.9645,0,1,False,9.132848,8.650573,5.209681
279530,0.9916,0.9835,1,1,False,6.9193797,3.492794,2.1823022
279538,0.999,0.0001,1,0,False,4.65909,3.3173811,1.2279546
279539,0.9998,0.9998,1,1,False,7.1980295,4.778986,2.667024
279896,0.8845,0.1134,0,0,False,6.0675745,6.961424,5.1442976
280702,0.1056,0.998,0,1,False,3.8122036,0.9990488,2.2489603
282345,0.9971,0.0238,1,0,True,6.3419204,14.406437,7.0410123
282712,0.8477,0.3849,0,0,False,5.9495354,7.924999,5.396863
282786,0.9932,0.0002,1,0,False,5.027594,3.4877017,1.5905153
283675,1.0,0.408,1,0,False,7.1450853,11.807163,6.2221384
283824,0.9979,0.0122,1,0,False,4.9900613,2.79068,2.0444965
283876,0.5533,0.4747,0,0,False,6.276288,4.0123277,1.7898344
284503,0.8194,0.1567,0,0,False,3.2274768,-2.3177783,5.616668
284689,0.997,0.9901,1,1,False,7.156141,5.1860037,2.9385698
285013,0.9998,0.0002,1,0,False,3.66762,1.4211924,2.1918852
288456,0.9638,0.649,1,0,False,6.198337,4.2711015,2.0366347
289365,0.9912,0.9906,1,1,True,6.7143927,6.657783,5.099791
289366,1.0,0.0001,1,0,True,9.188512,17.348335,0.9867818
289367,1.0,0.0005,1,0,True,9.213004,17.320679,1.023852
290008,0.7489,0.0069,0,0,False,5.519094,6.059391,3.81113
290028,0.9999,0.0001,1,0,True,4.131896,4.7505245,2.1103477
290030,0.0018,0.999,0,1,False,11.604243,19.715742,6.9034305
290090,0.0019,0.9989,0,1,False,11.475685,19.72625,6.594379
290280,0.9864,0.0156,1,0,True,6.542592,7.707719,6.084069
291175,0.9781,0.0276,1,0,True,8.002041,10.461973,6.3872266
291286,0.9919,0.0081,1,0,False,4.4594684,7.516985,5.3467064
291484,0.9998,0.9994,1,1,True,8.909855,14.398355,6.5813
291590,0.7549,0.1806,0,0,False,6.4644327,8.656076,6.2576013
292052,0.2048,0.9998,0,1,False,5.9547668,1.9820057,3.3408928
292208,0.4463,0.0285,0,0,False,5.4348183,3.6787713,1.6297922
292443,0.9996,0.0,1,0,False,5.467602,3.3161418,2.1553476
292477,0.8411,0.91,0,1,False,6.7869053,9.567162,5.352846
292627,0.0,0.0,0,0,False,11.054154,20.782856,3.2501957
292639,0.9923,0.9649,1,1,False,6.4448915,4.326922,2.6633606
292792,0.9938,0.0003,1,0,False,4.459455,2.837884,1.462262
293178,0.8783,0.0,0,0,False,4.141633,2.3003771,1.5465289
293284,0.9566,0.4691,1,0,False,8.405976,14.579955,6.3523664
293644,0.9952,0.027,1,0,False,5.755917,3.4072957,1.8564522
294369,0.9995,0.0,1,0,False,4.4424515,3.3940375,1.3213031
294382,0.9996,0.0,1,0,False,4.5910068,3.4091003,1.2614826
294631,0.9983,0.0203,1,0,False,3.468386,1.2172877,2.1701143
295090,0.9799,0.9992,1,1,False,6.799189,6.202477,3.863184
296145,1.0,0.0216,1,0,True,7.249573,25.057205,7.64839
296210,0.9956,0.3287,1,0,False,4.6011515,1.9208198,2.1245115
297248,0.9962,0.8675,1,0,True,2.5047898,-1.9224969,5.030602
298333,0.9999,0.0001,1,0,False,4.264798,2.2033172,1.1417345
298650,0.0017,0.999,0,1,False,11.82841,19.678455,6.9717298
298965,0.9972,0.0486,1,0,False,4.731498,2.6036952,2.0058782
298974,0.9993,0.9984,1,1,False,7.251727,4.8307977,2.648282
298975,1.0,0.1336,1,0,False,4.391106,9.578693,5.47471
299200,0.3737,0.6374,0,0,False,7.3367834,9.921328,6.52111
300175,0.5915,0.5105,0,0,False,7.6625805,10.107737,6.9182806
300180,0.4152,0.6741,0,0,False,8.29662,11.763946,6.818517
300186,0.9998,0.0002,1,0,False,4.2784376,1.9911015,1.6474389
300740,0.9571,0.6635,1,0,False,7.0571737,3.5410895,2.5136688
301865,0.3432,0.6925,0,0,False,7.8241844,6.926289,4.778566
302069,0.9693,0.4153,1,0,False,6.671153,3.943685,1.8061402
302070,0.9803,0.7864,1,0,False,6.348399,4.9344516,2.5752544
302100,0.0017,0.999,0,1,False,11.716743,19.773134,6.9079556
303317,0.0,1.0,0,1,False,6.8356485,6.38078,3.5440657
305674,0.868,0.1989,0,0,False,1.7753136,-3.2190132,5.196217
305785,0.9934,0.0001,1,0,False,4.9274907,4.076093,1.5379082
306025,0.0,0.0,0,0,False,10.98409,20.847519,3.2853875
306586,0.984,0.0219,1,0,True,2.0682597,-2.5208747,5.162337
306588,0.9758,0.9577,1,1,True,6.595849,9.806481,6.2542715
307110,0.0016,0.999,0,1,False,11.579845,19.952932,6.733031
307111,0.0,0.0,0,0,False,11.17839,20.707079,3.127098
307240,0.9999,0.0,1,0,False,4.417086,4.0253763,1.2578607
307444,1.0,0.3139,1,0,False,5.7789783,11.367437,5.4469957
307448,1.0,0.3996,1,0,False,5.9923635,11.625138,5.559192
307454,1.0,0.7566,1,0,False,6.6903496,12.528732,6.3485355
307461,0.9994,0.0,1,0,False,5.0478826,3.498865,1.356556
307466,0.9968,0.0001,1,0,False,5.371517,3.775684,1.5600433
307467,0.9988,0.0012,1,0,False,4.831254,2.7305062,2.2755358
307677,0.9999,0.0001,1,0,False,4.306321,3.3947027,2.1522732
307898,0.8515,0.191,0,0,False,5.046142,9.364774,6.4923816
308159,0.2608,1.0,0,1,False,4.8584986,9.285528,8.013718
309181,0.9998,0.0002,1,0,False,3.6269634,1.590511,1.9162924
309390,0.0019,0.9989,0,1,False,11.3428335,19.469133,6.4854193
310103,0.0024,0.9986,0,1,False,10.034576,18.151983,6.6990314
310539,0.9982,0.0022,1,0,False,4.481642,2.7423306,1.2381316
310749,0.3921,0.6414,0,0,False,7.469164,9.878707,6.3485436
310907,0.05,0.9537,0,1,True,7.7747936,10.648562,6.5486097
311176,0.4979,0.6661,0,0,False,8.659901,13.955928,6.723199
312008,0.9969,0.9996,1,1,False,7.151303,3.3769197,2.8392966
312009,0.9756,0.8248,1,0,False,6.704193,2.9400487,2.7182245
312273,0.987,0.9986,1,1,False,6.2972975,3.079571,2.454094
312274,0.3718,0.988,0,1,False,6.7941628,2.9474733,2.5643783
312275,0.9677,0.7922,1,0,False,6.1927414,3.9426012,2.454409
312295,0.9996,0.0003,1,0,False,5.2309113,3.4746156,1.8824935
312349,0.9999,0.0,1,0,False,5.457915,4.35549,1.8350111
313629,0.9775,0.8854,1,0,False,4.520941,1.9955564,2.329136
315392,0.0,0.0,0,0,False,11.169867,20.629786,3.1614804
315953,0.9999,0.0,1,0,False,4.8034644,2.8565676,1.0302551
316106,0.0,0.0,0,0,False,11.231656,20.816803,3.0440023
316983,0.4232,0.3312,0,0,False,7.0625463,9.060395,6.284982
317027,0.9639,0.9142,1,1,False,6.0996075,6.060424,2.9355526
317858,0.9975,0.1585,1,0,False,5.551392,12.29446,6.5001297
317878,0.5035,0.6477,0,0,False,7.832585,11.496515,6.5820985
318279,0.9768,0.0255,1,0,True,8.459767,9.996454,5.9929376
318558,0.5164,0.5551,0,0,False,7.2213974,10.021175,6.7704253
318563,1.0,0.0023,1,0,True,6.065123,11.433159,6.2327814
318564,1.0,0.0005,1,0,True,6.148588,11.961084,6.4489694
318565,1.0,1.0,1,1,True,3.8133261,8.079014,4.60266
318566,0.9974,0.0119,1,0,True,5.9989133,13.706109,6.866495
318567,0.9501,0.0717,1,0,True,6.2392097,15.020684,6.9971347
318568,0.9949,0.0118,1,0,True,2.2187684,-2.2283711,5.1049476
318569,0.9999,0.0001,1,0,True,5.9163404,8.458696,4.687296
318570,1.0,0.0,1,0,True,6.616563,13.003797,6.61928
318571,1.0,0.013,1,0,True,3.9883049,9.629792,5.50111
318592,0.0001,0.9999,0,1,False,7.493372,2.6502857,2.6438277
318595,0.2812,0.7341,0,0,False,7.0274844,10.143298,5.776419
318834,0.9998,0.0007,1,0,False,3.770689,1.2549458,2.2922091
318835,0.9998,0.0002,1,0,False,3.822799,3.3595057,1.744486
318843,0.2006,0.8017,0,0,False,6.027968,9.551727,7.201142
318844,0.9968,0.0028,1,0,False,4.748241,6.074181,3.9819424
318852,0.4622,0.4899,0,0,False,8.452893,11.468898,6.328349
319522,0.4711,0.9752,0,1,False,9.058811,6.6190033,4.744574
320432,0.9986,0.0013,1,0,False,5.479877,3.58973,2.6185424
320832,0.0647,0.943,0,1,False,3.7290785,5.9230876,5.012508
320836,0.0965,0.9923,0,1,False,3.814597,1.0163262,2.1022081
320843,0.9997,0.0003,1,0,False,4.1678934,1.8909787,1.7358615
320856,0.9999,0.0,1,0,False,4.909398,4.1495166,1.4804931
321023,0.9757,0.0243,1,0,False,5.980855,2.662927,2.0619476
321147,0.0,0.0323,0,0,True,8.728089,13.935554,9.158016
321149,0.0,0.0324,0,0,True,8.721648,13.925877,9.179731
322053,0.9999,0.0001,1,0,False,5.1919494,3.3780608,1.6856929
322067,0.3151,0.7018,0,0,False,6.53466,9.973266,7.037935
322855,0.9903,0.9486,1,1,False,6.7653737,4.8685617,2.441945
323118,0.9995,0.0,1,0,False,5.4227586,4.4942317,1.433469
324685,0.666,0.6698,0,0,False,7.4355817,19.389826,7.091936
324900,0.9544,0.0456,1,0,False,5.3799405,2.6335874,2.0476377
325111,0.0229,0.9867,0,1,False,9.688039,17.070011,6.3666787
325113,0.7942,0.3121,0,0,False,6.320258,8.671257,5.5592813
325445,0.9925,0.0891,1,0,True,6.124816,15.611682,7.098783
325446,1.0,0.0001,1,0,True,5.9545164,10.914266,5.9823084
325447,0.9744,0.0309,1,0,True,2.0221238,-2.797201,5.255679
325676,0.9999,0.0001,1,0,False,4.866862,4.323167,1.4692242
325678,0.055,0.9828,0,1,True,7.311723,18.074812,6.801924
326202,0.4314,0.5235,0,0,False,8.128869,12.062446,6.7786627
326489,0.9964,0.0036,1,0,False,5.3016233,3.0554917,1.7330403
326574,0.2916,0.9951,0,1,False,10.02681,5.2310348,3.9897904
326811,0.0022,0.9987,0,1,False,11.10239,19.173124,6.679295
326941,0.9703,0.6735,1,0,False,6.951849,3.5671713,2.6090271
327280,0.0723,0.96,0,1,False,9.552932,16.865173,6.3268676
327387,0.6532,0.3923,0,0,False,6.286203,9.341716,6.328954
328430,0.948,0.0093,1,0,False,6.009217,4.760345,1.7463624
328614,0.0485,0.0014,0,0,False,5.0977015,3.5666554,2.35038
328615,0.9973,0.0027,1,0,False,4.540623,2.5402625,1.5564853
328668,0.9998,0.0002,1,0,False,4.161416,1.9781315,1.7292275
328670,0.6465,0.3272,0,0,False,2.1157756,1.2806379,2.6146948
328671,0.647,0.3269,0,0,False,1.975513,1.3353035,2.5175834
329164,0.8958,0.1053,0,0,False,5.051159,5.5561137,2.1122363
329288,0.8643,0.3973,0,0,False,5.6880445,9.327409,5.9822855
329289,0.8645,0.1841,0,0,False,6.4839783,10.879197,6.1725564
329290,0.0026,0.9984,0,1,False,10.40231,18.516867,6.6511126
329376,0.0571,0.9825,0,1,True,7.2666526,18.07385,6.7886295
329639,0.9999,0.0001,1,0,False,4.3917255,3.1769173,1.1856109
329641,0.976,0.8287,1,0,True,7.8359747,19.963705,7.7259803
329864,0.9998,0.0002,1,0,False,3.9713264,3.0030408,1.3920366
329886,0.9483,0.2235,1,0,False,6.9741206,11.436995,6.9413104
330396,0.9999,0.0,1,0,False,4.755533,4.3439984,1.4220953
330397,0.9991,0.0009,1,0,False,4.446191,3.2084095,1.4725499
330398,0.9997,0.0002,1,0,False,5.25998,3.9163158,1.2257981
330399,0.5698,0.9997,0,1,False,5.2470503,7.907176,5.4123583
331278,0.9996,0.0004,1,0,False,3.9711401,2.7219496,1.4402667
331627,0.9877,0.9997,1,1,False,7.3615823,3.9103642,2.0131454
331642,0.9579,0.9997,1,1,False,7.1120152,4.790028,3.0433135
332054,0.9986,0.0052,1,0,False,6.4880366,7.8330665,4.5867596
332097,0.0182,0.9896,0,1,True,7.3733644,10.127731,6.1016545
332471,0.9993,0.0006,1,0,False,4.9368496,4.8275948,1.8880275
332937,0.2875,0.9941,0,1,False,9.840429,5.8886294,4.516019
333278,0.062,0.9827,0,1,True,7.2662106,18.190744,6.8022923
333348,0.8679,0.1494,0,0,False,6.920905,7.1086755,4.561175
333751,1.0,0.0,1,0,True,4.9019384,4.785661,2.1693203
333752,0.9723,0.0356,1,0,True,1.8139129,-3.7649417,5.4716372
333753,0.9999,0.0002,1,0,True,5.0935535,7.610743,4.8223157
333754,0.2763,0.8922,0,0,False,7.3733134,17.59175,6.7822
333759,0.9855,0.0273,1,0,True,5.8796387,8.406048,6.133618
333760,0.9889,0.9634,1,1,True,7.53828,12.445213,6.729358
333761,0.9883,0.869,1,0,True,2.2594295,-2.372192,5.041743
333762,0.9906,0.0159,1,0,True,7.5649524,12.570658,7.1409755
333763,0.9958,0.0338,1,0,True,8.481908,14.188166,6.710651
333764,0.977,0.0179,1,0,True,7.7907805,12.516124,6.953363
333765,0.9825,0.0293,1,0,True,5.7562437,8.7114,6.275075
333766,0.9813,0.0464,1,0,True,8.721536,17.110432,6.981703
333767,0.9664,0.0541,1,0,True,8.542366,16.527542,7.041557
333769,0.9851,0.0439,1,0,True,8.587673,14.000112,6.7112513
333770,0.9815,0.0134,1,0,True,6.4370093,9.557417,5.6149626
333771,0.9991,0.0033,1,0,True,2.123851,-2.2262034,5.0816073
333772,0.9723,0.037,1,0,True,1.6948769,-3.6857631,5.3377867
333920,0.3417,0.5133,0,0,False,7.516908,8.144905,5.3554645
333923,0.9727,0.0369,1,0,True,1.7343835,-3.2754211,5.198667
333924,1.0,0.0,1,0,True,4.7575645,4.520796,1.557433
333930,0.9999,0.0001,1,0,True,4.0975356,1.7609066,2.0288508
333931,1.0,0.0,1,0,True,4.822294,4.2291155,1.5452548
334203,0.9897,0.0081,1,0,True,5.1955695,8.904516,6.2059712
334204,1.0,0.0,1,0,True,4.338571,3.0157228,1.3787907
334208,0.9961,0.0072,1,0,True,6.591651,10.096469,6.9518843
334209,0.9999,0.0001,1,0,True,3.8766837,1.6562134,2.0981843
334210,0.9838,0.0085,1,0,True,5.6233873,8.861439,5.8570395
334778,0.6457,0.3277,0,0,False,2.3660421,1.5414896,2.3771226
334856,0.9999,0.0006,1,0,False,8.70055,4.5244756,3.4269254
335103,0.0644,0.9355,0,1,False,3.4152763,0.8909363,3.177743
335187,0.3536,0.9941,0,1,False,5.2562904,6.2179537,4.205754
335204,0.9811,0.0189,1,0,False,4.9870305,4.2057614,1.2991767
335404,0.002,0.9988,0,1,False,11.226098,19.395557,6.620158
335797,0.9251,0.0762,1,0,False,5.4366446,4.1704,1.4264351
335963,0.9749,0.0251,1,0,False,4.430204,3.3735578,1.3612909
336486,0.9936,0.0061,1,0,False,4.048176,2.107288,1.8383731
336619,1.0,0.0064,1,0,True,7.133533,24.891148,7.7043724
336639,0.9008,0.0992,1,0,False,4.7268324,3.6557145,1.3102359
336959,0.5869,0.2677,0,0,False,6.570441,8.375616,5.6218777
336960,0.1358,0.8712,0,0,True,2.3451762,-2.41059,5.349797
336961,0.0333,0.9719,0,1,True,7.6793303,10.203895,5.938074
337042,0.9743,0.0696,1,0,True,7.462862,19.931383,7.399527
337043,0.9944,0.0042,1,0,True,5.7147107,7.439059,4.822757
337051,0.9777,0.9381,1,1,True,5.834713,8.569938,5.9422016
337823,0.0021,0.9988,0,1,False,11.218519,19.192747,6.38179
337824,0.9132,0.1028,1,0,False,6.354569,10.460999,6.338409
337826,0.0043,0.9974,0,1,False,9.688437,17.387308,6.556641
338079,0.0138,0.9782,0,1,True,4.8213654,7.314553,6.3039947
338101,1.0,0.0,1,0,False,4.640262,2.3723729,2.125444
338102,0.9349,0.065,1,0,False,5.1440754,3.224054,1.7598659
338103,1.0,0.0,1,0,False,4.7372403,2.1430573,2.374296
338105,1.0,0.0,1,0,False,4.8882947,2.3361661,2.2004185
338106,0.9974,0.0026,1,0,False,5.2337127,3.9843564,2.1067722
338107,1.0,0.0,1,0,False,4.746243,2.2413487,2.1898937
338108,0.7033,0.7397,0,0,False,7.5856366,19.58205,7.2860117
338110,0.635,0.2693,0,0,False,4.433813,2.7425036,1.4042863
338323,0.993,0.0088,1,0,True,7.1730933,10.630419,6.7395115
338324,0.9733,0.036,1,0,True,1.6472799,-3.9323208,5.4056654
338326,0.9614,0.0387,1,0,True,8.353133,13.301865,6.603155
338327,0.9847,0.0161,1,0,True,7.326195,11.346818,6.5550537
338903,0.6205,0.1143,0,0,False,5.5721993,8.440062,5.825651
339420,0.9992,0.0008,1,0,False,5.1487603,1.9763283,2.4080431
339965,0.1714,0.9169,0,1,False,8.938409,15.708239,6.408305
340016,0.8161,0.9958,0,1,False,7.20516,5.5271873,3.2252462
340017,0.9996,1.0,1,1,True,7.307909,4.34453,2.7934518
340054,0.7563,0.9429,0,1,False,4.472612,1.6058652,3.0307739
340907,0.9634,0.9837,1,1,False,11.105408,4.625395,4.399843
340921,0.6883,0.2783,0,0,False,6.025133,9.057635,6.122192
341053,0.5048,0.4449,0,0,False,6.2337728,9.202073,6.8501873
341167,0.9996,0.0004,1,0,False,4.933037,4.916079,2.2827413
341730,0.1307,0.8747,0,0,False,5.6324797,5.7500687,3.222917
342409,0.9052,0.1148,1,0,False,5.6323223,6.562598,3.026126
343516,0.7872,0.2128,0,0,False,5.7879868,3.4500623,2.0184345
344021,0.2621,0.9999,0,1,False,6.1543016,4.9823966,4.5251083
345198,0.8366,0.1644,0,0,False,3.7112463,0.93756235,2.4235897
345201,0.8688,0.1311,0,0,False,4.579301,3.4544475,1.3640507
345250,0.5392,0.4634,0,0,False,8.466996,7.8272715,4.7763557
345585,0.9181,0.0834,1,0,False,3.5306053,0.90841275,2.5641332
345922,0.0,0.0,0,0,False,2.2425146,1.3014936,1.628408
346882,0.9927,0.0073,1,0,False,3.8251848,2.304074,1.5041535
346883,0.9771,0.0176,1,0,False,2.985476,1.5399303,2.0173435
346884,0.9579,0.0417,1,0,False,3.3630846,2.0854952,1.8361828
347219,0.9741,0.0259,1,0,False,5.065212,4.277774,1.467313
347324,0.9463,0.998,1,1,False,8.563403,3.7666962,2.8512416
347325,0.0982,0.9831,0,1,False,5.424707,4.125523,2.5248885
347327,0.9982,0.0012,1,0,False,5.5977664,4.827965,1.6485504
347329,0.5984,0.9988,0,1,False,7.02507,3.339183,2.7879512
347962,0.0,0.0,0,0,False,2.0016527,1.1054691,1.5501012
347966,0.0,0.0,0,0,False,1.8708292,1.2547703,1.4349848
348008,0.0,1.0,0,1,True,3.9372284,2.6919825,3.4859383
348011,0.0027,0.0752,0,0,True,3.3874896,0.85540265,3.2122948
348015,0.9863,0.0148,1,0,False,3.6613598,1.4366922,3.075344
348058,0.968,0.9997,1,1,False,6.504938,3.7795968,3.5742066
348137,0.8786,0.1249,0,0,False,9.7735405,3.7767985,3.0336518
348296,0.319,0.6811,0,0,False,5.75115,3.99274,1.8164846
348823,0.9904,0.0019,1,0,False,5.8512645,4.845016,2.0336645
349370,0.3557,0.6368,0,0,False,8.378686,13.615918,6.5847125
349563,0.3878,0.6972,0,0,False,8.382306,12.128171,6.572834
349564,0.6381,0.4597,0,0,False,7.890499,10.233524,6.0837927
349681,0.9752,1.0,1,1,False,7.369781,4.402174,2.8264916
351073,1.0,0.9987,1,1,True,7.04191,3.769143,4.470562
351426,0.8322,0.1739,0,0,False,5.5746317,7.6513834,5.531322
351427,0.0205,0.9847,0,1,False,5.1998906,5.5715938,3.0684748
351428,0.6934,0.4062,0,0,False,7.336577,10.010724,6.951194
352248,0.4333,0.9296,0,1,False,5.3717904,2.4132795,3.943333
352770,0.0517,0.9831,0,1,True,7.60638,17.874218,6.833446
352882,0.4309,0.9267,0,1,False,6.3388133,4.8560343,2.217757
353145,0.0643,0.0143,0,0,True,5.552909,9.060978,6.31952
354090,0.6213,0.5916,0,0,False,9.272873,17.424187,6.806458
354328,0.9956,0.0044,1,0,False,4.4672465,2.3510206,2.1585157
356114,0.9563,0.9764,1,1,True,7.490609,18.890331,6.9412327
356862,0.9905,0.006,1,0,False,4.616719,3.288451,2.7897227
358764,0.9551,0.0577,1,0,False,5.7832656,7.3327885,5.6493673
358769,0.817,0.4814,0,0,False,8.383565,18.975866,7.4107323
359919,1.0,0.3477,1,0,False,5.8467193,11.523691,5.53865
359987,0.9946,0.0053,1,0,False,4.0889096,1.9767574,1.4350249
360397,0.6837,0.2209,0,0,False,7.945459,11.069272,6.3939943
360398,0.8947,0.1067,0,0,False,2.9854462,1.1504419,2.5294054
360580,0.0,0.0,0,0,False,11.15774,20.68281,3.1259093
362398,0.1221,0.6406,0,0,False,5.324253,3.4479733,2.3661451
362399,0.1613,0.6202,0,0,False,4.969194,3.583826,2.0960279
362692,0.979,0.0209,1,0,False,3.790902,2.738838,1.1755867
362693,0.9118,0.0882,1,0,False,3.689658,1.0441909,2.2642455
362784,1.0,0.0328,1,0,True,4.675837,9.075678,5.2984853
362830,1.0,0.282,1,0,False,5.835561,11.554822,5.5800724
363555,0.2865,0.7257,0,0,False,2.760515,0.7178913,2.8580246
363745,0.4522,0.6537,0,0,False,9.380874,17.734486,7.019597
365048,0.4671,0.5329,0,0,False,4.922612,4.1833515,1.7107866
365150,0.3658,0.6764,0,0,False,8.335536,12.035503,6.485575
365327,0.5266,0.9837,0,1,False,9.142794,5.474345,4.1902137
365523,0.0045,0.9973,0,1,False,9.794575,17.500328,6.5157146
366686,0.9308,0.0602,1,0,False,2.6650114,3.4915347,2.2663302
367061,0.0022,0.9987,0,1,False,11.154506,19.287067,6.6220345
367121,0.3941,0.6709,0,0,False,6.9908905,9.923012,6.250549
367301,0.0845,0.9155,0,1,False,5.236301,3.9521036,1.5996186
367682,0.9406,0.0531,1,0,False,4.4893036,7.2801576,5.5533752
368620,0.8217,0.1732,0,0,False,2.7630646,-2.6317089,5.7083497
368735,0.7257,0.0654,0,0,False,4.1068506,1.8958458,1.7933534
368736,0.7722,0.0543,0,0,False,6.338369,8.376388,5.291907
369257,0.9415,0.0023,1,0,False,4.2297997,2.4900954,2.3432662
369584,0.6172,0.4478,0,0,False,7.9283223,11.073702,6.770289
369752,0.9515,0.0488,1,0,False,3.6019986,1.0914022,2.2226362
369960,0.6928,0.2825,0,0,False,8.383283,10.971171,6.476853
370037,1.0,0.023,1,0,True,7.28883,24.92639,7.6293044
370623,0.0856,0.9771,0,1,False,10.869079,4.1221676,4.0874686
371401,0.0025,0.9985,0,1,False,11.050765,18.984217,6.700878
372457,0.989,0.0108,1,0,False,4.027026,1.476787,2.233411
373058,0.9039,0.0974,1,0,False,5.3120313,4.372107,2.1128943
373126,0.857,0.143,0,0,False,4.572908,3.3896983,1.3604387
373398,0.1828,0.8171,0,0,False,4.507924,5.0358257,1.9593663
373404,0.1289,0.9317,0,1,False,10.899327,2.4986372,5.674742
373406,0.9546,0.1562,1,0,False,9.016712,4.7399826,4.0389376
373409,0.0887,0.9786,0,1,False,11.839232,3.5852365,4.564149
373410,0.9899,0.9177,1,1,False,9.909806,4.0373654,3.7028742
373411,0.9896,0.9428,1,1,False,9.487663,4.375897,3.6035523
373413,0.9798,0.0204,1,0,False,12.129573,2.698294,3.3043618
373414,0.3113,0.9867,0,1,False,9.825884,5.800585,4.290105
373415,0.9842,1.0,1,1,False,7.581234,3.4907413,2.6543436
373862,0.9299,0.187,1,0,False,6.439512,8.0915985,5.7506733
373996,0.1666,0.8001,0,0,False,7.599327,9.857076,5.317991
375546,0.8949,0.1051,0,0,False,4.7158885,3.4428585,1.4072579
376148,0.9948,0.0052,1,0,True,4.287594,3.6267302,1.5523099
376758,0.0,0.0,0,0,False,9.367186,3.605145,21.330515
376849,0.1365,0.0067,0,0,False,3.7172408,3.1346464,1.6621054
376852,0.9751,0.0242,1,0,False,3.9840653,2.5553231,1.5509939
377462,0.0017,0.999,0,1,False,11.747375,19.877478,6.8081584
377463,0.519,0.8187,0,0,False,5.8471327,5.165871,2.2252154
377609,0.0018,0.999,0,1,False,11.331423,19.774908,6.429254
377610,0.0021,0.9988,0,1,False,11.234143,19.354065,6.598996
377611,0.0,0.0,0,0,False,11.1554785,20.690517,3.168051
378833,0.6977,0.4883,0,0,False,6.274522,4.9955697,2.283786
379081,1.0,0.0247,1,0,True,7.3192887,24.1127,7.593836
379329,0.5939,0.14,0,0,False,6.3537264,8.940097,5.366784
379529,0.9889,0.0099,1,0,False,3.9498897,2.35341,1.6724979
379728,0.0025,0.9985,0,1,False,10.879705,18.970871,6.5815997
379892,0.1794,0.8557,0,0,False,5.809631,8.243573,4.833626
380160,0.9854,0.0146,1,0,False,3.9809375,3.3726106,1.7116387
380432,0.986,0.0092,1,0,False,4.5010095,7.320334,4.9940505
380436,0.8485,0.1481,0,0,False,4.235679,3.1741765,1.1868644
380598,0.2976,0.7023,0,0,False,5.051814,3.9358926,1.4966196
380669,0.2728,0.7273,0,0,False,5.4536576,4.3059273,1.5167347
381543,0.5338,0.5141,0,0,False,6.6627207,9.948313,7.0686164
382359,0.7761,0.2208,0,0,False,4.2611737,2.9117084,1.6737305
382685,0.9626,0.0347,1,0,False,3.8443923,2.4481483,1.5256349
384359,0.787,0.2217,0,0,False,10.668673,2.0358071,3.6133616
384360,0.088,0.9786,0,1,False,11.995566,3.4898977,4.2899814
384642,0.2703,0.7211,0,0,False,4.981693,3.999875,1.5007493
384848,0.3476,0.9986,0,1,False,6.6947846,5.0177565,2.7079756
386792,0.9376,1.0,1,1,False,7.5305266,5.0126767,2.9960606
386793,0.9988,1.0,1,1,False,7.6713047,3.8603387,2.632751
387423,0.8733,0.0898,0,0,False,5.329785,6.7304916,5.291072
387909,0.9764,0.0349,1,0,False,3.5252025,0.74171174,2.1226046
388038,0.1204,1.0,0,1,False,6.2052217,7.854124,4.8724
388737,0.038,0.0209,0,0,True,7.8375707,11.260084,6.861258
389214,0.5693,0.245,0,0,False,7.4455504,8.965442,5.2746196
390157,0.594,0.6924,0,0,False,8.095762,18.999973,7.123247
390844,0.314,0.9998,0,1,False,6.4886417,4.929945,2.6600752
390845,0.8898,1.0,0,1,False,6.5012255,4.9160457,2.517509
391090,0.0,0.0,0,0,False,11.200303,20.667904,3.1125102
391228,0.8354,0.0461,0,0,False,6.4221506,9.212562,5.841545
392174,0.6488,0.484,0,0,False,7.1463237,10.8113985,6.3298564
392504,0.5347,0.4645,0,0,False,4.512969,3.7511096,1.1756743
392505,0.7494,0.251,0,0,False,4.9663134,5.948273,2.5868807
393034,0.9917,0.0029,1,0,False,5.891165,10.502974,5.9403105
393599,0.0016,0.9991,0,1,False,11.595649,20.064276,6.6421957
393767,0.127,0.873,0,0,False,4.5534773,4.9775844,1.958672
394036,0.5839,0.3938,0,0,False,4.2112474,3.0209827,1.2328161
394504,0.975,0.0573,1,0,True,7.84942,19.875378,7.7289195
395349,0.7063,0.0914,0,0,False,6.7651453,9.447926,5.4388437
396359,0.3169,0.3874,0,0,False,2.0244558,0.43819338,3.1825118
397342,0.0055,0.9945,0,1,True,4.587882,4.9778285,2.5351264
397544,0.4459,0.554,0,0,False,4.4376473,4.8039756,1.8489099
399314,0.0343,0.9949,0,1,False,5.8455114,4.7944765,1.8587625
399781,0.5191,0.4809,0,0,False,5.289804,4.087364,2.0025368
400121,0.7143,0.3765,0,0,False,8.270119,6.713026,4.327831
400122,0.3901,0.4923,0,0,False,8.346657,13.411369,6.325309
400394,0.3137,0.6729,0,0,False,5.471902,7.7554193,6.1200867
400396,0.9475,0.9994,1,1,False,4.5563025,7.3441978,4.9593806
402399,0.0533,0.9458,0,1,False,4.648064,3.586201,1.4753171
402584,0.6853,0.0971,0,0,False,6.528787,8.791513,6.256886
403905,0.3015,0.6851,0,0,False,2.064211,0.37722507,2.8476315
404196,0.6401,0.2922,0,0,False,4.3719764,3.6390753,1.4677407
404404,0.1021,0.8961,0,0,False,4.9746337,4.239019,1.4850287
405554,0.2582,0.2737,0,0,False,4.5606346,3.0558121,1.7808021
405558,0.0577,0.8045,0,0,False,4.5762444,4.4397397,1.7406958
407392,0.312,0.701,0,0,False,2.4300952,0.49956954,3.0773823
407837,0.0012,0.9993,0,1,False,11.532252,19.769371,6.552436
408681,0.9807,0.0213,1,0,True,1.8800285,-3.6567202,5.497686
409287,0.0017,0.999,0,1,False,11.661099,19.915026,6.412654
409486,0.0372,0.9629,0,1,False,5.018774,5.0664883,1.6704077
410826,0.9871,0.0258,1,0,False,3.5136888,0.93694454,1.8403752
411152,1.0,0.0132,1,0,True,4.4096026,9.120732,5.364016
411359,0.0944,0.985,0,1,False,5.4551644,4.090067,2.0185747
411854,0.2241,0.7741,0,0,False,4.718933,2.6154647,3.9576643
412688,0.0018,0.999,0,1,False,11.600873,19.645113,6.7853975
412969,0.7682,0.0844,0,0,False,6.800381,9.262028,5.7843823
413066,0.3981,0.5908,0,0,False,4.4946184,4.0020905,0.97749364
413258,0.6399,0.1219,0,0,False,7.7436705,11.20786,5.732383
414528,0.1064,0.0579,0,0,False,3.9052634,2.4635036,1.5807937
414970,0.0358,0.9999,0,1,False,6.2929087,4.6601796,1.987135
416419,0.0313,0.9999,0,1,False,7.065718,4.300211,2.3650248
417192,0.0447,0.0707,0,0,False,4.09788,4.141631,1.3273636
417194,0.0382,0.0017,0,0,False,3.5935476,3.6010041,1.3426979
417288,0.0024,0.9986,0,1,False,10.893058,18.952826,6.577211
418443,0.998,0.0019,1,0,False,6.271443,6.733655,4.16931
418827,0.6484,0.3408,0,0,False,7.696407,11.229069,6.801123
419782,0.9579,0.0,1,0,False,3.4288187,1.774341,2.1988075
420255,0.0016,0.999,0,1,False,11.337352,19.493612,6.514515
421010,0.0795,0.0089,0,0,False,4.1077056,3.1127613,1.2809274
421012,0.5171,0.5637,0,0,False,7.0796638,10.452766,6.686316
421013,0.0604,0.9399,0,1,False,4.982769,4.7714686,1.9934393
423446,0.9893,0.017,1,0,True,7.866004,11.333179,7.2198415
423447,0.9862,0.0214,1,0,True,7.840267,11.224244,7.1163344
423448,0.9914,0.0139,1,0,True,7.7405376,11.288246,7.182659
423476,0.9384,0.0,1,0,False,3.715605,2.149808,1.602787
424716,0.0037,0.0025,0,0,False,5.5407143,2.3072422,3.95116
424944,0.0,0.0,0,0,False,10.852264,0.5330056,2.88776
424947,0.0,0.0,0,0,False,11.14913,0.32153246,2.8080657
424949,0.0,0.0,0,0,False,11.259324,0.26045147,2.8250716
425009,0.0642,1.0,0,1,False,6.799762,5.0559654,2.7284186
425279,0.9596,0.1944,1,0,False,6.743254,11.257405,6.640312
425303,0.0018,0.999,0,1,False,11.3992,19.679653,6.5197515
425386,0.1903,0.2129,0,0,False,4.3031464,3.3055944,1.5465411
427315,0.0562,0.0006,0,0,False,3.3906977,3.2990367,1.3401368
427343,0.9803,0.02,1,0,True,2.5082994,-1.086167,3.90665
430048,0.9764,0.0563,1,0,True,7.8441625,19.820974,7.571058
430511,0.7896,0.1745,0,0,False,6.091945,10.101444,6.642668
430710,0.9927,0.0075,1,0,False,3.9694724,1.8402057,2.930186
430796,0.9137,0.0878,1,0,False,2.6543865,0.9467891,2.5258431
430911,0.0465,0.9516,0,1,False,5.1482115,4.743478,1.506136
431317,0.3286,0.1829,0,0,False,3.9413621,3.1356754,1.1701708
432198,0.0,0.0,0,0,False,-10.818423,9.2565,9.390686
432200,0.0,0.0,0,0,False,-10.846012,9.219788,9.367542
432201,0.0,0.0,0,0,False,-10.8215475,9.254808,9.389769
432261,1.0,0.9184,1,1,True,9.492087,16.883705,1.6660032
432370,0.9646,0.0371,1,0,False,7.286591,7.3514957,4.775571
432587,0.3886,0.1656,0,0,False,4.1292934,3.0217524,1.2242404
433357,0.2441,0.9885,0,1,False,4.269083,5.3122582,2.49649
433462,0.0462,0.0594,0,0,False,4.3685074,4.2294006,1.4000893
433832,0.9725,0.0352,1,0,True,1.8370632,-3.6292925,5.4287486
434309,0.1375,0.027,0,0,True,2.594008,-2.7391508,5.497313
434346,0.0845,0.9759,0,1,False,5.86646,4.4794927,1.7150719
435486,0.0945,0.0004,0,0,False,3.2336466,3.4224985,1.40507
435487,0.0026,0.9984,0,1,False,10.333993,18.551975,6.71332
436066,0.139,0.0525,0,0,False,3.8911726,2.7925887,1.7453201
436242,0.0,0.0,0,0,False,11.241588,20.69267,3.068791
436243,0.0,0.0,0,0,False,11.148328,20.63365,3.1709478
436246,0.0021,0.9988,0,1,False,11.165485,19.34272,6.6650877
436447,0.0748,0.002,0,0,False,3.5765529,2.3437152,2.2065651
436911,0.5812,0.2113,0,0,False,7.5208583,8.899924,5.5922036
437329,0.0157,1.0,0,1,False,6.882676,4.0453496,2.4354475
437444,0.0568,0.0019,0,0,False,4.022293,3.2871075,1.2552264
438045,0.0008,1.0,0,1,True,7.0760117,5.5531673,3.13899
438780,1.0,0.0,1,0,False,5.220537,2.1172576,2.230292
439014,0.3476,0.9998,0,1,False,6.623993,4.0570464,2.125423
439015,0.208,0.0841,0,0,False,3.8682015,3.0514731,1.3898234
439016,0.2412,0.1424,0,0,False,4.07759,3.6197286,1.702547
439491,0.8666,0.2076,0,0,False,6.863804,10.218817,6.771103
439809,0.0,0.0,0,0,False,24.549019,8.557914,7.760098
441999,0.9856,1.0,1,1,False,8.311207,3.9219363,2.7205029
442493,0.0001,0.9818,0,1,False,3.1103714,6.923864,5.0885825
442851,0.5596,0.3175,0,0,False,8.236414,11.0142975,6.6830325
443746,0.7347,0.1434,0,0,False,5.460493,8.729513,6.8446016
443876,0.2246,0.8318,0,0,False,8.740006,16.153599,6.4392247
443878,0.2441,0.8079,0,0,False,8.66119,15.792512,6.424565
444473,0.9671,0.0546,1,0,True,7.8479805,20.10122,7.866066
444859,0.0556,0.0046,0,0,False,4.4344845,3.46901,1.3035364
444860,0.0569,0.1498,0,0,False,4.376933,3.9869328,1.4862119
444861,0.9728,0.0097,1,0,False,4.9073815,7.200883,5.5524383
444862,0.3831,0.0,0,0,False,3.6378834,2.3624558,2.236635
444875,0.0365,0.0183,0,0,False,5.2039623,4.1702313,1.5322989
444876,0.0478,0.0043,0,0,False,4.1092415,4.298014,1.767376
444878,0.0001,0.9776,0,1,False,4.007572,2.4307108,2.6970906
445217,0.3216,0.0002,0,0,False,3.4194117,3.4785895,2.1583781
445227,0.0245,1.0,0,1,False,6.876336,5.7198176,3.4478776
445435,0.7536,0.1109,0,0,False,6.9181647,8.8162365,5.345523
445683,0.958,0.0,1,0,False,4.2816615,2.8152068,1.9903852
445684,0.9428,0.0,1,0,False,4.5400095,3.0944777,1.9304129
445685,0.9956,0.005,1,0,False,3.9469562,1.372324,2.8769665
445686,0.9786,0.0,1,0,False,3.6674085,1.744852,1.5443106
445688,0.0585,0.2299,0,0,False,4.981642,3.7285671,2.1695967
445692,0.0344,0.0018,0,0,False,4.345558,3.7605636,1.4132901
445693,1.0,0.0,1,0,False,3.7755246,1.5787408,2.664396
445696,0.8329,0.0,0,0,False,3.8037233,1.5924722,2.3612487
445700,0.6179,0.0001,0,0,False,3.6674073,2.3139443,1.895569
446138,0.1675,0.9987,0,1,False,6.4123545,4.7518377,2.3206067
446529,0.4242,0.6134,0,0,False,11.085614,2.9832842,3.2070434
447171,0.5422,0.459,0,0,False,7.1978526,9.632821,5.608458
447597,0.6871,0.0176,0,0,False,6.6959305,9.454329,5.6634917
447598,0.6987,0.3367,0,0,False,7.9923186,11.301742,6.041937
447600,0.0,0.0,0,0,False,11.249085,20.60473,3.0975032
447602,0.8496,0.0464,0,0,False,6.4205194,8.731779,5.1280193
447603,0.034,0.0032,0,0,False,4.568622,4.2891245,1.4538689
447604,0.0392,0.0058,0,0,False,4.186613,4.095191,1.3448986
447605,0.9971,0.003,1,0,False,3.3427446,1.1601897,2.1422539
447606,0.0503,0.0023,0,0,False,3.745552,3.7738965,1.3861046
447897,1.0,0.0,1,0,False,5.9642663,3.0062544,4.0063434
447909,0.0001,1.0,0,1,False,6.198214,2.0270317,2.6078448
448384,0.2482,0.7543,0,0,False,3.7070591,1.241026,3.1239288
451705,0.1138,0.8722,0,0,False,4.964122,4.55542,2.2400906
452475,0.3766,0.6235,0,0,False,3.5767162,1.6274599,2.6599822
452758,0.0026,0.9985,0,1,False,10.154725,18.249063,6.6529756
453050,0.3758,0.9989,0,1,False,4.819906,5.039171,2.103573
454128,0.0,0.0,0,0,False,11.066312,20.524069,3.2565584
454798,0.5993,0.1006,0,0,False,6.586388,8.780005,5.829157
455364,0.7753,0.0,0,0,False,3.4124458,2.6864262,1.4084677
455649,0.9394,0.0,1,0,False,3.4081569,1.5109541,1.9762636
457286,0.0022,0.9987,0,1,False,11.404829,19.44435,6.8104177
457382,0.6297,0.3028,0,0,False,8.207116,10.709673,6.1616874
458132,0.0511,0.0117,0,0,False,3.8908908,4.122152,1.3615023
458639,0.159,0.0058,0,0,False,5.161901,4.048543,1.6751294
459290,0.4332,0.0456,0,0,False,4.945309,5.7434487,3.0889769
459291,0.3896,0.1717,0,0,False,4.8708754,5.575526,2.859487
459305,0.7129,0.9999,0,1,False,4.9866076,6.166674,2.889958
459770,0.7858,0.9999,0,1,False,7.5192175,6.5270867,4.218302
459785,0.966,0.0582,1,0,True,8.199343,19.63425,7.692771
459949,0.0221,0.9842,0,1,False,7.4073744,9.652363,4.926026
459957,0.6058,1.0,0,1,False,6.743541,6.570547,3.6145155
460364,0.2579,0.0423,0,0,False,4.9729686,4.4423275,1.5070599
461322,0.4223,0.0222,0,0,False,4.999636,4.2705407,1.7041801
461711,0.9173,0.084,1,0,False,7.701602,7.729871,4.950648
462590,0.0001,0.9999,0,1,False,7.6553106,4.861353,3.7574995
463360,0.0024,0.9985,0,1,False,9.902988,18.098774,6.779182
463392,0.0838,0.0383,0,0,False,5.5012245,4.583422,1.8201625
463676,0.9904,0.8473,1,0,True,5.631121,15.132365,7.4981933
464980,0.9836,0.849,1,0,False,6.7575574,8.428572,5.8062005
467481,0.9897,1.0,1,1,False,8.642174,3.9497004,3.1227405
469660,0.9728,0.0,1,0,False,3.071729,0.68225414,2.5067346
470214,0.1147,0.0494,0,0,False,4.7679586,4.7654343,1.850881
470865,0.9657,0.0,1,0,False,3.3861814,1.6780554,1.7186666
471285,0.0459,0.0043,0,0,False,4.783649,4.11042,1.5320201
471498,0.0616,0.0659,0,0,False,4.881072,4.201329,1.9162551
471717,0.9664,0.0339,1,0,False,5.719448,3.7062354,2.0946426
471728,0.9287,0.0232,1,0,False,4.994347,4.0332465,1.8668832
473784,0.768,0.4015,0,0,False,8.126688,10.234579,6.032132
474454,0.1228,0.9999,0,1,False,6.4892263,5.386185,2.6542904
475178,0.9385,0.0,1,0,False,3.8621378,1.6179943,2.1054275
475777,0.9492,0.0,1,0,False,4.261123,3.1307704,1.4849229
476523,0.0,0.0,0,0,False,7.7894588,5.031599,4.871622
478550,0.0616,0.2579,0,0,False,4.7311444,4.808287,1.914347
478812,0.0,0.0,0,0,False,11.042707,20.52316,3.2358186
479058,0.0732,0.0004,0,0,False,4.075051,4.0660844,2.0463483
479060,0.2117,0.9947,0,1,False,6.2680736,4.846201,2.2605274
479713,0.0745,0.001,0,0,False,4.4810014,3.9656582,1.5866141
479952,1.0,0.0185,1,0,True,7.261171,24.846222,7.639635
480808,0.6737,0.5534,0,0,False,10.022792,4.554747,3.8135455
481147,0.6717,1.0,0,1,False,6.7878366,5.465688,3.2008293
481311,0.7226,0.2777,0,0,False,7.069948,14.237631,6.446626
481315,0.2808,0.9864,0,1,False,9.439638,7.5574646,5.008932
482822,0.2733,0.9984,0,1,False,6.6982784,3.8452601,2.1235135
483266,0.939,0.0,1,0,False,4.070967,3.1069002,1.4062797
484895,0.5873,0.5808,0,0,False,8.586229,13.746112,6.582187
484896,0.3595,0.9824,0,1,False,7.6418347,6.184888,3.9011052
485241,0.9729,0.0018,1,0,False,4.800857,4.0770397,1.8233014
485362,0.7038,1.0,0,1,False,6.2772217,5.1116776,2.950948
486809,0.6869,0.0002,0,0,False,4.50062,3.4756181,2.045498
486898,0.0,0.0,0,0,False,11.308173,20.813272,3.0085733
487155,0.2472,0.0002,0,0,False,3.8700943,3.8397706,1.5992221
487311,0.1244,0.0004,0,0,False,3.740253,4.8797426,2.1331751
487492,0.9187,0.0003,1,0,False,4.1182113,3.7446606,1.4316329
488255,0.9853,0.0664,1,0,False,6.9439054,11.808284,6.4507957
488317,0.8658,0.9978,0,1,False,5.7347264,7.077063,4.654879
489455,1.0,0.0594,1,0,True,6.8996005,19.23014,6.6865683
489460,1.0,0.8349,1,0,True,6.961149,19.074604,6.682894
489779,0.0,0.0,0,0,False,5.9376783,-2.5592797,0.4440482
489828,1.0,0.0,1,0,False,4.854045,2.3214967,2.2104135
489830,1.0,0.8085,1,0,False,6.498042,12.311445,6.1811423
490039,0.6769,0.6618,0,0,False,7.4588737,19.767122,7.230577
490711,0.9521,0.0253,1,0,False,6.1886816,9.989648,6.001563
490912,0.7299,0.3965,0,0,False,7.014964,6.2826633,4.4984527
490913,0.3454,0.3521,0,0,False,7.8090625,9.018078,5.233002
491893,0.7134,0.0,0,0,False,3.7984138,3.344554,1.4347199
493906,0.9329,0.9995,1,1,False,5.3109164,5.7477355,2.3529823
496396,0.0,0.0,0,0,False,7.801493,5.134875,4.9807615
496406,0.8649,0.1756,0,0,False,1.9461555,-2.5750024,5.0847554
496407,1.0,0.358,1,0,False,6.259661,11.71722,6.38961
496408,0.8885,0.1457,0,0,False,1.934372,-2.5521986,5.0639424
496409,1.0,0.2038,1,0,False,5.919809,11.535377,6.3394933
496807,0.8235,1.0,0,1,False,6.6035204,5.1816764,2.559044
496874,0.0004,0.9999,0,1,False,4.576001,1.4042364,2.669946
497863,0.4959,0.6207,0,0,False,7.31595,9.6965065,6.1269417
497865,0.9583,0.0,1,0,False,3.6725886,1.760444,1.7078383
498805,0.0018,0.999,0,1,False,11.212519,19.41884,6.4322596
500654,0.6225,0.0846,0,0,False,4.0518837,6.3210263,5.2924967
501328,0.002,0.9988,0,1,False,11.33739,19.522429,6.5026526
502102,0.8339,0.0695,0,0,False,6.429995,8.847862,5.4766665
503388,0.9923,0.0,1,0,False,3.4918783,1.7648776,1.8268915
504346,0.9978,0.0403,1,0,False,8.237457,3.0545177,3.0301383
504501,0.0,0.0,0,0,False,9.4682,3.5143876,21.250328
504553,0.0,0.0,0,0,False,9.45888,3.7081363,21.322338
507474,0.9585,0.0181,1,0,False,6.7942195,10.318621,6.0045977
507475,0.0017,0.999,0,1,False,11.715497,20.023733,6.4328732
507476,0.0017,0.999,0,1,False,11.415153,19.649178,6.8464513
507486,0.0055,0.0,0,0,True,3.7313004,4.0672064,1.9040544
507488,0.7386,1.0,0,1,False,7.1619954,4.7665486,2.7878025
508441,0.2517,0.9993,0,1,False,6.083796,4.848045,2.6533453
509154,0.6778,0.2107,0,0,False,8.272894,11.676633,6.4655867
509531,0.0013,0.9993,0,1,False,11.410463,19.637794,6.5443006
509532,0.0018,0.999,0,1,False,11.488231,19.941296,6.6220937
509628,0.0401,0.9963,0,1,True,8.628836,8.309584,5.0493026
509923,0.601,0.9999,0,1,False,6.043791,5.357369,2.4831772
511429,0.0,0.0324,0,0,True,8.739097,13.957238,9.209832
511430,0.0,0.0323,0,0,True,8.7378235,13.959053,9.196356
511431,0.0,0.0326,0,0,True,8.722191,13.938597,9.187361
511432,0.0,0.0324,0,0,True,8.737042,13.951462,9.190737
511433,0.0,0.0324,0,0,True,8.702337,13.9197645,9.226482
511755,0.9967,0.0013,1,0,True,3.3254545,-2.202045,5.3431296
511969,0.0892,0.9993,0,1,False,5.2962623,5.0508995,1.8862088
512792,0.7603,0.0,0,0,False,3.9069924,3.3420942,1.507256
515176,0.9821,0.9547,1,1,True,7.807877,10.355612,6.667418
515177,1.0,0.0,1,0,True,6.229664,6.721298,4.349841
515179,0.9991,0.0018,1,0,True,7.0199156,7.4623685,5.1970954
515180,0.9894,1.0,1,1,True,5.6723456,5.723109,2.823399
515320,0.6455,0.3278,0,0,False,2.5171916,1.0248306,2.3642225
515444,0.6466,0.3272,0,0,False,2.2863097,1.3793862,2.607428
515446,0.9715,0.0011,1,0,False,4.0719314,5.7698903,3.5645592
515575,0.4017,0.1161,0,0,False,6.32275,8.886149,6.258959
516541,0.0,0.0,0,0,False,8.51872,1.4810356,11.413114
516956,0.9898,0.0,1,0,False,3.9293914,1.7279303,1.9304324
518628,1.0,0.0,1,0,True,3.3936636,0.70494366,2.622824
518629,0.9976,0.0,1,0,True,3.6684446,2.7026334,1.5712171
518630,1.0,0.0004,1,0,True,3.1555948,0.32162365,2.4209645
518829,0.3295,0.9998,0,1,False,5.6389174,4.9029284,2.0740905
519016,0.9425,0.0242,1,0,False,2.3881307,2.579424,2.3751419
519350,0.0023,0.9986,0,1,False,10.978048,19.142467,6.5238137
519497,0.6029,0.4898,0,0,False,6.2370853,10.755656,6.4762173
520848,0.6042,0.8898,0,0,False,6.6414337,3.5235057,3.101214
520962,0.8292,0.1774,0,0,False,10.647514,1.901307,3.5237129
520973,0.7992,0.3719,0,0,False,7.13128,8.30851,5.563653
523909,0.6335,0.9976,0,1,False,5.9516616,5.0418468,2.6658902
524023,0.9159,0.9997,1,1,False,6.459684,5.844292,3.1021538
526118,0.737,0.0,0,0,False,3.9157114,3.1327229,1.35531
526413,0.1977,0.3274,0,0,False,7.6197457,8.706569,5.5498853
529680,0.983,0.0698,1,0,False,7.2211685,11.406338,5.9503846
529840,0.9387,0.1034,1,0,False,2.4685824,-2.143033,5.0843105
529929,0.9927,0.0005,1,0,False,5.1897144,3.6580026,3.2917368
532074,0.9313,0.0007,1,0,False,4.408997,4.1438074,2.4012964
532075,0.2819,0.9985,0,1,False,5.595242,4.800958,4.4782486
532076,0.9608,0.1646,1,0,False,7.0954027,7.785272,5.2009473
532077,0.0,0.0,0,0,False,-0.48130548,3.0301976,5.8308473
532078,0.9914,0.0056,1,0,False,5.8012133,6.778229,5.10056
532080,0.9721,0.067,1,0,False,2.2482407,-2.4712656,5.252777
533185,0.9994,0.0004,1,0,True,4.481123,8.315842,5.4360385
535898,0.8457,0.0554,0,0,False,6.9611254,9.068334,5.3297515
536079,0.9996,0.9966,1,1,True,8.551217,14.873351,6.722534
536081,0.9121,0.4969,1,0,False,8.257374,14.087213,6.298728
536084,0.9552,0.3235,1,0,False,8.571537,15.029847,6.4251275
536086,0.1343,0.9335,0,1,False,8.800859,15.227855,6.3000717
537009,0.9602,0.0,1,0,False,3.3670368,2.6723158,1.6969881
537874,0.9905,0.0,1,0,False,4.1281896,3.2505834,1.9801823
538004,0.5701,1.0,0,1,False,5.6902075,4.799565,2.3045921
538121,0.0101,1.0,0,1,True,5.831743,5.0302954,1.971083
538123,0.0,1.0,0,1,True,7.0280895,3.6640697,4.470274
538398,0.6957,0.9991,0,1,False,7.212499,3.6446764,2.8224332
538979,0.708,0.4819,0,0,False,7.1436677,4.313168,2.7528033
540064,0.0,0.0,0,0,False,17.785225,7.9848666,9.219314
540070,0.7458,0.3072,0,0,False,7.2645617,9.986471,5.863882
541865,0.9687,0.2079,1,0,False,2.7823503,0.87706727,2.046268
542343,0.9904,0.0018,1,0,False,5.3897142,3.8897765,2.28263
543152,0.9368,0.0639,1,0,False,11.752981,2.329994,3.7236888
543153,0.0007,0.9993,0,1,False,7.1476254,2.5488384,2.7885988
543876,0.0044,0.9974,0,1,False,9.995696,17.65798,6.4361596
543939,0.8456,0.136,0,0,False,3.2133975,1.1258891,2.6185918
546184,0.9799,0.0203,1,0,False,12.172103,2.7670133,3.3276062
546803,0.9712,0.5346,1,0,False,9.273715,3.5861144,3.2826433
546805,0.9893,0.9986,1,1,False,9.278916,4.0965023,3.389811
546806,0.0,0.0,0,0,False,18.208662,-2.9720695,2.4090111
546807,0.0,0.0,0,0,False,18.160307,-2.932598,2.4248667
546808,0.0,0.0,0,0,False,18.197697,-2.9641912,2.4125242
547228,0.3972,0.0008,0,0,False,3.8454332,4.786032,1.9952339
547467,0.9777,0.8423,1,0,False,6.9984393,2.8719108,2.931443
548908,0.4961,0.9749,0,1,False,6.3200626,3.5422902,2.771662
548914,0.0187,0.0178,0,0,False,7.8872027,9.496607,5.5762362
549205,0.647,0.3269,0,0,False,2.0977879,1.2770528,2.651656
549445,0.9627,0.0665,1,0,False,7.671415,2.9325213,3.0272913
549446,0.9176,0.0731,1,0,False,7.148992,3.4286115,3.5571353
551523,0.0318,0.9997,0,1,False,7.8139324,6.502298,4.2868376
551531,0.0021,0.9988,0,1,False,11.757115,20.180256,6.6009307
551790,0.7519,0.7022,0,0,False,9.227652,5.573171,3.9319766
551895,1.0,0.0,1,0,False,4.093259,2.0021484,2.1166227
552592,0.5973,0.7126,0,0,False,7.4012675,20.755486,7.356405
555387,0.998,0.0,1,0,False,2.3500755,1.0568587,2.930844
555603,0.0,0.0,0,0,False,17.605547,7.9322767,9.333957
556524,0.9902,0.0,1,0,False,3.8307652,3.2889621,1.4307619
556755,1.0,0.0,1,0,True,6.2644286,6.817165,4.4954934
556926,0.9853,0.0504,1,0,True,8.459311,19.108406,7.63824
557289,0.8149,0.497,0,0,False,7.8491178,4.396525,2.8254323
557393,0.4816,0.0,0,0,False,4.567425,2.888516,2.513877
559180,0.8377,0.2107,0,0,False,4.756809,5.129694,2.2457318
559878,0.0021,0.9987,0,1,False,9.881971,17.777842,6.6403255
560178,0.9042,0.6646,1,0,False,7.498205,12.508669,6.62461
561998,0.9896,0.9372,1,1,False,9.317801,4.393288,3.5277395
561999,0.9897,0.9487,1,1,False,9.2922735,4.4539094,3.431511
562742,0.7444,0.9854,0,1,False,6.914695,4.9039984,2.8367057
563121,0.7509,0.2304,0,0,False,6.5760303,3.9052117,3.5394287
563775,0.9906,0.0095,1,0,False,3.998858,2.0053148,3.250506
565052,0.0022,0.9987,0,1,False,11.559887,19.766201,6.4576893
565140,0.9825,0.0,1,0,False,4.323345,7.5356035,4.9647546
565537,0.97,0.0042,1,0,True,5.377491,9.165487,6.3187733
565995,0.997,0.9864,1,1,True,6.68494,8.858634,5.7640014
566270,1.0,0.0,1,0,False,6.267037,3.6025393,3.877756
566308,0.9329,0.1134,1,0,False,6.3087487,8.188421,6.077861
568209,0.6214,0.5381,0,0,False,6.1926947,4.2292156,2.1307607
568715,0.9856,0.0161,1,0,True,5.0126777,7.526319,5.904105
569195,0.2905,0.6541,0,0,False,6.7993736,6.125883,4.08228
570832,0.0,0.0,0,0,False,11.153917,20.701256,3.1553845
572239,0.4018,0.9978,0,1,False,5.5411158,4.949671,1.995035
572288,0.5638,0.0014,0,0,False,3.8647869,4.619199,2.0309105
572289,0.4764,0.8939,0,0,False,5.973524,4.768536,2.270416
572290,0.9768,0.0042,1,0,False,4.794393,4.486284,2.2391999
573174,0.998,0.0,1,0,False,4.102649,2.0217535,2.203241
573199,0.9833,0.5145,1,0,False,6.2033467,8.5535755,4.84203
573591,1.0,0.0003,1,0,False,8.995788,3.7680385,3.4067984
573615,0.8285,0.2016,0,0,False,6.024776,8.298636,5.8735447
573824,0.9998,0.8495,1,0,True,5.514592,16.081934,7.888239
573900,0.7039,0.3831,0,0,False,7.103348,10.093035,6.622252
573977,0.9735,0.8492,1,0,True,1.8989103,-3.4450142,5.341801
574040,0.841,0.0775,0,0,False,7.7348804,5.695427,4.4204264
574890,0.0027,0.9984,0,1,False,10.349367,18.291412,6.519582
575913,0.4472,0.9791,0,1,False,6.0393577,5.231986,2.7140589
575917,0.0018,0.9989,0,1,False,11.729232,19.908943,6.9689374
575918,0.9938,0.0,1,0,False,3.7123604,2.3926418,1.6514972
576352,0.9981,0.0,1,0,False,3.989456,3.1797085,1.8638773
576789,0.2209,0.7822,0,0,False,4.003497,1.3571945,2.9436183
576790,0.8149,0.0,0,0,False,4.075775,2.2911048,1.4549937
576791,0.9524,0.0009,1,0,False,4.481275,4.9469466,2.0683079
576948,0.5341,0.5794,0,0,False,8.654415,17.661013,7.1419277
577122,0.8463,0.4291,0,0,False,8.515311,14.479589,6.800393
577124,0.0017,0.999,0,1,False,11.661778,20.041668,6.8866816
578107,0.9983,0.0,1,0,False,4.0461907,2.6280298,1.6067407
578234,0.1127,0.8442,0,0,False,3.3741217,0.79123044,2.8183692
578305,0.8459,0.1344,0,0,False,6.824156,10.458406,5.947154
578361,0.9337,0.1133,1,0,False,7.736427,10.08866,6.162522
579113,0.0015,0.9991,0,1,False,11.485181,19.925196,6.5468845
580254,0.999,0.0,1,0,False,5.5104513,2.1915948,2.8018878
581037,0.7575,0.9942,0,1,False,6.8675694,5.398247,3.0155227
582345,0.6269,0.8576,0,0,False,7.14414,4.895409,2.5982792
582382,0.7946,0.2834,0,0,False,7.329027,4.5425286,2.6723487
582384,1.0,0.0906,1,0,True,6.278561,16.626965,7.815616
584892,0.9979,0.0,1,0,False,3.5972302,1.8372666,1.9301751
585059,0.9928,0.0012,1,0,False,4.903953,4.2736506,1.9206715
585060,0.0005,0.9998,0,1,True,8.126815,8.157573,4.8253765
585063,0.0134,0.9881,0,1,True,8.284965,7.5983157,4.865581
585064,0.0018,1.0,0,1,True,8.165367,6.9546385,4.711297
585066,0.0307,0.9693,0,1,True,7.655834,6.3288035,4.1147313
585067,0.0516,0.9568,0,1,True,7.927906,12.6357565,6.1488533
585068,0.0,0.9999,0,1,True,8.196336,5.994013,4.346428
585071,0.0007,1.0,0,1,True,8.326864,6.4850106,4.680069
585072,0.0015,1.0,0,1,True,8.119967,7.1208663,4.6521826
585073,0.004,0.9999,0,1,True,8.286348,7.024224,4.751488
585077,0.0,0.1956,0,0,True,7.7642636,6.7617025,4.9093914
585078,0.0,0.9658,0,1,True,7.794661,7.1381154,5.0221343
585079,0.0168,0.002,0,0,True,7.457245,10.898142,5.4440966
585080,0.0058,0.0363,0,0,True,7.9435396,13.215252,6.314073
585081,0.0023,0.0393,0,0,True,8.118082,13.580713,6.2765017
585084,0.007,0.0301,0,0,True,7.8553853,12.873977,6.2585106
585085,0.0026,0.8509,0,0,True,7.9841638,13.159302,6.269019
585087,0.1048,0.8929,0,0,True,3.5241444,-2.2587326,5.740929
585088,0.0,0.966,0,1,True,7.8452334,7.174977,5.124769
585089,0.015,0.9867,0,1,True,8.509533,15.695068,6.578164
585093,0.0,0.9675,0,1,True,7.9925113,7.8440356,5.156121
585094,0.0,0.9654,0,1,True,7.965152,6.9426374,4.9173517
585095,0.0016,0.0383,0,0,True,8.098445,13.637859,6.292241
585096,0.0042,0.0364,0,0,True,7.8753843,12.820783,6.2336893
585098,0.0,0.9726,0,1,True,7.75832,7.141505,5.1672254
585099,0.0,0.9666,0,1,True,7.7303267,7.2299094,5.056243
586468,0.9485,0.1547,1,0,False,5.848865,6.8542027,5.4027424
587347,1.0,0.0,1,0,True,3.4688976,2.5014868,1.8513215
587348,1.0,0.0,1,0,True,3.775289,2.6044838,1.9467121
587349,0.9971,0.0,1,0,True,4.435132,4.4108977,2.5246122
587350,0.9999,0.0,1,0,True,4.2575746,4.9316554,1.9167078
587351,1.0,0.0,1,0,True,3.780664,4.1347513,1.6171857
587370,0.6062,0.097,0,0,False,4.0293293,6.270697,5.317843
587620,0.0018,0.9989,0,1,False,11.59438,19.833317,6.6130195
588752,0.7763,0.0378,0,0,False,5.741384,9.459049,6.505761
590403,0.9993,0.0,1,0,False,4.423646,3.935519,1.6588935
590647,0.933,0.2164,1,0,False,6.2435117,8.101459,5.7966332
590739,0.977,0.9997,1,1,False,6.612127,3.7884219,3.676076
591160,0.0014,0.9992,0,1,False,11.467704,19.853832,6.405346
591166,0.7958,0.006,0,0,False,5.136512,4.696162,1.6487811
591487,0.9798,0.0204,1,0,False,12.109576,2.7916164,3.4003305
592206,0.995,0.0002,1,0,False,4.9131165,3.9413838,2.0368903
595895,0.7446,0.4348,0,0,False,7.6555057,10.4441,6.880096
596957,0.9591,0.0005,1,0,False,4.356591,4.365664,1.7333459
598494,0.0024,0.9986,0,1,False,9.772699,18.033047,6.759471
598747,0.8481,0.1945,0,0,False,2.2139895,-3.3105679,5.62438
602074,1.0,0.0114,1,0,True,4.2557416,9.083798,5.39196
603333,0.8658,0.2415,0,0,False,7.5571694,10.258914,6.0312552
604276,0.0026,0.9984,0,1,False,10.408831,18.612793,6.6721787
611708,0.0,1.0,0,1,True,3.6075351,6.293232,5.311145
614034,0.1371,0.9262,0,1,False,9.334234,16.606804,6.3589387
619631,0.0011,0.9994,0,1,False,11.65323,20.074205,6.613746
620894,0.0013,0.9993,0,1,False,11.622971,20.239246,6.736928
621278,1.0,0.0587,1,0,True,6.8485737,19.108984,6.6171255
622438,0.8971,0.3202,0,0,False,6.2151203,8.323342,4.7785516
626962,0.9711,0.1573,1,0,False,6.416214,2.982544,2.7002025
627087,0.9913,0.0001,1,0,False,4.3027296,7.1989484,5.0134463
627442,0.0,0.0326,0,0,True,8.593034,13.632514,8.621102
627480,0.0287,0.9788,0,1,False,8.061135,6.962528,4.364325
630199,0.9285,0.1227,1,0,False,7.2871046,4.739392,3.1567178
631267,0.8325,0.0548,0,0,False,6.677879,9.571569,5.7130575
631345,0.9987,0.0,1,0,False,3.3092318,1.6480823,1.9555676
631719,0.0,0.9342,0,1,False,6.302508,2.889485,3.0442786
634168,0.7699,0.4249,0,0,False,6.441365,4.821959,2.497197
634441,0.9944,0.0005,1,0,False,5.07467,4.894746,2.1712573
634772,0.9096,0.0003,1,0,False,4.6516957,4.6376195,1.9664372
635076,0.9995,0.0,1,0,False,3.6524384,4.8421507,2.3641508
637730,0.0,0.0,0,0,False,7.3141494,3.5675547,3.7968254
638313,0.9976,0.9729,1,1,True,5.5986385,8.481424,5.806557
638358,0.9462,0.0691,1,0,False,6.4944015,3.3180172,2.9619908
638660,0.681,0.2665,0,0,False,8.183316,10.995784,6.0675163
640136,0.9995,0.0,1,0,False,3.618652,2.2943401,1.6695558
640897,0.8554,0.9561,0,1,False,6.2735434,6.7971034,4.1623054
641487,0.9908,0.0,1,0,False,4.429824,2.0584428,3.180777
641832,0.9971,0.0,1,0,False,4.1479335,3.853759,1.9368988
642022,0.0194,0.0314,0,0,True,8.324799,13.659168,6.8450093
642111,0.0002,1.0,0,1,False,6.068141,2.401374,2.4740934
642251,0.9149,0.1857,1,0,False,7.2462144,5.3031597,2.9522302
642252,0.0268,0.8702,0,0,False,7.1462674,8.552577,5.178289
642253,0.9959,0.0094,1,0,False,3.3584762,1.214602,2.2116983
642254,0.9997,0.0,1,0,False,3.9876254,2.6833234,2.0178623
642255,0.9537,0.0,1,0,False,4.9450455,6.9122906,4.0286984
642256,0.9918,0.0,1,0,False,4.1974664,4.0427313,1.4800869
642257,0.9317,0.0661,1,0,False,5.9976945,4.7892313,2.2864068
642258,0.9982,0.0,1,0,False,3.8070276,4.249345,1.6202495
642259,0.9969,0.0001,1,0,False,4.329093,3.6839883,1.6629063
642260,0.9984,0.0,1,0,False,3.4301941,1.7418388,2.289514
642478,0.998,0.0001,1,0,False,4.074878,4.0947285,2.1080606
642493,0.0016,0.9991,0,1,False,11.30605,20.004562,6.5736117
642926,0.9902,0.0001,1,0,False,4.2949667,4.4444995,2.103586
643132,0.9903,0.0086,1,0,False,7.422387,7.6669827,4.641289
644007,0.3054,0.6757,0,0,False,1.6196635,0.42067742,3.3297544
644563,0.9881,0.0002,1,0,False,4.4644876,4.7100782,1.8911383
644609,0.5973,0.3051,0,0,False,8.100234,11.322878,6.5276966
644610,0.5091,0.15,0,0,False,7.510289,9.287069,5.817048
645161,0.8579,0.1808,0,0,False,1.8696516,-2.7629738,5.109722
645664,0.2552,0.7957,0,0,False,4.9625955,1.5062568,3.1982384
645687,0.9842,0.0181,1,0,True,5.6256332,8.126098,6.1345716
646010,0.9977,0.0001,1,0,False,4.506943,4.4721737,1.6930314
646413,0.9937,0.0,1,0,False,3.368161,2.3136957,1.912533
647294,0.9992,0.0,1,0,False,4.1163874,3.3131204,1.2172998
648017,0.9933,0.0,1,0,False,3.1641426,1.3625075,1.903198
648801,0.1795,0.9134,0,1,False,9.19061,16.28091,6.3260403
648998,0.9989,0.0,1,0,False,3.5245557,4.114831,1.636655
649688,0.0808,0.9765,0,1,False,12.281789,4.21503,4.637095
649996,0.0022,0.9987,0,1,False,11.06686,19.2466,6.4953685
651134,0.839,0.0735,0,0,False,7.9045115,5.374756,4.5340486
651580,0.9839,0.0522,1,0,True,8.464029,19.031082,7.5813417
651733,0.0002,0.0008,0,0,True,8.562101,9.478404,5.4350333
652717,0.0578,0.966,0,1,False,9.496347,17.046824,6.524016
652718,0.0027,0.9984,0,1,False,10.317345,18.190908,6.4987226
652810,0.9722,0.0295,1,0,True,7.2702837,11.771553,6.714764
653358,0.0026,0.9984,0,1,False,10.091938,17.849977,6.516211
654422,0.5772,0.0,0,0,False,4.1938605,5.026915,2.2242785
655097,0.8422,0.9489,0,1,False,6.230089,5.3961515,2.916693
655098,0.6858,0.2476,0,0,False,8.529232,10.917406,6.4086256
656028,0.0,0.0,0,0,False,3.8535593,6.023096,3.2429302
656190,0.8016,0.0011,0,0,False,5.8938437,3.8464732,2.456764
658048,0.9369,0.9475,1,1,True,7.8685412,19.548195,7.436516
658401,0.8965,0.1521,0,0,False,6.68279,4.95769,2.3437772
658904,0.9157,0.0047,1,0,False,5.98363,5.054197,2.3480082
659497,0.8718,0.0,0,0,False,4.3291626,3.2366412,1.6078994
659660,0.8582,0.0003,0,0,False,5.259872,4.3863993,2.1754303
661101,0.9808,0.0,1,0,False,4.051462,3.4743664,2.121238
661505,0.5891,0.0105,0,0,False,6.4122586,10.124822,6.047667
662596,0.999,0.0,1,0,False,3.385958,4.065616,1.4727646
663237,0.987,0.0,1,0,False,3.224717,1.6129783,2.2523003
663241,0.9948,0.0,1,0,False,3.6006434,2.4862647,2.0592787
663282,0.7327,0.4263,0,0,False,5.7214108,8.4882555,5.4011793
663553,0.0929,0.9777,0,1,False,11.923117,3.5234847,4.5475426
663554,0.1253,0.9345,0,1,False,11.153242,2.5448565,5.645354
663560,0.0895,0.9784,0,1,False,11.885883,3.552555,4.5198274
664785,0.7802,0.1063,0,0,False,5.7588816,4.7821717,2.7914665
664980,0.0018,0.999,0,1,False,11.658318,20.006826,6.624337
665032,0.8298,0.346,0,0,False,8.277118,10.581929,6.4182982
665033,0.451,0.0,0,0,False,4.973491,2.9692683,2.8864222
665887,0.7294,0.2754,0,0,False,4.000518,1.2815435,1.5645893
666144,0.1738,0.9176,0,1,False,9.364843,16.265612,6.231688
666635,0.9777,0.0,1,0,False,3.5195189,2.4718926,1.6920134
666859,0.9816,0.0034,1,0,False,4.7752166,4.6400313,1.8264816
666961,0.8672,0.5826,0,0,False,6.59937,8.806239,5.4300156
666962,0.9955,0.0,1,0,False,3.7022703,2.7196872,1.8214682
667093,0.059,0.9476,0,1,False,4.946279,2.1424088,3.8102407
667119,0.9892,0.0666,1,0,False,6.709,11.537458,6.3293204
668618,0.9888,0.0,1,0,False,3.4940045,1.2631452,2.1269097
669008,0.8083,0.0,0,0,False,4.5744877,4.105632,1.9741099
669875,0.5104,0.0,0,0,False,6.100583,3.447814,2.46428
670251,0.9505,0.1125,1,0,False,6.3540854,10.482905,6.390218
670252,0.6609,0.0,0,0,False,5.7600675,4.3076005,2.1214004
671095,0.0019,0.9989,0,1,False,11.208097,19.499084,6.6728106
671126,0.692,0.0,0,0,False,5.593995,4.562886,2.3817732
673323,0.9981,0.0013,1,0,True,7.55512,11.609965,6.7533913
673375,0.9506,0.0009,1,0,False,7.2101974,4.351518,2.7625158
673376,0.9675,0.2223,1,0,False,2.7436569,0.7287905,2.0955248
673515,0.9662,0.2337,1,0,False,7.304936,9.060723,5.5434103
673832,0.6336,0.731,0,0,False,1.9516478,0.95217633,2.7754562
673835,0.5577,0.7407,0,0,False,2.0061178,0.841661,2.651301
673837,0.5979,0.7442,0,0,False,2.1355903,0.85080224,2.5875568
673839,0.9974,0.0,1,0,False,3.0929797,1.676943,2.1643693
674081,0.9447,0.0009,1,0,False,6.2128525,5.76827,3.0556977
674082,0.0,0.0,0,0,False,4.7808886,5.1274014,8.925637
674086,0.9997,0.0003,1,0,True,6.5282445,7.3420177,5.0333757
674093,0.9992,0.0,1,0,True,5.5300627,4.2906494,3.067136
674953,0.858,0.0002,0,0,False,5.7459807,4.579904,2.250577
674954,0.9817,0.0062,1,0,False,5.6236153,4.5671587,2.1570666
674971,0.7888,0.0,0,0,False,4.2223372,3.2380497,1.9133168
674983,0.9749,0.0085,1,0,False,7.0705357,2.984925,3.1801941
674996,0.0013,0.9992,0,1,False,11.563144,20.177008,6.646819
675077,0.7839,0.0,0,0,False,4.274723,3.8878615,1.7238619
675833,0.27,0.0,0,0,False,5.2552996,4.1264567,1.586547
676234,0.9889,0.0005,1,0,False,6.4048915,6.0654655,3.5086188
679536,0.9322,0.0296,1,0,False,6.7602487,10.341103,5.7907505
680112,0.6886,0.0,0,0,False,4.6076865,3.0718348,2.305813
681518,0.0022,0.9987,0,1,False,11.1625805,19.376053,6.71282
682382,0.0,0.0,0,0,True,5.3332753,6.2594624,3.882627
683172,0.9937,0.0033,1,0,True,6.1791983,9.366169,6.2946014
683174,0.991,0.0086,1,0,True,4.8157125,6.934084,5.7081904
683179,0.7594,0.0,0,0,False,6.467789,3.4682336,2.8310928
685443,0.3884,0.4095,0,0,False,7.8130884,11.886781,7.0261297
685892,0.4545,0.5566,0,0,False,6.9012103,2.8771935,4.9091163
685899,0.7284,0.2599,0,0,False,5.923811,8.117233,5.331513
686262,0.3494,0.6467,0,0,False,4.0230174,7.479049,5.803517
686439,0.9958,0.0001,1,0,False,6.9661283,5.741927,3.4323926
687340,0.9824,0.9107,1,1,True,10.078607,15.810318,7.3641033
687341,0.9835,0.9089,1,1,True,9.948419,15.849884,7.3191867
687342,0.9822,0.9112,1,1,True,9.968626,15.567266,7.050959
687343,0.9816,0.9098,1,1,True,9.851284,15.497064,7.259413
687344,0.8621,0.2498,0,0,False,9.719435,15.688724,7.2346907
687345,0.9885,0.0265,1,0,True,9.836936,15.395952,7.055221
687346,0.9821,0.0299,1,0,True,9.913357,15.72962,7.1391706
687347,0.9825,0.0288,1,0,True,9.892796,15.767619,7.261505
687348,0.7038,0.2676,0,0,False,9.966708,15.5515995,7.119685
687349,0.9828,0.0297,1,0,True,9.94745,15.595566,7.1948204
687350,0.862,0.2617,0,0,False,9.893935,15.554903,7.2382073
687351,0.9825,0.0299,1,0,True,9.802185,15.39155,7.0348015
687352,0.8079,0.2803,0,0,False,9.923918,15.704576,7.186738
687353,0.2596,0.1028,0,0,False,9.879453,15.394715,7.069541
687354,0.9842,0.03,1,0,True,9.927149,15.75669,7.3018
687355,0.9985,0.0045,1,0,True,10.00283,15.823914,7.2796664
687356,0.9832,0.03,1,0,True,9.977269,15.683277,7.2577095
687357,0.9825,0.0288,1,0,True,9.926234,15.94895,7.47192
687358,0.9831,0.0301,1,0,True,10.044555,15.751649,7.315565
687359,0.8821,0.8699,0,0,False,9.284957,14.509463,6.6679993
687360,0.2355,0.1698,0,0,False,9.415765,14.942752,6.7244015
687361,0.854,0.2571,0,0,False,9.948311,15.631366,7.2128916
687362,0.853,0.2348,0,0,False,10.038625,15.626249,7.179415
687363,0.6897,0.2489,0,0,False,9.650648,15.568164,7.0160728
687364,0.9999,0.9997,1,1,True,9.118205,13.832043,6.3734827
687365,0.9861,0.9366,1,1,True,9.997921,15.735662,7.333128
687366,0.9877,0.0279,1,0,True,9.872167,15.506522,7.0777454
687367,0.9837,0.0302,1,0,True,9.936178,15.576714,7.16596
687368,0.839,0.2687,0,0,False,9.8578825,15.433854,7.1143365
687369,1.0,0.0034,1,0,True,9.980115,16.469814,2.2603512
687370,1.0,0.0017,1,0,True,10.157988,16.396694,2.3798497
687371,1.0,0.0039,1,0,True,9.720332,16.313028,2.462682
687372,1.0,0.9581,1,1,True,9.364692,15.62824,2.9646788
687373,1.0,0.005,1,0,True,9.981574,16.47715,2.2913306
687374,1.0,0.0121,1,0,True,9.483047,15.867612,2.728344
687375,1.0,0.0137,1,0,True,9.473476,15.465605,2.812815
687376,1.0,0.0043,1,0,True,10.094681,16.341185,2.4143603
687377,1.0,0.0864,1,0,False,10.110802,16.567442,2.2478182
687379,1.0,0.0002,1,0,True,9.2780695,17.290123,1.0596908
687380,1.0,0.0001,1,0,True,9.246971,17.203997,1.1546766
687382,0.6961,0.1208,0,0,False,7.496117,10.075128,5.8128977
687383,0.5158,0.6665,0,0,False,7.967538,10.383099,5.7341385
687384,0.8998,0.8877,0,0,False,8.846167,13.543505,6.2111754
687385,0.8144,0.1285,0,0,False,8.221407,11.897243,5.9742813
687386,0.899,0.6212,0,0,False,6.375655,7.8477783,4.378305
687387,0.8314,0.5612,0,0,False,6.3002043,8.197342,5.7551064
687803,0.9341,0.0,1,0,False,4.872731,3.3948085,3.5135472
687917,0.9664,0.0015,1,0,False,7.435417,3.302037,2.675699
687918,0.991,0.0095,1,0,False,8.970107,3.3382103,3.9371095
688436,0.1675,0.7987,0,0,False,7.508576,10.416068,6.418538
688540,0.0026,0.9984,0,1,False,10.371027,18.431883,6.628075
688699,0.0205,0.019,0,0,True,7.8170557,12.178139,7.1282706
688701,0.903,0.0,1,0,False,6.2268667,3.6227753,2.6272182
689403,0.9671,0.0568,1,0,True,8.136779,19.31296,7.59202
689414,0.0,1.0,0,1,False,6.5518064,1.9739287,2.9414651
691318,0.9781,0.0,1,0,False,4.209668,4.0978994,1.9609916
691963,0.2803,0.6437,0,0,False,8.599571,9.618554,5.546013
691964,0.9879,0.0001,1,0,False,7.0965195,5.2799907,3.0096138
691965,0.9554,0.0,1,0,False,6.3771005,4.1058726,2.6247802
691966,0.9946,0.101,1,0,False,8.606507,3.5477855,3.0191276
692069,0.5877,0.0,0,0,False,5.4380894,4.3591146,2.2239137
693272,0.9432,0.7275,1,0,False,2.4037225,0.326804,3.0079365
693419,0.912,0.3764,1,0,False,6.5366364,8.323904,6.276603
693627,0.996,0.0,1,0,False,3.395258,1.6657366,1.658834
693628,0.9783,0.0,1,0,False,3.5272315,2.6805317,1.8861694
693629,0.9204,0.0,1,0,False,3.582309,3.9644384,2.1127298
693892,0.9476,0.4786,1,0,False,8.466562,14.5012045,6.3260627
693894,0.0029,0.9983,0,1,False,10.558906,18.43186,6.5529976
693897,0.9656,0.0,1,0,False,3.16962,5.0545344,2.5964112
693998,0.8156,0.0001,0,0,False,4.050879,5.07647,2.4918113
693999,0.9675,0.0537,1,0,False,5.57071,8.089455,5.0913444
694001,0.9827,0.0004,1,0,False,6.0951977,6.781143,4.094578
694003,0.1142,0.9118,0,1,True,7.8780084,19.752048,7.474357
694006,0.925,0.4394,1,0,False,6.119557,9.002615,5.788593
694007,0.9948,0.0,1,0,False,3.6534486,4.5718126,1.790882
694008,0.931,0.0004,1,0,False,5.3804345,4.9532576,2.0560522
694009,0.9919,0.9403,1,1,True,8.236805,16.738098,6.948309
694014,0.0382,0.9744,0,1,True,8.408824,16.601671,6.743454
694015,0.4598,0.0,0,0,False,4.5574865,4.4764595,2.3174205
694581,0.5773,0.0,0,0,False,4.0299344,2.96691,1.8923823
696069,0.2785,0.9681,0,1,False,6.2821355,6.516274,4.9479694
696472,0.9651,0.0,1,0,False,3.7719693,3.4181914,1.8112439
696746,0.9978,0.0026,1,0,True,3.7238817,1.7028815,2.7273004
696863,0.8965,0.0004,0,0,False,4.7360144,5.33568,2.3239112
697192,0.8528,0.0606,0,0,False,7.7122664,5.130296,4.6534295
698400,1.0,0.9997,1,1,False,5.6917267,2.722162,3.0386114
698486,0.0,0.0,0,0,False,7.3024545,3.4208612,2.4619734
698487,0.0,0.0,0,0,False,7.3996572,3.4117703,2.5969183
698488,0.0,0.0,0,0,False,7.3432817,3.316984,2.5696244
698489,0.0,0.0,0,0,False,7.19897,3.523444,2.5609596
698672,0.8718,0.0154,0,0,False,5.242887,5.4355607,2.316406
698728,0.8454,0.0,0,0,False,3.820388,2.4378397,1.7628907
699370,0.3183,0.6534,0,0,False,1.8632123,0.2823611,3.167062
700512,0.7715,0.0,0,0,False,3.991657,3.7113159,1.9631203
700939,0.2951,0.7241,0,0,False,4.319943,1.3610244,3.2543058
701456,0.0,0.0,0,0,False,17.47089,7.818242,9.074043
706525,0.6284,0.0,0,0,False,4.320629,4.9497414,1.9910634
706526,0.8122,0.0,0,0,False,4.9012084,5.179123,2.6376803
706527,0.974,0.7744,1,0,False,5.5597415,7.8893213,5.0231757
707546,0.7517,0.0,0,0,False,3.7482462,2.7088969,2.0448008
707757,0.9999,0.0,1,0,False,4.9999022,2.6848307,4.5424848
709484,0.9995,0.0,1,0,False,3.5946298,1.9312611,2.8200066
710112,0.9015,0.1002,1,0,False,7.7640734,3.94071,3.2595189
711470,0.2422,0.9707,0,1,False,9.76335,6.1326165,3.2701252
712037,0.877,0.1192,0,0,False,4.5530367,6.7107034,5.4443655
713089,0.9799,0.0,1,0,False,3.6764355,2.0234668,1.9086707
713091,0.1779,0.8927,0,0,False,9.304655,16.972773,6.5927763
713092,0.0,0.0,0,0,False,10.99821,20.731522,3.3363307
713949,0.0013,0.9992,0,1,False,11.74199,20.336355,6.642201
714308,0.0027,0.9984,0,1,False,10.496029,18.43975,6.5882244
714309,0.0022,0.9987,0,1,False,10.850333,19.003527,6.544576
714310,0.0018,0.9989,0,1,False,11.403301,19.699583,6.769115
714583,0.7142,0.0,0,0,False,2.5372849,3.242381,2.3381765
714640,0.0,0.0,0,0,False,11.139155,20.597809,3.1953392
714978,0.9956,0.0002,1,0,True,6.0693164,10.079896,6.2612767
715223,0.9979,0.0021,1,0,False,4.0570617,2.905854,2.9913697
715480,0.6962,0.5487,0,0,False,6.9572835,9.710286,6.6661153
717641,0.9672,0.0,1,0,False,3.7712965,2.8167431,1.7307869
720569,0.2175,0.8565,0,0,False,8.770481,15.638672,6.714524
720708,0.9786,0.0297,1,0,True,7.7060266,10.643522,6.8821564
723802,0.423,0.0,0,0,False,5.2442603,4.310894,2.2766125
727962,0.9843,0.373,1,0,False,8.205779,3.6258278,2.8638816
740933,0.464,0.0,0,0,False,4.3458176,4.1452923,2.1042953
740934,0.2408,0.0,0,0,False,4.996177,4.5935946,2.7766342
740971,0.8816,0.4054,0,0,False,6.504094,9.131772,5.70492
741733,0.9094,0.0,1,0,False,4.7062583,3.0149531,2.3102546
742819,0.9997,0.9987,1,1,False,7.033005,5.474892,4.829172
742919,0.0074,0.0,0,0,True,4.8647337,4.0346093,2.6672978
742920,0.7056,0.0,0,0,False,4.8095546,5.371995,2.8597822
742924,0.9975,0.0,1,0,True,5.4195504,3.2553163,3.6426008
742925,0.9995,0.0,1,0,True,5.204616,3.436555,3.5729299
743026,0.9932,0.0,1,0,False,5.195126,6.3694677,3.3160682
743035,0.1709,0.9192,0,1,False,9.131611,15.976092,6.271721
743040,0.4427,0.0,0,0,False,4.0750213,6.2433205,3.9400175
743290,0.5652,0.5498,0,0,False,7.555853,8.287125,4.8533654
743811,0.9975,0.0,1,0,True,3.315269,2.7066479,1.8778508
743812,0.9933,0.0,1,0,True,3.7097359,4.731606,2.2360828
743813,0.0,0.0,0,0,False,9.026305,1.9686989,7.446315
745088,0.7661,0.0168,0,0,False,5.9287815,9.984976,6.765888
746543,0.6633,0.2676,0,0,False,7.8459287,12.292058,7.0309587
746830,0.9909,0.0,1,0,True,3.6069534,5.5902596,3.5087178
746831,0.9602,0.0424,1,0,True,7.709097,10.975155,6.831782
746832,0.9949,0.001,1,0,True,5.8774858,9.391935,6.3000174
747763,0.2203,0.9788,0,1,False,9.297062,7.429545,4.78334
748192,0.9995,0.0,1,0,False,3.3596923,1.9104246,2.1849768
748667,0.9953,0.0001,1,0,False,6.980867,6.723662,4.485002
749224,0.0338,0.965,0,1,False,7.9004173,3.1146176,3.7494712
749413,0.7415,0.0,0,0,False,3.8159642,4.5482154,2.134583
749447,0.9872,0.0,1,0,False,7.3793125,3.846673,2.5861926
753084,1.0,0.0,1,0,False,3.6066072,1.5800238,2.101837
753085,0.9912,0.0014,1,0,False,7.937702,4.321877,2.8467786
754004,0.9899,0.0,1,0,False,3.3737433,2.155501,1.9207946
754038,0.9821,0.0,1,0,False,3.6416473,2.7210107,2.229351
754043,0.9896,0.0,1,0,False,6.9712057,4.6881046,2.9466398
754045,0.9857,0.0,1,0,False,7.356213,4.0282545,2.855789
754059,0.992,0.0,1,0,False,5.5670614,5.640324,3.1693408
755164,0.9992,0.0,1,0,False,6.1389894,8.113235,4.344016
756275,0.9786,0.0,1,0,False,6.3152905,3.7530077,2.449747
756276,0.9671,0.0,1,0,False,5.9223943,5.1964235,2.2005687
756277,0.9865,0.7865,1,0,False,6.636654,8.497222,5.6118555
756278,0.9662,0.0,1,0,False,3.612368,3.5841937,2.0534592
756496,1.0,0.0,1,0,True,7.211764,25.407864,7.855878
756497,1.0,0.0032,1,0,True,7.2364645,24.8436,7.660784
756759,0.0,0.0,0,0,False,11.125868,20.565145,3.2117229
757342,0.9838,0.0,1,0,False,5.227568,4.742091,2.0241501
758677,0.3564,0.0,0,0,False,3.9287603,2.6868093,2.0299134
758866,0.9874,0.0,1,0,False,6.5340214,5.570791,2.866201
758918,0.9998,0.0041,1,0,False,7.304582,13.174031,6.2019486
759390,0.0026,0.9985,0,1,False,10.561237,18.500156,6.5902853
759701,0.9561,0.0186,1,0,False,6.7693276,10.034708,6.0738335
759938,0.9751,0.0,1,0,False,5.618103,5.112726,2.409027
760530,0.9999,0.0001,1,0,False,3.3646302,1.5137725,2.5166662
760732,0.4048,0.0,0,0,False,3.6790142,2.5663934,1.9544462
760939,0.7524,0.0,0,0,False,4.337735,3.8828092,1.9211658
761701,0.5569,0.0856,0,0,False,6.6366363,9.749676,5.260179
761702,0.4404,0.4708,0,0,False,6.920437,9.545824,5.2328115
762660,0.9996,0.0,1,0,False,3.6899958,1.7160312,2.6517227
762905,0.9413,0.0,1,0,False,3.5808785,2.392987,1.8893616
762906,0.3615,0.6991,0,0,False,8.365864,11.238609,6.082535
763552,0.6758,0.0,0,0,False,3.981079,4.3575053,2.0867605
763792,0.9385,0.11,1,0,True,7.658877,19.847214,7.377754
763998,0.9818,0.0,1,0,False,6.728594,3.8513243,2.4158587
764030,0.9949,0.0004,1,0,False,7.963936,4.374366,3.1803029
764561,0.7882,0.0,0,0,False,4.064717,4.6276526,1.9862965
764562,0.9979,0.0,1,0,False,3.2522094,1.8082868,2.4551857
764595,0.8404,0.0,0,0,False,4.022348,3.3770146,1.9496698
764599,0.8941,0.0,0,0,False,3.6534142,2.8431942,1.9344873
765051,0.9998,0.0,1,0,True,3.8928287,2.6156054,2.3395789
765052,0.9936,0.0086,1,0,True,1.8652275,-3.0550904,5.186886
765054,1.0,0.0,1,0,True,3.4666376,2.2765484,3.4564064
765055,0.9391,0.0523,1,0,True,4.224355,7.642752,6.373346
765056,0.9726,0.0371,1,0,True,1.7656109,-3.7275302,5.466962
765765,1.0,0.0,1,0,False,3.5282354,1.8029242,2.283951
766791,1.0,0.0,1,0,False,5.1930156,7.075927,4.0806985
767473,0.9833,0.0,1,0,False,5.8820696,5.0934043,2.5240805
767521,0.0159,0.0,0,0,True,3.4084718,4.512107,2.971013
767806,0.9294,0.0,1,0,False,3.3700705,2.950798,1.9986714
768738,0.7677,0.679,0,0,False,6.8598695,8.213724,4.782039
795694,0.691,0.5222,0,0,False,8.941772,15.641135,6.8759427
796352,0.4285,0.0,0,0,False,3.5429018,4.588107,2.0735831
797075,0.4598,0.5515,0,0,False,8.013423,12.570613,6.7963676
797418,0.9982,0.0,1,0,False,3.251244,3.4516935,1.9806322
798072,0.9196,0.321,1,0,False,5.762551,8.289158,6.067701
798073,0.9717,0.0,1,0,False,5.463697,4.7779365,2.3180602
798074,0.7459,0.0951,0,0,False,6.8078566,9.023732,6.0712547
857288,0.8726,0.1287,0,0,False,2.063023,-3.3677778,5.4472704
857312,0.9999,0.0,1,0,False,3.5831585,2.2808816,2.1498609
858517,0.0018,0.9989,0,1,False,11.2865715,19.374517,6.9131923
859650,0.9858,0.0078,1,0,False,6.313233,10.498071,5.8557606
861519,1.0,0.0018,1,0,True,5.8543415,13.460166,6.946645
861561,0.9967,0.0,1,0,False,3.8419292,3.334491,1.9106512
862943,0.0922,0.1687,0,0,False,8.180051,9.775627,5.6036344
862944,0.2536,0.5161,0,0,False,8.513288,9.717814,5.5080395
862945,0.7897,0.3852,0,0,False,7.4827228,10.538332,6.5502863
864178,0.9999,0.0,1,0,False,3.4631467,1.3527312,2.1986234
864596,0.3567,0.748,0,0,False,8.707694,16.324848,6.7396364
864686,0.8851,0.0428,0,0,False,6.7962193,10.094004,6.290808
864692,0.7558,0.0,0,0,False,3.5963314,4.0612435,2.2255418
864694,0.4847,0.3246,0,0,False,7.901524,12.215794,6.9921308
864695,0.9999,0.0,1,0,False,4.516501,2.9259126,2.77043
864698,0.7971,0.0,0,0,False,3.515427,3.777924,1.7004004
866553,0.999,0.0,1,0,False,4.0954223,2.5899148,3.1250548
867695,0.7021,0.0,0,0,False,4.1239486,3.966564,2.1150594
869662,0.9875,0.0,1,0,False,5.2473354,3.0983374,2.2592413
869724,0.9683,0.0,1,0,False,3.6551282,3.6708333,1.9338365
870588,0.9817,0.0,1,0,False,5.092467,3.5362513,2.4533153
870710,0.994,0.0063,1,0,False,6.5644484,7.090188,4.0242667
870711,0.8311,0.2431,0,0,False,3.9983382,0.6613876,2.2419486
870712,0.9983,0.0,1,0,False,4.196841,4.134157,2.3573844
871260,0.9947,0.0,1,0,False,5.8088164,6.1606975,3.922009
871521,0.0026,0.9985,0,1,False,10.615883,18.615137,6.5935826
871584,0.9997,0.0,1,0,False,3.3230639,1.9251089,2.3448942
871699,0.6791,0.7323,0,0,False,8.152667,8.824729,5.172647
871700,0.998,0.0,1,0,False,5.9060493,5.8251133,3.2690523
871701,0.2878,0.7728,0,0,False,7.1253448,9.157077,5.028115
873160,0.8919,0.5015,0,0,False,8.240756,13.901874,6.5246487
874267,0.9998,0.0,1,0,False,3.041458,2.8741739,1.9147139
874268,0.9995,0.0,1,0,False,2.9694042,2.7534845,1.9726744
874272,0.369,0.0,0,0,False,4.1097326,4.5786505,2.0340862
875323,0.0026,0.9985,0,1,False,10.14181,18.24609,6.6829815
875324,0.0015,0.9991,0,1,False,11.743586,19.827366,6.740061
876449,0.9434,0.0,1,0,False,5.2030735,5.3995314,2.5198116
877240,0.977,0.0,1,0,False,3.2392652,3.491331,1.941175
878260,0.8238,0.0001,0,0,False,6.54254,6.554622,3.9392304
878329,0.9993,0.0,1,0,False,6.9735594,4.5875325,2.6249483
879096,0.9995,0.0,1,0,False,7.330865,3.957907,2.905691
879628,0.9949,0.0,1,0,False,3.6310394,3.1296062,1.7983512
879630,0.9985,0.0,1,0,False,4.0422187,1.9616457,2.0237637
880159,0.9998,0.0,1,0,False,3.4070647,2.0930645,2.1642127
880161,0.9913,0.0,1,0,False,3.2847297,2.8284204,1.9513965
880162,0.997,0.0,1,0,False,3.5748243,2.5610476,1.7929746
880565,0.9873,0.035,1,0,True,8.245489,19.31738,7.5743685
881915,0.4056,0.6157,0,0,False,7.5583234,7.9508166,4.735273
881944,0.0017,0.999,0,1,False,11.572038,19.926064,6.656871
881945,0.9897,0.0,1,0,False,5.3569975,3.91155,2.5507479
881953,0.9985,0.0,1,0,False,3.2284794,2.3994462,1.9052467
882768,0.8665,0.0,0,0,False,3.8685102,4.0355616,1.6180673
884200,0.0469,0.9528,0,1,False,3.8398201,1.1126558,3.2381933
884612,0.0012,0.9993,0,1,False,11.672741,20.002638,6.536519
885379,0.0,0.0,0,0,False,11.189977,20.632221,3.127709
887825,0.6837,0.4057,0,0,False,7.081717,8.496855,4.863074
887827,0.9701,0.0,1,0,False,4.954168,5.27024,2.5905318
889338,0.9965,0.0,1,0,False,5.4153123,4.7455945,2.3553615
889389,0.8187,0.2356,0,0,False,7.972449,9.994214,6.004203
889510,0.9953,0.0,1,0,False,6.042968,3.8698156,2.7423375
889876,0.9998,0.0,1,0,False,3.8284514,3.91569,1.7254454
889956,0.7094,0.0,0,0,False,3.7513893,4.441155,1.9053537
904699,0.5952,0.3763,0,0,False,6.698818,10.280339,7.350734
905054,0.0017,0.999,0,1,False,11.607711,19.78355,6.4574327
905055,0.4533,0.6545,0,0,False,6.3620014,9.760971,5.534687
906668,0.156,0.9986,0,1,False,6.6052885,2.695152,3.0398676
906669,0.9944,0.0,1,0,False,6.1882515,5.2013535,2.6883304
907191,0.0957,0.8996,0,0,False,5.080804,2.7197337,4.1368313
908010,0.0,0.0,0,0,False,11.15431,20.680431,3.151768
908028,0.0017,0.999,0,1,False,11.540381,19.64698,6.6618423
908072,0.0,0.0,0,0,False,11.11708,20.58378,3.2273333
908124,0.0016,0.9991,0,1,False,11.3794,19.507263,6.5005555
908127,0.0018,0.9989,0,1,False,11.382425,19.62429,6.6513104
908277,0.0,0.0,0,0,False,11.218391,20.731335,3.089741
908819,1.0,0.0,1,0,False,3.2911613,1.7511588,1.9501606
909210,0.1808,0.8792,0,0,False,7.307866,7.934971,4.6441407
909297,1.0,0.0006,1,0,False,9.090485,3.7258558,3.2120106
909328,1.0,0.0,1,0,True,3.2381055,2.3539987,2.277309
909329,1.0,0.0,1,0,True,3.5444174,1.9140124,2.4647896
909331,1.0,0.0,1,0,True,3.7862475,3.273479,3.3748453
909332,0.9999,0.0,1,0,True,3.3073964,2.8703275,2.4874444
909333,1.0,0.0,1,0,True,2.4646826,4.774174,4.2681117
909827,1.0,0.9997,1,1,False,5.6124735,2.9236581,2.9993398
910473,0.9919,0.0,1,0,False,7.66887,4.3717284,2.872493
910474,1.0,0.0005,1,0,False,9.369511,3.0037873,3.1966994
910475,0.6575,0.3612,0,0,False,10.381032,2.9161725,3.1903973
911574,0.0016,0.999,0,1,False,11.682824,19.61986,6.6826935
912033,0.002,0.9988,0,1,False,11.376351,19.536781,6.7012997
912034,0.0026,0.9984,0,1,False,10.058264,18.09831,6.570867
912320,0.6255,0.362,0,0,False,8.2218,10.957785,6.5079966
913183,0.9975,0.0,1,0,False,6.6105504,5.4439006,2.8898892
913600,0.0013,0.9992,0,1,False,11.758111,20.130325,6.676234
913970,1.0,0.0,1,0,False,5.1584454,6.2762065,2.9062595
915293,0.5959,0.8363,0,0,False,7.553909,18.665453,6.9773245
915424,0.853,0.4363,0,0,False,6.1701646,8.891384,5.7629943
915426,1.0,0.0,1,0,True,2.8735442,4.7144303,3.9050012
915428,1.0,0.0,1,0,True,3.232104,3.0745115,2.9641798
915429,0.9993,0.0,1,0,True,3.595513,3.2000115,2.1712034
925983,0.9585,0.0358,1,0,False,6.5715446,7.365627,4.3735576
925984,0.9613,0.0,1,0,False,5.1315594,3.6017344,2.1130233
925986,0.2178,0.0,0,0,False,4.472601,3.2643332,2.5599651
926067,0.5852,0.9206,0,1,False,5.0159736,1.3309354,2.9141705
926543,0.9998,0.0,1,0,False,7.5806985,3.885954,2.9876673
926589,0.0,0.0,0,0,False,7.188916,3.6398067,3.9574978
926844,0.6131,0.3578,0,0,False,6.5012074,9.766717,5.798147
927771,1.0,0.0,1,0,True,3.2889636,2.0963173,2.2457874
928211,0.9571,0.0203,1,0,False,5.091636,8.390075,5.872327
928214,0.9859,0.2681,1,0,False,5.724827,8.307985,5.398245
928289,0.2341,0.1075,0,0,False,7.561481,9.829537,5.993786
928293,0.9345,0.0001,1,0,False,4.286267,2.5391881,2.5470238
929051,0.6369,0.4011,0,0,False,6.1690516,10.357397,6.213199
929766,0.0694,0.9604,0,1,False,9.569504,17.079796,6.396585
929767,0.0029,0.9983,0,1,False,10.125688,17.856153,6.5019145
929769,0.0028,0.9983,0,1,False,10.076274,17.785933,6.4976363
929814,0.8689,0.0,0,0,False,3.641143,4.3094068,1.9575225
929831,0.6325,0.6612,0,0,False,8.0391445,19.263044,7.5242295
930168,0.9554,0.056,1,0,False,3.23514,1.1685177,2.1224198
930275,0.7374,0.9126,0,1,False,2.4662733,-0.30767685,3.5710192
930881,0.481,0.6516,0,0,False,8.214151,11.642415,6.8818502
931972,0.9963,0.0089,1,0,False,9.06975,3.5469782,3.447432
932069,0.1203,0.9334,0,1,False,9.648334,17.00303,6.3882895
932070,0.0018,0.9989,0,1,False,11.496976,19.453367,6.661263
932071,0.0161,0.9907,0,1,False,9.828446,17.361275,6.4224305
932662,0.9998,0.0,1,0,False,3.2579045,3.1546383,1.8753492
933438,0.0001,0.0036,0,0,True,8.110124,9.55834,5.382519
935473,0.8846,0.6352,0,0,False,5.784096,8.835303,4.8326535
936005,0.998,0.0,1,0,False,6.2706804,3.8844,2.7321293
936059,1.0,0.0,1,0,False,3.086876,4.1803956,3.696655
936060,0.1762,0.5995,0,0,False,6.800181,9.892666,6.3804407
936149,0.3965,0.6648,0,0,False,8.41123,12.366785,6.5341163
936152,0.3035,0.8776,0,0,False,3.1787262,0.8858251,2.5409906
936308,0.9879,0.0,1,0,False,6.1659045,5.409443,2.7471328
937809,0.9988,0.0,1,0,False,4.075533,4.3565726,2.4249697
938131,0.0,0.0,0,0,False,24.730532,8.3703375,7.937259
938276,0.001,0.9994,0,1,False,11.556871,20.051125,6.7069545
938277,1.0,0.0,1,0,False,3.2307107,2.0872526,1.6094637
939923,0.9997,0.0,1,0,False,6.968572,4.701551,2.9471874
940280,0.9991,0.0,1,0,False,5.0706496,3.5028353,2.4142756
940834,0.9993,0.0,1,0,False,5.846383,5.523488,3.0301723
940846,0.1679,0.9109,0,1,False,9.348111,16.71237,6.517284
941058,0.9627,0.0,1,0,False,3.2626815,3.9434779,2.0088031
941765,0.9813,0.0,1,0,False,3.7874827,4.1365485,2.1602268
941969,0.9993,0.0039,1,0,False,3.3649936,1.1215981,2.7135541
941970,0.9795,0.3635,1,0,False,5.7647505,8.798587,5.268717
942016,0.9538,0.3564,1,0,False,2.9752793,0.9369605,2.213658
942032,0.9842,0.1661,1,0,False,5.9129515,7.032633,4.334343
942033,0.9566,0.0468,1,0,False,6.2199984,7.527588,4.6810317
942034,0.4043,0.598,0,0,False,6.3223915,8.599698,4.7485385
942035,0.9464,0.3556,1,0,False,5.9565215,8.96689,5.50207
942036,1.0,0.0,1,0,False,5.220937,2.544919,2.6346734
942037,1.0,0.0,1,0,False,5.203529,2.6677618,2.8891642
942038,1.0,0.0,1,0,True,3.091781,1.9974213,2.112666
942165,0.9999,0.0,1,0,False,6.8875923,4.408204,2.9176028
943083,0.9882,0.0,1,0,False,3.859293,3.8889744,1.680436
943084,0.1053,0.0085,0,0,True,7.6106663,5.077952,4.742296
943272,0.0026,0.3192,0,0,False,7.7891064,9.874018,5.7123995
943335,0.9998,0.0,1,0,False,7.246173,3.5808048,2.683992
943908,0.9973,0.0064,1,0,True,5.176752,7.9535213,5.9654474
944580,0.9978,0.0,1,0,False,4.854036,4.2202415,2.6106503
944969,0.1344,0.9698,0,1,False,9.015159,8.235696,5.013721
944994,0.0022,0.9987,0,1,False,11.104713,19.561928,6.4032903
945083,0.0,0.0,0,0,False,6.952723,6.0633106,3.8994393
945225,0.8991,0.225,0,0,False,5.3082724,8.041527,4.9937477
945250,0.3228,0.753,0,0,False,6.584025,9.805955,5.2859464
945960,0.9999,0.0,1,0,False,4.5044956,6.1879234,3.8749955
945962,0.9954,0.0,1,0,False,3.2576764,4.121026,2.0842044
946046,0.9984,0.0,1,0,False,3.1546144,4.9561925,2.966041
947379,0.0001,0.9819,0,1,False,3.1004388,6.918462,5.075239
947842,1.0,0.0,1,0,False,7.6074867,4.1312895,2.8885057
947843,1.0,0.0,1,0,False,6.352811,5.1690207,3.1878607
947980,1.0,0.0,1,0,False,4.9107943,5.2415833,2.8283224
947981,0.9906,0.0,1,0,False,3.32292,4.557672,2.1532855
948071,0.8752,0.0,0,0,False,3.8919735,4.1329784,2.1951046
948870,0.2495,0.565,0,0,False,3.4387743,0.87025124,2.8048728
971271,0.0016,0.9991,0,1,False,11.671759,19.797852,6.5823855
977801,0.9979,0.0,1,0,False,3.9347618,3.6968536,1.9969628
977913,0.03,0.0002,0,0,False,7.5961437,6.5864253,4.416142
979525,0.9999,0.0,1,0,False,2.955638,4.873148,3.5602903
979533,0.9908,0.0,1,0,False,3.795066,4.616807,2.544566
979535,0.9401,0.0,1,0,False,3.4932091,4.467431,2.344842
979726,0.9943,0.0,1,0,False,5.0923595,4.2026362,2.2690232
980087,0.9838,0.0529,1,0,True,8.579708,19.107115,7.699297
981323,0.9993,0.0009,1,0,False,7.515492,4.4310284,3.2236044
981330,0.0865,0.9787,0,1,False,11.676772,3.9477253,4.228844
981335,0.9998,0.0,1,0,False,5.5378547,5.2831388,3.181654
981431,0.0993,0.8464,0,0,False,5.872992,4.0574417,3.5664048
983437,0.0035,0.9979,0,1,False,10.161323,17.808647,6.459172
984175,0.9999,0.0,1,0,False,5.6398883,3.8939066,2.5793746
984186,0.9996,0.0,1,0,False,7.5235424,3.8034658,2.5923014
985683,0.9983,0.0,1,0,False,4.2508736,4.6017146,2.3122628
988656,1.0,0.0,1,0,False,6.325393,5.062875,2.6613796
990302,0.9827,0.018,1,0,True,2.195743,-1.7180676,4.466409
990303,0.429,0.5035,0,0,False,7.6207504,10.748798,6.2311587
990304,0.536,0.4575,0,0,False,8.5301485,13.406137,6.9282775
991022,0.3196,0.2575,0,0,False,7.655708,10.797023,5.8729916
991902,1.0,0.0853,1,0,True,6.193992,16.536442,7.718307
992212,0.6885,0.6792,0,0,False,7.470391,19.483223,7.0063972
994388,0.3226,0.4854,0,0,False,8.148865,12.20308,6.5590515
994601,0.9992,0.0,1,0,False,4.08441,2.976256,2.1739178
994672,0.05,0.0873,0,0,False,8.287244,9.999106,5.4601855
995022,0.0028,0.9989,0,1,False,8.28598,8.246448,4.9747047
995049,1.0,0.0,1,0,False,2.9073286,1.4294292,2.0443208
996311,0.0014,0.9992,0,1,False,11.622915,20.119635,6.664283
996650,0.3298,0.0001,0,0,False,6.4676695,7.2007065,4.265738
996651,0.9999,0.0,1,0,False,5.228572,5.208372,2.1955006
997078,0.0017,0.999,0,1,False,11.329252,19.589645,6.5787516
998086,0.9999,0.0,1,0,False,5.2271643,4.8335323,2.5732992
998829,0.4507,0.6451,0,0,False,8.392408,11.145938,6.0437613
998864,0.9982,0.0,1,0,False,4.745359,5.200351,2.7260697
999288,0.163,0.9098,0,1,False,9.351235,16.840221,6.60711
999883,0.9863,0.0,1,0,False,4.481765,4.3229423,2.4420626
1000373,0.744,0.0061,0,0,False,7.4047856,5.2731457,4.6649714
1000647,0.0012,0.0104,0,0,True,5.4600763,9.471045,7.2416086
1000649,0.0024,0.0101,0,0,True,5.4784565,9.1361,6.9996686
1001303,0.0548,0.1552,0,0,True,7.3416038,18.044931,6.8068776
1001533,0.988,0.3762,1,0,False,5.801442,8.296609,5.7033367
1002273,0.0392,0.9727,0,1,True,8.774711,13.780924,6.6226993
1002725,0.9999,0.0003,1,0,False,1.4023249,0.6293522,3.1748624
1002918,0.9888,0.5683,1,0,False,6.0071497,7.878111,5.3327985
1002921,0.419,0.5809,0,0,False,7.454487,10.314104,6.689648
1003429,1.0,0.0,1,0,True,5.164543,5.4826713,2.778912
1003891,0.9999,0.0,1,0,False,3.1428556,3.7934835,2.1174152
1004049,1.0,0.9688,1,1,False,6.7938375,3.4182901,4.260538
1006061,0.8728,0.3745,0,0,False,8.126632,18.970715,7.5004816
1006155,0.9995,0.0,1,0,False,3.232518,2.6517177,2.1858444
1006583,0.4167,0.6327,0,0,False,7.2084136,11.139974,7.250556
1007127,1.0,0.0,1,0,False,2.7069836,1.3999009,2.299962
1007869,1.0,0.0,1,0,False,7.8543954,4.573969,2.9366858
1008292,1.0,0.0,1,0,False,6.2840705,3.9212606,2.714592
1010614,1.0,0.0,1,0,False,2.993071,1.7788783,2.0042067
1010616,0.9997,0.0,1,0,False,5.1180305,3.4455566,2.3683512
1016852,0.9908,0.0,1,0,False,4.1372085,5.3264523,2.8090756
1016853,0.9818,0.0,1,0,False,3.4086943,4.755301,2.670284
1016854,0.6456,0.3278,0,0,False,2.322266,1.5850372,2.5260456
1016855,0.4294,0.287,0,0,False,7.2507877,11.8077135,6.989608
1016856,0.6464,0.3273,0,0,False,2.1707737,1.3663994,2.5687394
1016857,0.2051,0.8281,0,0,False,6.378804,9.569089,5.9767036
1016879,1.0,0.0,1,0,False,5.9595904,4.722407,2.7292092
1026955,0.9951,0.0,1,0,False,3.3291485,4.0576315,2.338107
1027232,0.0993,0.4301,0,0,False,4.8635473,8.635145,6.588665
1027244,1.0,0.0,1,0,False,6.529475,4.7257442,2.7622266
1027245,1.0,0.0,1,0,False,6.670876,4.144228,2.8699803
1027247,1.0,0.0,1,0,False,6.26073,4.4178357,3.0042653
1027248,1.0,0.0,1,0,False,6.161242,4.2591686,2.8383963
1027253,0.9996,0.0003,1,0,False,8.966204,3.379968,3.2996058
1027468,1.0,0.0,1,0,False,6.5097227,5.3014445,2.876214
1027869,0.2002,0.9394,0,1,False,8.199007,7.387151,4.428722
1027880,1.0,0.0,1,0,False,6.2285924,4.0706806,2.9373946
1027947,1.0,0.0,1,0,False,4.772117,5.262669,2.6075065
1028375,0.2366,0.467,0,0,False,3.0468006,0.746739,2.8903272
1029988,1.0,0.0,1,0,False,5.524992,5.2184844,2.5973125
1030595,1.0,0.0,1,0,False,6.6123,5.663732,3.2488766
1031410,1.0,0.0,1,0,True,6.070565,6.9096365,4.517815
1032362,0.0101,0.1223,0,0,False,2.727009,1.074265,2.9353628
1032457,0.1756,0.7539,0,0,False,8.474585,15.52842,6.7477236
1032473,1.0,0.0,1,0,False,6.790328,4.822801,2.9316158
1032474,1.0,0.0,1,0,False,6.429077,4.2130823,3.1283035
1032478,0.0027,0.9984,0,1,False,9.927564,17.83168,6.6261086
1032895,0.9995,0.1683,1,0,False,6.071501,13.09978,6.751704
1033850,0.9998,0.0,1,0,True,5.19625,9.500592,6.027613
1033977,0.9189,0.8636,1,0,False,3.0762217,0.7515499,2.1097207
1034096,1.0,0.0,1,0,False,2.928501,2.1562717,2.5736556
1034115,0.9996,0.0002,1,0,False,7.604939,3.7439077,3.202643
1034116,0.0,0.0,0,0,False,12.240521,9.896958,8.350902
1034118,0.0,0.0,0,0,False,17.620865,8.180177,9.419553
1034144,0.5579,0.906,0,1,False,10.720883,5.63265,3.2296808
1034792,0.528,0.2711,0,0,False,7.668842,11.413918,5.9817853
1034805,1.0,0.0,1,0,False,5.9010954,5.4723945,2.7449949
1034806,0.8659,0.1363,0,0,False,6.943013,6.6143265,3.8189435
1035482,0.0882,0.9786,0,1,False,11.720334,3.6157022,4.575581
1035485,0.0,0.0,0,0,False,12.230932,9.89605,8.345525
1035662,0.0,0.0,0,0,False,10.9216175,0.518648,2.753692
1036615,0.0,0.0,0,0,False,25.147718,7.4237995,7.695614
1036616,0.0,0.0,0,0,False,25.666298,7.11838,7.2877893
1036963,0.9999,0.0,1,0,False,4.193984,3.0744839,2.3076873
1037523,0.9983,0.0,1,0,False,3.4373636,4.1902723,2.0942643
1038068,0.0005,0.9294,0,1,False,7.6985216,8.6005125,4.983568
1038082,0.0014,0.9992,0,1,False,11.801504,20.430305,6.464558
1041524,0.0,0.0,0,0,False,-0.51505166,2.939021,5.905493
1041526,1.0,0.0002,1,0,False,3.1186078,1.1120144,2.0721679
1041527,0.9994,0.0011,1,0,False,2.9399185,1.4236172,2.1589546
1041929,0.9988,0.0,1,0,False,3.6659596,4.771634,2.3785615
1042122,0.9681,0.2236,1,0,False,2.6850302,0.83928233,2.0178335
1042123,0.9704,0.1974,1,0,False,2.695731,0.79943687,2.0075288
1043184,0.7671,0.2305,0,0,False,7.936854,10.282043,6.4922123
1045778,1.0,0.0,1,0,False,3.5069637,2.6367164,2.1095595
1046267,1.0,0.0,1,0,False,4.3091483,3.6450856,2.32557
1046402,0.9992,0.0,1,0,False,3.582317,4.7222843,2.5106983
1046403,1.0,0.0,1,0,False,5.7075953,5.252884,2.6497555
1046571,0.0288,0.9834,0,1,False,9.759602,17.310644,6.4271255
1046572,0.1854,0.9085,0,1,False,9.1179695,16.302284,6.3766603
1048189,0.9888,0.0,1,0,False,3.614683,2.7043397,2.1968997
1048207,0.9999,0.0,1,0,False,3.7954462,4.299747,2.297364
1048434,0.9992,0.0,1,0,False,3.9763746,4.69164,2.650228
1048668,0.6765,0.4556,0,0,False,8.471925,17.994623,6.8127203
1048856,0.0214,0.0201,0,0,True,7.5814652,12.0948925,7.2587743
1049283,1.0,0.0,1,0,False,3.2317286,2.6743288,2.0658906
1050407,0.9995,0.0,1,0,False,5.053313,3.90664,2.4479208
1051631,1.0,0.0,1,0,False,3.5514684,3.1310678,1.9492034
1051673,1.0,0.0,1,0,False,6.749439,5.666897,3.0762901
1051674,1.0,0.0,1,0,False,3.5527823,2.1473832,2.3043792
1051675,0.8375,0.6157,0,0,False,6.5136914,8.241646,5.0438404
1051676,0.8316,0.2424,0,0,False,4.606555,1.7263666,2.8530114
1051792,0.8967,0.3371,0,0,False,8.26209,19.101782,7.403901
1052121,1.0,0.0,1,0,False,3.159198,3.399079,2.0939965
1052671,0.0918,0.9781,0,1,False,11.846896,3.4920175,4.5267043
1052672,0.1303,0.9305,0,1,False,10.587279,2.6155565,5.4534187
1052673,0.9923,0.0087,1,0,False,8.351903,4.1548295,3.569782
1054461,0.4077,0.5791,0,0,False,6.0137963,8.698033,5.624593
1054480,0.3047,0.6768,0,0,False,1.6186087,0.5227078,3.3791583
1054649,0.952,0.0237,1,0,False,7.582583,5.775314,3.593538
1054834,0.0,0.0,0,0,False,11.263252,-6.245388,0.21559328
1054968,1.0,0.0,1,0,False,3.4515402,2.861259,2.1676004
1055684,0.9933,0.0159,1,0,True,5.2561035,8.992799,6.3738675
1056491,1.0,0.0003,1,0,True,4.645478,7.830278,4.325244
1056492,0.9682,0.0318,1,0,True,5.8142076,7.5587177,4.0087223
1056830,0.0,0.0,0,0,False,17.980207,-3.9556932,11.847341
1056833,0.5483,0.9089,0,1,False,10.691544,4.738791,3.0641167
1069378,1.0,0.0,1,0,False,3.176091,2.6883051,2.037735
1069441,1.0,0.0,1,0,True,3.9237974,3.1355429,1.933882
1070315,1.0,0.0,1,0,False,4.139571,4.3921447,2.8226283
1070324,1.0,0.0,1,0,False,3.590551,1.9807185,2.3297336
1070408,0.9815,0.015,1,0,True,2.5993946,-2.8621128,5.512946
1070409,1.0,0.0,1,0,True,3.8993523,4.1631875,4.5814915
1070411,0.9861,0.0375,1,0,True,6.528304,10.883226,6.8617315
1070412,1.0,0.0,1,0,True,2.6802769,3.358483,2.877238
1070413,1.0,0.0,1,0,True,4.072264,2.8573756,3.4866395
1070414,0.9975,0.0006,1,0,True,5.323446,8.968697,6.3227396
1070415,1.0,0.0,1,0,True,3.2174335,1.6078799,2.6950343
1070416,1.0,0.0,1,0,True,3.334439,3.517913,2.4190862
1070418,0.9984,0.0019,1,0,True,5.1475754,8.79693,6.3193913
1070419,0.9899,0.0174,1,0,True,2.1489754,-2.4598587,4.986814
1070420,1.0,0.0,1,0,True,3.040237,1.6101235,3.0138974
1070990,0.0976,0.9319,0,1,False,9.15083,10.835047,6.2640405
1071177,1.0,0.0,1,0,False,3.4563375,3.2064915,2.1508791
1071503,0.254,0.8604,0,0,False,10.610258,4.4585314,3.0565054
1071504,0.224,0.9765,0,1,False,10.537263,4.8936377,2.5011697
1071506,0.0,0.0,0,0,False,17.892584,7.9834447,9.236339
1072176,0.3142,0.7615,0,0,False,8.87261,16.439457,6.826254
1072333,1.0,0.0,1,0,False,4.988756,4.299032,2.6675313
1072517,0.9493,0.0284,1,0,False,5.8946557,7.682439,5.607245
1072672,0.1297,0.8465,0,0,False,5.5403786,4.3421435,3.2087328
1073766,0.0021,0.0468,0,0,False,4.1380386,3.649507,3.3530238
1074044,1.0,0.0,1,0,False,5.077998,3.687984,2.4452739
1074206,0.3317,0.7037,0,0,False,8.494234,12.349232,6.6367283
1074210,1.0,0.0,1,0,False,4.3840895,6.498,4.8746963
1074213,0.9999,0.0,1,0,False,6.4912376,5.368129,2.8436556
1074214,0.7604,0.2526,0,0,False,8.881076,7.747961,4.9623127
1074305,0.0,0.0,0,0,False,18.22398,-2.9871962,2.431941
1074307,0.1306,0.9302,0,1,False,10.709849,2.6888685,5.5236936
1074308,0.7615,0.0007,0,0,False,6.969022,5.6729903,3.6569312
1074309,0.2013,0.8668,0,0,False,11.980187,3.4354525,2.9671
1074325,0.4163,0.7474,0,0,False,5.111934,1.6506512,3.9032052
1074863,1.0,0.0,1,0,False,4.6371136,3.8403974,2.4820726
1074864,0.8806,0.4775,0,0,False,6.4668193,9.019755,5.6266317
1074865,1.0,0.0001,1,0,False,5.728541,13.687322,7.143224
1075774,1.0,0.0001,1,0,False,4.824302,3.0768461,3.3591363
1076255,1.0,0.0,1,0,False,3.1050246,2.9647477,2.0945945
1076345,0.0018,0.999,0,1,False,11.517128,19.706963,6.5396247
1076630,0.2421,0.9707,0,1,False,9.727841,6.1485834,3.2294943
1076631,0.0,0.0,0,0,False,7.8637776,8.264567,10.346715
1076759,1.0,0.0,1,0,False,5.119083,4.5175366,2.854253
1077430,1.0,0.0003,1,0,True,5.8864436,13.396806,6.927804
1077832,1.0,0.0,1,0,False,5.6895275,4.6967144,2.695431
1079894,0.1867,0.8829,0,0,False,12.0546255,3.724406,3.0599244
1079895,0.0,0.0,0,0,False,18.087309,-2.8600984,2.4126837
1079999,0.7621,0.1303,0,0,False,6.5305386,9.411291,6.2404866
1080798,1.0,0.0,1,0,False,5.6485953,5.437801,2.6726542
1080799,1.0,0.0,1,0,False,4.237941,3.463343,2.5957005
1080800,0.0,0.0,0,0,False,7.089141,3.474149,3.8068492
1081054,0.9958,0.0033,1,0,False,5.516094,8.067591,4.873016
1081055,0.7681,0.4589,0,0,False,6.609718,9.1679125,5.4994926
1081702,0.9999,0.0,1,0,False,5.4473157,5.5126853,3.2924323
1084715,0.2556,0.8504,0,0,False,7.075792,8.6972475,5.185857
1084717,0.9434,0.0096,1,0,False,6.193348,5.6984954,3.2626488
1084722,0.0,0.0,0,0,False,14.350725,3.778865,4.6931524
1086749,0.0,0.0,0,0,False,17.836243,8.079262,9.335157
1086800,0.0,0.0,0,0,False,17.828098,8.040744,9.300276
1087108,1.0,0.0,1,0,False,3.5059814,3.0734348,2.2939115
1087109,0.7708,0.4496,0,0,False,6.8936753,9.183114,5.7866936
1087482,1.0,0.0,1,0,False,4.671645,2.9872038,4.1050205
1088864,0.0705,0.9791,0,1,False,8.564158,7.7159114,4.8356004
1088865,0.0,0.0,0,0,False,18.192497,-2.96614,2.3906846
1088866,0.0,0.0,0,0,False,18.217339,-2.9794414,2.4070587
1088890,1.0,0.0,1,0,False,4.4398117,4.4346595,2.5557404
1089108,0.088,0.9786,0,1,False,11.741171,3.52207,4.59124
1089110,0.9798,0.0205,1,0,False,12.14705,2.862798,3.383603
1089113,0.9798,0.0204,1,0,False,12.069915,2.8373985,3.3477783
1089117,0.0,0.0,0,0,False,11.473499,6.213778,2.6306705
1089121,0.9933,0.0008,1,0,False,7.735086,5.233433,3.5430331
1089122,0.9798,0.0204,1,0,False,12.080407,2.831608,3.4017172
1089127,0.0815,0.9785,0,1,False,11.876491,3.4858625,4.684484
1089136,0.0888,0.9785,0,1,False,11.792747,3.560999,4.473264
1089137,0.9369,0.0637,1,0,False,11.787767,2.2679813,3.7148967
1089138,0.9703,0.0941,1,0,False,5.9814887,7.6119227,5.5576167
1090133,1.0,0.0,1,0,False,3.474985,2.8862145,2.2441
1090134,1.0,0.0,1,0,False,5.4768085,4.563654,2.8215048
1091197,0.9927,0.0293,1,0,True,7.357609,13.000884,6.2781014
1091198,0.9877,0.0472,1,0,True,8.649104,19.206184,7.791819
1093672,0.9995,0.0008,1,0,False,8.22778,3.01761,3.3662806
1093773,0.8023,0.0576,0,0,False,5.9521713,7.645447,4.855346
1093928,1.0,0.0,1,0,False,5.85897,4.7711344,2.7956417
1094363,0.9831,0.0539,1,0,True,8.548377,19.18881,7.6458445
1094892,1.0,0.0,1,0,False,2.9982247,1.8441297,2.4452534
1096763,0.9788,0.02,1,0,True,3.1102164,-2.5574129,5.8220305
1100790,0.9999,0.0,1,0,False,7.232181,4.4334283,3.1359832
1100814,0.1869,0.8055,0,0,False,7.1776557,6.391446,3.8538034
1101371,0.9996,0.0063,1,0,True,7.4065466,13.325263,6.289082
1104917,1.0,0.0,1,0,False,2.9281988,3.1432273,1.8450984
1105171,1.0,0.0,1,0,False,2.5242229,0.80314344,2.9097273
1105286,0.1012,0.7686,0,0,False,8.045147,5.4778113,3.6184838
1105327,1.0,0.0,1,0,False,3.6872997,3.692888,2.2436538
1105378,0.9081,0.0944,1,0,False,6.8097715,7.3374095,4.408167
1105379,0.9626,0.3731,1,0,False,6.187707,9.079403,5.957589
1105380,1.0,0.0,1,0,False,3.6657066,4.597996,2.6095123
1105381,1.0,0.0,1,0,False,5.236514,5.4374676,2.7893121
1105383,1.0,0.0,1,0,False,3.2126117,3.973952,2.1998081
1105385,1.0,0.0,1,0,False,3.8677754,3.104331,2.3879745
1105386,0.7055,0.0635,0,0,False,6.0208597,7.9144473,5.2679806
1108810,0.9576,0.0437,1,0,False,6.7622833,6.9586887,4.085031
1108865,0.0,0.0,0,0,False,7.2111917,3.627827,4.0471416
1108925,0.9743,0.0577,1,0,True,7.711363,19.88113,7.6366544
1108926,0.9696,0.0587,1,0,True,7.91442,19.953371,7.8484097
1109710,0.9851,0.0118,1,0,False,8.265792,4.59042,2.8498144
1109711,0.933,0.9583,1,1,False,10.110348,5.198523,4.0412755
1109712,0.123,0.9608,0,1,False,10.955843,3.6978357,4.498009
1109713,0.101,0.9748,0,1,False,11.102318,3.5370538,4.3230605
1109714,0.2495,0.8243,0,0,False,10.59754,3.918155,3.4884262
1109715,0.997,0.0018,1,0,False,7.2990355,4.736282,3.1146355
1109717,0.5692,0.4527,0,0,False,8.956066,7.3316765,4.593688
1109721,0.6201,0.3823,0,0,False,7.737963,3.8045788,3.365457
1110710,1.0,0.0,1,0,True,3.4320796,2.9264982,2.2632108
1111710,1.0,0.0,1,0,False,2.733521,3.348594,2.4282956
1112597,0.9107,0.4478,1,0,False,6.3013844,9.131628,5.842334
1113547,1.0,0.0,1,0,False,3.1049387,3.9863575,2.2661953
1114179,0.8146,0.1823,0,0,False,8.360508,11.558822,6.070631
1114942,1.0,0.0,1,0,False,4.3449855,3.742025,2.6503613
1115478,0.3661,0.9701,0,1,False,6.2377234,1.8552374,2.8655174
1115696,1.0,0.0,1,0,False,4.7792373,4.3381314,2.7789125
1116482,0.9999,0.0001,1,0,False,5.6835494,3.959676,2.646102
1117633,0.5366,0.3909,0,0,False,7.0976987,10.448578,7.1215367
1118063,0.9996,0.0004,1,0,False,2.967425,4.745876,3.2367165
1118064,0.9996,0.0004,1,0,False,3.165219,4.7058015,3.0961578
1118369,0.9997,0.0002,1,0,False,4.9304276,4.3022943,2.615509
1120751,1.0,0.0,1,0,False,4.9910154,4.987981,3.2232213
1123754,0.9159,0.2956,1,0,False,6.2129116,8.606994,5.25851
1123958,0.7065,0.0786,0,0,False,6.7155623,6.639692,3.9087796
1123964,0.7922,0.0143,0,0,False,4.4944997,8.821948,5.997183
1124578,1.0,0.0,1,0,False,3.1506143,2.7923033,2.2898662
1124654,0.0001,1.0,0,1,False,6.3683343,1.8122896,2.9247901
1124655,1.0,0.0,1,0,False,4.076816,4.0098214,2.62989
1124795,0.9847,0.0509,1,0,True,8.451295,19.222992,7.7089224
1124849,1.0,0.0,1,0,False,5.263587,3.8847861,2.5963633
1125653,0.8042,0.2036,0,0,False,10.565788,1.4908129,3.1529183
1125764,0.0016,0.999,0,1,False,11.588716,19.940006,6.7240367
1126383,0.4531,0.8706,0,0,False,8.822384,18.294418,7.2092557
1126885,1.0,0.0,1,0,False,2.9580176,1.9037884,2.3937905
1126949,1.0,0.0,1,0,False,3.5076177,4.046437,2.3560867
1126950,1.0,0.0,1,0,False,3.6667244,3.7551026,2.3301713
1126951,1.0,0.0,1,0,False,3.5314429,3.7469141,2.294376
1127357,1.0,0.0,1,0,False,3.1213195,2.6476765,2.1676617
1127491,1.0,0.0,1,0,False,4.7145023,5.185844,3.299839
1127514,0.9629,0.0352,1,0,False,8.091735,3.7516034,3.2045593
1127515,0.9998,0.0002,1,0,False,5.514514,4.2553782,2.8533227
1127516,0.2987,0.9005,0,1,False,4.9425406,1.3112525,3.2111595
1127518,1.0,0.0,1,0,False,4.905831,2.128937,2.8615603
1127767,0.9218,0.68,1,0,False,7.1565495,8.7065,5.6097183
1128071,0.58,0.3599,0,0,False,3.8117535,7.5586376,6.117746
1128073,0.9971,0.0026,1,0,False,6.746271,5.0923967,3.5114825
1128118,1.0,0.0,1,0,False,5.019936,5.271773,2.9110823
1128119,1.0,0.0,1,0,False,3.868907,3.5667462,2.3016448
1128423,0.3586,0.6665,0,0,False,8.508807,12.726533,6.21873
1128424,0.8308,0.2947,0,0,False,6.3151474,10.724089,6.9666467
1129032,0.0018,0.9989,0,1,False,11.430264,19.612015,6.649239
1129033,0.0022,0.9987,0,1,False,11.151388,19.169806,6.6267447
1129035,0.0023,0.9986,0,1,False,11.559377,19.42348,6.547771
1129145,0.9591,0.1342,1,0,False,9.496999,4.2111664,3.821681
1129147,0.3202,0.699,0,0,False,4.0779934,1.7126435,3.374785
1129191,0.1254,0.9914,0,1,False,6.106473,1.7851952,3.0465686
1129192,0.9995,0.0005,1,0,False,5.06316,4.1217527,2.5719676
1129194,0.9019,0.0853,1,0,False,6.424238,5.2387457,3.3565605
1129873,0.3415,0.6019,0,0,False,8.401631,13.478021,6.6683517
1131315,0.9302,0.0685,1,0,False,7.0450635,4.651273,3.0095735
1131316,0.1688,0.9029,0,1,False,10.739745,3.3554344,3.1089983
1131317,0.3176,0.7017,0,0,False,4.14388,1.3645085,3.518178
1131483,0.0007,0.0586,0,0,False,8.136581,9.75951,5.575626
1131485,0.0035,0.8191,0,0,False,7.2084675,9.852463,5.855767
1131622,0.9869,0.0109,1,0,False,6.3765316,5.403987,3.1736355
1131702,1.0,0.0,1,0,False,3.593583,5.342864,3.3832254
1132026,1.0,0.0,1,0,False,3.745563,3.8447156,2.4417152
1133022,0.9446,0.0667,1,0,False,10.163955,4.0703425,3.4979389
1133292,0.9986,0.0013,1,0,False,4.77503,5.5209785,3.2856734
1133293,0.9994,0.0006,1,0,False,4.902958,5.4358664,3.2701852
1133557,0.9961,0.0034,1,0,False,6.480939,4.709989,3.0742915
1133727,1.0,0.0,1,0,False,3.2910368,2.592649,2.2794015
1133728,0.9999,0.0001,1,0,False,5.128693,4.5695333,3.1152523
1133751,1.0,0.0,1,0,False,3.5447822,3.625401,2.4442072
1134579,0.4324,0.9999,0,1,False,7.096083,9.308801,7.231507
1136133,0.1009,0.8877,0,0,False,6.7785645,6.4023256,4.176575
1136260,0.9881,0.0054,1,0,True,8.28466,5.4569507,4.3928604
1136534,1.0,0.0,1,0,False,3.6426528,2.3685899,2.652016
1136731,0.9962,0.0038,1,0,False,3.4798844,2.934401,2.9354422
1137745,1.0,0.0,1,0,False,3.172764,2.3866515,2.5474627
1137931,0.9863,0.2831,1,0,False,6.167168,8.78524,5.8524466
1138484,0.0116,0.9408,0,1,False,7.1927485,9.443968,5.297979
1138485,0.2324,0.7661,0,0,False,7.828781,11.787125,5.9503007
1141132,0.9949,0.0049,1,0,False,7.427412,4.256918,3.035615
1141133,1.0,0.0,1,0,False,3.7517514,4.652783,2.8000438
1141135,1.0,0.0,1,0,False,4.8515887,4.199846,2.639629
1141136,1.0,0.0,1,0,False,3.632625,3.7316718,2.388412
1141137,0.7468,0.0417,0,0,False,5.006377,8.853514,6.157497
1141138,0.9997,0.0003,1,0,False,3.582158,3.143895,2.5223527
1141139,1.0,0.0,1,0,False,4.812133,4.2136154,2.8068016
1141140,1.0,0.0,1,0,False,3.2955942,4.0525875,2.4397364
1141141,0.3045,0.6784,0,0,False,1.2883943,0.16042842,3.233625
1141519,0.9974,0.0026,1,0,False,6.2804046,4.760895,3.0973036
1141525,0.0,0.0,0,0,False,7.8456903,5.0631433,4.787806
1141526,0.8605,0.1385,0,0,False,5.2114415,4.468453,2.6759024
1141625,0.9391,0.0586,1,0,False,6.8979974,4.52871,2.9849234
1141754,1.0,0.0018,1,0,True,3.8875766,8.520786,4.806059
1144379,0.9865,0.013,1,0,False,5.7744617,5.854503,3.36802
1145295,0.9847,0.0076,1,0,True,7.7956614,5.274454,4.0670357
1147042,0.3103,0.6654,0,0,False,2.0140269,0.4398176,3.5517025
1147043,1.0,0.0,1,0,False,3.228357,3.4028518,2.4560997
1147044,0.3069,0.6721,0,0,False,1.5736641,0.495473,3.3463597
1147094,0.5823,0.0304,0,0,False,5.199258,9.203284,6.6848364
1147137,1.0,0.0,1,0,False,3.0930126,2.0301316,2.0992959
1147139,0.9995,0.0005,1,0,False,4.6047525,4.78742,2.815025
1147140,0.8564,0.143,0,0,False,5.745968,4.1280518,2.9358199
1147141,0.0,0.0,0,0,False,25.356693,7.0377007,7.98913
1147142,0.2034,0.8027,0,0,False,7.6381793,8.149131,4.732272
1147143,0.9932,0.0068,1,0,False,5.7862372,4.4534354,3.0464008
1147144,0.039,0.961,0,1,False,6.1587152,3.4525518,3.364362
1147145,0.0,0.0,0,0,False,-10.818996,9.256867,9.391067
1147146,0.0183,0.9812,0,1,False,7.5211315,3.03745,3.14307
1147147,0.98,0.02,1,0,False,6.7864246,3.0227814,3.0113854
1147148,0.0175,0.982,0,1,False,7.7176657,2.9796977,3.0962918
1147149,0.9151,0.0849,1,0,False,6.454834,4.549753,2.7329786
1147150,0.991,0.009,1,0,False,6.0821114,5.31704,2.9946306
1147151,0.0217,0.9783,0,1,False,5.9637337,3.2683275,3.1244814
1147152,0.1622,0.8379,0,0,False,7.3202033,2.5655694,2.9867992
1147153,0.0,0.0,0,0,False,-10.820707,9.255842,9.390492
1147154,0.0,0.0,0,0,False,-10.8192215,9.257215,9.391219
1147155,1.0,0.0,1,0,False,3.7012963,2.5251045,2.6248143
1147156,0.9304,0.0696,1,0,False,6.684445,4.525653,2.7643585
1147157,0.0,0.0,0,0,False,-10.819696,9.2572365,9.391442
1147158,0.0,0.0,0,0,False,-10.808985,9.263373,9.394398
1147160,0.6087,0.6857,0,0,False,8.297,18.664305,7.319087
1148491,0.1662,0.8336,0,0,False,7.067171,5.289145,3.6216004
1148496,1.0,0.0,1,0,False,3.962641,4.01146,2.8989985
1149871,0.9969,0.0005,1,0,False,5.642753,10.251829,5.590387
1149875,0.9977,0.0004,1,0,False,5.7598743,10.655471,5.7240257
1149880,0.9972,0.0004,1,0,False,5.855884,10.841058,5.9593315
1149883,0.9977,0.0004,1,0,False,5.739115,11.057555,5.9566636
1150019,0.9957,0.0007,1,0,False,5.7966313,10.425581,5.6201615
1150353,0.1355,0.8642,0,0,False,6.3452864,6.439963,3.7352715
1150861,0.9999,0.0001,1,0,False,5.3403225,5.060388,2.5768673
1150869,0.0,0.0,0,0,False,5.960729,-2.6257377,0.41463417
1150989,1.0,0.0,1,0,False,3.7211459,3.1553845,2.436368
1150990,0.9994,0.0006,1,0,False,4.997561,4.03418,2.646976
1150991,1.0,0.0,1,0,False,3.1075094,2.810911,2.2384918
1150992,0.0881,0.9786,0,1,False,12.163023,3.5456228,4.198811
1151014,0.7606,0.2384,0,0,False,3.2964454,4.697033,3.7834284
1154689,0.1882,0.9975,0,1,False,9.433318,5.927606,4.380609
1154995,1.0,0.0,1,0,False,2.9655156,3.2138886,2.2878747
1156719,0.0148,0.9814,0,1,False,8.928584,4.4089894,3.1803844
1156720,0.9562,0.0438,1,0,False,5.971314,5.3575487,3.240003
1156721,0.0287,0.971,0,1,False,7.197063,4.951526,3.312034
1156722,0.0704,0.9294,0,1,False,7.0286493,3.7952757,3.1124806
1156769,0.8762,0.1269,0,0,False,7.1435432,7.3717446,4.456256
1157338,0.6309,0.2689,0,0,False,7.491513,10.3988285,6.7101965
1157339,0.9459,0.5216,1,0,False,6.1489778,8.86198,5.554531
1158680,0.9595,0.0415,1,0,False,8.154045,2.7963204,3.3490477
1159195,0.5999,0.3999,0,0,False,5.667223,5.650977,3.2120345
1159902,1.0,0.0,1,0,False,3.4919295,3.5726128,2.3751009
1159903,0.9771,0.0229,1,0,False,6.0815754,4.638911,3.135446
1159904,0.8456,0.0993,0,0,False,6.01655,8.825453,5.609306
1159906,0.4912,0.5934,0,0,False,7.997834,12.823788,6.625188
1159907,1.0,0.0,1,0,False,3.8937275,4.4441757,2.9801784
1159908,0.9956,0.0044,1,0,False,4.7362337,7.4725933,4.9132967
1160968,0.3174,0.7696,0,0,False,8.556432,16.168997,6.8595552
1161132,0.9826,0.0174,1,0,False,6.462644,4.340842,2.8238404
1161901,1.0,0.0,1,0,False,3.3352144,2.9907148,2.355226
1161903,0.0,0.0,0,0,False,7.9774528,4.3331265,3.4039
1161906,1.0,0.0,1,0,False,3.3738139,3.1810534,2.4480164
1161927,0.5466,0.4533,0,0,False,6.061085,5.5338507,3.1292603
1161928,0.3347,0.6094,0,0,False,8.288516,12.679039,6.404119
1161930,1.0,0.0,1,0,False,3.1319947,3.9883213,2.2610712
1161931,0.3373,0.6626,0,0,False,5.972231,4.1525335,2.7061102
1161933,0.0,0.0,0,0,False,11.365564,6.038762,2.8238046
1161934,0.0,0.0,0,0,False,11.512321,6.2642336,2.585741
1161935,0.3176,0.5782,0,0,False,6.8876386,9.298741,5.7370987
1161939,1.0,0.0,1,0,False,3.4894154,4.368945,2.595067
1162083,1.0,0.0,1,0,False,3.7147481,3.3730502,2.3123407
1162290,0.5166,0.4834,0,0,False,6.522756,3.8115134,3.03556
1162295,0.0131,0.9853,0,1,False,5.9580364,4.3999457,3.2088616
1162304,0.0001,0.0056,0,0,False,3.8556433,7.2597394,5.639092
1162305,0.2565,0.1589,0,0,False,4.1420813,7.3413105,5.8551245
1162306,0.9767,0.0059,1,0,False,5.5103335,9.626645,6.5067854
1162557,0.4134,0.0282,0,0,False,5.002394,7.6264586,5.1292725
1163482,0.1007,0.8992,0,0,False,6.5201545,3.928567,3.0452962
1163537,0.657,0.3429,0,0,False,5.587633,5.093145,2.9668546
1163703,0.4438,0.0404,0,0,False,5.776941,7.3397737,4.6282997
1163708,0.9987,0.0013,1,0,False,4.578974,4.0512824,2.6538072
1163709,1.0,0.0,1,0,False,3.7699363,3.2002475,2.473695
1163715,0.0001,0.9956,0,1,True,8.008143,9.406322,5.5392013
1165702,0.1516,0.1561,0,0,False,4.5333834,8.622483,6.1250424
1165907,0.6468,0.3531,0,0,False,6.102454,5.4439135,3.4582186
1165934,1.0,0.0,1,0,True,3.0716238,4.95454,3.7319005
1167696,0.96,0.0637,1,0,False,5.758765,9.548691,6.2584343
1168280,0.8177,0.1823,0,0,False,5.6476765,4.144909,3.0060327
1168281,0.9882,0.0118,1,0,False,5.4802604,4.1826687,2.9992208
1168478,0.9993,0.0007,1,0,False,3.482258,2.4738274,2.7799304
1168479,0.9991,0.0009,1,0,False,3.7754953,2.7381654,2.8690066
1168547,0.026,0.9738,0,1,False,5.3467727,4.9888525,3.1474774
1168548,0.0013,0.9959,0,1,False,5.9387445,3.8494947,3.5765045
1168549,0.4453,0.5546,0,0,False,6.034285,4.9798803,3.0985706
1168550,0.4537,0.0046,0,0,False,5.5355325,7.229763,5.2053437
1168563,0.214,0.9988,0,1,False,9.350419,5.646471,4.219075
1168595,0.0,0.0,0,0,False,17.669504,8.096219,9.340702
1168612,1.0,0.0,1,0,False,3.4074733,4.0819693,2.6953983
1168613,1.0,0.0,1,0,False,2.709431,1.2437496,2.544196
1168744,0.0276,0.3756,0,0,False,3.0291967,1.4039483,2.5597022
1169032,0.8528,0.1242,0,0,False,5.7420907,8.791775,5.3530135
1170234,0.6427,0.3306,0,0,False,7.1829295,11.243142,7.3984413
1170423,0.6199,0.1389,0,0,False,5.7392173,9.410666,6.7135515
1172196,0.4689,0.6,0,0,False,8.364736,12.223548,6.3656793
1172985,0.0109,0.9907,0,1,True,8.347568,10.906487,5.994577
1173135,0.9199,0.0696,1,0,False,6.601409,8.206829,5.023213
1173297,1.0,0.0,1,0,False,3.0128536,3.6471033,2.891446
1173709,0.9515,0.0356,1,0,False,8.099586,10.935585,6.4959407
1173743,0.9998,0.0002,1,0,False,3.1858022,3.2431307,2.328638
1173745,0.9997,0.0003,1,0,False,3.3036726,3.9842572,2.7254462
1173747,1.0,0.0,1,0,False,2.998168,3.1117232,2.3223803
1173748,0.9616,0.1471,1,0,False,3.1522408,1.3516797,2.2588348
1173749,0.0535,0.9457,0,1,False,6.599771,4.4857006,3.1813133
1173761,0.9774,0.106,1,0,False,6.0335255,9.111487,5.918008
1173762,0.9994,0.0006,1,0,False,3.072971,2.109497,2.3450003
1173764,0.9998,0.0002,1,0,False,2.8366582,5.1793327,4.2671547
1173765,1.0,0.0,1,0,False,2.7629774,4.7050467,4.0282702
1173766,0.0878,0.4267,0,0,False,2.6999786,1.3976334,2.7093952
1173769,0.0514,0.9485,0,1,False,7.5072556,4.0898995,2.9719386
1174526,0.0062,0.9727,0,1,False,7.410912,8.748828,5.0597277
1174530,0.9633,0.0588,1,0,False,5.944099,8.34447,5.1350517
1175504,0.3321,0.815,0,0,False,10.568108,4.354808,3.106418
1175654,0.0127,0.9871,0,1,False,6.2839694,4.246,3.580138
1175657,0.9973,0.0055,1,0,False,8.97168,4.8214774,3.7631967
1175662,0.0135,0.9864,0,1,False,6.9148383,3.371261,3.1511858
1175848,0.9378,0.0553,1,0,True,4.63526,7.7664,6.013885
1175849,1.0,0.0,1,0,True,2.5971866,4.569309,3.8669298
1175850,1.0,0.0,1,0,True,2.9035604,3.736911,2.3790545
1175851,1.0,0.0,1,0,True,3.226232,2.5882776,2.5725286
1175852,1.0,0.0,1,0,True,3.4308434,5.869494,4.566088
1176153,0.0001,0.0048,0,0,False,4.349345,5.784549,4.130464
1176156,0.0,0.0,0,0,False,11.106326,20.529358,3.2323444
1176422,1.0,0.0,1,0,False,2.9757736,2.5374508,2.2042472
1176423,0.0342,0.9941,0,1,False,5.082244,1.906002,2.6140678
1176425,0.0,0.0,0,0,False,10.778354,8.805104,5.4145784
1176484,0.9723,0.0277,1,0,False,4.3258986,3.624326,2.6199791
1176736,0.8388,0.1741,0,0,False,8.203285,11.308963,6.582363
1177632,0.0071,0.9929,0,1,False,5.9938784,4.491012,2.9029617
1181310,0.4097,0.5902,0,0,False,4.1286516,4.64099,2.738178
1182518,0.0538,0.9461,0,1,False,6.1909447,4.704535,3.2047036
1183239,0.0171,0.9826,0,1,False,6.839172,5.182481,3.387615
1183241,0.8811,0.1189,0,0,False,4.6122603,4.593273,2.6210184
1185359,0.1156,0.894,0,0,False,7.5363965,7.0911922,4.0829425
1187128,0.9999,0.0001,1,0,False,3.181267,1.9155686,2.270237
1187894,0.3254,0.6744,0,0,False,2.9191363,1.429888,2.482559
1188015,0.859,0.1605,0,0,False,1.6805298,-3.6369112,5.3425617
1188795,0.2714,0.9951,0,1,False,9.664286,6.1897388,4.492249
1193422,0.9999,0.0001,1,0,False,3.135533,3.777321,2.466767
1193974,0.9996,0.4679,1,0,False,6.244034,16.415932,7.6752462
1194091,0.0295,0.968,0,1,False,6.03483,5.4951224,3.8393884
1194641,0.9999,0.0001,1,0,False,2.7352853,2.6784203,2.3292985
1194757,0.6956,0.5466,0,0,False,8.971791,17.5622,6.7806897
1195068,1.0,0.0,1,0,False,2.9622006,2.5022256,2.3393815
1195071,1.0,0.0,1,0,False,2.9194999,2.8913248,2.264748
1195072,0.9999,0.0001,1,0,False,2.7579434,1.8929986,2.4876227
1195076,0.0,0.0,0,0,False,8.515088,1.4810777,11.417115
1195077,0.0,0.0,0,0,False,8.500885,1.4767357,11.394992
1195078,0.0,0.0,0,0,False,8.532807,1.4806387,11.447417
1195079,0.0,0.0,0,0,False,8.524377,1.4874928,11.423836
1195080,0.0,0.0,0,0,False,8.512799,1.4810678,11.414955
1195081,0.0,0.0,0,0,False,8.496487,1.4722353,11.385424
1195085,0.0255,0.9743,0,1,False,5.6326165,5.025735,3.1266572
1195086,0.3392,0.7984,0,0,False,1.9891946,1.1882156,2.7145402
1195087,0.9954,0.0023,1,0,False,3.4832373,5.3271217,3.9273896
1195364,0.0959,0.8914,0,0,False,5.885573,6.342525,4.08164
1195367,0.3035,0.6646,0,0,False,8.358059,14.046172,6.866605
1195370,1.0,0.0,1,0,False,3.0973856,3.332463,2.7060993
1195378,0.0019,0.9989,0,1,False,11.278484,19.325863,6.8657317
1195796,0.9841,0.0149,1,0,True,3.417447,1.713504,3.27456
1196236,0.1894,0.7868,0,0,False,6.0885615,4.563525,3.3613338
1196237,0.1427,0.8329,0,0,False,5.8306265,4.4754033,3.4404972
1196647,0.0002,0.0466,0,0,False,5.053552,6.0746737,4.4314957
1197935,0.9827,0.0173,1,0,False,4.0956397,4.381824,2.924592
1197951,0.5805,0.3883,0,0,False,7.216962,10.284101,6.863899
1198013,0.9182,0.0818,1,0,False,4.904855,2.6921,3.1876144
1198014,0.9203,0.0797,1,0,False,4.713802,2.9691634,3.112469
1198147,0.0028,0.1927,0,0,False,5.115838,8.455695,6.8841457
1200862,0.9989,0.0011,1,0,False,2.920335,1.7333394,2.5152504
1200971,0.0,0.0,0,0,False,10.9902315,20.2733,3.4522038
1202142,1.0,0.0,1,0,False,3.2007115,3.2304785,2.6621308
1204178,1.0,0.0,1,0,False,3.1763306,2.2719595,2.5576668
1204515,0.0,0.0,0,0,False,24.647045,8.443125,7.850958
1204516,0.9997,0.0003,1,0,False,3.6515877,3.937366,2.6566894
1204517,0.0001,0.9999,0,1,False,7.64728,5.363307,3.9375863
1204521,0.8829,0.117,0,0,False,4.9597898,4.886489,2.9785647
1204522,0.0,0.0,0,0,False,11.299172,-6.2862124,0.17651214
1204523,0.6922,0.3078,0,0,False,4.575407,4.3571973,2.6380267
1204524,0.6824,0.3458,0,0,False,10.881498,3.8346083,4.0462523
1204525,0.0975,0.9721,0,1,False,11.74752,3.3582184,3.8762314
1204528,0.9997,0.0003,1,0,False,3.4992342,3.8625572,2.6964917
1204529,0.9957,0.0043,1,0,False,3.6639636,3.4512544,2.6777828
1204531,0.9957,0.0043,1,0,False,2.9273858,2.796207,2.6148446
1204533,0.204,0.7876,0,0,False,6.307432,6.0162306,4.248588
1204534,0.0268,0.1396,0,0,False,2.7896166,0.8686504,2.8382387
1204535,0.9995,0.0005,1,0,False,2.9750988,2.1346295,2.1548977
1204538,0.034,0.9658,0,1,False,7.274938,7.9374375,4.602612
1204539,0.3483,0.6517,0,0,False,3.9768333,4.46855,2.8488593
1204540,0.7029,0.297,0,0,False,3.0111873,1.8039346,2.2384074
1204541,0.7498,0.2501,0,0,False,4.409663,4.4270353,2.768291
1204542,0.0703,0.9183,0,1,False,6.542487,6.0228767,3.508284
1206110,0.9904,0.0096,1,0,False,2.9080162,2.1779227,2.7806125
1206556,0.0424,0.9566,0,1,False,6.707862,7.804312,4.2266545
1206557,0.9907,0.0093,1,0,False,4.984778,1.813563,2.6867087
1206558,1.0,0.0,1,0,False,3.3567739,2.3696544,3.790397
1206559,0.5024,0.0101,0,0,False,5.2844963,8.115908,5.3159485
1206560,0.0,0.0,0,0,False,11.25957,-6.2436137,0.21565492
1206566,0.0231,0.9765,0,1,False,6.409859,4.3097754,3.282945
1207438,0.1202,0.8791,0,0,False,5.1216855,3.2695546,2.8022811
1208236,0.9974,0.0026,1,0,False,3.0845091,1.9121661,2.4809575
1208309,1.0,0.0,1,0,True,3.3606987,5.564017,4.4301453
1208310,0.6257,0.573,0,0,False,9.27293,17.742918,6.8471227
1208587,1.0,0.0,1,0,False,3.5205424,4.009412,2.7768226
1209382,0.75,0.3045,0,0,False,8.650376,15.152489,6.706726
1209383,0.1853,0.7254,0,0,False,8.077864,12.832457,7.0896754
1209820,0.9723,0.0367,1,0,True,1.8137076,-3.6440873,5.4908605
1211278,0.3833,0.9682,0,1,False,8.840178,6.7571936,4.4380007
1211279,0.0,0.0,0,0,False,11.254172,0.2779748,2.830452
1211280,0.9837,0.0163,1,0,False,4.188717,3.0437353,3.0228407
1211285,0.0055,0.9945,0,1,False,3.347555,0.7813918,2.5816233
1211386,0.1555,0.8361,0,0,False,6.7228365,5.6082945,3.474938
1211388,0.0043,0.0665,0,0,False,4.5729203,6.464255,4.7271514
1211480,0.9993,0.0007,1,0,False,3.2646508,3.25288,2.9252388
1211481,0.0463,0.9571,0,1,False,7.6990623,7.45688,4.5625305
1211640,0.0927,0.9025,0,1,False,6.3424635,4.7923117,3.404395
1211641,0.997,0.0063,1,0,False,9.335722,5.059348,3.553136
1211642,0.9974,0.0054,1,0,False,8.655619,4.93172,3.4931684
1213198,0.6984,0.0983,0,0,False,7.2166085,11.933644,6.7824445
1213588,0.0072,0.9921,0,1,False,3.2981548,1.6021665,2.5670822
1214459,0.0052,0.9702,0,1,False,7.4934897,9.16268,5.359117
1214955,0.0003,0.9997,0,1,True,6.541481,2.8740644,3.4682486
1216472,0.1136,0.8755,0,0,False,6.2317953,5.279688,3.6186316
1216926,0.2899,0.8245,0,0,False,4.171081,1.8380964,3.106292
1217810,0.0355,0.9637,0,1,False,7.024313,7.875029,4.499484
1217821,0.9734,0.0266,1,0,False,3.6130173,3.871675,2.3188508
1218490,0.3532,0.6505,0,0,False,8.480532,13.546337,6.731411
1218727,0.9277,0.0722,1,0,False,4.2785,4.9210677,3.006437
1219376,0.9929,0.0116,1,0,True,5.4259744,15.712386,7.7888546
1219377,0.9999,0.012,1,0,True,5.412662,16.078102,7.857009
1219378,0.9975,0.0104,1,0,True,5.318654,15.707385,7.8109975
1219380,0.9904,0.0147,1,0,True,5.3398166,15.689275,7.7421165
1219381,0.953,0.0798,1,0,True,7.8589597,18.94819,7.5273156
1219404,0.9997,0.0152,1,0,True,5.4646254,16.317945,7.7815666
1219405,1.0,0.0001,1,0,True,5.53036,13.641732,7.0163417
1219406,0.9949,0.0103,1,0,True,5.258223,15.536912,7.8093996
1219407,0.9998,0.012,1,0,True,5.537805,15.929276,7.8129125
1219413,0.9896,0.0161,1,0,True,5.5146713,15.4406595,7.818786
1219416,0.9961,0.0082,1,0,True,5.3578086,15.516973,7.770265
1219419,1.0,0.0,1,0,True,5.073199,11.45872,6.4012184
1219465,0.4078,0.5228,0,0,False,8.265388,12.756337,6.9283805
1219896,0.7075,0.3829,0,0,False,7.6688385,11.547764,7.069675
1220025,0.8082,0.1896,0,0,False,3.8780177,4.84317,3.147744
1220265,0.9952,0.0115,1,0,True,5.6730294,15.594012,7.6453676
1220601,0.0339,0.2421,0,0,False,7.5095387,3.180053,3.2689893
1220602,0.9931,0.0069,1,0,False,3.3278587,3.8364408,2.6580637
1220604,0.7168,0.8969,0,0,False,8.055904,6.737975,4.1672664
1220714,0.0192,0.9803,0,1,False,6.396993,4.2937293,3.042076
1220715,0.6184,0.3816,0,0,False,5.457667,3.8707836,2.8829267
1220716,0.2818,0.7151,0,0,False,5.2350125,4.468728,2.9453144
1220717,0.9973,0.0055,1,0,False,9.0595,4.573536,3.687205
1221208,0.503,0.3721,0,0,False,4.5124483,5.519289,3.500806
1221328,0.9996,0.0004,1,0,False,3.3109272,2.812322,2.7197356
1221437,0.9695,0.0305,1,0,False,3.986339,4.561278,3.1782534
1221449,0.9969,0.0031,1,0,False,3.1556232,2.5633626,2.5895867
1221637,0.7308,0.3694,0,0,False,8.202184,11.757428,6.6712255
1221835,0.003,0.9969,0,1,False,2.918458,1.9959173,2.3054605
1222338,0.1945,0.7945,0,0,False,4.009838,1.3262951,3.1776364
1223259,0.003,0.9945,0,1,False,6.2893577,4.9419317,3.0465605
1223260,0.0073,0.9915,0,1,False,7.2270794,4.2946267,3.2776158
1223261,0.0054,0.9921,0,1,False,6.9114556,4.669284,3.093933
1223262,0.0074,0.9892,0,1,False,7.0839562,4.2555265,3.3780441
1223561,0.4573,0.5304,0,0,False,4.953203,6.4882936,5.482296
1223562,0.8582,0.0375,0,0,False,6.0485435,9.03413,6.1072283
1224510,0.7034,0.2966,0,0,False,4.941431,4.0095177,2.8345647
1224515,0.0034,0.9965,0,1,False,6.58636,3.961748,3.1039267
1224522,0.1543,0.0339,0,0,True,1.9677395,-3.8096876,5.4879775
1225644,0.0002,0.0004,0,0,False,4.1935267,6.207538,3.4885316
1225789,0.0068,0.9911,0,1,False,7.0163407,3.9441822,3.0525599
1225790,0.0376,0.9765,0,1,False,7.968221,6.665581,4.2018533
1225791,0.0013,0.9978,0,1,False,7.248785,4.8943996,3.4906697
1225792,0.0036,0.9951,0,1,False,7.4625487,3.831973,3.3444345
1225795,0.9968,0.0032,1,0,False,3.1852558,2.5865731,2.5324738
1225800,0.9975,0.0025,1,0,False,3.3613687,3.8958309,2.7102141
1226255,0.0,0.0,0,0,False,4.72215,1.936172,4.757992
1226258,0.0,0.0,0,0,False,5.9684706,-2.5529163,0.43057743
1226260,0.9862,0.029,1,0,False,5.794276,7.1521344,4.2627754
1226262,0.8913,0.0867,0,0,False,5.050154,4.4268093,3.1367798
1226263,0.9488,0.0517,1,0,False,4.9580846,4.398623,3.326837
1226723,0.9945,0.0002,1,0,False,5.603467,6.803851,4.5703535
1227557,0.6458,0.3276,0,0,False,2.1470351,1.7543671,2.7122824
1228012,0.5053,0.0093,0,0,False,4.9940896,8.536887,5.7316504
1229186,0.9993,0.0007,1,0,False,3.066185,3.008765,2.385162
1229324,0.0683,0.9161,0,1,False,7.1132812,10.1350975,5.6261263
1229325,0.9743,0.0257,1,0,False,4.0056114,3.7893507,2.7455041
1229751,0.0388,0.9921,0,1,False,3.2117238,0.53768784,2.1181562
1229752,0.1756,0.8049,0,0,False,2.9915216,1.2182496,2.6348712
1229753,0.999,0.001,1,0,False,3.553641,3.0512795,2.486985
1229754,0.0001,0.7084,0,0,False,6.6205835,2.9173267,2.9339826
1229755,0.0316,0.7485,0,0,False,5.986784,5.219735,3.2156372
1229757,0.9997,0.0003,1,0,False,2.9355273,3.2797413,2.6490877
1229760,0.9999,0.0001,1,0,False,3.702017,4.324651,2.7097101
1229782,0.0,0.0,0,0,False,9.563352,3.6731806,20.58296
1229784,0.0,0.0,0,0,False,9.09214,4.0152435,20.497227
1229786,0.0,0.0,0,0,False,9.402531,3.7847006,20.529024
1229787,0.0,0.0,0,0,False,9.37998,3.7537239,20.642225
1229788,0.0,0.0,0,0,False,9.430009,3.816748,20.639528
1229789,0.0,0.0,0,0,False,9.423163,3.595656,21.294785
1229790,0.0,0.0,0,0,False,9.241045,3.7897167,20.837189
1229791,0.0,0.0,0,0,False,9.409631,3.6533532,20.686255
1229792,0.0,0.0,0,0,False,9.293219,3.7336679,20.854713
1229793,0.0,0.0,0,0,False,9.250635,3.8753197,20.612534
1229794,0.0,0.0,0,0,False,9.38551,3.7390358,20.618237
1231048,0.5967,0.0001,0,0,False,5.267508,3.9439535,4.7756944
1231709,1.0,0.0,1,0,True,3.0740097,4.736272,3.3562534
1231903,0.086,0.8732,0,0,False,6.2652936,5.2620163,3.4359403
1232554,0.9996,0.0004,1,0,False,3.3262093,2.7218246,2.598875
1233320,0.9561,0.0394,1,0,False,4.8324385,6.4167233,5.1522956
1233383,0.9953,0.0053,1,0,True,8.229606,10.824085,6.5012026
1233488,0.9791,0.0209,1,0,False,3.863603,4.3359313,2.6961763
1233675,0.0022,0.9987,0,1,False,11.19262,19.33042,6.726463
1234171,0.8973,0.1669,0,0,False,3.1084852,-1.4866576,5.1010017
1234701,0.9966,0.0031,1,0,False,4.4116244,4.8026977,3.4403286
1234872,0.9922,0.0078,1,0,False,3.8501465,4.0116186,2.694822
1234874,0.9983,0.0017,1,0,False,3.1981905,2.8702774,2.607901
1234878,0.9263,0.0707,1,0,False,6.385013,9.816134,5.572031
1234879,0.8599,0.1319,0,0,False,6.196714,4.4915495,3.1068158
1234880,0.0493,0.836,0,0,False,6.2063375,6.1146674,3.8738956
1234881,0.446,0.553,0,0,False,5.421032,4.166287,3.0298693
1234882,0.0265,0.9617,0,1,False,6.5230722,5.2654395,3.5875692
1234883,0.0369,0.9579,0,1,False,5.973786,4.6156383,3.0883622
1234884,0.0056,0.9897,0,1,False,5.823426,4.938907,3.4157443
1234886,0.0,1.0,0,1,False,8.144864,3.844686,2.9779055
1234887,0.5306,0.4669,0,0,False,5.5709753,4.7237635,2.9829755
1234888,0.0274,0.9532,0,1,False,6.5274816,4.7794814,3.219177
1235427,0.0421,0.7217,0,0,False,5.2256875,5.475143,3.1378357
1235428,0.0102,0.9852,0,1,False,6.478,4.3807526,3.071654
1235429,0.0482,0.8568,0,0,False,5.967977,5.7300167,3.6048899
1235430,0.502,0.4704,0,0,False,6.272607,5.6910777,3.407183
1235559,0.0022,0.9966,0,1,False,5.3027506,4.0733395,2.8107991
1235640,0.9895,0.0184,1,0,False,6.43175,5.864944,3.7677581
1235645,0.0,0.0,0,0,False,9.094705,3.8666012,20.890453
1235646,0.0,0.0,0,0,False,9.288368,3.7190502,20.99337
1235647,0.0,0.0,0,0,False,9.340016,3.8591585,20.581467
1235649,0.0,0.0,0,0,False,9.400502,3.574463,21.367275
1235650,0.0,0.0,0,0,False,9.004615,3.959863,20.89206
1235653,0.0,0.0,0,0,False,9.469305,3.8194928,20.49691
1235654,0.0,0.0,0,0,False,9.456194,3.7356167,20.512323
1235655,0.0,0.0,0,0,False,9.486558,3.5088525,21.34637
1235656,0.0,0.0,0,0,False,9.2925625,3.8284686,20.777061
1235659,0.9996,0.0004,1,0,False,2.435693,2.9643188,2.7727325
1235660,0.9996,0.0004,1,0,False,2.4945002,2.7211568,2.761318
1235661,0.7341,0.1974,0,0,False,7.387582,10.01677,5.6667485
1235689,0.9126,0.0821,1,0,False,6.747622,5.1796403,3.464097
1235824,0.0,0.0,0,0,False,5.1960034,1.8844954,2.5803525
1235996,0.9997,0.0003,1,0,True,3.983504,4.161845,3.0759838
1236000,0.2599,0.7147,0,0,False,5.700925,3.9365168,3.0027776
1236047,0.2087,0.9998,0,1,False,6.2108,2.3474085,2.9377716
1236391,0.9998,0.9999,1,1,False,5.5509634,6.6106005,4.566528
1236392,0.2341,0.0204,0,0,False,5.018415,7.5881767,5.218273
1236395,0.5134,0.5916,0,0,False,8.674218,17.822863,7.1621976
1236398,1.0,0.0,1,0,False,3.3061032,4.7109833,3.503245
1236400,0.6092,0.3728,0,0,False,7.1671777,10.690877,6.865801
1236406,0.8106,0.0133,0,0,False,5.7754273,8.656725,5.916007
1236407,0.0073,0.0063,0,0,False,3.6676188,4.9602656,3.9667232
1236410,0.0012,0.9988,0,1,False,3.5349813,2.154642,2.7542825
1236767,0.2707,0.005,0,0,False,5.938112,7.3220077,5.3930326
1237159,0.9938,0.0062,1,0,False,3.9233415,2.7481482,2.7583184
1237364,0.4649,0.5225,0,0,False,3.9233413,1.6281756,3.2157834
1238162,0.0,0.0,0,0,False,10.99191,20.25002,3.4529324
1238455,1.0,0.0,1,0,False,2.9675872,4.01622,3.1519065
1239381,0.9992,0.0008,1,0,False,2.7849898,1.4231182,2.681277
1239382,0.7783,0.2309,0,0,False,5.5451407,5.348391,3.342597
1239383,0.1301,0.8698,0,0,False,3.2517607,1.6274661,2.6980195
1239384,0.9998,0.0002,1,0,False,3.1638858,2.7877312,2.4698071
1239385,0.9995,0.0005,1,0,False,3.11811,2.2410834,2.8604078
1239386,0.6193,0.4732,0,0,False,8.891246,6.5161376,4.462276
1239438,0.4148,0.3888,0,0,False,7.9057293,12.42897,7.051198
1239439,0.0,0.9999,0,1,True,4.086867,4.0918922,3.1488242
1239452,0.024,0.0,0,0,False,3.8056028,5.2520995,2.7204013
1239565,1.0,1.0,1,1,True,4.5441775,5.4553127,3.9583611
1239566,0.981,0.0236,1,0,False,5.9862733,5.973322,3.74862
1239567,0.0183,0.9814,0,1,True,6.069748,6.7055936,5.4652996
1239568,0.0356,0.9648,0,1,True,7.6753883,10.682745,6.759953
1239569,1.0,0.0001,1,0,False,4.984169,3.4143505,3.9149911
1239570,0.9985,0.0015,1,0,False,4.0706453,5.7198853,4.5712824
1239572,0.0,0.0001,0,0,True,5.1067247,6.217338,4.0509415
1239573,1.0,0.0,1,0,False,4.1156507,5.788533,4.0971
1239574,0.8596,0.13,0,0,False,5.500169,4.633617,3.38034
1239577,0.9592,0.039,1,0,False,4.1119895,4.964531,3.506632
1239832,0.001,0.019,0,0,False,7.4382267,10.294698,5.8189964
1240004,0.9988,0.0111,1,0,True,5.386939,15.825128,7.8332105
1241370,0.0014,0.9992,0,1,False,11.579214,19.760483,6.6856346
1241371,0.9849,0.015,1,0,False,4.6552334,4.307617,2.8426325
1241933,0.3509,0.009,0,0,False,5.0965824,8.255282,5.4018726
1241957,0.7259,0.5356,0,0,False,8.7257805,17.062155,7.0461154
1242863,1.0,0.0,1,0,False,5.6940126,3.058971,3.9924104
1243178,0.9998,0.0002,1,0,False,3.2056623,4.5944276,3.023372
1243183,0.9999,0.0001,1,0,False,3.321424,2.7055376,2.606428
1244563,0.8728,0.1262,0,0,False,5.2162766,4.897521,3.2676253
1244856,0.057,0.6846,0,0,False,5.356042,4.318559,3.5232735
1245814,0.2178,0.9776,0,1,False,10.469771,4.8986464,2.5140116
1245909,0.9942,0.0057,1,0,False,4.660949,3.8658192,2.8286235
1246650,0.0026,0.9985,0,1,False,10.698265,18.710932,6.6005716
1246651,0.0484,0.0,0,0,False,4.8763046,3.9395082,2.8309257
1246677,0.0543,0.947,0,1,False,7.284222,7.909576,4.7652025
1247113,1.0,0.0,1,0,True,3.7073567,4.7598896,3.6873782
1247114,0.9995,0.0005,1,0,True,3.842904,5.921439,4.4225836
1247115,0.9999,0.0001,1,0,False,2.9940002,4.1133037,3.2229521
1247116,0.9999,0.0001,1,0,False,3.1811674,4.416079,3.3806298
1247379,0.9999,0.0001,1,0,False,2.878927,3.1309555,2.8678946
1248136,1.0,0.0833,1,0,True,6.1899986,16.238205,7.661015
1249648,0.0858,0.9095,0,1,False,6.495768,7.5882335,4.614588
1249676,0.9998,0.0002,1,0,False,3.6683269,3.7451913,3.0784888
1250303,0.8938,0.0919,0,0,False,6.01665,9.0218525,5.329052
1250316,0.8696,0.0608,0,0,False,3.5837796,-1.7272304,5.463377
1254420,0.7064,0.4221,0,0,False,8.146943,11.350238,6.5448008
1254425,0.9275,0.0694,1,0,False,4.442951,4.8723917,3.3311405
1255765,1.0,0.0,1,0,False,2.5682805,3.070334,2.4244344
1256869,0.3515,0.5862,0,0,False,7.9929347,11.839266,6.8153358
1258572,0.9985,0.0015,1,0,False,3.0367355,4.215005,2.8150804
1260286,0.9996,0.0004,1,0,False,2.7854817,2.0244615,2.799456
1260287,0.9999,0.0001,1,0,False,3.149376,3.2546692,2.633966
1260769,0.874,0.1352,0,0,False,6.1934695,9.740946,5.4006886
1261100,0.9999,0.0001,1,0,False,3.5713353,4.9229536,3.3442523
1261101,0.8632,0.1257,0,0,False,4.642975,4.9046326,3.1361783
1261195,1.0,0.0,1,0,True,7.2259827,25.587425,7.854068
1261196,1.0,0.0,1,0,True,7.404284,25.593464,7.737928
1261197,1.0,0.0,1,0,True,7.3279414,25.63252,7.849156
1261198,1.0,0.0,1,0,True,7.45439,25.72723,7.8298044
1261199,1.0,0.0,1,0,True,7.268482,25.630016,7.845913
1261200,1.0,0.0,1,0,True,7.3371234,25.535082,7.7490096
1261201,1.0,0.0,1,0,True,7.2882757,25.69287,7.889665
1261202,1.0,0.0,1,0,True,7.2682414,25.766994,7.950901
1261203,1.0,0.0,1,0,True,7.228266,25.713673,7.7788515
1261204,1.0,0.0,1,0,True,7.4122787,25.602602,7.7270894
1261205,1.0,0.0005,1,0,True,6.9766026,25.200233,7.8366103
1261206,1.0,0.0,1,0,True,7.4160357,25.697428,7.801889
1261207,1.0,0.0,1,0,True,7.3324437,25.612715,7.773758
1261208,1.0,0.0,1,0,True,7.243655,25.499002,7.5979586
1261209,1.0,0.0,1,0,True,6.657627,24.99234,8.0317
1261210,1.0,0.0,1,0,True,7.253852,25.550207,7.7870173
1261211,1.0,0.0,1,0,True,6.785305,25.066254,7.948793
1261212,1.0,0.0,1,0,True,6.7669396,25.099783,7.949592
1261213,1.0,0.0,1,0,True,7.288224,25.51375,7.77689
1261214,1.0,0.0,1,0,True,6.8139844,25.035128,7.894056
1261215,1.0,0.0,1,0,True,6.7710023,25.05863,7.927206
1261216,1.0,0.0,1,0,True,6.7972035,25.075512,7.9123955
1261217,1.0,0.0,1,0,True,6.726536,25.058224,7.9718533
1261218,1.0,0.0,1,0,True,7.3084927,25.49553,7.682778
1261219,1.0,0.0,1,0,True,6.668606,25.004,8.025819
1261220,1.0,0.0,1,0,True,6.6150365,24.863977,7.9392643
1261221,1.0,0.0,1,0,True,7.388147,25.681376,7.9204354
1261222,1.0,0.0,1,0,True,6.6957097,25.017767,7.9718204
1261223,1.0,0.0,1,0,True,7.337625,25.71735,7.906291
1261224,1.0,0.0,1,0,True,7.454742,25.727018,7.8600926
1261225,1.0,0.0,1,0,True,7.360099,25.517712,7.6934614
1261226,1.0,0.0,1,0,True,6.6789455,24.987883,7.968167
1261227,1.0,0.0,1,0,True,7.3608003,25.587048,7.8287253
1261228,1.0,0.0,1,0,True,6.6773233,25.040815,7.976928
1261229,1.0,0.0,1,0,True,7.536033,25.649237,8.049313
1261230,1.0,0.0,1,0,True,6.770223,24.988703,7.938528
1261231,1.0,0.0,1,0,True,7.356965,25.562416,7.8035717
1261232,1.0,0.0,1,0,True,7.3879247,25.48974,7.760358
1261233,1.0,0.0041,1,0,True,7.4416723,25.345083,7.546835
1261234,1.0,0.0,1,0,True,7.072999,25.599604,7.9827437
1261235,1.0,0.0038,1,0,True,7.425405,25.23314,7.528321
1261236,1.0,0.0046,1,0,True,7.5146422,25.358654,7.5075517
1261237,1.0,0.0022,1,0,True,7.437391,25.443233,7.605064
1261238,1.0,0.0029,1,0,True,7.505073,25.40301,7.549584
1261239,1.0,0.0044,1,0,True,7.423102,25.348537,7.5661964
1261240,1.0,0.0042,1,0,True,7.419028,25.298885,7.543498
1261241,1.0,0.0,1,0,True,7.233012,25.674583,7.8881245
1261242,1.0,0.0,1,0,True,7.3280654,25.760193,7.969527
1261243,1.0,0.0,1,0,True,7.1452947,25.684978,7.9284096
1261244,1.0,0.0,1,0,True,7.366072,25.776598,7.8598294
1261245,1.0,0.0,1,0,True,7.307218,25.570631,7.771412
1261246,1.0,0.0,1,0,True,7.289143,25.644491,7.870501
1261247,1.0,0.0,1,0,True,7.3543024,25.675297,7.7808
1261248,1.0,0.0027,1,0,True,7.13917,25.549362,7.8149753
1261249,1.0,0.0,1,0,True,7.3726463,25.697094,7.887282
1261250,1.0,0.0002,1,0,True,7.411905,25.425394,7.6273227
1261251,1.0,0.0,1,0,True,7.2411284,25.69735,7.8894157
1261252,1.0,0.0,1,0,True,7.5251822,25.654896,7.754335
1261253,1.0,0.0001,1,0,True,6.8205132,25.138853,7.9273877
1261254,1.0,0.0,1,0,True,7.6223235,25.681736,7.6432986
1261255,1.0,0.0,1,0,True,7.2769203,25.546326,7.7618413
1261256,1.0,0.0,1,0,True,7.2894197,25.64696,7.8593016
1261257,1.0,0.0,1,0,True,6.723617,24.946304,7.9285374
1261258,1.0,0.0,1,0,True,7.5037007,25.793592,7.9795437
1261259,1.0,0.0,1,0,True,7.341779,25.438118,7.659468
1261260,1.0,0.0,1,0,True,7.170058,25.582787,7.875537
1261261,1.0,0.0,1,0,True,7.1789656,25.618088,7.913614
1261262,1.0,0.0,1,0,True,7.166334,25.622553,7.8583326
1261263,1.0,0.0,1,0,True,7.415957,25.702042,7.8568883
1261657,0.285,0.985,0,1,False,9.455101,7.200693,4.562576
1262512,1.0,0.0,1,0,False,2.832671,4.074344,3.295955
1262513,0.9248,0.0752,1,0,False,4.9200635,2.3549454,3.4853332
1262514,0.9835,0.1203,1,0,False,7.0681467,5.1494756,3.7544034
1262515,0.0738,0.9288,0,1,False,2.758687,3.4297667,3.1725934
1262516,0.0759,0.9267,0,1,False,2.5947793,3.5956638,3.2225754
1262517,0.1154,0.8863,0,0,False,2.7082949,3.3758502,3.1140463
1262518,0.9996,0.0004,1,0,False,3.265672,4.488432,3.0294483
1262519,0.8886,0.1114,0,0,False,3.3623145,2.7385848,2.8626642
1262520,0.9999,0.0001,1,0,False,3.1239934,3.2313395,2.7494912
1262521,0.9999,0.0001,1,0,False,3.1763682,1.973539,2.5462556
1262522,1.0,0.0,1,0,False,3.4348195,2.6755064,2.7005088
1262523,0.9981,0.0019,1,0,False,3.3024127,2.8511417,2.9437637
1262527,0.7486,0.9532,0,1,False,8.608082,9.56029,5.301323
1262528,0.9998,0.9998,1,1,False,7.386516,6.181719,4.053809
1262530,0.9883,0.0159,1,0,False,7.0428543,4.7890897,3.307898
1262532,0.5652,0.9059,0,1,False,10.301014,5.2924933,3.3461874
1262533,0.4595,0.5474,0,0,False,3.850267,1.1240835,1.468183
1262535,0.0,0.0,0,0,False,21.358543,5.6947947,0.17174014
1262536,1.0,0.0,1,0,False,2.7215428,2.3411813,2.6261337
1262537,0.9999,0.0001,1,0,False,2.6031852,2.426518,2.674902
1262538,0.3648,0.7932,0,0,False,2.7277958,0.5658984,1.6538197
1262539,0.993,0.007,1,0,False,3.5046017,4.0828314,3.072877
1263720,0.0872,0.0927,0,0,True,7.9878044,19.842611,7.6749578
1264700,0.0004,0.9993,0,1,False,7.1324983,3.4108193,3.00356
1264737,0.831,0.1618,0,0,False,6.276016,9.397028,5.433676
1264898,0.9474,0.0526,1,0,False,3.6625638,4.758378,3.2048342
1267169,0.9352,0.0648,1,0,False,3.0045722,3.595283,2.9491346
1267585,0.8856,0.1144,0,0,False,4.849486,4.318683,3.120628
1269028,0.3977,0.0497,0,0,False,4.913545,9.3024645,6.6796937
1272948,0.9999,0.0001,1,0,False,3.4610834,4.040256,3.2492223
1272955,0.3027,0.8887,0,0,False,3.3390641,1.1383436,2.8356924
1272959,0.2849,0.0038,0,0,False,4.3570914,6.270153,4.5446377
1272960,0.9281,0.072,1,0,False,4.2221527,5.9079,4.534673
1273706,0.0,1.0,0,1,False,5.663035,8.0018425,4.754582
1273709,0.3524,0.6476,0,0,False,4.4425793,4.233808,2.9871862
1273711,0.9628,0.037,1,0,False,4.836084,5.2321386,3.5625894
1273712,0.9999,0.0001,1,0,False,2.9337013,2.8278496,2.5584078
1273713,0.9982,0.0018,1,0,False,3.2389598,3.1858637,3.0341005
1273738,0.6875,0.2953,0,0,False,7.2874327,11.453593,7.215881
1273746,0.9947,0.009,1,0,False,6.4457684,5.430708,3.6394117
1273747,0.7174,0.96,0,1,False,9.871652,5.115813,4.003166
1273748,0.642,0.4457,0,0,False,8.234891,10.529175,5.608275
1273749,0.6996,0.3073,0,0,False,5.1166134,5.34427,3.3945045
1273750,0.9936,0.0098,1,0,False,6.5768056,5.23444,3.8208823
1273751,0.4472,0.9864,0,1,False,9.113211,6.23674,4.346355
1273752,0.2558,0.7388,0,0,False,6.8752046,5.002147,3.2757628
1276181,0.3893,0.583,0,0,False,7.4643245,10.744434,7.109778
1277672,1.0,0.0,1,0,False,2.7974758,1.5858694,2.5387785
1277886,0.9983,0.0017,1,0,False,3.3036742,2.9907439,2.8969505
1278479,0.4818,0.5188,0,0,False,4.837667,4.795795,3.5443835
1278485,0.9862,0.0072,1,0,False,4.6872864,6.65754,5.2418375
1280920,1.0,0.0,1,0,True,5.8019023,5.545513,3.668545
1281454,0.9035,0.2236,1,0,False,6.177066,4.857661,3.3883493
1282443,0.8333,0.1953,0,0,False,5.6209793,4.5800586,3.1797495
1282444,0.9995,0.9991,1,1,False,6.839833,5.579837,3.8656435
1282967,0.2294,0.9966,0,1,False,9.662734,5.650544,4.1654997
1282994,0.9687,0.2039,1,0,False,7.384117,4.0325437,3.4158418
1282995,0.0199,0.9806,0,1,False,4.2375274,4.5494323,2.9636288
1283071,0.6751,0.2278,0,0,False,4.0376596,6.8117375,5.5123186
1283073,0.7078,0.2332,0,0,False,3.9674697,6.927067,5.615857
1283076,1.0,0.0,1,0,False,2.8312058,1.9658862,2.4270563
1283077,1.0,0.0,1,0,False,3.2059686,2.291631,2.8610053
1283078,0.9999,0.0001,1,0,False,2.7914014,3.8691976,3.073563
1283079,0.9999,0.0001,1,0,False,3.198885,3.1340222,2.6538887
1284208,0.6473,0.3945,0,0,False,7.9265575,11.036837,6.3943133
1285463,0.4909,0.4353,0,0,False,7.942194,13.129861,7.2405252
1285600,0.0005,0.9998,0,1,False,8.847626,4.125505,3.3679001
1286143,0.9878,0.0181,1,0,False,5.462924,5.637931,3.4638035
1286213,0.0784,0.6327,0,0,False,4.029257,5.6041636,4.7631516
1286214,0.6642,0.5017,0,0,False,8.64948,17.914341,7.162623
1288116,1.0,0.0,1,0,True,2.9429643,2.7812898,2.5553617
1288358,0.6237,0.3763,0,0,False,3.9341161,3.7782888,3.4114854
1289467,0.0,0.0,0,0,False,21.077534,5.860495,0.057276193
1290581,0.7857,0.2143,0,0,False,4.85685,3.58462,2.7583516
1291515,0.8441,0.9768,0,1,False,4.626591,3.179323,4.211892
1292086,0.1654,0.8349,0,0,False,5.4136486,3.2953897,3.1144474
1293536,0.3978,0.0395,0,0,False,6.3092685,8.466188,5.22788
1293539,0.9998,0.0002,1,0,False,3.196846,2.2456014,2.606901
1293540,0.298,0.0387,0,0,False,4.968066,9.488676,6.534443
1293572,0.9432,0.0568,1,0,False,2.774455,2.128546,3.0533144
1293961,0.9602,0.2518,1,0,False,7.7564664,12.717968,6.1101546
1295080,0.9986,0.0014,1,0,False,3.1756809,3.0686145,2.9393454
1295563,0.9998,0.8837,1,0,True,5.646321,13.137508,6.7340474
1296569,0.7049,0.2952,0,0,False,6.601095,7.6019545,4.6972265
1296573,0.9795,0.0572,1,0,False,6.170069,5.7983146,3.6812036
1296641,0.0049,0.9951,0,1,False,3.398792,1.5403022,2.7418492
1296646,0.1787,0.8918,0,0,False,11.883033,3.7864375,3.1392539
1296647,0.0868,0.9787,0,1,False,11.912981,3.5978835,4.5940237
1296654,0.9995,0.0005,1,0,False,3.7353375,2.3526833,3.3200676
1296655,0.9921,0.0014,1,0,False,3.3852599,4.811653,4.356136
1296656,0.9984,0.0013,1,0,False,3.1318276,2.8965282,3.4091136
1296658,0.0,0.0,0,0,False,4.472264,3.8316104,4.5030174
1296659,0.0,0.0,0,0,False,4.654356,3.8335161,4.5503416
1296661,0.0,0.0,0,0,False,4.4151597,3.7616549,4.66178
1296662,0.0,0.0,0,0,False,4.324179,3.7204955,4.7079515
1297549,1.0,0.0,1,0,True,3.286987,3.9497275,3.175029
1297645,0.0015,0.9991,0,1,False,11.309309,19.843445,6.4389877
1297894,0.9999,0.9997,1,1,False,6.064833,6.991564,4.4404306
1298362,0.9582,0.078,1,0,True,7.7216606,19.907784,7.57609
1298385,0.4834,0.3235,0,0,False,7.7885704,10.800858,5.7681975
1298531,0.9992,0.0002,1,0,False,4.0267615,4.721526,3.2079604
1300004,0.8219,0.188,0,0,False,3.9318712,2.4714112,2.9495697
1300323,1.0,0.0,1,0,False,3.126709,2.1500795,2.512008
1300978,0.1351,0.1523,0,0,False,4.689298,8.054593,5.930098
1301220,0.0275,0.974,0,1,False,4.8657393,5.098553,3.5422664
1301280,1.0,0.0,1,0,False,2.9735796,2.4295127,2.632931
1302848,1.0,0.0,1,0,False,3.9721165,5.5882235,4.249264
1302849,0.9616,0.0716,1,0,False,6.3998017,5.0861793,3.5038233
1302850,0.9517,0.0692,1,0,False,5.536382,5.2863374,3.6244743
1303334,0.9994,0.0003,1,0,True,4.946892,7.314153,5.758425
1303385,0.0015,0.9991,0,1,False,11.734913,20.158247,6.6336875
1305708,0.6195,0.3805,0,0,False,2.9184146,1.464352,2.5729396
1305710,0.0012,0.9988,0,1,False,8.10507,4.999892,3.8255827
1306546,0.9737,0.0256,1,0,False,6.032093,9.245645,5.204613
1306931,0.9458,0.0821,1,0,True,7.973024,19.866522,7.6464667
1307119,0.3809,0.9526,0,1,False,8.08908,5.9929967,4.076443
1307803,0.9864,0.9033,1,1,False,7.2732143,4.489135,3.5631495
1307804,0.5832,0.4169,0,0,False,5.476959,3.5853024,3.6119645
1307954,0.2758,0.7249,0,0,False,5.8573604,2.411671,2.601736
1307956,1.0,1.0,1,1,False,6.2632833,3.8664167,3.914916
1307957,1.0,0.0,1,0,False,5.4085584,3.1733766,3.9772975
1307958,0.86,0.1405,0,0,False,3.7526708,4.4006405,3.3734975
1308863,0.0602,0.9398,0,1,False,3.298245,1.3228562,2.7532022
1308896,1.0,0.0,1,0,False,2.572168,2.8421147,2.6743057
1308897,1.0,0.0,1,0,False,2.9511468,2.0221403,2.3493147
1308899,0.0001,0.9999,0,1,False,7.6155353,5.1859965,4.00396
1309583,1.0,0.0,1,0,False,2.7475505,2.2603784,2.5413191
1312445,0.9621,0.1258,1,0,False,6.6450467,4.5905814,3.371616
1312929,0.5901,0.222,0,0,False,6.9708223,10.449623,6.9988747
1313215,0.1639,0.0365,0,0,True,1.9970616,-3.4624119,5.4048333
1314835,0.0234,0.9873,0,1,False,5.5742483,4.150841,3.300615
1315259,1.0,0.0,1,0,True,3.32564,1.8752304,2.9718418
1315260,1.0,0.0,1,0,True,2.9334028,2.7280204,2.726306
1315261,1.0,0.0,1,0,True,2.9957433,2.3135223,2.6612484
1315262,0.9999,0.0001,1,0,True,2.6253078,2.0013585,2.8654654
1315263,1.0,0.0,1,0,True,2.7654727,3.5597339,2.6816008
1315264,1.0,0.0,1,0,True,3.4248462,1.77302,2.7779467
1315265,1.0,0.0,1,0,True,3.0220048,2.0871396,2.6667547
1315266,1.0,0.0,1,0,True,2.7361019,1.914585,2.9864354
1316181,0.7638,0.6063,0,0,False,7.3752666,19.51046,7.140871
1316739,0.791,0.0613,0,0,False,6.1416893,8.824761,5.3614836
1319979,0.0045,0.9991,0,1,False,8.232685,7.4352994,4.5534616
1321391,0.9652,0.1129,1,0,False,6.913222,4.42686,3.6080334
1324128,0.7477,0.2523,0,0,False,3.6452298,5.9612603,4.494726
1325372,0.8561,0.3102,0,0,False,7.0829196,3.9401646,3.344723
1325731,1.0,0.0,1,0,False,2.9667423,2.3485477,3.629697
1325953,0.068,0.9696,0,1,False,8.386663,7.5153537,4.650535
1327035,0.5242,0.592,0,0,False,8.043238,11.757989,6.0759206
1327036,0.1291,0.9674,0,1,False,8.600689,5.1561327,3.8860152
1327037,0.9745,0.0189,1,0,False,5.839301,8.562623,5.048528
1327758,0.0,0.0,0,0,False,13.740446,6.521157,8.958287
1327759,0.0,0.0,0,0,False,13.516525,6.4282374,9.086422
1327760,0.0,0.0,0,0,False,13.591707,6.330172,9.145165
1327762,0.0,0.0,0,0,False,18.194345,-2.960123,2.415312
1327764,0.0,0.0,0,0,False,11.669751,9.803852,7.894505
1327765,0.0,0.0,0,0,False,7.7861905,8.256205,10.573094
1327766,0.087,0.9787,0,1,False,12.008454,3.504123,4.5768666
1327770,0.9973,0.2444,1,0,False,7.232877,11.465897,5.8745074
1327771,0.0,0.0,0,0,False,20.117437,-0.59912246,5.0697007
1327772,0.3105,0.9692,0,1,False,10.536413,6.827067,4.3324285
1327773,0.0,0.0,0,0,False,17.93043,7.882986,9.132055
1327774,0.0974,0.9319,0,1,False,9.109548,10.9534235,6.2795954
1327776,0.3647,0.6746,0,0,False,8.803754,8.6609535,5.134264
1327777,0.0,0.0,0,0,False,24.749619,8.331458,7.969192
1327934,0.9951,0.006,1,0,False,5.8009944,4.651897,3.3307126
1327935,0.0607,0.9396,0,1,False,4.0590186,4.6769586,3.305802
1327936,0.0,0.0,0,0,False,18.334492,-3.0985305,2.281938
1327937,0.0,0.0,0,0,False,11.875771,9.795863,8.070944
1327938,0.0,0.0,0,0,False,18.219885,-2.9838898,2.395458
1327939,0.0,0.0,0,0,False,11.925489,9.817141,8.120037
1327940,0.9209,0.4284,1,0,False,9.002256,5.039666,3.8352
1327947,0.7958,0.2106,0,0,False,10.017728,3.8837006,3.375407
1327948,0.0005,0.9998,0,1,False,8.534983,3.947231,3.1826265
1327952,0.081,0.9769,0,1,False,11.927022,4.3269763,4.4190254
1327956,0.3195,0.6996,0,0,False,4.2571845,1.4950073,3.588789
1327964,0.1312,0.8372,0,0,False,5.570797,4.055196,3.5337076
1327965,0.2849,0.6595,0,0,False,5.608407,3.9658108,3.5738807
1327966,0.0,0.0,0,0,False,8.996499,1.8625435,7.4639783
1327968,1.0,0.0,1,0,False,2.9928367,1.5243455,2.5177836
1327969,0.7985,0.2015,0,0,False,3.489695,1.1822441,2.377107
1327970,0.9999,0.0001,1,0,False,3.1957612,1.8197732,2.6348214
1327971,0.9997,0.0003,1,0,False,2.8236609,3.380833,2.9911397
1327972,1.0,0.0,1,0,False,2.4918506,1.7925085,2.882917
1327974,0.999,0.001,1,0,False,5.2393603,1.8473829,2.7092917
1327976,0.9999,0.0001,1,0,False,2.8039951,2.8694928,2.7262325
1327977,1.0,0.0,1,0,False,2.0305924,1.4271566,3.2804523
1327980,0.9999,0.0001,1,0,False,2.9955878,3.0777078,2.9589338
1327981,1.0,0.0,1,0,False,2.6822371,2.3902133,2.476816
1327982,0.9997,0.0003,1,0,False,3.0457199,3.265113,3.048221
1327983,1.0,0.0,1,0,False,2.9311523,1.8548486,2.8988898
1327985,1.0,0.0,1,0,False,3.0993717,1.6637717,2.79736
1327987,0.9892,0.0108,1,0,False,3.356821,1.4409496,2.4358735
1327990,0.9999,0.0001,1,0,False,3.1000657,5.1748033,4.462673
1327993,0.9998,0.0002,1,0,False,2.512514,2.0897427,2.611426
1328029,1.0,0.0,1,0,False,2.5228717,1.667273,2.6579125
1328030,1.0,0.0,1,0,False,2.8315096,1.7914002,2.7937095
1328031,0.9341,0.0659,1,0,False,3.8073058,4.402304,3.2986705
1329380,0.0014,0.9992,0,1,False,11.878203,19.995615,6.786504
1329381,0.0026,0.9984,0,1,False,10.207333,18.247875,6.670194
1329402,1.0,0.0,1,0,False,2.526914,1.9643489,3.0351028
1329649,0.9645,0.0355,1,0,False,3.8561087,3.5751927,3.487843
1329650,0.0,1.0,0,1,False,7.422571,5.024259,4.046101
1330070,0.9029,0.1318,1,0,False,5.5745373,4.7834125,3.4454958
1330491,0.6936,0.3065,0,0,False,4.460605,4.4368668,3.5638552
1330521,0.9858,0.057,1,0,False,5.6928883,15.793162,7.70825
1330524,0.0382,0.9915,0,1,True,8.297558,8.145574,4.8313417
1331664,0.045,0.955,0,1,False,7.1626253,2.3923073,3.04333
1332145,0.5539,0.4504,0,0,False,6.983421,6.9054246,4.5181055
1332248,0.8584,0.0144,0,0,False,5.6487217,9.46922,6.032249
1335230,0.9999,0.9997,1,1,False,6.2923293,5.051804,3.7283604
1335476,0.1868,0.8133,0,0,False,4.1896014,4.32097,2.9797559
1335477,0.3497,0.6388,0,0,False,8.262411,12.569837,6.621901
1335626,0.9553,0.9448,1,1,True,7.698847,19.9232,7.394631
1335638,1.0,0.0,1,0,False,2.9462848,2.4234169,2.609094
1336600,0.048,0.9523,0,1,False,4.5076427,4.729518,3.0535567
1337398,0.9714,0.0635,1,0,True,7.8510513,19.777317,7.535828
1337877,0.0,0.0,0,0,False,-5.9621096,5.29045,14.811657
1338506,1.0,0.0,1,0,False,3.0678098,1.4786974,3.318855
1340534,0.0,0.0,0,0,False,10.7021475,0.8727315,3.0727966
1340708,0.0,0.0,0,0,False,20.11659,-0.5986453,5.068303
1340709,1.0,0.0003,1,0,False,8.748381,3.0040338,3.3969402
1340712,0.0,0.0,0,0,False,18.12269,-2.8932986,2.4663117
1340713,0.0,1.0,0,1,False,9.513396,3.318191,3.3653193
1340745,0.0495,0.9896,0,1,False,5.1294527,4.20633,3.4719536
1340750,0.2973,0.6973,0,0,False,2.1144059,0.5846881,3.0803492
1340769,0.0037,0.0027,0,0,False,3.284508,5.8455176,5.2995267
1340810,0.9998,0.0002,1,0,False,2.7860374,2.8480554,2.9274163
1340812,0.9885,0.0115,1,0,False,3.6250625,4.022941,3.3890083
1340818,0.0,0.0,0,0,False,11.053003,6.1891556,2.8072705
1340819,0.666,0.3709,0,0,False,10.652704,4.3222756,4.0235744
1340820,0.0887,0.9182,0,1,False,7.289368,5.0766826,3.9451346
1340821,0.0,0.0,0,0,False,20.102568,-0.5940704,5.065891
1340822,0.0,0.0,0,0,False,26.308834,7.604094,7.6127334
1340824,0.0,0.0,0,0,False,24.600725,8.532463,7.858023
1340825,0.0,0.0,0,0,False,17.925152,8.019363,9.464921
1340826,0.6388,0.0936,0,0,False,7.8037634,3.4428623,5.6815743
1340827,0.0,0.0,0,0,False,17.741474,8.077125,9.308182
1340828,0.9374,0.0632,1,0,False,11.777627,2.2245047,3.6640956
1340829,0.001,0.999,0,1,False,8.092247,5.1282997,3.8760386
1340830,0.961,0.2175,1,0,False,9.983681,4.2191825,4.061683
1340831,0.6335,0.4063,0,0,False,10.601497,3.99814,3.8913717
1340833,0.0,0.0,0,0,False,12.174438,9.906633,8.298541
1340836,0.0,0.0,0,0,False,8.957164,5.3450828,7.2265205
1341019,0.0006,0.9995,0,1,True,4.6902394,4.2636623,3.2224972
1341101,0.9908,0.0092,1,0,False,3.463474,3.0570712,3.0877602
1343494,0.43,0.8617,0,0,False,7.106709,4.376858,3.3167598
1343901,0.3791,0.9939,0,1,False,9.909116,5.574991,4.2518787
1345637,0.0958,0.9046,0,1,False,7.341883,7.937536,4.5385947
1345661,0.6732,0.3269,0,0,False,3.818847,3.7220383,3.125408
1345662,0.714,0.2861,0,0,False,3.6393743,4.8751616,3.7941864
1346815,0.9999,0.0001,1,0,False,2.7695057,3.226994,3.0439591
1346829,1.0,0.0,1,0,False,5.8753924,3.2080016,4.2429023
1346893,0.9299,0.0711,1,0,False,11.25022,1.9728806,3.5846741
1347760,0.0002,0.9998,0,1,False,3.0158973,1.9541991,2.8051736
1347832,1.0,0.0,1,0,True,2.7010307,2.380493,3.0546517
1348384,0.0001,0.9999,0,1,True,2.8582976,0.85032094,2.525975
1348439,0.3462,0.654,0,0,False,3.8760052,4.455963,3.6129127
1348500,1.0,1.0,1,1,True,5.2498007,3.5600703,4.129886
1348912,0.0,0.0,0,0,False,8.977678,1.9867077,7.5778136
1349409,0.5406,0.8396,0,0,False,6.9066386,4.2309136,3.508442
1349410,0.0243,0.0005,0,0,False,8.025802,3.0048025,3.5346713
1351702,0.8563,0.1389,0,0,False,4.178202,4.967938,3.3937132
1351735,0.5427,0.4546,0,0,False,4.113363,3.7993855,3.5029356
1351740,0.3045,0.6784,0,0,False,1.2148163,0.027172767,3.2903152
1352227,0.0877,0.9786,0,1,False,11.9918585,3.5527263,4.3736196
1352230,0.0603,0.9399,0,1,False,4.629072,4.340358,3.1844265
1352235,0.9995,0.0005,1,0,False,3.706834,2.2481804,2.9582129
1352511,0.5093,0.0379,0,0,False,6.31949,7.6663423,5.044118
1353016,0.8258,0.0635,0,0,False,5.324028,9.184933,6.1814375
1353241,0.8727,0.5945,0,0,False,5.2245183,5.6088195,3.799316
1354507,0.9585,0.1518,1,0,False,9.144347,4.513605,4.1100216
1354508,0.8741,0.6013,0,0,False,9.64759,4.6843243,3.8070624
1354510,0.0,0.0,0,0,False,11.606571,6.37445,2.5724483
1354511,0.3105,0.9692,0,1,False,10.546927,6.6592474,4.286009
1354512,0.0,0.0,0,0,False,17.63358,8.170162,9.414828
1354514,0.0964,0.9323,0,1,False,9.194717,10.827281,6.2527027
1357423,0.6982,0.2277,0,0,False,5.640502,6.404473,4.3995442
1357669,0.0,0.0,0,0,False,12.202189,9.901201,8.323506
1357704,0.7286,0.2654,0,0,False,4.5548196,7.3527923,5.2080603
1357706,0.9529,0.0471,1,0,False,3.797828,4.4591646,3.1991374
1357707,0.0713,0.9289,0,1,False,3.7708242,4.2062364,3.0359082
1357709,0.9954,0.0046,1,0,False,3.6573665,1.5582174,2.6106725
1357710,0.9997,0.0003,1,0,False,3.8246121,1.5925665,2.9654317
1357713,1.0,0.0,1,0,False,3.0469522,2.1433487,2.84465
1357714,0.9929,0.0071,1,0,False,3.2161047,3.8767939,3.4122179
1357715,1.0,0.0,1,0,False,3.9642842,2.260559,2.9502285
1357732,0.8489,0.031,0,0,False,5.9524055,9.145604,5.6080384
1357825,0.0,0.0,0,0,False,9.40835,5.4008384,5.7846065
1366055,1.0,0.0,1,0,False,2.700604,2.522481,2.8607225
1367203,1.0,0.9465,1,1,False,4.958084,3.6135266,3.7518218
1367218,0.674,0.3255,0,0,False,7.102913,8.424371,4.7876735
1370094,0.9679,0.0322,1,0,False,3.233548,3.686274,3.3696182
1379692,0.0433,0.9571,0,1,False,4.100301,3.7867353,3.6883433
1379694,0.1416,0.8589,0,0,False,4.584839,4.170755,3.2649493
1379695,0.3184,0.9845,0,1,False,5.503726,4.740833,3.5765438
1379707,0.4986,0.9847,0,1,False,5.3534746,4.3549523,3.3534143
1379708,0.4822,0.8163,0,0,False,7.2285385,3.9845326,3.393836
1379709,0.8395,0.9835,0,1,False,5.0529857,5.1742635,3.7466545
1379710,0.9784,0.7052,1,0,False,6.7131386,5.6090455,4.0135646
1379711,0.1522,0.848,0,0,False,4.5428176,4.2793922,3.1431212
1379712,0.8725,0.8799,0,0,False,5.1298695,6.060824,4.5106306
1379713,0.4961,0.9927,0,1,False,5.1391425,5.0837197,3.5355268
1379714,0.9864,0.9928,1,1,False,6.341236,5.75579,4.021422
1379715,0.9389,0.8489,1,0,False,6.477466,4.5223002,3.802872
1379717,0.9997,0.0033,1,0,False,5.496554,5.8628397,4.163026
1379718,0.5415,0.4505,0,0,False,7.911583,11.739026,6.882491
1379719,0.9658,0.0261,1,0,False,6.177162,8.979022,4.9184055
1379720,0.9999,0.0041,1,0,False,4.558101,4.043493,3.400019
1379722,0.9794,0.998,1,1,False,5.462564,5.3387804,3.5108604
1379723,0.067,0.9654,0,1,False,4.360519,4.0610857,3.2236428
1379725,0.2242,0.8291,0,0,False,4.3356314,4.437549,3.3691308
1379788,0.7629,0.2373,0,0,False,3.6995347,4.9656925,3.5629125
1380894,0.9725,0.9649,1,1,False,6.125469,4.947681,3.5053473
1381007,0.5357,0.6258,0,0,False,8.189293,19.863842,7.0977855
1381464,0.9178,0.0833,1,0,False,4.8019757,3.2322786,3.1181285
1382932,1.0,0.0,1,0,False,2.8822393,2.5197706,3.1614106
1383054,0.0,0.0,0,0,False,17.219044,7.814723,9.119194
1383055,0.9375,0.063,1,0,False,11.710859,2.363968,3.642961
1383056,0.9496,0.4709,1,0,False,6.8977594,4.283012,3.3840442
1383057,0.0,0.0,0,0,False,12.226445,9.96834,8.367834
1383059,0.3399,0.7331,0,0,False,7.540078,5.280457,3.9671218
1384461,0.6696,0.3107,0,0,False,6.0814295,7.1700025,5.150744
1384672,0.9723,0.0359,1,0,True,1.7206697,-3.7614028,5.399982
1384673,0.9628,0.0918,1,0,True,7.362765,19.676395,7.0757284
1385385,1.0,0.0,1,0,False,1.8097657,1.043236,3.1345274
1385427,0.3245,0.0284,0,0,False,5.1821404,7.738888,5.1873064
1385658,0.5537,0.4468,0,0,False,3.355892,4.029449,3.476754
1389204,0.0217,0.9865,0,1,False,5.3453894,4.6399965,3.56157
1391025,0.9325,0.794,1,0,False,5.81828,4.4922557,3.6074405
1391026,0.9134,0.7769,1,0,False,6.03997,4.373881,3.5232546
1391027,0.9916,0.0901,1,0,False,5.25205,4.3489227,3.6073022
1391031,0.9978,0.0338,1,0,False,6.796767,3.7594917,3.821037
1391037,0.9991,0.0098,1,0,False,5.790113,4.5178733,3.6047776
1391038,0.9954,0.0733,1,0,False,6.0224657,5.019115,3.9228315
1391179,0.0,0.0,0,0,False,12.189286,9.904326,8.316997
1391180,0.0,0.0,0,0,False,12.119928,9.954776,8.242646
1391181,0.0,0.0,0,0,False,12.151254,9.86958,8.272863
1391188,0.4331,0.6385,0,0,False,7.9090314,13.089796,6.600495
1391190,0.0,0.0,0,0,False,8.064364,4.540357,3.4977224
1391223,0.1836,0.007,0,0,False,5.3194,8.086107,5.326028
1391224,0.9986,0.0011,1,0,False,4.4791884,1.9314744,3.8378448
1391428,0.8336,0.9731,0,1,False,5.0360184,5.3938427,3.5389664
1391429,0.0,0.0,0,0,False,11.899559,7.2037416,2.3616698
1391430,0.0,0.0,0,0,False,11.7243395,6.776795,2.4729426
1391431,0.0,0.0,0,0,False,11.57589,6.3470488,2.5674684
1391432,0.0,0.0,0,0,False,17.284111,7.867951,9.205662
1391433,0.0,0.0,0,0,False,11.913435,7.1861963,2.3401072
1391455,0.3245,0.6927,0,0,False,4.019321,4.2891717,3.6565704
1391456,1.0,0.0008,1,0,False,3.9814463,4.119682,3.585708
1391659,0.3357,0.8081,0,0,False,6.716344,5.9990563,3.9424808
1391667,0.2399,0.5394,0,0,False,7.9235635,12.265847,7.1702466
1391702,0.3096,0.7757,0,0,False,8.692965,16.510756,6.818863
1391746,0.0019,0.9989,0,1,False,11.758616,20.224733,6.3907804
1392388,0.1934,0.901,0,1,False,9.26618,16.627007,6.4684267
1394033,1.0,0.0002,1,0,False,5.0235977,4.4899845,3.6279469
1395179,0.997,0.0083,1,0,True,1.9819152,-2.2336614,5.0084763
1395180,0.9947,0.0107,1,0,True,2.270063,-2.0631244,4.9969697
1395181,0.9629,0.0915,1,0,True,7.5400276,19.728724,7.1375585
1395182,1.0,0.0,1,0,True,5.5173497,10.22096,5.759699
1395183,0.9724,0.0363,1,0,True,1.7522644,-3.6674385,5.3893404
1395615,0.996,0.0477,1,0,False,5.4956093,4.3425617,3.4621975
1395983,0.6776,0.0651,0,0,False,3.8363245,6.264715,5.0357747
1397670,0.0,0.0,0,0,False,11.10659,20.642517,3.2078652
1398507,0.9996,0.0004,1,0,False,3.0903888,2.7063024,3.3307886
1399582,0.7847,0.5794,0,0,False,7.5617037,19.649036,7.257338
1399914,0.9998,0.0002,1,0,False,3.3621743,3.1618388,3.371298
1399915,0.9997,0.0009,1,0,False,4.1421137,4.8934045,3.6500235
1399941,0.9989,0.0048,1,0,False,4.4239507,4.421598,3.3317552
1399942,1.0,0.0,1,0,False,4.4374204,2.6613498,3.2497096
1399949,1.0,0.0,1,0,False,2.6752357,2.2681828,3.210863
1400526,0.9985,0.007,1,0,False,6.707459,5.5232935,4.1764636
1401263,0.9867,0.014,1,0,False,3.7113903,3.8067048,3.4686368
1401297,0.9788,0.2701,1,0,False,6.1245084,4.944442,3.5672321
1401669,0.9994,0.0015,1,0,False,6.774818,5.3022256,4.000462
1402875,0.9999,0.0005,1,0,False,6.070855,4.3269873,3.7065706
1403390,0.9996,0.0004,1,0,False,3.3444598,4.6800027,3.676891
1403565,0.9996,0.0015,1,0,False,4.293024,4.55488,3.5909133
1404345,0.9441,0.0597,1,0,False,3.7957518,4.219206,3.4297307
1406779,0.9989,0.0011,1,0,False,2.923955,2.264008,2.8448124
1406780,0.4957,0.2711,0,0,False,7.3241568,11.977244,7.096307
1406781,1.0,0.0,1,0,False,3.0839574,1.833032,2.8528476
1406783,0.7041,0.0248,0,0,False,5.8333793,8.3570385,5.6672716
1406785,0.9945,0.0056,1,0,False,3.1330097,3.3012059,3.3646457
1406786,0.0,0.0,0,0,False,3.0582063,-0.68591416,4.7823825
1406789,0.0,0.0,0,0,False,3.058482,-0.8050446,4.8106127
1406790,1.0,0.0,1,0,False,2.65613,1.28555,3.1763377
1406791,1.0,0.0,1,0,False,2.9244208,2.163034,2.9950466
1406792,1.0,0.0,1,0,False,2.6724494,1.1411433,3.3426216
1406793,0.998,0.0038,1,0,False,6.9600368,5.6305356,4.0656548
1406794,1.0,0.0,1,0,False,4.4898543,2.2246237,3.0259526
1406795,1.0,0.0,1,0,False,4.565558,2.28652,3.078753
1406816,0.3539,0.404,0,0,False,7.834834,11.975565,7.0343523
1406974,0.6989,0.3486,0,0,False,8.370962,12.15774,6.124462
1407493,0.0228,0.5249,0,0,False,7.647126,3.309937,3.226861
1407608,0.9849,0.0346,1,0,False,4.615282,5.1538854,3.4715579
1408129,0.9999,0.0005,1,0,False,4.0923605,3.7456372,3.1894002
1408133,0.9995,0.0006,1,0,False,3.7184882,4.194767,3.345999
1408144,0.9889,0.125,1,0,False,5.1362896,4.7878366,3.5252788
1408257,0.0,1.0,0,1,False,7.1293545,2.9804475,3.118301
1408258,1.0,0.0002,1,0,False,5.126612,3.9465516,3.4720623
1410331,0.9996,0.0028,1,0,False,6.316606,5.7973027,4.090257
1410467,0.9999,0.0002,1,0,False,3.1385107,3.4687986,3.0939531
1411095,1.0,0.0,1,0,False,2.6338933,1.7689712,2.9155223
1411887,1.0,0.0,1,0,False,2.9329631,2.242728,2.7643352
1411991,0.6403,0.3321,0,0,False,2.1532626,1.7017127,2.4782782
1412875,1.0,0.0,1,0,False,2.6963232,3.3770163,3.1369576
1414644,0.6469,0.3513,0,0,False,5.694388,6.984906,4.967347
1414671,0.9999,0.0001,1,0,False,3.2439613,3.5589182,3.4841046
1414736,0.0619,0.9945,0,1,False,4.7880797,1.4918541,2.7616808
1414737,0.9976,0.0039,1,0,False,7.3531795,4.81072,3.8428142
1414738,0.9926,0.008,1,0,False,4.1250706,4.6684165,3.779601
1414739,0.9992,0.0011,1,0,False,3.813522,3.6521983,3.383171
1414742,0.0577,0.9481,0,1,False,8.54254,7.2560043,4.441687
1414747,0.0,0.0,0,0,False,14.331868,3.9712083,4.860288
1414748,0.0824,0.9786,0,1,False,12.005432,3.4257672,4.7510657
1414766,0.0056,0.9947,0,1,False,8.340266,3.9993126,3.390658
1415145,0.9996,0.0011,1,0,False,6.723211,4.211085,3.6451216
1415146,0.9904,0.0152,1,0,False,7.1782107,4.6457763,3.7880938
1415147,0.0044,0.995,0,1,False,8.631386,4.1608033,3.7859437
1415148,0.0041,0.9953,0,1,False,8.8429985,4.381426,3.6156025
1415627,0.0,0.0008,0,0,True,7.408306,10.291608,5.6849933
1415628,0.0557,0.054,0,0,True,9.116191,17.442976,7.1643667
1416009,0.9958,0.0315,1,0,False,6.2798266,4.7877913,3.7672606
1416011,0.439,0.4805,0,0,False,5.7991,5.990604,4.4789953
1416012,0.9999,0.0001,1,0,False,2.853643,3.4985313,3.3921304
1416021,0.9997,0.0011,1,0,False,6.3140826,5.838339,4.3182316
1416026,0.5195,0.4401,0,0,False,7.587096,10.618164,6.5871105
1416028,1.0,0.0,1,0,False,4.2396865,3.7604277,3.9872077
1416030,1.0,0.0001,1,0,False,4.1017604,3.8963246,3.9231637
1416031,0.9985,0.0016,1,0,False,3.4950979,4.2800155,3.4061954
1416032,0.9667,0.0314,1,0,False,4.940991,3.7998374,4.1167727
1416334,0.2884,0.7107,0,0,False,1.9480318,0.7509932,3.0245366
1416741,0.8885,0.0178,0,0,False,5.9202156,9.905841,6.255946
1417599,0.9519,0.051,1,0,False,7.1938295,4.4327283,3.5554225
1417756,0.9989,0.0012,1,0,False,3.4536495,4.067731,3.4254138
1418029,1.0,0.0,1,0,False,2.6826239,2.8580182,3.1151247
1418033,0.9998,0.0103,1,0,True,5.4149823,15.98231,7.894288
1418035,0.9969,0.009,1,0,True,2.1283715,-1.8423357,4.913253
1418041,0.9966,0.0135,1,0,True,5.357975,15.034796,7.629237
1418064,0.9956,0.0113,1,0,True,2.1520362,-2.0477269,5.112413
1419711,0.0319,0.9678,0,1,False,7.243966,8.915695,5.04754
1420544,1.0,0.0,1,0,True,2.7088962,2.0992248,2.750892
1420600,0.9992,0.001,1,0,False,4.160496,3.941611,3.3563848
1421055,0.9997,0.0009,1,0,False,4.477814,4.4094615,3.3933494
1421067,1.0,0.0,1,0,False,3.285702,3.6405976,3.3187175
1423347,1.0,0.0002,1,0,False,5.3862643,4.5109105,3.5983713
1424279,1.0,0.0,1,0,False,3.2733781,3.1588092,3.137578
1424280,0.0135,0.0282,0,0,False,7.501619,9.944031,5.665486
1424613,0.3241,0.9864,0,1,False,4.843975,8.649479,7.1334558
1425211,1.0,0.0,1,0,True,5.6039944,4.2150626,3.966472
1427156,0.3785,0.6617,0,0,False,8.483656,12.416889,6.5437613
1427157,0.2348,0.7562,0,0,False,7.8647227,11.36483,6.041925
1428189,1.0,0.0,1,0,False,2.88107,2.6500628,3.026507
1428456,0.9998,0.0012,1,0,False,5.98962,5.438586,3.8329432
1428458,0.9729,0.0733,1,0,True,7.489272,19.734686,7.1171336
1429758,0.6523,0.3681,0,0,False,8.310512,12.094925,6.051393
1429759,0.3483,0.7385,0,0,False,10.2815485,4.2446327,3.0490901
1429767,0.9997,0.0004,1,0,False,3.3770647,4.86417,3.889713
1429768,1.0,0.0002,1,0,False,4.200105,3.7344434,3.4555197
1429791,0.0,0.0,0,0,False,10.94714,8.938564,5.501169
1429793,0.0,0.0,0,0,False,7.856765,8.240519,10.389148
1429794,0.0139,0.405,0,0,False,2.1255398,0.84074897,2.845678
1429903,0.9797,0.0205,1,0,False,11.989705,2.8107684,3.4375706
1429904,0.0,0.0,0,0,False,17.612617,7.849496,9.126432
1429905,0.9368,0.0638,1,0,False,11.763275,2.1073673,3.694553
1429912,0.0,0.0,0,0,False,11.613851,6.3399577,2.5304813
1430411,0.0,0.0,0,0,False,12.065729,9.903411,8.205562
1430441,0.9999,0.0001,1,0,False,3.7064962,3.9498303,3.3879094
1430444,1.0,0.0,1,0,False,3.8201835,2.5584884,3.079574
1432428,0.9684,0.0402,1,0,False,6.341491,5.0764246,3.8030274
1432563,0.999,0.0044,1,0,False,5.611638,5.152435,3.6651106
1432565,0.0026,0.9984,0,1,False,10.200051,18.358946,6.6847644
1432658,0.9996,0.0004,1,0,False,3.0695167,3.3213518,3.4858053
1432847,0.9816,0.0006,1,0,False,4.6052623,4.680767,4.4744077
1432848,0.9814,0.0007,1,0,False,4.6128755,4.7093315,4.5388556
1432856,1.0,0.0,1,0,False,3.4383225,3.2745469,3.2153866
1432857,1.0,0.0,1,0,False,3.0306103,2.6185384,3.3277447
1434070,0.3195,0.619,0,0,False,8.180323,12.707782,6.8803415
1434088,0.9997,0.0003,1,0,False,2.8684607,1.5540848,2.8893597
1434127,0.9893,0.0109,1,0,False,3.3468034,4.6629972,3.8628988
1434319,1.0,0.0,1,0,False,3.152981,1.938364,2.5432165
1434323,0.0,0.0,0,0,False,11.226173,-6.219599,0.2263173
1434720,0.6676,0.9842,0,1,False,9.972102,4.6977406,4.2973228
1434986,1.0,0.0,1,0,True,2.6621697,3.426119,3.2377079
1434988,1.0,0.0,1,0,True,2.6735828,2.658006,3.1827273
1435008,0.6406,0.332,0,0,False,2.6535935,2.2382562,3.4385319
1435148,0.9972,0.0248,1,0,True,6.430588,14.330762,6.992452
1435411,0.979,0.0008,1,0,False,4.6567597,4.866302,4.5798154
1435485,0.9786,0.0238,1,0,False,6.1783395,3.8913598,4.0403347
1436889,0.9998,0.0001,1,0,False,3.6103864,4.858186,3.961601
1437125,0.3762,0.6183,0,0,False,6.592539,7.9168577,5.9391356
1437363,1.0,0.0,1,0,False,2.609176,3.0499477,3.3994024
1437839,0.1995,0.9809,0,1,False,10.310115,5.0991635,2.443883
1439894,0.4291,0.0353,0,0,False,4.9753885,9.12647,6.6023197
1440170,0.0,1.0,0,1,True,7.5690193,4.7689652,4.459107
1442164,0.9978,0.0167,1,0,True,6.254333,14.141547,6.989723
1442594,0.0013,0.9988,0,1,False,7.7692094,4.2039795,3.6065798
1445714,0.0,0.0,0,0,False,10.722279,8.829722,5.430793
1445715,0.0,0.0,0,0,False,11.403974,6.433976,2.785364
1445726,0.1865,0.883,0,0,False,12.101177,3.8170717,3.0832574
1445727,0.7762,0.2114,0,0,False,6.5198045,4.1014595,3.7629635
1445728,0.0,0.0,0,0,False,25.53577,6.9832273,7.8797474
1445729,0.1641,0.9149,0,1,False,11.041495,3.7112594,3.3462112
1445809,1.0,0.0,1,0,False,2.7433867,2.379337,3.0473623
1445810,1.0,0.0,1,0,False,2.4000363,2.0067384,3.954994
1445811,1.0,0.0,1,0,False,2.6311347,1.8747467,4.104768
1445858,1.0,0.0,1,0,False,3.4942143,0.86124676,2.5685873
1445859,0.5508,0.9983,0,1,False,6.783459,2.171013,3.1754732
1445860,1.0,0.0,1,0,False,3.86225,2.6188273,3.8162136
1446489,0.2989,0.8652,0,0,False,4.6473103,0.81872773,2.9730446
1446490,0.3171,0.7022,0,0,False,4.353458,1.497411,3.5645475
1446492,1.0,0.0,1,0,False,3.810021,3.6784053,3.230218
1449827,1.0,0.0,1,0,True,3.6764345,5.7100587,4.7258606
1449896,0.0167,0.9831,0,1,False,7.3272314,8.590775,4.7322006
1449897,0.9998,0.0003,1,0,False,5.1408124,3.1434288,3.651895
1450142,1.0,0.0,1,0,False,2.9201636,4.947169,4.311368
1450169,0.9898,0.0107,1,0,False,9.4902525,3.577499,4.0543003
1450746,0.9987,0.0013,1,0,False,3.0177598,1.693663,2.765162
1450749,1.0,0.0,1,0,False,2.6306515,2.96573,3.3266504
1451050,1.0,0.0,1,0,False,2.9066288,3.2533784,3.1289968
1452516,0.376,0.5486,0,0,False,6.740271,6.0510387,4.1944532
1453367,1.0,0.0,1,0,False,2.5377932,2.3148215,3.244913
1453408,0.0354,0.9577,0,1,True,5.442357,7.885836,6.453349
1453410,0.3891,0.6847,0,0,False,7.8618317,11.790966,6.4587235
1454021,0.7288,0.2696,0,0,False,6.4797525,8.367937,4.7224865
1454022,1.0,0.0,1,0,False,3.9951959,3.237248,3.8183749
1454023,1.0,0.0,1,0,False,3.2556772,3.5003784,3.3713152
1454024,0.9999,0.0014,1,0,False,5.403468,4.478396,3.6642134
1454025,1.0,0.0001,1,0,False,3.5736067,4.467512,3.8233764
1454026,0.9998,0.1487,1,0,False,6.8473864,5.140822,3.8413646
1454027,0.1338,0.8657,0,0,False,6.4175196,6.6000996,4.462864
1454028,0.0057,0.9636,0,1,False,7.6475496,9.127578,5.0427585
1454029,0.9994,0.0015,1,0,False,6.26028,4.5713515,4.0597396
1454030,1.0,0.0,1,0,False,3.3449612,3.1288095,3.6352444
1455074,1.0,0.0,1,0,False,1.7983577,1.6050403,3.5181391
1455075,1.0,0.0002,1,0,False,4.7030826,4.7441397,3.4027462
1455076,0.9311,0.0577,1,0,False,6.6360335,9.7531595,6.071728
1455626,1.0,0.0003,1,0,False,4.6847053,4.8157268,3.9134462
1457165,1.0,0.0,1,0,False,3.2457607,3.1623263,3.3164527
1458669,0.2582,0.4515,0,0,False,5.458906,1.4075536,2.919979
1458670,0.9923,0.0268,1,0,False,9.367427,4.7371325,4.0785346
1458697,0.0001,1.0,0,1,False,5.3369794,1.8473245,2.8805826
1458706,0.9999,0.0015,1,0,False,6.040106,4.72685,3.9423754
1458710,0.086,0.9787,0,1,False,11.913818,3.3838246,4.525166
1458711,0.024,0.9776,0,1,False,6.756724,4.199316,3.626807
1458714,0.0,0.0,0,0,False,17.602888,8.194273,9.422597
1458715,0.0886,0.9786,0,1,False,11.748118,3.7186656,4.418913
1458716,1.0,0.0,1,0,False,4.055135,3.9433618,3.7870917
1458717,0.4571,0.8896,0,0,False,10.637093,4.5704293,3.1540694
1458724,0.0,0.0,0,0,False,17.855099,7.949023,9.216045
1458725,0.0819,0.9786,0,1,False,11.97244,3.4513469,4.678138
1458726,0.2204,0.9772,0,1,False,10.463246,4.900709,2.4757686
1458831,0.4849,0.9753,0,1,False,9.926415,4.867944,4.211725
1458841,0.3785,0.781,0,0,False,10.68437,4.5264773,3.0923932
1458842,1.0,0.0,1,0,False,3.128026,3.386815,3.5918174
1458843,0.0,0.0,0,0,False,7.1825633,-1.8746479,6.371788
1458846,0.0,0.0,0,0,False,10.82256,6.464429,3.3346872
1458848,1.0,0.0,1,0,False,3.6658661,2.8274906,3.490708
1458849,0.9999,0.0011,1,0,False,4.731628,4.5968513,3.7816515
1458851,1.0,0.0,1,0,False,3.7849553,3.528908,3.492339
1458852,1.0,0.0,1,0,False,3.1125486,2.3549504,3.0780697
1458853,0.3655,0.3606,0,0,False,2.7443967,1.5252608,2.815592
1458855,1.0,0.0,1,0,False,2.626132,1.7434024,2.9600675
1458856,1.0,0.0,1,0,False,2.8721676,2.8907843,3.2190044
1458857,1.0,0.0,1,0,False,2.6900074,1.8337176,2.8027031
1458859,1.0,0.0,1,0,False,3.137291,4.903121,4.631883
1458860,1.0,0.0,1,0,False,3.164635,4.855193,4.6771183
1458861,0.97,0.0257,1,0,False,4.8911934,6.425197,4.6787744
1458862,1.0,0.0,1,0,False,3.2215745,3.6801922,3.7009451
1458863,1.0,0.0,1,0,False,3.1710985,2.8323617,3.3212545
1459003,0.0,1.0,0,1,True,6.5352035,2.2963674,3.5785387
1459044,0.9998,0.0031,1,0,False,5.4061117,4.8851585,3.7326255
1459800,0.961,0.0014,1,0,False,5.4092617,6.7341757,5.117234
1460071,1.0,0.0,1,0,False,3.1991935,3.852307,3.5706213
1460361,0.0,0.0,0,0,False,7.1747465,-1.7352843,6.3068633
1460362,0.0,0.0,0,0,False,7.209928,-1.8540148,6.358808
1460363,0.9981,0.0039,1,0,False,5.3645453,4.405521,3.8089385
1460364,0.0,0.0,0,0,False,7.119042,-1.7289357,6.249088
1460366,0.0,0.0,0,0,False,7.1833086,-1.7925795,6.3185916
1460367,0.0,0.0,0,0,False,7.1777368,-1.8745767,6.360031
1460374,0.9337,0.0685,1,0,False,6.8647127,4.5845375,3.9744844
1461395,0.9562,0.0724,1,0,True,8.154413,19.617567,7.666842
1461743,1.0,0.0,1,0,False,2.7830853,2.8139818,3.238188
1462681,0.9877,0.0015,1,0,False,5.9379244,2.4319515,3.6294057
1462682,0.1137,0.886,0,0,False,6.546824,8.796754,5.0118513
1463607,0.9977,0.0031,1,0,False,7.0557413,4.371403,3.651625
1463809,0.9623,0.2138,1,0,False,9.9854965,4.294247,4.118132
1463811,0.0888,0.9785,0,1,False,11.754297,3.6430423,4.8243594
1463812,0.9601,0.219,1,0,False,9.988134,4.057914,4.139991
1463817,0.9998,0.0001,1,0,False,5.898456,10.426635,5.152852
1464071,0.2052,0.0065,0,0,False,4.8287005,8.51499,5.9646435
1464072,0.0084,0.0303,0,0,False,6.4499273,9.913487,5.97312
1464074,1.0,0.0,1,0,False,3.0985754,2.750353,3.3870275
1464127,1.0,0.0,1,0,False,3.3237314,2.619072,3.3849201
1464786,0.9942,0.0003,1,0,False,3.8214371,3.8761377,3.5480986
1465613,1.0,0.0013,1,0,False,6.69898,2.600128,4.2798743
1465618,1.0,0.0013,1,0,False,6.688973,2.4400663,4.3474646
1465751,0.9672,0.0013,1,0,False,4.7152033,7.5415945,5.148441
1468169,0.0,0.0,0,0,False,17.561304,8.07805,9.287789
1468172,0.9992,0.0007,1,0,False,4.1673713,2.9414341,3.5844707
1468411,1.0,0.0,1,0,False,3.0889463,1.8075068,3.4018223
1468454,1.0,0.0,1,0,False,2.9343076,4.3014793,4.004496
1469956,1.0,0.0,1,0,False,3.185426,3.7592244,3.537206
1471299,1.0,0.0,1,0,False,3.227841,2.256496,3.0448184
1471542,0.3692,0.9652,0,1,False,8.654639,6.7470083,4.401214
1472342,1.0,0.0,1,0,True,2.6491058,2.515631,2.9903069
1472425,1.0,0.0,1,0,False,3.5404458,4.123759,3.8445787
1472717,1.0,0.0,1,0,False,3.770307,4.8084173,4.1217227
1472911,0.9087,0.3541,1,0,False,8.439498,18.9182,7.4859324
1472912,1.0,0.0,1,0,False,3.0312164,2.112506,2.6389768
1474867,1.0,0.0,1,0,False,3.179371,3.8796237,3.7101073
1475062,0.9989,0.005,1,0,False,5.3443236,4.4632173,3.498538
1475063,1.0,0.0,1,0,False,3.2965007,2.5928779,3.773067
1475143,0.9306,0.0692,1,0,False,4.012602,1.6630526,2.9941826
1476202,0.9977,0.0015,1,0,False,3.6228085,3.8859427,3.5604167
1476390,0.9802,0.0163,1,0,False,4.846368,4.260013,4.0678444
1476391,0.7054,0.296,0,0,False,7.168886,8.328039,5.111091
1476487,0.0086,0.9919,0,1,False,8.263267,8.593067,5.0369053
1476886,1.0,0.0,1,0,False,2.9017425,2.581836,3.2587404
1476887,1.0,0.0,1,0,False,2.7108316,2.630751,3.506024
1476888,1.0,0.0,1,0,False,2.541365,3.1135604,3.7369282
1476889,1.0,0.0,1,0,False,2.4960785,2.9837084,3.2358527
1476909,1.0,0.0,1,0,False,3.5578985,4.4658136,3.8151388
1477404,0.5908,0.4281,0,0,False,7.761059,10.798958,6.359793
1477406,0.9636,0.0367,1,0,False,6.2474933,4.3529134,3.8489878
1477515,0.9842,0.0125,1,0,False,4.738169,4.6637945,4.055458
1478160,1.0,0.0,1,0,True,2.864189,2.0043225,3.6267765
1479613,1.0,0.0,1,0,False,2.7638614,2.2224467,3.3548183
1480065,0.7398,0.3446,0,0,False,8.390606,11.614508,6.4919105
1480731,1.0,0.0,1,0,False,3.9067183,2.7681987,3.2217538
1481112,0.9884,0.0087,1,0,False,3.2756152,3.5755854,3.6898694
1481139,0.1762,0.0036,0,0,False,5.106442,8.0734625,5.741956
1481186,0.489,0.2902,0,0,False,5.10287,8.628339,6.481086
1481187,1.0,0.0,1,0,False,2.5729847,1.9288039,3.3228703
1481224,0.9277,0.0736,1,0,False,6.954773,4.6305757,3.7016702
1481453,1.0,0.0,1,0,False,3.694355,4.534553,3.816628
1481785,0.6679,0.0004,0,0,False,6.556165,4.8614626,4.3117976
1482319,1.0,0.0,1,0,False,2.8307796,2.8639853,3.6536021
1482734,0.3325,0.0789,0,0,False,5.798935,8.570775,5.446134
1483485,0.9369,0.0625,1,0,False,6.5933695,4.6430364,3.7470984
1483681,0.58,0.46,0,0,False,7.7132587,11.239268,6.9681087
1483724,1.0,0.0,1,0,False,3.9461682,4.5499115,3.945746
1485186,0.393,0.0203,0,0,False,6.332337,7.743429,5.2451797
1485922,0.7703,0.2286,0,0,False,6.817108,5.453696,4.2300773
1486397,1.0,0.0,1,0,False,2.5306332,2.6562243,3.4135206
1486403,0.0818,0.9786,0,1,False,11.954515,3.4793963,4.657839
1486413,1.0,0.0,1,0,False,3.1005425,4.718174,4.338539
1486414,1.0,0.0,1,0,False,3.2120137,2.990322,3.688872
1486419,0.296,0.6945,0,0,False,2.013611,0.5380377,2.9944155
1486421,1.0,0.0,1,0,False,2.5152044,2.846007,3.3872087
1486422,0.1785,0.4941,0,0,False,2.138596,0.90313435,3.1782558
1486423,0.7329,0.0287,0,0,False,5.8292184,10.044173,6.360873
1486424,0.0883,0.9786,0,1,False,11.8491,3.290182,4.173177
1486425,0.0,0.0,0,0,False,10.874259,8.863963,5.4296875
1486426,0.5573,0.9059,0,1,False,10.811414,5.442477,3.2428622
1486427,0.0,0.0,0,0,False,14.053713,3.780321,4.6243706
1486428,0.8985,0.0257,0,0,False,2.2993758,0.6127951,3.2250152
1486469,0.7067,0.2635,0,0,False,6.8077483,4.191632,3.8774128
1486472,0.7683,0.2303,0,0,False,6.684373,4.04173,3.791483
1486473,0.1218,0.9373,0,1,False,12.761407,3.695778,5.108483
1486474,0.1808,0.8185,0,0,False,7.7230854,5.4026537,4.291728
1486657,1.0,0.0,1,0,False,3.1237104,4.208002,3.7697215
1486658,0.37,0.0825,0,0,False,4.9418244,8.662445,6.055822
1486659,0.0001,0.9819,0,1,False,3.464619,7.049258,7.0893164
1486660,0.8734,0.0102,0,0,False,5.704297,9.607318,6.182087
1486661,1.0,0.0,1,0,False,2.651739,2.4516637,3.1893013
1486662,1.0,0.0,1,0,False,2.8972347,3.3066475,3.7065003
1487185,1.0,0.0,1,0,False,3.0529895,3.628359,3.7495012
1488557,0.606,0.394,0,0,False,6.2683234,2.2583249,4.2644954
1488574,0.9952,0.0048,1,0,True,6.46089,4.4163327,3.9043472
1489311,0.1771,0.9162,0,1,False,9.071616,16.04465,6.331236
1489312,0.2336,0.8424,0,0,False,9.244788,16.452595,6.40677
1489714,0.269,0.1858,0,0,False,3.0174408,1.2809657,2.9615085
1489836,0.8177,0.1785,0,0,False,6.2102423,3.7304373,3.884639
1491491,0.9976,0.0028,1,0,False,4.385618,5.8914194,4.4160113
1492296,0.9713,0.0244,1,0,False,5.6265473,4.521944,4.0876393
1493508,0.8079,0.0004,0,0,False,4.777789,3.4794567,4.326002
1493509,0.1809,0.0083,0,0,False,5.982456,7.747169,5.0119596
1493510,0.9999,0.0,1,0,False,3.970139,2.9606035,4.174771
1493511,0.9854,0.0001,1,0,False,4.5786047,3.1010456,3.750287
1493512,1.0,0.0,1,0,False,3.5489411,3.7300954,3.8754272
1493513,0.9997,0.0,1,0,False,3.7649195,2.9635708,4.3142123
1493514,0.9999,0.0,1,0,False,3.928819,2.905805,4.2253795
1493829,0.8955,0.1035,0,0,False,6.515773,4.178017,3.8258045
1493858,0.9365,0.0629,1,0,False,6.616036,4.429862,3.9657114
1494074,0.5799,0.0765,0,0,False,5.194973,7.6289997,5.061586
1495285,0.3021,0.6832,0,0,False,1.3538584,0.20330766,3.3327808
1495286,1.0,0.0,1,0,False,3.5726871,4.171534,3.8799174
1497019,0.9598,0.0251,1,0,False,5.412253,5.429448,4.3639603
1497434,0.9896,0.0075,1,0,False,4.5886045,5.276733,4.3776393
1497848,1.0,0.0,1,0,False,2.582921,2.5276062,3.5143902
1497850,0.0876,0.9787,0,1,False,11.970784,3.5000474,4.253651
1498168,0.9685,0.0015,1,0,False,3.7494059,4.3223467,4.0558915
1498170,0.2396,0.5532,0,0,False,6.151429,8.333645,5.286255
1498171,1.0,0.0,1,0,False,2.733014,2.101161,3.451241
1498172,0.9999,0.0,1,0,False,3.5697663,3.3807693,3.853591
1498188,0.95,0.0491,1,0,False,4.9170523,4.9690695,4.0594635
1498204,0.0,0.0,0,0,False,17.56524,7.8465376,9.121104
1498212,1.0,0.0,1,0,False,2.7154071,4.140933,4.3194957
1498220,1.0,0.0,1,0,False,2.6954272,1.3645574,2.79958
1498227,0.9735,0.0229,1,0,False,4.7383275,3.5041254,4.2868166
1498228,0.3103,0.6784,0,0,False,7.9668527,4.332142,3.8626933
1498504,0.0013,0.9993,0,1,False,11.642839,20.165007,6.510636
1500386,1.0,0.0,1,0,False,2.6035368,2.541411,3.5068939
1500713,0.974,0.0009,1,0,False,4.570058,4.155788,3.8942065
1500733,0.9999,0.0,1,0,False,3.6972837,2.845155,3.6070628
1500734,1.0,0.0,1,0,False,3.7800012,3.0528803,3.6618183
1500735,0.9999,0.0,1,0,False,4.0896444,1.9592663,3.4456234
1500756,0.9534,0.9958,1,1,False,7.6609697,4.7597294,3.7923205
1500757,0.0364,0.1894,0,0,False,7.82356,3.6149817,3.246167
1500798,0.0,0.0,0,0,False,9.289409,3.5647407,20.941233
1500799,0.0,0.0,0,0,False,9.34346,3.7947354,20.673262
1500800,0.0,0.0,0,0,False,9.579526,3.4747648,20.91094
1500801,0.0,0.0,0,0,False,9.379011,3.596518,21.130562
1500802,0.0,0.0,0,0,False,9.402057,3.8630946,20.403118
1500805,0.0,0.0,0,0,False,9.437632,3.5464468,21.370966
1500807,0.9762,0.0226,1,0,False,6.285907,4.371666,4.031236
1500810,0.0,0.0,0,0,False,9.336393,3.608037,21.364792
1500812,0.0,0.0,0,0,False,9.286895,3.7076757,21.03489
1500813,0.0,0.0,0,0,False,9.520528,3.6492481,20.58368
1500814,0.0,0.0,0,0,False,9.437586,3.5641556,21.126236
1500816,0.0,0.0,0,0,False,9.350749,3.6457357,20.993902
1500818,0.0,0.0,0,0,False,9.319721,3.9183288,20.388554
1500819,0.0,0.0,0,0,False,9.315648,3.6597912,21.013826
1500820,0.0,0.0,0,0,False,9.445087,3.541642,21.279541
1500821,0.0,0.0,0,0,False,9.340948,3.6905503,20.84676
1500822,0.0,0.0,0,0,False,9.370919,3.6778557,20.848223
1500823,0.0,0.0,0,0,False,9.139439,3.8518443,20.854855
1500824,0.0,0.0,0,0,False,8.982536,3.9144428,20.979294
1500825,0.0,0.0,0,0,False,9.382535,3.9008734,20.396244
1500826,0.0,0.0,0,0,False,9.340944,3.8677568,20.36488
1500827,0.0,0.0,0,0,False,6.0513797,5.0397058,4.3128777
1500828,0.0,0.0,0,0,False,9.364209,3.7984917,20.634485
1500829,0.0,0.0,0,0,False,9.3788595,3.8436933,20.478823
1500830,0.0,0.0,0,0,False,9.262428,3.8130548,20.776104
1500831,0.0,0.0,0,0,False,9.121612,3.8057592,21.034386
1500832,0.0,0.0,0,0,False,9.525265,3.595267,20.439915
1500865,1.0,0.0,1,0,False,2.9900804,1.4736315,2.854811
1500866,0.9982,0.0001,1,0,False,3.7123704,5.465079,4.982717
1501396,0.0272,0.9401,0,1,True,3.2562842,0.9231676,3.0047624
1501716,1.0,0.0,1,0,False,3.1583943,3.3027067,3.7593586
1502101,1.0,0.0,1,0,False,3.7312832,3.8943765,3.7369463
1503289,0.4367,0.2111,0,0,False,5.680414,8.24264,4.931136
1503291,0.6087,0.3792,0,0,False,6.4418387,9.5449505,5.4092183
1503292,0.7265,0.458,0,0,False,6.4091973,10.821911,6.382502
1503293,0.9997,0.0,1,0,False,3.7966125,4.1559834,3.760534
1503864,1.0,0.0,1,0,False,3.4562747,4.3275485,4.134814
1504288,0.9359,0.025,1,0,False,5.620133,4.881575,4.1396236
1504732,0.0013,0.9992,0,1,False,11.66469,19.720709,6.4712653
1504733,0.0017,0.999,0,1,False,11.599608,19.884499,6.638001
1505026,1.0,0.0,1,0,False,3.003175,3.9625025,3.59237
1505027,0.2633,0.5505,0,0,False,1.5718515,0.6382584,3.3104184
1505225,1.0,0.0,1,0,False,3.219425,2.8606174,4.0384736
1505227,0.9541,0.0411,1,0,False,6.773897,5.7738214,4.3213243
1505528,0.7593,0.2509,0,0,False,10.685289,2.1683028,3.6155202
1505530,0.0007,0.016,0,0,False,7.338498,9.77293,5.810107
1506568,0.9691,0.0009,1,0,False,6.8121223,6.00339,4.376064
1506716,0.0787,0.977,0,1,False,12.134741,3.7551064,4.8780046
1507812,1.0,0.0001,1,0,True,7.063654,25.013683,7.7888017
1507813,1.0,0.0022,1,0,True,7.1608906,25.282675,7.7195125
1508220,0.0001,0.9999,0,1,False,5.1300526,2.2764704,3.4264116
1508224,0.9926,0.0038,1,0,False,4.0722017,4.558893,4.1134634
1508671,0.6888,0.0116,0,0,False,4.8104434,4.57134,4.5324383
1508678,1.0,0.0,1,0,False,2.920532,3.2882953,3.9976594
1508681,1.0,0.0,1,0,False,2.8517892,2.3322806,3.3598037
1508710,0.0669,0.4526,0,0,False,7.838861,10.2093525,5.624207
1508711,0.0154,0.4008,0,0,False,7.877402,10.285907,5.3164134
1508712,0.2585,0.0019,0,0,False,4.825453,4.6305943,3.993827
1510155,0.999,0.998,1,1,False,9.161208,14.242289,6.700132
1510440,1.0,0.0,1,0,False,2.116916,1.1095458,3.2093637
1511639,0.5246,0.4686,0,0,False,7.038485,10.896657,7.1152725
1511733,0.9727,0.0322,1,0,True,7.973457,13.142592,6.6412683
1511784,0.9999,0.0,1,0,False,3.4188375,3.7537153,4.0158587
1511806,0.3874,0.0527,0,0,False,5.6419196,4.9158287,4.0476975
1511807,0.0004,0.9996,0,1,True,7.2858706,7.8584366,4.7416444
1511880,1.0,0.0,1,0,True,3.8227172,2.84831,3.4054883
1511881,1.0,0.0,1,0,True,4.802499,5.71404,4.9867005
1511882,1.0,0.0,1,0,True,3.6466734,3.9069655,4.145127
1511883,1.0,0.0,1,0,True,3.1818888,3.9564903,4.0380893
1511885,0.3338,0.025,0,0,False,5.8149233,4.4519787,4.000087
1511892,0.3652,0.4528,0,0,False,6.505029,5.662887,4.4716353
1511894,0.0048,0.9945,0,1,True,8.320136,4.604609,3.9372876
1511919,0.9995,0.0004,1,0,True,6.5734916,9.352338,5.27303
1512278,0.646,0.3275,0,0,False,2.164974,1.9707433,3.1200964
1513196,0.9868,0.0122,1,0,False,6.0635085,9.388845,5.5349593
1513208,0.2015,0.0127,0,0,False,4.9413,7.7944007,5.5972157
1513224,0.9644,0.0314,1,0,False,5.3518567,5.678305,4.2016425
1513256,1.0,0.0,1,0,True,3.6432648,2.1905189,4.0337453
1513257,1.0,0.0,1,0,True,3.2640123,4.9819713,4.555928
1513258,1.0,0.0,1,0,True,2.6612315,2.5722027,3.688131
1513259,1.0,0.0,1,0,True,2.9564655,2.6226807,3.7833788
1513260,1.0,0.0,1,0,True,3.517663,1.4809082,3.373364
1513261,1.0,0.0,1,0,True,2.5265992,1.9948571,4.0558424
1513262,1.0,0.0,1,0,True,2.8481774,1.8186818,3.2929096
1513263,1.0,0.0,1,0,True,2.6146812,1.8125068,3.2426894
1513264,1.0,0.0,1,0,True,3.3304448,1.3745126,3.0179424
1513269,0.9999,0.0,1,0,False,3.346942,3.9940538,3.7996554
1513528,0.0025,0.9985,0,1,False,10.182427,17.953022,6.5156283
1513529,0.0025,0.9985,0,1,False,10.194371,18.027266,6.5241613
1514664,0.4104,0.6471,0,0,False,8.423104,12.555553,6.6138988
1514665,0.6529,0.6208,0,0,False,9.540427,15.105222,6.868241
1514896,1.0,0.0,1,0,False,2.683089,2.056914,3.1248736
1516081,0.0001,0.0007,0,0,True,6.7839036,3.6122985,4.035881
1516115,1.0,0.0,1,0,False,3.182736,4.7072787,4.8179274
1516127,0.2716,0.0163,0,0,False,5.1021533,4.556119,3.8633227
1516128,1.0,0.0,1,0,False,2.7456105,3.260909,3.6055043
1518574,0.0311,0.0009,0,0,True,5.565342,7.9460673,5.975921
1519385,1.0,0.0,1,0,False,3.589517,4.1936264,4.0951524
1519386,0.9997,0.0,1,0,False,6.6296625,6.2488303,4.2468753
1519387,0.9293,0.0026,1,0,False,4.5220175,4.99149,4.258932
1519388,0.1316,0.0008,0,0,False,6.0699396,4.7553005,4.0713034
1519389,0.9852,0.0055,1,0,False,4.4963636,4.829339,3.9610372
1519391,0.1822,0.0013,0,0,False,5.332265,5.482531,4.702821
1519392,0.0149,0.9852,0,1,False,6.732335,7.2577868,4.7397823
1519393,1.0,0.0,1,0,False,2.763738,2.4778795,3.5472164
1519395,0.8135,0.0111,0,0,False,4.4957194,4.6245236,3.941731
1519396,0.8956,0.0003,0,0,False,6.3680663,6.0222673,4.425192
1519397,0.0164,0.9835,0,1,False,6.3910365,6.984223,4.5824924
1519400,0.0003,0.0009,0,0,False,7.0535502,3.9320414,4.255088
1519788,0.0003,0.9999,0,1,False,6.0835414,1.5785748,2.6415124
1519999,1.0,0.0,1,0,False,2.8160203,2.8210032,3.4256086
1520002,0.8134,0.0651,0,0,False,5.475893,8.007479,4.9812493
1520004,1.0,0.0,1,0,False,2.9293876,2.5323474,3.1724045
1520006,0.2774,0.0075,0,0,False,4.5475984,4.209161,4.2300057
1520935,0.4341,0.0,0,0,False,5.1189895,3.0504358,4.875342
1521188,1.0,0.0,1,0,False,2.72324,3.3885646,3.8729968
1521385,0.9932,0.0,1,0,False,4.358618,4.240793,3.8795693
1521386,1.0,0.0,1,0,False,3.9813406,2.7568078,3.7836287
1521387,0.9101,0.0183,1,0,False,4.3288183,4.651407,3.7154486
1521388,0.537,0.4623,0,0,False,7.407203,9.781571,5.1841702
1521389,0.0334,0.0037,0,0,False,5.9072723,5.060812,4.1069565
1521390,0.3655,0.634,0,0,False,7.155879,8.392897,4.7777596
1521391,0.607,0.0032,0,0,False,4.6971393,4.579466,4.0634565
1521392,0.067,0.0109,0,0,False,6.121454,5.167349,4.0325985
1522059,0.9875,0.0001,1,0,False,5.24063,5.5713663,4.510484
1522092,1.0,0.0,1,0,False,2.8556364,1.4352084,3.1401715
1522179,1.0,0.0,1,0,False,2.9447763,3.458481,3.877172
1523858,0.9892,0.0038,1,0,False,5.8830314,6.380949,4.815174
1524881,0.997,0.0,1,0,False,3.9058485,4.2686033,4.0348377
1524882,0.0192,0.0018,0,0,False,5.9747267,4.8746343,4.2522664
1524910,1.0,0.0,1,0,False,2.7276423,1.6622391,2.9016798
1525173,1.0,0.0,1,0,True,6.1423593,6.540554,5.0238266
1526408,1.0,0.0,1,0,False,2.5112972,2.5274878,3.473975
1526550,0.0546,0.001,0,0,False,7.6751146,4.41995,3.835401
1527463,0.0,0.0,0,0,False,20.102085,-0.59478444,5.066219
1527469,0.9999,0.0,1,0,False,3.6064148,3.6406279,4.098924
1527493,0.0284,0.0029,0,0,False,6.37769,4.8235116,4.2060432
1527494,0.0804,0.9783,0,1,False,12.059268,3.4601047,4.724732
1527506,0.9878,0.0,1,0,False,4.5429115,4.3196707,3.9548588
1527511,0.0,0.0,0,0,False,25.112614,7.475132,7.635568
1527512,0.9727,0.0281,1,0,False,10.585301,2.7740655,4.568278
1527513,0.0,1.0,0,1,False,9.511643,3.2665224,3.3305302
1527514,0.9235,0.0777,1,0,False,7.5117126,3.8071153,3.4728796
1527515,0.0855,0.0012,0,0,False,5.73833,4.29239,3.9363973
1527516,0.3105,0.9692,0,1,False,10.598779,6.5964365,4.2700214
1527519,1.0,0.0,1,0,False,2.808691,3.6107018,3.831587
1527520,0.2316,0.9751,0,1,False,10.331212,5.0579305,2.4840875
1527523,0.2739,0.3953,0,0,False,7.173687,9.82403,5.376666
1527524,0.553,0.4025,0,0,False,5.031678,1.7582808,3.69763
1527525,0.6969,0.3182,0,0,False,7.7169833,6.6721315,4.330926
1527531,0.9928,0.0,1,0,False,3.801873,4.37971,4.071085
1527534,0.0,0.0,0,0,False,11.227481,6.1376333,2.7979527
1527535,0.3104,0.9693,0,1,False,10.64187,6.6715226,4.305903
1527536,0.0,0.0,0,0,False,11.255463,6.1562586,2.9411147
1527580,0.0,0.0,0,0,False,26.343105,7.611393,7.616734
1527692,0.0,0.0,0,0,False,3.2537327,-2.1375473,7.215982
1527693,0.0,0.0,0,0,False,21.301481,5.8174634,0.13442442
1527770,0.1374,0.0009,0,0,False,5.935826,4.1280622,4.104139
1527771,0.2375,0.0013,0,0,False,6.6386113,5.2076097,4.1677036
1529056,0.9999,0.0004,1,0,False,3.5575716,3.5451365,4.645481
1529058,0.9999,0.0,1,0,False,3.1938565,4.347717,4.4227357
1529392,0.3667,0.663,0,0,False,8.226277,13.160544,6.9430532
1529909,0.6819,0.1712,0,0,False,5.933054,6.8471217,4.5379972
1529918,0.3492,0.7382,0,0,False,7.8991756,10.866292,6.5047283
1529924,0.2447,0.7542,0,0,False,7.9965963,10.135815,6.7841024
1530085,0.022,0.0028,0,0,False,7.9467225,3.7547684,3.8869328
1530251,0.9999,0.0,1,0,False,3.8037517,3.69761,4.2297883
1530400,0.5417,0.5418,0,0,False,8.484185,11.71271,6.590821
1530454,1.0,0.0,1,0,False,3.14956,5.1306243,4.9537973
1532031,0.0281,0.0032,0,0,False,7.399698,4.2329316,3.9155412
1534544,0.029,0.9821,0,1,False,8.10819,8.698156,4.927606
1534545,0.3667,0.5304,0,0,False,7.9542036,10.4727955,6.0260425
1534546,0.8249,0.1227,0,0,False,6.456516,9.139367,5.5278473
1534547,0.0775,0.9216,0,1,False,6.7793365,8.32956,5.215585
1535247,0.6631,0.9898,0,1,False,10.18132,5.023693,4.0647335
1535290,1.0,0.0022,1,0,True,10.14743,16.580553,2.3386087
1535291,1.0,0.0034,1,0,True,10.175736,16.400063,2.3916807
1536592,0.0168,0.001,0,0,False,6.0416265,4.49372,4.253529
1536596,0.0,0.0,0,0,False,7.6740994,4.0880485,3.4652948
1536597,0.0015,0.006,0,0,False,6.57797,4.6819525,4.101912
1536598,0.973,0.0278,1,0,False,10.566578,2.91264,4.5894184
1536603,0.0,0.0,0,0,False,25.414387,7.078431,8.019772
1536604,1.0,0.0,1,0,False,2.964748,3.3178372,5.1718264
1536605,1.0,0.0,1,0,False,2.6999278,3.0014946,3.7563176
1536611,0.0012,0.0,0,0,False,4.695708,3.9453795,5.19551
1537975,0.6718,0.349,0,0,False,7.702607,11.225356,6.872784
1538364,0.3262,0.0007,0,0,False,6.4527225,4.871603,4.4941444
1538452,0.1428,0.0009,0,0,False,5.6771483,5.0188513,4.440177
1538549,0.3126,0.6871,0,0,False,6.7830367,9.005209,5.194971
1538804,0.0053,0.001,0,0,False,5.759099,3.7169278,3.7442982
1540090,1.0,0.0,1,0,False,3.5146294,3.275119,4.145264
1540091,1.0,0.0,1,0,False,2.8912022,2.9793875,3.5893064
1540092,0.0,0.0,0,0,False,3.0971136,-0.7647493,4.893437
1540093,0.0,0.0,0,0,False,3.0813525,-0.7713129,4.8382797
1540094,0.9953,0.0,1,0,False,2.8166914,3.6841016,4.248866
1540095,0.6497,0.0,0,0,False,4.2308,2.6047914,4.5360174
1540097,0.9781,0.02,1,0,False,6.369136,9.483818,5.963182
1540098,0.0098,0.9942,0,1,False,4.529219,1.3209429,2.8153126
1540823,0.9386,0.0001,1,0,False,4.7931094,3.804202,3.9370673
1541119,0.9338,0.0577,1,0,False,4.2168226,7.0130954,5.391456
1541205,0.5607,0.0005,0,0,False,4.455372,4.5446787,4.252396
1541211,0.9999,0.0,1,0,False,2.8692553,3.5161722,4.075022
1541686,1.0,0.0,1,0,False,2.6327546,1.7768602,3.466343
1541819,0.1206,0.9382,0,1,False,12.558459,3.824559,4.9334536
1541821,0.2509,0.0261,0,0,False,5.2386003,9.560421,6.103071
1541823,0.0,0.0,0,0,False,25.744892,7.4266186,7.8010373
1541824,0.4965,0.0005,0,0,False,7.3512945,4.984989,4.233014
1541825,0.9991,0.0007,1,0,False,4.457015,2.1896372,3.9989748
1541872,0.0,0.0,0,0,False,7.317134,2.4319246,4.2802553
1541883,0.0402,0.0956,0,0,False,7.154253,3.4516768,3.698299
1541887,0.3795,0.9958,0,1,False,6.7813115,2.199223,3.4373405
1542090,0.0042,0.0009,0,0,False,6.5472784,3.8397987,4.0381827
1542092,0.7569,0.8647,0,0,False,6.277779,6.4321914,5.063111
1542103,0.7383,0.0003,0,0,False,6.722291,4.885688,4.022214
1542134,1.0,0.0,1,0,True,2.6570392,1.6501751,3.5081766
1542477,0.9757,0.0,1,0,False,3.3508723,5.846078,5.151813
1542498,0.9994,0.0,1,0,False,4.593642,4.469144,4.274154
1542745,0.2162,0.0009,0,0,False,6.209039,5.1220584,4.024634
1542912,0.0,0.0,0,0,False,11.895883,7.1734643,2.3646147
1543199,0.8981,0.0001,0,0,False,4.7198467,4.5426316,4.2193403
1543201,0.4058,0.0006,0,0,False,5.5380564,5.1316442,4.6251836
1543203,0.0795,0.9999,0,1,False,7.800514,2.4258962,2.973243
1543205,1.0,0.0,1,0,False,3.30673,3.3718116,3.964933
1543206,1.0,0.0,1,0,False,2.963742,1.7662343,3.3466706
1543207,0.9765,0.0102,1,0,False,6.0694947,4.388536,4.277357
1543419,1.0,0.0014,1,0,False,6.7415004,11.332902,6.059073
1544901,0.9472,0.0665,1,0,True,8.441654,17.701979,7.1199517
1545700,0.9863,0.0137,1,0,True,2.469495,-0.2633792,3.4262612
1546177,0.9408,0.0073,1,0,False,6.178424,4.0378838,3.9407885
1546178,0.3745,0.0006,0,0,False,6.1007957,5.1616774,4.3696713
1546257,1.0,0.0,1,0,False,2.7802992,2.0269732,3.2247012
1547495,0.0,0.0001,0,0,True,7.1059337,6.4232516,4.6100607
1547577,0.0018,0.999,0,1,False,11.513066,19.766325,6.6076617
1547580,0.6844,0.3597,0,0,False,7.1155972,6.3615537,4.368327
1548189,0.8688,0.1459,0,0,False,2.6891396,-2.7150671,5.667792
1548711,0.5626,0.5575,0,0,False,9.067816,17.512358,7.1891665
1548712,0.5166,0.4837,0,0,False,7.643932,14.986167,6.740969
1548718,0.1057,0.8919,0,0,False,6.4745307,7.307915,4.784038
1548900,0.5909,0.0001,0,0,False,5.042784,4.0007052,4.949955
1548901,0.1292,0.8781,0,0,False,7.1553135,8.015368,5.6724596
1548902,0.9016,0.0002,1,0,False,7.027771,4.4312024,4.2327847
1548905,0.0003,0.0078,0,0,False,8.530472,4.783648,4.1554613
1548906,0.7002,0.3544,0,0,False,8.230278,11.712778,5.7753963
1548907,0.0063,0.728,0,0,False,6.7769094,3.1780772,4.3780084
1548908,0.0,0.0,0,0,False,7.7566004,5.1835537,4.8694286
1548912,0.0014,0.0148,0,0,False,8.346882,4.678047,4.1416974
1548917,0.0012,0.7268,0,0,False,6.846766,3.2643542,4.267669
1548918,0.9632,0.0013,1,0,False,6.3542457,4.327738,4.051446
1550518,0.9999,0.0,1,0,False,3.0955694,4.818021,4.7416625
1551641,1.0,0.0,1,0,False,2.8707883,2.5893016,4.136403
1551710,0.0,0.0,0,0,False,17.638977,8.236051,9.473786
1551711,0.0,0.0,0,0,False,24.663477,8.4437685,7.6166644
1552409,0.3408,0.5983,0,0,False,8.147819,12.37533,7.059613
1552661,0.0397,0.1922,0,0,False,4.789705,8.197121,6.372769
1552735,1.0,0.0,1,0,False,2.597919,2.220865,3.1916447
1554501,0.8437,0.0003,0,0,False,4.531735,5.0560737,4.7046804
1555201,0.2226,0.9768,0,1,False,10.359492,5.0648193,2.4601989
1555202,1.0,0.0,1,0,False,2.7617583,3.3070297,4.122018
1555207,0.0014,0.0,0,0,False,6.4698215,3.8811796,5.5572753
1555208,0.4042,0.9515,0,1,False,9.108032,6.3902907,4.580538
1555233,0.0,0.0,0,0,False,17.978153,-3.9533336,11.844429
1555235,0.2417,0.9709,0,1,False,9.497211,6.4136295,3.3206148
1555238,1.0,0.0,1,0,False,3.1231225,2.5049515,4.790168
1556289,0.0,0.0,0,0,False,11.630889,7.57577,3.9521778
1556290,0.2106,0.9861,0,1,False,7.138749,2.5430524,3.4205244
1557033,0.9168,0.0001,1,0,False,5.6924596,4.9865108,4.2152905
1557034,1.0,0.0,1,0,False,2.5592225,1.9411231,3.4357715
1557035,1.0,0.0,1,0,False,2.7180765,1.5855929,3.0230048
1558467,0.0,0.0002,0,0,False,5.263391,4.641549,4.4386806
1558469,0.0,0.0003,0,0,False,5.508444,5.2233987,4.633485
1560282,1.0,0.0,1,0,False,2.9006016,2.2201927,3.7849238
1560283,1.0,0.0,1,0,False,2.9427688,1.7216718,3.2959642
1560284,1.0,0.0,1,0,False,2.5336921,2.0559556,3.1276643
1560285,0.5451,0.8139,0,0,False,10.521813,4.8850584,3.3746028
1560286,0.0,0.0,0,0,False,14.519569,3.7538679,4.666093
1560313,0.9995,0.0001,1,0,False,3.4243653,1.3852162,4.3786774
1560340,0.3029,0.3888,0,0,False,6.6713634,10.376248,7.1942625
1560342,1.0,0.0,1,0,False,2.9004934,2.5855339,4.0510025
1560346,0.3611,0.5794,0,0,False,8.152662,13.356838,6.6848154
1560514,0.9996,0.0,1,0,False,3.878784,2.8904035,3.8850067
1561150,0.6465,0.3272,0,0,False,1.9860212,1.4808584,2.7625113
1561171,0.93,0.0002,1,0,False,6.1284204,4.52998,4.0226154
1561172,0.2504,0.6953,0,0,False,8.570975,10.069058,5.325276
1561705,0.8616,0.151,0,0,False,8.057188,11.726643,6.603957
1562076,0.9757,0.0,1,0,False,5.7602077,4.9828477,4.1914372
1563660,1.0,0.0001,1,0,False,5.2706532,3.627778,4.3540845
1563661,0.016,0.9847,0,1,False,7.7611136,8.878929,4.821319
1564096,0.728,0.0003,0,0,False,5.7685914,3.4980242,4.549468
1564115,0.6009,0.4685,0,0,False,7.297353,11.292336,6.53514
1564182,0.8544,0.0006,0,0,False,5.074348,4.2507877,4.241282
1564903,0.9977,0.0,1,0,False,5.305792,5.0703616,4.168391
1565990,0.9967,0.0023,1,0,False,5.990718,6.7106147,4.9395757
1566298,0.9998,0.0,1,0,False,3.3339598,3.9063172,4.037823
1566307,0.1657,0.872,0,0,False,7.9213705,11.040939,5.5594153
1566869,0.9992,0.0,1,0,False,4.08389,3.6486,4.452653
1566990,0.9999,0.0,1,0,False,2.9411283,3.5100586,3.934006
1566993,0.9257,0.0154,1,0,False,6.8995914,4.497999,4.4289613
1566995,0.8384,0.0069,0,0,False,6.9594893,3.7458704,3.652703
1567004,0.7596,0.0299,0,0,False,7.518962,3.5735834,3.6609328
1567005,0.9915,0.0094,1,0,False,8.50526,4.2119436,3.845164
1567007,0.0255,0.9631,0,1,False,4.8689895,1.7329825,3.1282382
1567009,0.0037,0.0921,0,0,False,2.3475733,1.0152097,3.4625292
1567010,0.8843,0.0,0,0,False,2.558666,1.726837,3.6237884
1567011,0.2688,0.4994,0,0,False,1.8310999,1.0948892,3.3831382
1567012,0.9998,0.0,1,0,False,2.6166203,1.6058975,3.4573812
1567013,0.8785,0.0,0,0,False,2.63873,1.7281332,3.6040437
1567014,0.0033,0.0875,0,0,False,2.2511833,0.92181754,3.260879
1567015,0.0037,0.0872,0,0,False,2.2542603,1.0363787,3.4971108
1567016,0.8827,0.0,0,0,False,2.7128274,1.6884155,3.5243738
1567022,0.9999,0.0,1,0,False,3.150088,2.9845407,3.9798915
1567025,0.0,0.0,0,0,False,4.087135,5.2145715,4.8227882
1567026,0.9999,0.0,1,0,False,2.8156931,2.2302997,3.771008
1567027,0.4961,0.5098,0,0,False,4.285967,1.4701047,3.3418522
1567028,0.3081,0.7122,0,0,False,4.022116,1.4376376,3.3113623
1567029,0.2894,0.7317,0,0,False,3.9775212,1.5487287,3.50344
1567453,0.9989,0.0011,1,0,False,4.5666223,3.199105,3.8974514
1567466,0.0,0.0,0,0,False,17.321707,7.9109907,9.276884
1567468,0.0,0.0,0,0,False,17.803234,8.004029,9.253171
1567471,0.1205,0.9383,0,1,False,12.579048,3.810387,4.8860745
1567472,0.0,0.0,0,0,False,7.78602,8.256556,10.564081
1567473,0.0,0.0,0,0,False,13.965288,3.7823582,4.6216273
1567475,0.4633,0.9958,0,1,False,8.780379,5.165775,4.266249
1567484,0.9999,0.0,1,0,False,3.6616664,4.597306,5.029478
1567485,0.9999,0.0,1,0,False,3.599143,3.9096866,4.3928
1567486,0.9995,0.0,1,0,False,4.4410043,3.6653101,4.083432
1567487,1.0,0.0,1,0,False,3.3555815,2.5784483,3.5516813
1568973,0.9832,0.0002,1,0,False,4.6452107,4.5118427,4.1862087
1568974,0.9999,0.0,1,0,False,3.6037054,4.207735,4.313127
1569052,0.9999,0.0,1,0,False,3.9227188,4.6812673,4.4179053
1569053,1.0,0.0,1,0,False,2.811391,2.8920662,3.8048394
1569054,0.5933,0.0004,0,0,False,5.417241,5.3869553,4.465943
1569055,0.9994,0.0,1,0,False,4.83379,4.127563,3.980969
1569056,0.6645,0.0562,0,0,False,6.075571,8.301996,5.3143754
1569057,0.2792,0.0295,0,0,False,5.3121333,8.079922,5.6968293
1569061,0.9493,0.0093,1,0,False,5.678854,6.84233,5.140769
1569258,1.0,0.0,1,0,False,3.3787704,2.8818548,4.0300603
1569922,0.4234,0.617,0,0,False,8.200046,12.502565,6.7117825
1569923,0.6965,0.4362,0,0,False,6.1939363,15.111578,6.947734
1570321,0.9685,0.0037,1,0,True,4.812175,7.125629,5.6079483
1572239,0.0163,0.9836,0,1,False,7.182309,8.142749,4.761668
1572341,0.3553,0.6351,0,0,False,5.918861,8.589463,5.16784
1572667,0.0945,0.0,0,0,True,5.181304,3.2762606,5.091818
1572702,0.9628,0.0011,1,0,False,4.4132323,4.479861,4.5078163
1572703,1.0,0.0,1,0,False,2.628052,2.5091836,4.0014925
1572704,0.0003,0.0002,0,0,False,3.4851358,6.4183035,5.578272
1572712,1.0,0.0,1,0,False,2.6343095,2.6473823,4.0518165
1572715,0.9999,0.0,1,0,False,3.9843924,3.9751375,4.420271
1572716,1.0,0.0,1,0,False,2.8431015,2.353142,3.6173508
1572743,0.019,0.3266,0,0,False,5.2091126,5.145617,5.3865185
1572744,0.875,0.0,0,0,False,4.041363,2.0074792,4.015436
1572745,0.0164,0.2902,0,0,False,5.0856442,4.9663477,5.5359626
1572746,0.901,0.0,1,0,False,4.374577,2.0326977,3.934833
1572747,0.0121,0.2922,0,0,False,5.3558793,5.1686196,5.5973325
1572750,1.0,0.0,1,0,False,2.9170215,2.9508018,4.127771
1572753,0.9999,0.0,1,0,False,5.0108066,4.085991,4.003358
1572754,1.0,0.0,1,0,False,4.09095,4.3817697,4.4156213
1573584,1.0,0.0,1,0,True,5.2030826,3.2051616,4.207388
1574287,1.0,0.0,1,0,False,2.6843414,2.5240207,3.7391093
1574360,0.9984,0.0003,1,0,False,5.025814,3.732716,4.437338
1574361,0.0077,0.9923,0,1,False,7.3286324,8.283984,4.6615605
1574362,0.9949,0.0019,1,0,False,5.527204,4.512093,4.572612
1574422,0.263,0.0302,0,0,False,5.507896,8.091063,5.3629823
1577137,0.9994,0.0,1,0,False,5.7370877,5.787958,4.8347993
1578041,1.0,0.0,1,0,True,5.942314,10.47108,5.8914647
1578134,0.3011,0.117,0,0,False,5.3363934,8.88528,6.4842024
1578825,0.0018,0.9989,0,1,False,11.467024,19.637377,6.6623163
1578826,0.3517,0.4645,0,0,False,8.151144,12.23075,7.010507
1579460,0.3186,0.9003,0,1,False,10.747338,4.4147573,3.690026
1580497,0.7897,0.0005,0,0,False,5.579547,4.652946,4.2041144
1580580,1.0,0.0,1,0,False,5.737934,3.2461836,4.2055764
1580591,0.8563,0.996,0,1,False,7.4085517,8.409601,5.660972
1580605,0.0001,0.0324,0,0,False,7.5554433,5.5084434,4.4963627
1580606,0.9999,0.0001,1,0,False,4.2891183,4.2322006,4.4506817
1580607,0.2005,0.8122,0,0,False,6.9828286,6.6461205,4.5704546
1581151,0.9999,0.0,1,0,False,3.727129,3.9443376,4.344107
1582094,0.0,0.0,0,0,True,4.6318355,5.8443117,4.9112926
1582150,0.0114,0.095,0,0,False,2.8769221,0.99438643,2.9814088
1582151,0.9863,0.0016,1,0,False,2.5936108,1.4636633,3.162992
1582152,1.0,0.0,1,0,False,2.5649943,2.2691338,3.508059
1582153,1.0,0.0,1,0,False,2.7886865,1.7429954,3.1468847
1582154,0.089,0.1875,0,0,False,2.7864242,1.0973547,2.8733954
1582155,0.9979,0.0004,1,0,False,2.789204,1.7831846,3.2083852
1582156,0.8683,0.0189,0,0,False,2.8043606,1.4299849,3.1434777
1582157,0.7809,0.0316,0,0,False,2.8456264,1.2949175,3.0982046
1585246,0.9999,0.0,1,0,False,2.4024642,1.9680549,3.628815
1586712,1.0,0.0,1,0,False,2.6436858,2.4882703,3.3702753
1586713,0.2956,0.7098,0,0,False,7.9036117,7.2904987,4.320088
1586714,0.2738,0.2198,0,0,False,6.124698,4.001161,4.326774
1586715,0.8871,0.0511,0,0,False,6.243896,4.4889393,4.2081575
1587520,0.5324,0.0005,0,0,False,5.1243386,4.7020736,4.318286
1587907,0.9999,0.0,1,0,False,2.9420033,2.3992558,3.7662966
1588048,0.009,0.5865,0,0,False,6.6274815,9.969529,6.143506
1588049,0.0414,0.6658,0,0,False,6.8378935,10.267196,6.494333
1588761,0.0374,0.0374,0,0,True,8.13222,9.237984,4.6273575
1588762,0.0378,0.0378,0,0,True,8.141049,9.387433,4.587825
1588764,0.0377,0.0377,0,0,True,8.060589,9.713101,4.8913016
1588765,0.0378,0.0378,0,0,True,8.238433,9.852955,4.9023094
1588766,0.0381,0.0381,0,0,True,8.192833,9.666573,4.7702217
1589265,1.0,0.0,1,0,False,3.295542,2.2848482,4.2772927
1589270,1.0,0.0,1,0,False,2.8296468,2.8312843,3.8393934
1589273,0.0143,0.9856,0,1,False,7.502655,9.390201,5.1621127
1589274,0.5806,0.907,0,1,False,10.4228735,4.9959164,3.5580096
1589297,1.0,0.0,1,0,False,2.747206,2.655994,3.638455
1589298,0.9999,0.0,1,0,False,4.3656263,3.9168527,4.4247355
1589733,0.9994,0.0,1,0,False,2.924806,2.4875946,3.795323
1589746,0.9452,0.0109,1,0,False,6.2568493,5.1599107,4.614323
1589747,0.8092,0.0755,0,0,False,5.6789565,4.480262,4.4621058
1589748,0.2316,0.6854,0,0,False,6.7396917,3.7615762,4.249778
1589749,0.0,0.0,0,0,False,2.7057104,3.172442,5.29166
1589750,0.0,0.0,0,0,False,-6.0002394,5.250777,14.772867
1589751,0.9177,0.0,1,0,False,3.5799336,2.8227813,3.8690085
1589752,0.0,0.0,0,0,False,-5.9518266,5.29924,14.822033
1589754,0.0,0.0,0,0,False,-6.0279183,5.2642198,14.821673
1589755,0.0,0.0,0,0,False,-5.9670086,5.2845263,14.807592
1590154,0.79,0.0636,0,0,False,7.263284,4.2313857,4.1647043
1590155,0.0244,0.8937,0,0,False,5.214047,4.2687764,4.2636175
1590156,0.0005,0.0101,0,0,False,7.6474442,10.337194,6.0181227
1590172,0.0622,0.1643,0,0,False,5.690034,4.9696574,4.76201
1590173,0.0711,0.66,0,0,False,6.549066,4.2727723,4.389041
1590370,0.4388,0.4878,0,0,False,7.154626,11.3990555,6.9122357
1590550,0.9993,0.0004,1,0,False,4.050812,3.5553913,4.5129523
1590650,0.1267,0.8251,0,0,False,7.661072,10.46943,5.6688046
1590834,0.0012,0.8603,0,0,False,3.0283213,7.1718807,6.2983027
1591072,0.5669,0.4599,0,0,False,7.4693155,12.804546,6.7224717
1591073,1.0,0.0,1,0,False,2.8783157,3.5328183,4.307488
1592081,0.1904,0.1715,0,0,False,6.517835,5.020727,4.8337927
1592082,0.9993,0.0001,1,0,False,3.9365234,4.291633,4.755326
1592083,0.0924,0.9135,0,1,False,6.181214,7.0328593,4.8940296
1592084,0.1169,0.2764,0,0,False,5.6244726,4.726299,4.4768
1592085,0.9339,0.0652,1,0,False,5.9451222,8.955061,5.34771
1592086,1.0,0.0,1,0,False,3.9625967,4.17216,4.6691737
1592087,0.9997,0.0001,1,0,False,4.0489883,4.1443715,4.592878
1592088,0.4238,0.6289,0,0,False,8.431288,12.761577,6.6379967
1592089,0.998,0.0009,1,0,False,5.599667,3.2727501,4.2499566
1592090,0.9067,0.0241,1,0,False,5.4117317,5.110802,4.5659413
1592091,0.0001,0.0082,0,0,False,5.473586,6.037874,4.959179
1592092,0.9296,0.0423,1,0,False,4.985658,5.045174,4.824965
1592093,0.9997,0.0,1,0,False,3.4828343,3.7237732,3.954071
1592094,0.8562,0.1426,0,0,False,6.7221437,9.437577,5.5112658
1592095,0.5643,0.3134,0,0,False,5.5041747,3.940627,4.231836
1592096,1.0,0.0,1,0,False,3.4784672,3.9039705,4.57373
1592097,0.9946,0.0044,1,0,False,5.3365016,3.9253821,4.3864627
1592098,1.0,0.0,1,0,False,3.543994,3.6627243,4.310224
1592099,0.9993,0.0005,1,0,False,4.3147054,4.725449,4.6206203
1592100,0.9384,0.0495,1,0,False,5.4873013,8.675994,5.6272955
1592101,0.2816,0.2667,0,0,False,5.0414953,8.674476,6.072869
1592102,0.4134,0.9971,0,1,False,7.298442,2.338414,3.1319525
1592103,0.3607,0.6021,0,0,False,6.1385365,3.8824646,4.47349
1592104,0.6318,0.2323,0,0,False,6.009418,4.103458,4.3053603
1592109,0.3073,0.4666,0,0,False,5.423017,5.298812,4.9878435
1592110,0.0443,0.9421,0,1,False,7.792345,11.323092,6.020688
1592111,1.0,0.0,1,0,False,2.9052417,3.0360737,4.1328855
1592113,0.9993,0.0,1,0,False,2.7554946,2.238083,3.860343
1592114,0.1868,0.7848,0,0,False,8.47195,15.735038,6.749872
1592115,1.0,0.0,1,0,False,2.7858813,3.220541,4.300082
1592116,0.9966,0.0,1,0,False,3.1644764,2.9828548,4.031377
1592117,0.9951,0.0044,1,0,False,4.315066,4.1149526,4.5848684
1592118,1.0,0.0,1,0,False,3.6101983,4.1901894,4.587811
1592119,0.993,0.0,1,0,False,3.1992931,3.4059513,4.5125494
1592120,0.9986,0.0,1,0,False,2.7785742,2.8435683,3.8422568
1592121,1.0,0.0,1,0,False,5.2984686,4.4418907,4.6007075
1592122,0.9982,0.0014,1,0,False,4.3191304,4.053244,4.7724485
1592123,0.0082,0.5975,0,0,False,6.417899,5.13226,4.842736
1592124,0.1483,0.6936,0,0,False,6.305566,4.7610617,4.2905617
1592125,0.04,0.9373,0,1,False,6.36877,3.4600196,4.236731
1592127,0.9998,0.0,1,0,False,2.9814882,2.719785,3.8003757
1592128,0.9995,0.0004,1,0,False,3.8489969,3.6261792,4.4298043
1592129,0.9892,0.0002,1,0,False,2.7839327,1.7247832,3.2356153
1592335,0.6444,0.1399,0,0,False,5.330616,5.1119804,4.8266916
1592576,0.002,0.7924,0,0,False,5.3845983,4.8030324,4.6717668
1592930,1.0,0.0,1,0,False,3.344183,3.1764345,4.372743
1595998,1.0,0.0,1,0,True,4.2552786,3.7324152,4.6927238
1597962,0.0,0.9999,0,1,True,6.403234,3.6390662,4.1024876
1597966,0.0,0.0,0,0,False,3.0549848,-0.72952884,4.833544
1597967,0.0007,0.2428,0,0,False,7.2499156,5.410594,4.7878766
1597972,0.0009,0.9956,0,1,False,6.9855924,3.464728,3.6986852
1597976,0.9999,0.0,1,0,False,2.5775433,1.5239475,3.4351768
1598146,0.9191,0.0715,1,0,False,4.8515773,5.5339837,5.461138
1602124,0.4694,0.0366,0,0,False,5.5991383,5.6352897,4.557439
1603963,0.8307,0.161,0,0,False,4.3621693,3.8752859,4.395112
1603964,0.4529,0.3082,0,0,False,5.7813096,8.063908,5.950252
1604283,0.9838,0.0526,1,0,True,8.637568,19.19027,7.776057
1604355,1.0,0.0,1,0,False,3.621024,3.9143665,4.439865
1604356,0.6077,0.115,0,0,False,5.4020495,8.744829,5.927471
1604871,0.8857,0.1689,0,0,False,5.7644033,15.491899,7.598821
1604874,0.9953,0.0,1,0,False,3.2843451,4.154883,5.1663246
1604875,0.3575,0.5216,0,0,False,3.7958393,5.356186,5.189522
1604876,0.0,0.0,0,0,False,6.6656384,3.1463263,4.470736
1605379,0.9827,0.0,1,0,False,3.2157154,1.8482394,3.4881532
1605721,0.0884,0.8587,0,0,False,6.624748,4.2142305,4.286333
1605972,0.8327,0.1622,0,0,False,6.464931,8.547426,5.220331
1606497,0.9962,0.0029,1,0,False,3.369141,3.808075,4.31351
1606498,0.4509,0.0786,0,0,False,5.652812,8.353411,5.696803
1606499,0.999,0.0007,1,0,False,3.6468537,5.121337,5.0122128
1606500,0.9982,0.0002,1,0,False,3.7924428,5.0296736,5.1173167
1606763,0.1209,0.9379,0,1,False,12.53714,3.7752452,5.055729
1606765,0.3741,0.655,0,0,False,8.074636,10.874545,6.308648
1608042,0.406,0.5881,0,0,False,6.168506,7.934014,4.999355
1608044,0.2922,0.455,0,0,False,5.6868997,5.1809196,4.4615345
1608045,0.9643,0.0101,1,0,False,5.2998285,4.891847,4.6153846
1608083,0.1255,0.9637,0,1,False,6.977437,9.481109,6.3988028
1608084,0.3963,0.6418,0,0,False,8.524781,12.991177,6.5024796
1608086,0.016,0.9839,0,1,False,6.8941126,8.669873,5.025938
1608087,0.9975,0.0022,1,0,False,4.3812566,4.3842607,4.668156
1608133,1.0,0.0,1,0,False,3.5235,3.6314685,4.6370535
1608138,0.9946,0.0045,1,0,False,4.325176,4.7213144,5.070387
1608255,0.4515,0.6304,0,0,False,8.147392,11.187144,6.0698104
1608257,0.0014,0.9992,0,1,False,11.769108,20.502728,6.467345
1608323,0.7885,0.0463,0,0,False,4.0963173,6.119208,5.31888
1608453,0.0987,0.5562,0,0,False,5.828571,5.587212,4.982794
1608533,0.9861,0.0126,1,0,False,3.88574,4.230973,4.5334997
1609634,1.0,0.0,1,0,False,2.8522596,4.8922396,5.332195
1610508,0.9996,0.0002,1,0,False,3.4238658,3.6707184,4.454173
1610509,0.0365,0.9297,0,1,False,6.2293572,3.9750893,4.527631
1610828,0.9948,0.0015,1,0,False,4.7027655,4.796259,4.9759054
1610829,0.0006,0.9636,0,1,False,6.6079383,4.784157,4.560988
1610830,0.9003,0.0,1,0,False,2.2370124,1.4082029,3.4171832
1610831,0.9906,0.0,1,0,False,2.6431668,1.9155332,3.819471
1610832,1.0,0.0,1,0,False,2.6935313,1.4149134,3.212141
1610833,0.9373,0.0,1,0,False,2.606974,2.147063,3.885866
1610834,0.0758,0.9266,0,1,False,6.113351,7.9080515,4.9542937
1610835,0.0218,0.3454,0,0,False,5.687095,4.9914703,4.8661547
1610836,0.8888,0.0,0,0,False,4.349815,3.5535522,6.3203173
1610837,0.8055,0.0,0,0,False,3.978563,3.3224792,5.866115
1610838,0.7916,0.0,0,0,False,4.1863923,3.4273129,6.2121134
1610855,0.6391,0.3,0,0,False,5.4813843,4.7070913,4.6069336
1610872,0.9997,0.0001,1,0,False,3.3711493,3.5727043,4.464311
1611039,0.9991,0.0,1,0,False,4.002695,3.7859778,4.8049893
1611545,0.0732,0.798,0,0,False,5.8336873,4.706835,4.7237926
1611837,0.5611,0.4382,0,0,False,6.1321697,9.70477,5.290042
1615583,0.9998,0.0001,1,0,False,4.055138,4.4851766,4.8752236
1615758,0.2889,0.7783,0,0,False,7.9328694,10.936347,6.310959
1615798,0.991,0.0424,1,0,False,2.1407578,-1.2730938,4.6365795
1618189,0.0211,0.0305,0,0,True,5.8190417,8.826366,6.2930293
1618232,0.616,0.3419,0,0,False,5.163035,4.735776,5.0322185
1618233,0.4724,0.3944,0,0,False,4.9553103,4.690993,5.1618533
1618234,0.1444,0.7482,0,0,False,5.9263663,4.1244607,4.6517887
1618235,0.1272,0.6693,0,0,False,5.3203855,4.6554203,5.0165763
1618236,0.9003,0.0811,1,0,False,5.042617,8.29408,5.7347827
1618237,0.4206,0.5181,0,0,False,5.0251517,4.4298544,4.589905
1618238,0.8897,0.0966,0,0,False,4.430615,4.0386224,4.819787
1618239,0.0176,0.9053,0,1,False,6.7176714,4.6531973,4.768841
1618240,0.9838,0.0109,1,0,False,3.9495354,4.477065,5.0863247
1618242,0.7121,0.2113,0,0,False,4.8940763,4.3506026,4.7926865
1618243,0.6003,0.0,0,0,False,3.700818,2.1399662,4.6100593
1618244,0.6249,0.3166,0,0,False,5.4331975,4.508367,5.1110444
1618245,0.0253,0.75,0,0,False,6.323673,4.821901,5.2386
1618246,0.997,0.0019,1,0,False,3.2877321,3.8379402,4.7228203
1618247,0.1609,0.5778,0,0,False,4.769185,5.42712,5.3707705
1618248,0.7803,0.1964,0,0,False,4.6289706,4.169565,5.095722
1618249,0.9997,0.0001,1,0,False,3.6847553,4.1683493,4.6435776
1618250,0.9997,0.0002,1,0,False,3.1793144,4.1150517,4.9675875
1618251,0.9184,0.0011,1,0,False,4.490533,3.9414468,4.632465
1618252,0.9894,0.0079,1,0,False,4.5612698,3.5771668,4.5429955
1618253,0.9943,0.0,1,0,False,3.1748827,2.6021287,4.6367416
1618254,0.0013,0.9993,0,1,False,5.9714456,7.9286876,4.9457245
1618255,0.9992,0.0,1,0,False,3.8068924,3.223996,4.6261706
1618256,0.3447,0.5477,0,0,False,5.56217,4.584169,4.776608
1618257,0.9989,0.0,1,0,False,3.859598,3.8597343,4.9777164
1618258,0.7327,0.2863,0,0,False,7.6648793,11.792167,6.672346
1618259,0.9935,0.0025,1,0,False,4.2414126,4.3707304,4.8993297
1618260,0.9978,0.0,1,0,False,3.2332616,3.8719423,4.8020186
1619218,0.5216,0.679,0,0,False,8.745728,13.049682,5.952502
1619219,0.8594,0.2606,0,0,False,9.971108,15.591577,7.207559
1619220,0.8651,0.2624,0,0,False,9.950292,15.707584,7.348049
1619253,0.4473,0.6544,0,0,False,8.133478,12.330232,6.9723268
1619899,0.6468,0.327,0,0,False,2.0102136,1.575425,2.832303
1620507,0.7379,0.3734,0,0,False,7.9459505,11.247084,6.6380005
1620892,0.9125,0.0,1,0,False,3.9845078,4.531766,4.9782557
1622024,0.0203,0.9605,0,1,False,8.32377,10.564574,5.7145767
1622114,0.0073,0.0354,0,0,False,6.6533337,4.6260633,4.8150296
1622115,0.6717,0.1094,0,0,False,4.2603693,6.1727624,5.8590207
1622116,0.6736,0.1036,0,0,False,4.1563134,6.168757,5.848283
1622190,0.9986,0.0,1,0,False,4.5336905,2.939937,4.3276978
1622191,0.9928,0.0,1,0,False,3.730915,3.3146942,4.5623765
1622192,0.9913,0.0049,1,0,False,4.739002,4.296837,5.099987
1622193,0.0817,0.9055,0,1,False,8.415467,11.146857,5.6413245
1622234,0.9988,0.0005,1,0,False,3.6841311,4.3222537,5.029313
1623684,0.9862,0.0,1,0,False,2.5479474,2.8265834,4.2630167
1623685,0.5272,0.0004,0,0,False,3.8886962,5.238511,5.3342533
1623686,0.1824,0.6217,0,0,False,3.684709,5.342092,5.1409674
1623687,0.9922,0.0,1,0,False,2.866819,3.085053,4.459474
1623688,0.5389,0.0423,0,0,False,5.007764,7.336683,5.2657433
1623689,0.8572,0.0,0,0,False,2.9232404,1.856993,3.3865979
1628720,0.3027,0.6812,0,0,False,1.3334786,0.4941192,3.7329364
1628721,0.999,0.0003,1,0,False,3.4888895,4.139412,5.1454
1628899,0.1074,0.8982,0,0,False,6.9009132,7.524185,4.88068
1629132,0.3086,0.3635,0,0,False,5.3410554,5.0396366,4.832731
1629654,0.9422,0.9956,1,1,False,7.4444165,4.666656,3.9232187
1629656,0.0161,0.9838,0,1,False,7.481847,8.689194,4.9329405
1629657,0.8532,0.2692,0,0,False,9.916396,15.544389,7.153943
1631303,0.0594,0.0943,0,0,False,4.6814427,4.6971965,5.4400964
1631554,0.0693,0.9063,0,1,False,5.242923,8.514521,5.790947
1634381,0.0306,0.8312,0,0,False,6.165001,9.739599,5.9992623
1634476,0.9359,0.0,1,0,False,4.016825,2.4775019,4.227808
1634484,0.099,0.1,0,0,False,6.017424,4.5944843,4.886233
1634485,0.3676,0.6486,0,0,False,7.1545854,7.1340313,4.936697
1634486,0.3262,0.0224,0,0,False,5.2137375,4.183989,5.003375
1634487,0.0081,0.9919,0,1,False,7.229605,8.2429905,4.6892357
1634488,0.0,0.0131,0,0,False,6.1037073,4.6702247,5.1928773
1634914,0.6484,0.3262,0,0,False,2.3880358,2.0705118,3.424585
1636182,0.9492,0.0311,1,0,False,5.159905,4.1916966,4.7195497
1636183,0.1653,0.9165,0,1,False,11.082931,3.9341521,3.8290231
1636184,0.1942,0.9094,0,1,False,10.858968,4.1067886,3.990635
1636189,0.0002,0.0078,0,0,False,6.1525335,4.711503,5.3590355
1636200,0.8865,0.0,0,0,False,3.6160023,2.5199513,4.2665586
1636201,0.0001,0.0183,0,0,False,7.9050965,4.0927944,4.401757
1636202,0.0008,0.0,0,0,False,4.297953,5.955003,5.386007
1636204,0.2981,0.7779,0,0,False,1.845262,0.8982727,3.033459
1636205,0.2484,0.7851,0,0,False,1.8783102,0.9571243,2.830858
1636249,0.7077,0.0,0,0,False,2.8088999,3.4782248,4.5811715
1636250,0.8347,0.0,0,0,False,2.2721136,1.6107998,3.5588715
1636255,0.0,0.0,0,0,False,-5.9676666,5.283824,14.807197
1636256,0.6668,0.1286,0,0,False,5.8061314,2.4253645,4.4623737
1636257,0.9692,0.0,1,0,False,2.3330967,2.2702231,4.3038583
1636259,0.6726,0.1305,0,0,False,5.7128177,2.3499813,4.4026656
1636261,0.0,0.0,0,0,False,-5.862251,5.388097,14.901195
1636262,0.0,0.0,0,0,False,-5.9423537,5.309776,14.832993
1636263,0.0,0.0,0,0,False,-5.906085,5.411666,14.95162
1636270,0.0029,0.0116,0,0,False,6.3455386,4.181027,4.5610056
1636271,0.9176,0.001,1,0,False,4.6742287,3.8094656,4.8670874
1636313,0.8747,0.0007,0,0,False,6.284338,3.3880146,3.9894469
1636314,0.4348,0.005,0,0,False,5.9693027,3.0362923,3.9929433
1636545,0.0003,0.01,0,0,False,6.1721144,4.269759,4.539842
1636546,0.0001,0.8113,0,0,False,7.7589335,3.6280572,4.248024
1636547,0.0001,0.7937,0,0,False,7.7687507,3.6611211,4.164506
1636556,0.0,0.0,0,0,False,3.2394934,-2.1725376,7.2405643
1636560,0.0,0.0,0,0,False,3.288623,-2.2029636,7.2957654
1636564,0.0,0.0,0,0,False,21.355387,5.898129,0.046622533
1636566,0.0,0.0,0,0,False,21.245855,5.7639756,0.117057994
1636569,0.0,0.0,0,0,False,21.330568,5.9620714,0.16679846
1636570,0.0,0.0,0,0,False,21.220705,5.793932,0.08559825
1636571,0.0,0.0,0,0,False,3.2490227,-2.1888764,7.298859
1636573,0.0,0.0,0,0,False,21.218132,5.653396,0.21055263
1636576,0.0,0.0,0,0,False,3.3520944,-2.0678291,7.27771
1636578,0.0,0.0,0,0,False,21.332853,5.6619315,0.20168573
1636580,0.0,0.0,0,0,False,21.269087,5.7493834,0.1380529
1636581,0.0,0.0,0,0,False,3.2359245,-2.192156,7.245225
1636582,0.996,0.0,1,0,False,2.9297717,3.4245617,4.6258593
1636583,0.0,0.0,0,0,False,21.261745,5.690105,0.1769226
1636586,0.0,0.0,0,0,False,3.2576253,-2.1855538,7.273578
1636587,0.0,0.0,0,0,False,21.261417,5.776684,0.12217721
1636724,0.0,0.0,0,0,False,21.426533,5.6568885,0.20965362
1637527,0.9399,0.0838,1,0,False,5.703383,15.548795,7.6664925
1639814,0.1731,0.8416,0,0,False,8.081544,11.234334,6.2197146
1639815,0.0263,0.049,0,0,False,4.917393,3.242967,4.863699
1640445,0.0002,0.0049,0,0,False,6.4734454,5.3574543,5.016804
1640885,0.9658,0.1984,1,0,False,6.788312,11.611765,6.9297433
1640969,0.3882,0.6931,0,0,False,8.255162,11.031491,6.0479665
1640970,0.0,0.014,0,0,False,5.339971,4.034772,5.0865464
1640972,0.0,0.0067,0,0,False,6.941762,4.6996903,4.828344
1640973,0.0019,0.0112,0,0,False,5.7268376,4.969391,4.994286
1640974,0.0001,0.0153,0,0,False,5.364855,4.064884,5.0650883
1641642,0.1772,0.9296,0,1,False,6.464935,6.9050193,5.0764065
1641896,0.0071,0.1114,0,0,False,4.0875316,4.995253,5.8134
1642515,0.0015,0.0113,0,0,False,5.671746,4.7023854,4.7769394
1642588,0.0,0.0437,0,0,False,5.6005354,4.676392,5.494623
1642663,0.0,0.0323,0,0,False,5.5270624,4.8157563,5.729301
1642929,1.0,0.0,1,0,False,5.528087,3.1663206,4.1765933
1643324,0.9975,0.0,1,0,False,3.2497306,3.5697064,4.671696
1643326,0.8982,0.0,0,0,False,2.674577,1.861643,3.3278139
1643649,0.9844,0.0524,1,0,True,8.556394,19.143915,7.7415266
1647282,0.0001,0.7394,0,0,False,8.49978,4.2624745,4.486769
1647283,0.0004,0.0103,0,0,False,6.344665,4.510246,4.739118
1647284,0.9555,0.0004,1,0,False,5.1525636,3.565943,4.817644
1647285,0.804,0.2543,0,0,False,7.8706737,6.256679,4.517275
1647286,0.0015,0.0235,0,0,False,5.750026,4.8255625,4.947233
1647300,0.3856,0.8093,0,0,False,10.562039,4.3184185,3.0386326
1647301,0.9366,0.064,1,0,False,11.651161,2.3976173,3.720667
1647302,0.1648,0.9109,0,1,False,11.236819,3.9795465,3.2430618
1647304,0.0,0.0,0,0,False,14.047662,3.8641558,4.6374836
1647305,0.2712,0.824,0,0,False,10.814165,4.35891,3.147003
1647306,0.9305,0.0705,1,0,False,11.94228,2.2244077,3.62146
1647308,0.0,0.0,0,0,False,17.618753,8.217612,9.454141
1647309,0.3066,0.8013,0,0,False,10.883551,4.4423103,3.245872
1647311,0.0,0.0,0,0,False,12.218867,9.895025,8.334698
1647313,0.1202,0.9386,0,1,False,12.610225,3.7376692,4.9406075
1647373,0.0,0.0,0,0,False,5.530123,0.954344,2.824801
1647374,0.0,0.0,0,0,False,4.832317,5.217388,8.90287
1647385,0.9312,0.078,1,0,False,7.3726125,7.0570645,4.738727
1647386,0.8524,0.0,0,0,False,2.7085943,2.1629808,3.8943377
1647387,0.7724,0.0,0,0,False,3.0504181,2.670757,4.4734364
1647391,0.87,0.0,0,0,False,3.0594254,2.5683196,3.8524208
1647400,0.9669,0.0,1,0,False,2.863689,3.6095903,4.754964
1647403,0.0389,0.0183,0,0,False,6.551178,2.814701,3.5298944
1647405,0.0054,0.0115,0,0,False,5.024321,3.6691813,4.794676
1647408,0.0007,0.9999,0,1,False,6.1329966,1.9016005,2.844269
1647411,0.9153,0.0001,1,0,False,4.2060337,3.798475,4.968325
1647454,0.5689,0.1956,0,0,False,5.350761,8.125576,5.4758177
1647455,0.0,1.0,0,1,False,8.175987,3.6417806,4.2028875
1647458,0.0001,0.039,0,0,False,5.972442,3.8800309,3.9903958
1647463,0.0,0.0077,0,0,False,6.1896086,4.7421594,4.7749085
1647465,0.0,0.0,0,0,False,9.496598,5.2932153,5.955145
1647466,0.0,0.0,0,0,False,9.503694,5.2840714,5.923547
1647468,0.4926,0.0094,0,0,False,4.504533,3.6888669,4.822672
1647469,0.0,0.0085,0,0,False,6.734427,5.357417,5.033331
1647470,0.7723,0.2433,0,0,False,11.9651375,2.63595,3.3380084
1647471,0.4001,0.8343,0,0,False,10.793695,4.1452885,3.091348
1647472,0.863,0.5916,0,0,False,9.005731,4.873976,4.194893
1647473,0.6818,0.8373,0,0,False,8.791493,5.8055563,4.3461814
1647474,0.9626,0.2224,1,0,False,10.105666,4.0875025,4.2454834
1647475,0.3523,0.7981,0,0,False,10.096229,4.1760464,3.676539
1647476,0.3009,0.988,0,1,False,9.536803,7.0656266,4.760059
1647924,0.9998,0.0,1,0,True,2.9783106,3.342756,4.9037127
1649239,0.1841,0.992,0,1,False,7.5451684,2.508502,3.436685
1649240,0.9854,0.0001,1,0,False,4.072893,4.2212954,5.0905533
1649829,0.0026,0.1787,0,0,False,5.0756145,8.958531,6.972538
1651196,0.7683,0.0004,0,0,False,3.7424176,3.7038722,5.0765905
1651198,0.9795,0.0,1,0,False,3.0092776,2.7477896,4.4117103
1651199,0.821,0.0,0,0,False,2.8360982,1.6722553,3.6347647
1651202,0.934,0.0,1,0,False,3.037748,2.878197,4.50684
1654582,0.1968,0.4855,0,0,False,4.680247,8.041722,5.995014
1654601,0.7863,0.0017,0,0,False,4.0232487,4.0213995,4.8188496
1654603,0.7984,0.0,0,0,False,2.9799395,3.1227002,4.7380643
1654717,0.0004,0.0082,0,0,False,5.6556916,4.534012,5.2677717
1654740,0.0,0.0,0,0,False,9.1550455,3.8280776,21.006607
1654780,0.0,0.0,0,0,False,9.465755,3.6813307,20.664034
1654781,0.0,0.0,0,0,False,9.412204,3.5644548,21.35507
1654782,0.0,0.0,0,0,False,9.255564,3.7545717,21.06063
1654888,0.0002,0.609,0,0,False,7.4417167,3.6959333,4.093304
1654889,0.6579,0.0,0,0,False,3.3155866,2.0031958,3.693433
1654890,0.3787,0.9956,0,1,False,6.8141017,2.2406983,3.4400883
1654891,0.7811,0.0003,0,0,False,4.1312795,3.7156055,4.989876
1654919,0.7187,0.0,0,0,False,3.146207,2.4075203,4.2032256
1654926,0.0042,0.1072,0,0,False,2.1930702,0.79631555,3.1594734
1654927,0.1438,0.0273,0,0,False,4.804817,4.0313,4.8553514
1654928,0.9983,0.0,1,0,False,4.4395037,4.287095,5.248105
1654930,0.0,0.2103,0,0,False,6.7315993,4.302919,4.9035788
1655012,0.0,0.0,0,0,False,9.377541,3.7774425,20.910128
1655013,0.0,0.0,0,0,False,9.40525,3.5434809,21.373987
1655014,0.0,0.0,0,0,False,9.396625,3.7572477,20.619661
1655015,0.0,0.0,0,0,False,9.103884,3.8083766,21.014526
1655016,0.0,0.0,0,0,False,9.38995,3.6069167,21.229118
1655017,0.0,0.0,0,0,False,9.337621,3.6819286,20.894135
1655018,0.0,0.0,0,0,False,9.512403,3.8035736,20.427977
1655019,0.0,0.0,0,0,False,9.267221,3.6602676,21.11956
1655020,0.0,0.0,0,0,False,9.178576,3.9042654,20.780258
1655021,0.0,0.0,0,0,False,9.334902,3.8081818,20.682234
1655022,0.0,0.0,0,0,False,9.272388,3.7897763,20.841265
1655023,0.0,0.0,0,0,False,9.49458,3.7562618,20.455555
1655305,0.7893,0.0,0,0,False,2.7514105,2.5791512,4.40382
1655307,0.8646,0.0,0,0,False,2.525723,1.849262,3.745093
1655314,0.4168,0.0,0,0,False,3.485631,3.354132,4.8786783
1655644,0.319,0.0001,0,0,False,4.250087,3.5778995,5.251803
1655645,0.2407,0.0697,0,0,False,4.349915,4.5775456,5.8951592
1655646,0.2673,0.0001,0,0,False,3.813162,4.644333,5.3663254
1655647,0.426,0.0139,0,0,False,4.3427553,3.8274207,5.0808644
1655648,0.0001,0.0071,0,0,False,5.0932665,5.444829,5.51201
1655649,0.1978,0.8023,0,0,False,6.4460483,2.6695054,3.1745622
1655650,0.2511,0.0,0,0,False,3.357406,3.0613306,4.7899547
1655651,0.3484,0.0015,0,0,False,4.121709,3.6160574,5.025845
1655652,0.8073,0.0,0,0,False,3.2690492,3.6998105,5.1757035
1655653,0.1573,0.0214,0,0,False,4.538101,4.152112,5.5334473
1655654,0.3214,0.0006,0,0,False,4.0775695,4.0386276,5.466906
1655656,0.0008,0.0515,0,0,False,5.4863462,4.0758157,4.995705
1655657,0.3109,0.0189,0,0,False,4.34936,4.1649313,5.2624164
1655658,0.3275,0.0025,0,0,False,3.855698,3.7192583,5.1641555
1655659,0.0029,0.7205,0,0,False,5.660407,3.5284858,4.659576
1655660,0.276,0.0333,0,0,False,4.4294705,4.024564,4.9362864
1655661,0.2857,0.0022,0,0,False,4.249401,3.8577204,5.571974
1655662,0.0006,0.0162,0,0,False,5.833148,4.9730134,5.078848
1658615,0.0,0.0111,0,0,False,6.3392134,5.1899686,5.0127916
1659219,0.9406,0.1319,1,0,False,6.9042144,6.5269,4.858873
1659220,0.0,0.0167,0,0,False,6.004086,4.8256493,5.43196
1660365,0.0,0.0,0,0,False,4.7055655,2.0416608,5.032355
1660368,0.0,0.0,0,0,False,4.712962,1.9662309,4.996307
1661062,0.2643,0.0,0,0,False,3.2522717,3.2858143,4.7644205
1661395,0.3119,0.0009,0,0,False,3.6665123,3.7795994,5.200352
1661396,0.0001,0.857,0,0,False,7.524064,4.599398,4.687456
1662272,0.049,0.9491,0,1,False,6.3769875,7.8537793,4.9967885
1662284,0.9735,0.0272,1,0,False,10.47038,2.7113364,4.421727
1662286,0.7975,0.2304,0,0,False,8.504311,15.032481,6.7590566
1662330,0.0209,0.9738,0,1,False,6.1564856,3.507875,4.3742065
1662331,0.0171,0.9778,0,1,False,6.319552,3.2132711,3.7516663
1662332,0.0005,0.9599,0,1,False,8.030329,4.4162617,4.583685
1662333,0.0003,0.975,0,1,False,7.464819,4.135806,4.553309
1662463,0.0163,0.2215,0,0,False,4.752881,3.768532,5.256488
1663127,0.3648,0.0578,0,0,False,5.63311,7.7252946,5.5110855
1663208,0.148,0.5306,0,0,False,6.960042,10.818894,6.6255984
1663209,0.3721,0.6027,0,0,False,5.7528934,8.762837,5.649095
1663210,0.3011,0.0192,0,0,False,3.6509495,3.6281533,5.2175355
1664246,0.0,0.0474,0,0,False,6.968401,4.386771,4.6651516
1664247,0.1826,0.8482,0,0,False,8.222943,11.514226,6.2062864
1667230,0.2892,0.2386,0,0,False,4.892204,7.8371253,6.001177
1667322,0.0104,0.9888,0,1,False,3.2151074,1.1641653,2.9895947
1667384,0.0002,0.9995,0,1,False,7.938669,6.0116305,4.3406243
1667587,0.0001,0.8074,0,0,False,7.306368,4.046037,4.7577286
1670662,0.0,0.1258,0,0,False,6.311358,4.50247,4.9742956
1670973,0.0292,0.9708,0,1,False,6.570292,8.993953,5.1428924
1670975,0.0,0.1582,0,0,False,6.63072,5.2602396,5.2305675
1671380,0.0061,0.0405,0,0,False,4.8764305,4.965724,5.849487
1671382,0.3647,0.6484,0,0,False,6.37978,7.563679,5.0785003
1671396,0.0,0.0,0,0,False,-0.46679178,3.047214,5.844824
1673633,0.7897,0.2436,0,0,False,8.321473,12.451336,6.0124993
1673637,0.3273,0.0,0,0,False,2.8380394,3.248534,4.5655136
1673638,0.9101,0.0,1,0,False,3.0569358,3.496588,5.1585546
1673681,0.0,0.0007,0,0,True,6.2596264,4.91193,5.31263
1673871,0.2834,0.0005,0,0,False,3.208059,3.199609,5.0375233
1673873,0.0,0.0,0,0,False,11.621577,6.41162,2.567858
1673874,0.3116,0.649,0,0,False,1.4532905,0.41724873,3.4984994
1673876,0.5503,0.8989,0,0,False,10.697305,4.945542,3.1767178
1673877,0.1246,0.9423,0,1,False,9.129662,7.4215455,5.105351
1673884,0.9295,0.0,1,0,False,2.5256863,2.1468217,3.7049403
1673886,0.0886,0.9786,0,1,False,11.925299,3.5974488,4.515759
1673887,0.0002,0.3143,0,0,False,4.642384,3.9626586,5.1838365
1673889,0.0,0.0,0,0,False,24.537464,8.559993,7.755439
1674926,0.0,0.0,0,0,False,13.573317,6.2823935,9.15119
1674927,0.0,0.0,0,0,False,13.636918,6.4132357,9.188995
1674930,0.4661,0.0,0,0,False,4.2195654,2.9816234,4.1445103
1675014,0.9541,0.0472,1,0,False,8.346415,2.6700914,3.533765
1675027,0.0002,0.1172,0,0,False,5.7773886,4.034159,5.0773335
1675028,0.9012,0.0,1,0,False,3.1227884,2.6578758,4.189074
1675029,0.7497,0.0,0,0,False,3.083663,2.0428703,3.8277743
1675317,0.3173,0.0003,0,0,False,3.4496622,4.1415663,5.3491254
1675531,0.314,0.0055,0,0,False,3.5701053,3.4714072,5.50972
1675548,0.0,0.0,0,0,False,17.658342,8.001038,9.278728
1675549,0.0,0.0,0,0,False,25.28722,7.3538094,7.4911394
1675551,0.3283,0.9844,0,1,False,9.972324,5.8332787,4.1791315
1675553,0.0,0.0,0,0,False,17.629744,8.185043,9.421734
1675554,0.0814,0.9785,0,1,False,12.081458,3.2931147,4.9201727
1675555,0.9734,0.0273,1,0,False,10.469485,2.9439209,4.68973
1675598,0.0,0.0,0,0,False,3.0387146,-0.68902755,4.8557086
1675600,0.9684,0.0024,1,0,False,10.099872,3.926018,3.8110285
1675601,0.0024,0.9755,0,1,False,7.4875126,3.5926862,4.251782
1675602,0.6297,0.0,0,0,False,4.363211,2.6796107,4.916428
1675603,0.3088,0.0004,0,0,False,3.2922502,3.1244802,5.0023484
1675606,0.3239,0.6949,0,0,False,4.2386274,1.4171687,3.620902
1675607,0.9999,0.0,1,0,False,4.9010777,2.7699008,4.7893276
1675608,0.9999,0.0,1,0,False,4.9346795,2.6902633,4.7838244
1675609,0.0145,0.987,0,1,False,6.9029603,2.7171912,3.4385042
1675862,1.0,0.2926,1,0,False,5.648977,11.123558,5.3549457
1675864,0.8032,0.0,0,0,False,2.4184728,1.7539359,3.6548073
1675865,0.0005,0.1279,0,0,False,4.519306,4.817795,5.655759
1675866,1.0,0.0,1,0,False,4.9624133,2.9818916,4.181688
1676181,0.0071,0.993,0,1,False,6.02236,2.5296025,3.2268255
1676182,0.4761,0.0,0,0,False,2.952939,2.9670868,4.6690383
1676183,0.0116,0.9885,0,1,False,5.810843,2.6133072,3.3502371
1676184,0.3035,0.0269,0,0,False,5.371614,3.1188192,4.081788
1676185,0.4125,0.4415,0,0,False,5.476872,8.884178,5.8032274
1676469,0.3935,0.0,0,0,False,2.7091813,2.663237,4.906151
1678003,0.0013,0.9992,0,1,False,11.532813,19.703924,6.696884
1678078,0.0,0.9203,0,1,False,7.316995,4.8100257,4.7800193
1678082,0.0,0.1786,0,0,False,5.991643,4.6412096,4.903967
1678143,0.0001,0.9999,0,1,True,7.3479986,9.321441,5.204841
1678145,0.0,0.9993,0,1,True,6.208812,5.0013757,5.5507965
1678146,0.0,0.1142,0,0,False,6.3633566,4.2007837,5.090659
1678160,0.336,0.0036,0,0,False,3.9653475,4.2386947,5.545493
1678161,0.0003,0.9845,0,1,False,6.6211286,4.202673,4.9299083
1678162,0.0003,0.5862,0,0,False,6.0224123,4.3081098,5.193811
1678163,0.0001,0.197,0,0,False,6.147982,4.2441235,5.155929
1678164,0.0002,0.8453,0,0,False,5.755695,4.198512,5.1168394
1678165,0.0002,0.8614,0,0,False,5.769745,4.188891,4.864771
1678166,0.0,0.2994,0,0,False,6.0321984,4.8592443,5.3533726
1678167,0.0014,0.9935,0,1,False,6.598533,4.084546,4.6981173
1678168,0.0001,0.7532,0,0,False,5.926357,4.385407,5.1913686
1678170,0.0009,0.4587,0,0,False,5.2971377,4.6133065,5.1079636
1678171,0.0002,0.8926,0,0,False,5.2083364,4.6406536,5.191698
1678172,0.0001,0.3153,0,0,False,4.786089,4.507811,5.2340627
1678173,0.0,0.6715,0,0,False,6.060121,4.6804943,5.3235016
1678175,0.0051,0.8193,0,0,False,7.2488575,10.560141,6.1537066
1678176,0.0005,0.5523,0,0,False,6.080558,3.9518383,5.0547853
1678177,0.0034,0.1288,0,0,False,4.455428,4.224083,4.9635572
1678178,0.018,0.9819,0,1,False,6.463173,8.93458,5.252948
1678179,0.0,0.164,0,0,False,5.1961,4.573397,5.5493345
1678180,0.3393,0.0026,0,0,False,3.3055322,3.319161,5.158907
1678208,0.0,0.3126,0,0,False,5.453295,4.684948,5.4656987
1678224,0.9713,0.7499,1,0,False,3.333576,5.531674,4.9330482
1678225,0.0437,0.8611,0,0,False,3.453593,1.7423899,3.3504457
1678227,0.0558,0.0,0,0,True,2.7225232,2.107181,3.705853
1678230,0.002,0.9707,0,1,True,3.5211687,7.522757,6.257547
1678234,0.0401,0.96,0,1,False,3.8800464,1.638652,3.7933116
1679172,0.0056,0.987,0,1,False,6.5213733,3.6420054,4.262473
1679524,0.0,0.0,0,0,False,12.195989,9.881312,8.315182
1679530,0.0,0.0,0,0,False,12.229563,9.909864,8.347148
1679933,0.7097,0.0005,0,0,False,3.739236,4.5639834,5.164259
1680894,0.1595,0.6909,0,0,False,4.325823,5.540439,5.363008
1680908,0.3966,0.0004,0,0,False,3.9913337,3.416404,5.2319136
1682186,0.9999,0.9987,1,1,False,6.886885,4.992383,4.9597807
1682187,0.0001,0.9902,0,1,False,6.897778,4.3353505,4.8335533
1682339,0.9672,0.0,1,0,True,2.720017,2.3806994,4.238719
1682341,0.9784,0.0,1,0,True,2.6737552,2.1691892,4.1618013
1682380,0.0001,0.9626,0,1,False,6.501169,4.6899204,4.866311
1682394,0.3447,0.6692,0,0,False,4.100604,1.8495953,3.5953767
1684115,0.0056,0.6556,0,0,False,4.948286,3.554051,5.374864
1685109,0.0002,0.9648,0,1,False,6.187166,4.4371395,5.1934333
1685500,0.006,0.9882,0,1,False,6.609565,3.9875877,4.925484
1685501,0.0864,0.9787,0,1,False,12.117004,3.5437584,4.171396
1688637,0.4545,0.256,0,0,False,5.465022,8.452695,6.3416934
1689679,0.0001,0.5952,0,0,False,5.5996165,3.8455355,5.0119777
1690425,0.0,0.0,0,0,False,13.601856,6.322303,9.179463
1690426,0.0,0.0,0,0,False,13.550623,6.2653565,9.130679
1690427,0.0,0.0,0,0,False,13.597243,6.3148813,9.163738
1690428,0.0,0.0,0,0,False,13.54112,6.270962,9.129865
1690431,0.6517,0.0,0,0,False,3.1512012,3.7515104,5.2886295
1690456,0.3942,0.602,0,0,False,5.972544,9.365187,5.6052623
1690672,0.1465,0.1607,0,0,False,3.9262612,3.849926,5.4010563
1690684,0.0354,0.001,0,0,False,10.602421,6.363626,3.0883327
1690805,0.0,0.0,0,0,False,9.520421,3.4995298,21.4046
1690817,0.0367,0.9687,0,1,False,8.459512,11.246503,5.6071644
1690818,0.8803,0.9493,0,1,False,9.920026,5.1091104,4.2073298
1691889,0.4795,0.6247,0,0,False,8.675435,17.906303,7.2279544
1691954,0.0092,0.6137,0,0,False,3.6015863,3.9182339,5.475027
1691955,0.0,0.0,0,0,False,4.41247,3.9138749,4.8512015
1691958,0.3593,0.0009,0,0,False,3.1150088,2.4269593,4.6143627
1692045,0.0206,0.2771,0,0,False,4.6693187,3.57451,5.564526
1692242,0.0003,0.9461,0,1,False,5.9920444,3.8887742,4.9824715
1692243,0.3244,0.0259,0,0,False,3.6986296,3.6433158,5.377359
1692244,0.0025,0.7164,0,0,False,4.917927,4.1938534,5.3309727
1692245,0.0754,0.664,0,0,False,4.7738132,3.692249,5.432821
1692246,0.1893,0.8096,0,0,False,6.5916033,8.883206,5.0820622
1692247,0.0136,0.7019,0,0,False,4.3731728,3.30497,5.066202
1692248,0.9305,0.1412,1,0,False,6.7281356,6.690143,5.187022
1692249,0.9356,0.0,1,0,False,3.345114,1.7483861,3.772884
1692250,0.0033,0.9558,0,1,False,5.6508336,3.8418581,5.127889
1692251,0.3674,0.0,0,0,False,4.7878413,1.610191,4.387103
1692252,0.0056,0.9946,0,1,False,6.4873295,8.094513,5.011797
1692253,0.0141,0.662,0,0,False,5.666148,4.908151,5.459606
1692254,0.0702,0.5779,0,0,False,5.685273,4.8636084,5.248201
1692255,0.0515,0.7882,0,0,False,5.0998607,4.236224,6.1062994
1692256,0.0229,0.9155,0,1,False,5.6807065,3.9867086,5.3506813
1692257,0.115,0.0896,0,0,False,5.7149286,5.14551,5.5671883
1692258,0.0012,0.9877,0,1,False,6.564613,4.433073,5.1865616
1692259,0.1032,0.2118,0,0,False,5.9422746,5.04744,5.5358653
1692260,0.1071,0.0744,0,0,False,6.260737,5.151696,5.551124
1692261,0.0781,0.7166,0,0,False,4.449022,4.3956537,5.3516145
1692262,0.5173,0.1613,0,0,False,5.028102,8.073847,5.8752923
1692263,0.9257,0.0,1,0,False,3.144262,1.7125617,3.9779189
1697443,0.0196,0.0001,0,0,False,5.652897,4.773727,5.432295
1697444,0.2271,0.714,0,0,False,7.7542033,10.400327,5.9889545
1698252,0.9369,0.0637,1,0,False,11.826695,2.099631,3.7006996
1698356,0.0,0.0,0,0,False,24.459385,8.644919,7.7825227
1698357,0.0,0.0,0,0,False,25.614605,7.4416275,7.8509555
1698358,0.1931,0.8754,0,0,False,11.83575,3.236675,3.0309389
1698360,0.506,0.0004,0,0,False,3.6123137,2.961131,5.0957394
1698361,0.2119,0.1934,0,0,False,6.7529645,3.753849,5.0741296
1698366,0.5456,0.8973,0,0,False,10.6296215,4.8984942,3.2654269
1698369,0.3157,0.6182,0,0,False,2.0016527,0.904057,3.7828588
1698417,0.5063,0.8858,0,0,False,10.7085905,4.946098,3.0555387
1698420,0.0,0.0,0,0,False,17.561457,8.075032,9.296915
1698421,0.298,0.6896,0,0,False,1.5712568,0.53569245,3.2106094
1698439,0.0,0.0,0,0,False,5.456737,1.176602,2.925417
1698441,0.0,0.0,0,0,False,17.80249,8.045122,9.2925
1698451,0.9488,0.0,1,0,False,2.677178,2.1537416,3.7813482
1698708,0.6306,0.5036,0,0,False,6.6501207,7.5626636,5.093208
1698709,0.0,0.0,0,0,False,14.0243435,3.7898138,4.6418486
1698710,0.131,0.9299,0,1,False,11.055517,2.6242464,5.5707417
1698711,0.5868,0.0189,0,0,False,7.5501437,3.6915743,6.0842767
1698712,0.0,0.0,0,0,False,25.28628,7.1108766,7.9730716
1698713,0.9729,0.0279,1,0,False,10.5746155,2.9081793,4.6463656
1698714,0.1317,0.002,0,0,False,7.23603,4.09037,6.102269
1698715,0.0,0.0,0,0,False,25.237177,7.1480618,7.920659
1699094,0.118,0.8848,0,0,False,7.310556,8.221417,5.002265
1699095,0.2301,0.8369,0,0,False,8.801031,16.23481,6.6903005
1701257,0.9272,0.0048,1,0,False,5.8679943,3.3090098,4.808563
1701798,0.9797,0.0206,1,0,False,11.515394,2.588414,3.290835
1701804,0.1104,0.1698,0,0,False,5.636034,4.1978426,5.4396386
1701805,0.9281,0.0001,1,0,False,6.762246,3.4594877,5.940934
1701807,0.7717,0.0,0,0,False,3.017595,2.8833847,4.868602
1701808,0.5124,0.0001,0,0,False,3.2647476,2.7653923,4.6097736
1701809,0.9588,0.3059,1,0,False,7.623953,6.2582135,5.0829034
1701810,0.553,0.4025,0,0,False,5.253853,1.7991576,3.767973
1701811,0.1084,0.5923,0,0,False,4.145163,3.581322,5.57275
1701812,0.3667,0.133,0,0,False,4.625419,3.9988136,5.6715093
1701813,0.8945,0.0,0,0,False,2.5704803,1.791645,4.2406626
1701814,0.2127,0.7962,0,0,False,4.3204513,1.4167185,3.1428165
1701824,0.4044,0.1574,0,0,False,3.8389957,3.352987,5.588908
1701826,0.3306,0.2504,0,0,False,4.5082808,4.055022,5.762339
1701827,0.3749,0.3402,0,0,False,3.727421,3.4910812,5.37201
1701828,0.4913,0.0292,0,0,False,4.461867,3.0941513,5.3182025
1701830,0.6103,0.0473,0,0,False,3.5652785,2.8739002,4.664955
1701837,0.6556,0.0087,0,0,False,3.8438182,2.6438417,5.25362
1701842,0.6676,0.0013,0,0,False,3.2321348,2.3058505,4.4891443
1701845,0.0,0.0,0,0,False,17.75037,7.943591,9.224902
1701846,0.9989,0.0,1,0,False,3.052884,2.221322,4.3587933
1701849,0.0,0.0,0,0,False,17.765251,8.000986,9.266625
1701850,0.8571,0.0,0,0,False,2.9043489,2.4505453,4.6023803
1701851,0.9706,0.0307,1,0,False,9.113681,3.4375613,5.2028556
1701852,0.2003,0.0034,0,0,False,7.214252,4.1799927,5.98731
1701853,0.3617,0.8474,0,0,False,10.700395,4.627473,2.9768445
1702121,0.346,0.6378,0,0,False,5.727457,8.806103,5.7538543
1704090,0.9981,0.0,1,0,True,6.3178797,4.106566,4.810244
1705093,0.6018,0.2154,0,0,False,6.5743723,9.955295,5.4929943
1705352,0.1348,0.2213,0,0,False,5.571771,4.500008,5.539801
1708572,0.1961,0.7692,0,0,False,5.3462124,7.955082,5.427846
1708574,0.0089,0.3267,0,0,False,7.4275084,9.442642,5.6099744
1708653,0.1014,0.4233,0,0,False,5.7046165,4.320537,5.5042562
1708654,0.267,0.7301,0,0,False,6.2656565,7.818063,5.245731
1708712,0.0095,0.6169,0,0,False,4.0138545,3.9479134,5.887755
1711684,0.7172,0.0,0,0,False,2.9761486,2.7515993,3.9947827
1711685,0.6467,0.3271,0,0,False,2.153142,1.3383632,2.6072042
1712387,0.3613,0.0042,0,0,False,3.331104,3.5558872,5.350932
1714273,0.4754,0.5816,0,0,False,8.554443,12.380759,6.06834
1714362,0.102,0.0001,0,0,False,4.631238,3.655477,5.3635926
1714364,0.949,0.0002,1,0,False,5.238039,4.646192,5.425697
1714366,0.6214,0.0065,0,0,False,3.3193774,2.8279614,5.282571
1714367,0.6576,0.0147,0,0,False,4.0759196,3.8008099,5.532712
1714368,0.4815,0.0076,0,0,False,4.9822793,4.3502192,5.684293
1714619,0.0019,0.0,0,0,True,6.063668,5.296788,6.0148215
1714621,0.0991,0.8912,0,0,True,3.5028636,-1.3178741,5.8310537
1715288,0.664,0.1093,0,0,False,4.2436323,4.217377,5.562856
1715293,0.0032,0.9968,0,1,False,6.651552,9.727722,5.5161858
1715778,0.0028,0.9973,0,1,False,7.000515,10.161848,5.2685494
1716041,0.5747,0.0001,0,0,False,5.216138,3.9429379,5.2809544
1716042,0.4634,0.5485,0,0,False,6.760513,2.9152577,5.2329593
1718158,0.9344,0.0,1,0,False,2.9151082,2.214867,4.3319645
1718161,0.7299,0.0,0,0,False,5.8222203,2.9944124,4.5731683
1718166,0.2223,0.9768,0,1,False,10.486556,5.146354,2.3089137
1718171,0.0,0.0,0,0,False,17.892303,8.126165,9.393414
1718172,0.9875,0.0134,1,0,False,8.418419,8.259972,4.7038
1718273,0.4962,0.0,0,0,False,8.015765,4.764145,4.83885
1718278,0.9233,0.005,1,0,False,7.6025443,3.8391933,4.9498305
1718279,0.0,0.0,0,0,False,1.9229919,-1.4496298,-0.9329582
1718280,0.0,0.0,0,0,False,1.9772958,-1.4213448,-0.8684258
1718281,0.0,0.0,0,0,False,2.120386,-1.3382459,-0.7309323
1718594,0.0914,0.0009,0,0,False,6.099352,4.555898,5.491802
1718599,0.0751,0.0001,0,0,False,6.5286813,5.505505,5.661931
1718600,0.0,0.0,0,0,False,13.995753,3.8140385,4.6631413
1718606,0.4406,0.0034,0,0,False,4.188954,3.3803155,5.6080923
1718669,0.4328,0.0029,0,0,False,4.2008266,3.3373377,5.4752555
1719140,0.5431,0.2042,0,0,False,4.964955,3.5080795,5.1049056
1720493,0.9393,0.6172,1,0,False,6.8756447,6.509542,4.819064
1720494,0.6411,0.0147,0,0,False,2.984355,2.8743267,5.2106757
1720495,0.455,0.3272,0,0,False,4.8301067,4.832337,6.0842595
1720496,0.7014,0.0047,0,0,False,3.391531,3.1042228,5.686591
1720497,0.7283,0.0031,0,0,False,3.3026478,2.8860343,5.262831
1720498,0.9821,0.0064,1,0,False,7.6127877,3.3051994,3.838565
1720500,0.6095,0.0359,0,0,False,3.5661986,4.185138,5.03775
1720504,0.2977,0.701,0,0,False,2.1047232,0.15962866,3.1364856
1720526,0.6154,0.066,0,0,False,3.8024886,3.3718047,5.7733755
1720595,0.7483,0.0026,0,0,False,3.1856415,3.4894674,5.166849
1725329,0.9611,0.0406,1,0,False,5.003569,6.681999,5.6194396
1728964,0.3267,0.0027,0,0,False,6.58976,4.047671,5.0527873
1729141,0.6405,0.5169,0,0,False,7.743757,6.4084363,4.959249
1729670,0.2451,0.0208,0,0,False,6.1531496,4.4294424,5.259438
1732063,0.7575,0.0007,0,0,False,2.9593263,2.9249067,5.178688
1732064,0.0558,0.3616,0,0,False,5.1785903,9.356951,6.135043
1732173,0.9146,0.0783,1,0,False,4.49874,6.7895503,5.3993053
1732174,0.3156,0.5293,0,0,False,1.8882086,0.75299966,3.5058708
1732175,0.7759,0.0,0,0,False,2.583054,2.6870468,4.723764
1732176,0.8548,0.0,0,0,False,2.7111664,1.7578639,4.1282005
1732177,0.4211,0.0,0,0,False,5.152582,7.435833,5.770675
1732178,0.7749,0.0012,0,0,False,3.0201273,2.8422937,4.8155956
1732179,0.0045,0.9955,0,1,False,5.9147735,8.557636,5.2878785
1732180,0.564,0.0885,0,0,False,4.171552,3.512019,5.877872
1734382,0.9207,0.0001,1,0,False,2.527892,1.2856052,4.158068
1734441,0.8625,0.6605,0,0,False,6.7572994,6.623384,5.1827016
1735466,0.0,0.0,0,0,False,17.490833,7.8450556,9.110921
1735565,0.5716,0.1132,0,0,False,4.462808,3.2841635,5.371532
1735582,0.7157,0.0022,0,0,False,3.8085144,3.107877,5.474279
1735586,0.7112,0.0206,0,0,False,4.6540146,3.8862884,5.727455
1735591,0.1398,0.003,0,0,False,5.4298725,4.444306,5.647853
1735645,1.0,0.0,1,0,False,2.752873,0.84688073,3.15386
1735646,1.0,0.0,1,0,False,2.7597437,1.291173,3.5735333
1735722,0.9592,0.2184,1,0,False,9.264731,4.5750084,4.0764885
1737345,0.8687,0.0456,0,0,False,3.6022947,-2.1148906,5.8112307
1737346,0.8308,0.1457,0,0,False,3.0127156,-2.414692,5.5455794
1737522,0.0097,0.8239,0,0,False,7.4096513,10.483343,6.768023
1737523,0.9853,0.0001,1,0,False,3.9503493,4.7605834,5.303038
1737586,0.9602,0.1777,1,0,False,7.0696154,6.4688506,4.930334
1738045,0.0019,0.9989,0,1,False,11.343396,19.453918,6.781364
1739607,0.9701,0.8171,1,0,False,6.4876175,7.5049534,5.698261
1739608,0.961,0.7302,1,0,False,6.5379696,7.392744,5.7064366
1739609,0.3538,0.0,0,0,False,5.0510964,2.2971504,3.886911
1739610,0.6019,0.0983,0,0,False,4.177518,4.0311284,5.720638
1739611,0.9561,0.6835,1,0,False,6.570844,7.4952455,5.557638
1739966,0.0,0.0,0,0,False,25.532862,7.012778,7.8870616
1739967,0.0,0.0,0,0,False,25.447424,7.039943,7.8711534
1740108,1.0,0.1323,1,0,False,2.4243171,1.3149147,4.6803308
1740165,0.0016,0.9991,0,1,False,11.578149,19.965343,6.6241302
1746058,0.9883,0.0141,1,0,False,8.986872,3.6220534,4.3099313
1747271,0.0,0.0,0,0,False,9.269742,3.7378685,20.955784
1747282,0.6836,0.0002,0,0,False,6.249181,3.417929,5.76798
1747286,0.9352,0.3407,1,0,False,6.991092,6.8407087,4.94844
1747287,0.8834,0.0,0,0,False,2.6097684,2.2551365,4.168884
1747288,0.8829,0.0,0,0,False,2.7533574,1.8076559,3.916439
1747289,0.7967,0.0,0,0,False,2.9781258,3.1548226,4.8603463
1747326,0.9173,0.0,1,0,False,2.724159,1.8615919,4.3505654
1747351,0.7588,0.001,0,0,False,3.245479,3.025136,5.248916
1747359,0.9768,0.0,1,0,False,2.8866005,2.177298,4.211683
1747360,0.8004,0.0002,0,0,False,3.3898451,2.717024,5.149201
1750712,0.7285,0.0267,0,0,False,4.193284,3.770982,5.7742853
1752027,0.819,0.0004,0,0,False,7.5663953,4.285694,4.885656
1754217,0.3305,0.0003,0,0,False,6.851041,4.18119,5.375678
1755290,0.8465,0.0001,0,0,False,3.5562925,2.433073,5.176417
1755467,0.9571,0.0001,1,0,False,7.5524807,3.531338,4.180717
1755588,0.9897,0.0036,1,0,False,5.9410787,4.2197294,5.4905677
1755590,0.1035,0.0,0,0,False,6.196569,4.631663,5.173734
1755680,0.7744,0.0001,0,0,False,2.9265864,2.8142588,4.883155
1755681,0.0,0.0,0,0,False,10.860061,8.849395,5.4292374
1755682,0.3842,0.9899,0,1,False,9.194286,7.022665,4.64496
1755689,0.9683,0.0024,1,0,False,8.099103,3.6201751,4.143197
1755692,0.9238,0.1266,1,0,False,6.6600633,6.9378357,5.0276566
1755695,0.0068,0.9984,0,1,False,6.2602468,8.313273,5.2970476
1755697,0.8886,0.0,0,0,False,2.7453754,2.1664011,4.5849123
1756445,0.7855,0.0035,0,0,False,4.232384,3.0962145,4.6552954
1756832,0.6675,0.0,0,0,False,6.126733,4.735514,5.6334567
1758225,0.9835,0.0116,1,0,True,3.3249342,-2.3880813,5.845933
1758878,0.9741,0.0577,1,0,False,6.531203,7.1704655,5.530487
1758881,0.8648,0.0002,0,0,False,5.855963,4.254413,5.948694
1758882,0.0007,0.9998,0,1,False,7.1418157,8.950922,4.9128327
1758883,0.4783,0.004,0,0,False,3.7545414,3.47634,5.3945527
1761477,0.6931,0.5011,0,0,False,8.177096,19.422977,7.5715814
1762023,0.5837,0.6215,0,0,False,8.616926,16.906649,7.0586977
1764076,0.0014,0.9779,0,1,True,3.4296985,7.318092,6.206454
1765736,0.6493,0.0,0,0,False,8.324363,4.000257,4.882712
1766554,0.1903,0.5041,0,0,False,5.619964,7.8428864,5.6830134
1766557,0.7002,0.0,0,0,False,4.990951,3.7309878,5.805666
1766559,0.3525,0.68,0,0,False,8.4387665,13.107033,6.840985
1766767,0.2116,0.0001,0,0,False,5.2823763,4.248726,5.8206763
1766828,0.9183,0.0476,1,0,False,6.44209,10.04233,5.329558
1768064,0.0033,0.9968,0,1,False,6.2245092,8.690927,5.9008827
1770232,0.0,0.0,0,0,False,-0.57938653,2.9403536,5.9424963
1770265,0.1588,0.0001,0,0,False,5.652012,5.013497,5.9786234
1770613,0.4597,0.0,0,0,False,6.723516,4.009151,5.3620515
1770618,0.489,0.1522,0,0,False,7.6054916,11.691401,7.2737174
1772218,0.5836,0.0001,0,0,False,4.691849,2.8550878,5.470747
1772219,0.3259,0.0,0,0,False,4.216128,3.1233704,5.752928
1772291,0.7785,0.0022,0,0,False,4.56015,4.0707755,5.5648365
1772293,0.0,1.0,0,1,False,8.719183,3.1412556,5.0659065
1772294,0.0,0.0,0,0,False,18.737707,11.872273,1.9005398
1772295,0.0,0.0,0,0,False,8.814784,8.4157295,6.8870263
1772296,0.0,1.0,0,1,False,8.72893,3.149685,5.0563626
1772297,0.0,0.0,0,0,False,9.676794,3.607224,4.926205
1772298,0.0,0.0,0,0,False,18.67248,11.806449,1.9301691
1772300,0.0,0.0,0,0,False,9.751893,3.5933938,5.286347
1772302,0.9716,0.0,1,0,False,5.759212,2.3241239,5.061112
1772303,0.0,0.0,0,0,False,9.875449,3.687827,5.3056965
1772304,0.0,0.0,0,0,False,9.73063,3.6025622,4.9920497
1772305,0.0423,0.9612,0,1,False,8.533195,7.7269506,4.855336
1772307,0.8721,0.1322,0,0,False,9.822736,1.8675095,4.7468987
1772310,0.0,0.0,0,0,False,9.586081,3.4362695,5.211516
1772311,0.7687,0.3154,0,0,False,7.9910135,6.3815694,4.9806037
1772314,0.0194,0.9832,0,1,False,8.490453,7.630927,4.9422536
1772315,0.8754,0.1286,0,0,False,9.995402,1.9467285,4.6203737
1772319,0.7502,0.2627,0,0,False,10.128553,3.0238495,3.7467284
1772322,0.0,0.0,0,0,False,9.585696,3.7191947,5.097351
1772326,0.1634,0.9118,0,1,False,11.468752,3.5271094,3.959844
1772327,0.9799,0.0203,1,0,False,11.545799,2.4626489,3.3105714
1772328,0.98,0.8251,1,0,False,8.353292,5.372503,4.786164
1772332,0.7903,0.0,0,0,False,7.349362,4.4655895,5.2694073
1774276,0.1921,0.7674,0,0,False,7.5652795,10.979461,6.595951
1775140,0.6598,0.0014,0,0,False,3.312729,2.7409558,5.4197044
1775248,0.1712,0.9016,0,1,False,11.758906,3.5831006,3.796437
1775249,0.4473,0.0002,0,0,False,4.792373,3.3538096,5.2808437
1775250,0.7497,0.0,0,0,False,6.7355533,4.330056,5.206214
1775456,0.0146,0.9845,0,1,False,5.751891,8.543513,5.4457946
1775963,0.7775,0.0022,0,0,False,4.993544,4.618803,5.812024
1776109,0.6017,0.0001,0,0,False,3.784803,4.2587028,5.935085
1776153,0.6082,0.0081,0,0,False,4.1499104,3.5440044,5.7026353
1776177,0.7754,0.0012,0,0,False,3.0507455,3.0378833,5.2277617
1776293,0.5791,0.022,0,0,False,4.2207785,3.9346294,5.804864
1777015,0.3607,0.0032,0,0,False,4.5583,3.619866,5.503807
1777016,0.0185,0.978,0,1,False,5.893492,9.055973,5.788286
1777052,0.3481,0.655,0,0,False,9.710014,3.6883547,3.0593386
1777053,0.0,0.0,0,0,False,8.010514,4.5139627,3.4814417
1777054,0.9381,0.0011,1,0,False,7.2505813,4.117553,4.6807995
1777059,0.5172,0.0002,0,0,False,3.258122,2.3002565,4.488272
1777061,0.8533,0.0004,0,0,False,10.31294,3.915469,3.4644592
1777063,0.9283,0.0019,1,0,False,8.826829,3.8648489,3.9945102
1777064,0.7002,0.0,0,0,False,7.685874,4.2257247,5.219332
1777065,0.4968,0.0003,0,0,False,4.14465,3.5226448,5.9793406
1777069,0.6029,0.0003,0,0,False,3.9850183,3.528016,5.54608
1777072,0.6555,0.0001,0,0,False,5.1848755,4.083341,5.325635
1777122,0.0729,0.0,0,0,False,5.457768,0.823223,4.484247
1778558,0.7064,0.0,0,0,False,6.5570116,4.674576,5.495196
1778559,0.9308,0.0,1,0,False,6.5209985,3.518946,4.8309164
1778560,0.3652,0.004,0,0,False,4.474193,3.2127347,5.415607
1778561,0.3185,0.0024,0,0,False,4.0791144,2.9046998,5.4447465
1778570,0.9855,0.9976,1,1,False,3.230429,0.10223466,3.6694555
1778572,0.9688,0.9913,1,1,False,3.0319235,0.5732929,3.6031113
1778573,0.1356,0.0,0,0,False,5.081994,3.5003152,5.310944
1778580,0.3937,0.0,0,0,False,7.201856,4.1403384,4.815218
1784956,0.1921,0.8371,0,0,False,10.641443,3.9733603,3.290933
1784979,0.9709,0.0003,1,0,False,7.212027,3.9034708,5.064894
1784981,0.6574,0.0,0,0,False,7.5852156,3.8325672,5.0001893
1784982,0.1256,0.886,0,0,False,5.293215,6.7039223,5.4762106
1785176,0.2344,0.0,0,0,False,6.086777,3.6014435,5.6277347
1785753,0.3637,0.0007,0,0,False,4.4121375,3.2612164,5.6818643
1785960,0.6018,0.0001,0,0,False,4.8403482,3.6819863,5.6863112
1788315,0.1282,0.0,0,0,False,4.1060104,3.676884,5.6287184
1788432,0.0024,0.9975,0,1,True,7.9614,11.069563,5.843698
1788433,0.0006,0.9992,0,1,True,8.032818,10.658732,5.6391983
1788434,0.3782,0.0034,0,0,False,3.45397,3.4582717,5.6634197
1788435,0.4801,0.0,0,0,False,3.2262871,2.8283403,5.260466
1788436,0.0299,0.9686,0,1,False,8.046894,11.4005995,5.9867983
1788437,0.0861,0.0,0,0,False,3.8466563,3.753882,5.145811
1788438,0.301,0.0,0,0,False,6.6861796,4.682733,5.564476
1788439,0.0352,0.0,0,0,False,4.390285,3.4005437,5.7879124
1788440,0.1485,0.0,0,0,False,6.1006413,5.9003057,5.517082
1788441,0.5977,0.0036,0,0,False,4.9241014,3.6627111,5.9975505
1788442,0.1501,0.0,0,0,False,5.8395133,4.507932,6.019443
1788443,0.2776,0.0001,0,0,False,3.4756184,2.9512336,5.62133
1788444,0.0009,0.9996,0,1,False,5.9575152,8.7301655,5.4551115
1788445,0.2752,0.0,0,0,False,5.3160973,3.3496082,5.19262
1788446,0.3341,0.6633,0,0,False,6.066551,6.654893,5.4832144
1788447,0.0487,0.0,0,0,False,5.0671334,4.3799787,5.719734
1788448,0.0008,0.9995,0,1,False,6.141701,8.383113,5.5955153
1788449,0.0026,0.0,0,0,False,4.132256,3.0770915,5.478735
1788450,0.4521,0.0,0,0,False,5.5494514,4.902629,5.8599987
1788451,0.0004,0.0,0,0,False,5.879365,4.66614,6.0981846
1788452,0.9035,0.0001,1,0,False,3.091293,2.5158682,5.1633577
1788453,0.5414,0.0001,0,0,False,3.185965,2.9879804,5.2030716
1788454,0.8122,0.0001,0,0,False,3.0559845,2.5402746,4.789544
1788455,0.024,0.9761,0,1,False,5.157944,8.680159,5.960193
1792032,0.6014,0.0,0,0,False,4.347553,3.6278818,5.5986476
1792222,0.8868,0.0001,0,0,False,2.8631897,2.2630782,4.7011685
1792245,0.4856,0.0,0,0,False,3.3740425,2.9514732,5.3907375
1792253,0.5001,0.8836,0,0,False,10.771082,4.9561234,3.1662455
1792269,0.0,1.0,0,1,False,3.8287158,0.6827801,2.3014588
1792272,0.9551,0.0001,1,0,False,2.6689017,2.019516,4.2413483
1792273,0.5759,0.0001,0,0,False,2.9464676,2.4992487,4.878963
1792274,1.0,0.1524,1,0,False,2.494412,1.2354137,4.8267155
1792287,0.0086,0.0,0,0,False,5.4415817,3.720409,5.708631
1792289,0.0,0.0,0,0,False,5.950468,-2.6188295,0.43821377
1792583,0.0237,0.0,0,0,False,4.0761733,4.201806,5.596439
1792832,1.0,0.0001,1,0,False,6.7876253,7.0095,5.794071
1795983,0.0017,0.0,0,0,False,6.1468525,3.8055263,6.115606
1795984,0.0053,0.0,0,0,False,6.254873,3.785396,5.755121
1795985,0.0102,0.0,0,0,False,5.7271986,4.08699,5.6321545
1795988,0.0014,0.0,0,0,False,7.201252,3.7824554,4.904909
1795989,0.0017,0.0,0,0,False,5.6739926,3.8536105,5.9286737
1795991,0.0025,0.0,0,0,False,6.1264973,3.7975247,5.371542
1795994,0.9693,0.2341,1,0,False,7.2796154,6.3950477,5.0702653
1795998,0.0031,0.0,0,0,False,6.741418,3.3417368,5.246882
1795999,0.0008,0.0,0,0,False,6.683466,3.7355485,5.55005
1796011,0.0006,0.0,0,0,False,6.1243134,3.810823,5.4040027
1796012,0.0823,0.9253,0,1,False,5.940033,6.214821,5.6949244
1796013,0.0149,0.0,0,0,False,4.5510974,3.5895338,5.8687396
1796015,1.0,0.0003,1,0,False,3.4297104,2.168564,5.047618
1796992,0.9753,0.0001,1,0,False,2.83651,2.0092525,4.3027067
1796993,0.0038,0.0,0,0,False,4.887125,3.629724,5.9204235
1796994,0.977,0.0,1,0,False,7.74299,3.5126486,4.696672
1796995,0.3596,0.876,0,0,False,9.294364,6.398458,4.486177
1796996,0.1402,0.9901,0,1,False,8.994413,8.403388,4.9509873
1796997,0.0045,0.993,0,1,False,7.3324823,9.4349575,5.8691344
1796998,0.0345,0.0,0,0,False,6.7577915,3.737258,5.641121
1797140,0.9989,0.0001,1,0,False,3.6253362,2.1949112,4.3655868
1798085,0.0409,0.0,0,0,False,5.4419208,4.3972387,5.6773133
1803034,0.0017,0.0,0,0,False,5.552354,3.7074592,5.7829723
1803263,0.1584,0.0,0,0,False,4.739993,4.1680684,5.985715
1803390,0.0,0.0,0,0,True,6.5058484,4.581098,5.8181252
1803393,0.0,0.0,0,0,True,6.824821,4.8507733,5.7078753
1803394,0.0,0.0,0,0,True,7.0831895,4.4348326,5.7036114
1803956,0.0003,0.0,0,0,True,3.9496176,2.9783788,5.378649
1803958,0.709,0.4103,0,0,False,6.725085,11.1210375,6.6966343
1803959,0.9696,0.0703,1,0,False,2.070115,-2.084529,5.0194945
1803960,0.9859,0.0447,1,0,False,2.0490263,-1.9139445,4.865555
1803961,0.8531,0.1934,0,0,False,1.7980472,-3.6224146,5.406152
1804153,0.0132,0.0,0,0,False,4.4426064,3.3789213,6.2930818
1804154,0.0177,0.0,0,0,False,4.0184593,2.594863,6.0338116
1804155,0.2455,0.0,0,0,False,3.7044675,3.7007096,6.139464
1804156,0.0262,0.0,0,0,False,4.436936,3.08264,5.9100623
1804157,0.0057,0.0,0,0,False,4.8014364,3.3562007,5.7669106
1805457,0.0001,0.0,0,0,False,7.3798637,5.690798,5.3041186
1805459,0.3808,0.9166,0,1,False,8.595963,6.3751245,4.4749727
1805464,0.9995,0.0095,1,0,False,4.469417,3.16205,4.6206694
1805465,0.0017,0.0,0,0,False,5.1797056,3.8051217,5.8554864
1805466,0.9983,0.0,1,0,False,5.505642,4.5312867,5.555431
1805467,0.0006,0.0,0,0,False,6.1802936,4.5687222,5.906609
1805492,0.0011,0.0,0,0,False,5.328713,3.375224,5.501048
1805948,0.0001,0.9818,0,1,False,3.4115632,7.0251517,6.972034
1805950,0.0001,0.982,0,1,False,3.4201174,6.850392,6.9789085
1805951,0.0001,0.982,0,1,False,3.4770482,6.969616,6.9603925
1805952,0.0001,0.9814,0,1,False,3.6042032,7.2899103,6.9769154
1805953,0.9914,0.0002,1,0,False,3.4375534,2.5369334,4.4452596
1805954,0.0001,0.9819,0,1,False,3.6946259,7.4341316,7.154022
1805956,0.0955,0.0,0,0,False,3.469077,2.8185246,5.1360598
1805958,0.0005,0.0,0,0,False,6.7487917,3.9396548,5.6942744
1806636,0.2424,0.7616,0,0,False,7.8812704,7.396877,4.974544
1807511,0.8538,0.0002,0,0,False,3.551119,2.4592583,4.934551
1808960,0.9896,0.0127,1,0,False,7.597538,8.1570425,4.90017
1808970,0.9773,0.0001,1,0,False,2.676482,1.892513,4.336627
1809243,0.0102,0.0,0,0,False,6.530287,3.5776217,5.065729
1809767,0.0049,0.0,0,0,False,4.8603516,3.468193,6.149776
1810705,0.0407,0.0,0,0,False,3.6048427,2.8368447,5.8574615
1812175,0.9951,0.0094,1,0,True,9.452616,4.384252,4.3950186
1812179,0.9695,0.0,1,0,False,6.8662486,3.5089037,4.6591725
1813599,0.0454,0.0001,0,0,False,4.106573,3.7026784,5.9721727
1813769,0.0046,0.0,0,0,False,5.4676704,3.4567466,5.989454
1813771,0.1716,0.0,0,0,False,7.124428,3.8347394,5.1527653
1813779,0.2074,0.0029,0,0,False,5.1255193,3.9215026,5.9817343
1813781,0.3735,0.9955,0,1,False,6.8712506,2.2730699,3.6277058
1813782,0.9999,0.0007,1,0,False,6.423701,5.9715886,5.7058973
1813783,0.033,0.0,0,0,False,3.5849442,2.8664966,5.825693
1814279,0.1103,0.0,0,0,False,3.4123888,2.4909937,5.2081847
1814280,0.0,0.0,0,0,False,2.019035,0.34232742,1.662395
1814281,0.0,0.0,0,0,False,1.9537885,0.38216758,1.6287173
1814282,0.9977,0.0001,1,0,False,2.4867792,1.8224802,4.5960584
1814283,1.0,0.1532,1,0,False,2.5053344,1.2616476,4.731833
1814284,0.9345,0.0001,1,0,False,2.6234386,1.9491637,4.7096415
1814285,0.0,0.0,0,0,False,2.127675,0.25354114,1.6909817
1814286,0.0,0.0,0,0,False,1.932518,0.38738853,1.6065528
1814287,0.0,0.0,0,0,False,2.054787,0.3509648,1.64678
1814288,0.0,0.0,0,0,False,2.0257185,0.3397361,1.5708412
1814957,0.9568,0.0,1,0,False,3.3665383,0.8152762,3.5318863
1814958,0.9521,0.0,1,0,False,3.4516413,1.0601176,3.7472734
1814959,0.9804,0.0,1,0,False,3.4293041,0.6960245,3.7300265
1814960,1.0,0.0001,1,0,False,2.9885063,1.766524,4.64379
1815509,1.0,0.0,1,0,False,2.9149473,0.84869605,3.2900736
1815510,0.9927,0.0008,1,0,False,3.1862674,2.5049467,5.029281
1815511,0.0789,0.0,0,0,False,5.222004,2.8271627,5.1324673
1815521,0.4207,0.0,0,0,False,5.992344,4.107394,5.8339977
1815522,0.2782,0.0002,0,0,False,3.8335679,3.0351996,5.5656314
1815581,0.081,0.0001,0,0,False,3.8072789,3.4050307,5.962391
1815582,0.381,0.0002,0,0,False,3.6377265,2.8127975,6.015963
1815590,0.2966,0.6942,0,0,False,1.0518243,0.25628978,3.4836316
1815608,0.0,0.0,0,0,False,25.528578,7.0054264,7.7885413
1815630,0.1533,0.0,0,0,False,7.364675,3.1898022,4.472529
1815631,0.9999,0.0141,1,0,False,4.7094574,2.9815392,4.802568
1815955,0.8968,0.0002,0,0,False,2.9361162,2.4027138,5.3613267
1815956,0.0093,0.0,0,0,False,7.0258055,4.014819,5.563375
1815957,0.0013,0.0,0,0,False,5.704891,4.317273,6.0904765
1815968,0.3613,0.0002,0,0,False,4.418028,2.3287039,5.4712887
1815969,0.2218,0.9769,0,1,False,10.534498,4.982977,2.5792024
1815972,0.3579,0.8033,0,0,False,10.548282,4.405577,2.79834
1815976,0.0231,0.0,0,0,False,5.0272408,3.4127212,6.3212957
1815986,0.0,0.0,0,0,False,3.1789105,-0.10798918,0.91659296
1815987,0.0,0.0,0,0,False,3.234926,-0.12341785,0.8926942
1815988,0.0,0.0,0,0,False,3.1477354,-0.10478397,0.90701264
1815989,0.0,0.0,0,0,False,3.1860178,-0.16067289,0.84925383
1817526,0.9254,0.1631,1,0,False,7.214324,6.841676,5.0172796
1819301,0.9769,0.0001,1,0,False,3.0619102,2.717446,5.692997
1820046,0.5596,0.5502,0,0,False,8.315258,18.00678,7.1480517
1820158,0.0002,0.0,0,0,False,6.602588,5.4521136,5.7295504
1820159,1.0,0.0,1,0,True,6.414685,2.9075146,3.8903217
1820160,0.0015,0.0,0,0,False,6.475784,4.1708403,5.8567443
1821222,0.0035,0.0,0,0,False,6.008284,4.3101416,6.3113365
1821227,0.6217,0.0,0,0,False,5.433917,3.6815445,6.137204
1821228,0.9999,0.0007,1,0,False,3.082198,2.0443347,4.431183
1821537,0.1893,0.8799,0,0,False,11.948082,3.784224,3.0013335
1821538,0.0,0.0,0,0,False,17.979961,-3.9555583,11.846935
1821539,0.1911,0.878,0,0,False,12.043423,3.7562366,3.0306072
1821540,0.0,0.0,0,0,False,17.980291,-3.9557397,11.846984
1821541,0.1839,0.886,0,0,False,12.117653,3.7001173,2.9805539
1821548,0.0,0.0,0,0,False,13.701528,4.485156,2.3484898
1821549,0.0,0.0,0,0,False,12.980991,4.205445,2.6331391
1821551,0.1792,0.8911,0,0,False,11.729699,3.6097033,3.0839717
1821552,0.0788,0.9527,0,1,False,10.368932,4.0606246,2.739049
1821553,0.1427,0.999,0,1,False,10.471783,4.8745656,4.541004
1821554,1.0,0.0,1,0,False,7.843123,2.0408785,5.6332273
1821555,0.0002,0.0,0,0,False,7.6147804,2.8832545,3.7740252
1821556,0.0,0.0,0,0,False,12.788569,5.163683,1.4434676
1821557,0.0268,0.0,0,0,False,9.130727,4.2232356,4.194443
1821558,0.0,0.0,0,0,False,12.670387,5.141559,1.5565677
1821559,0.9813,0.0646,1,0,False,10.945684,4.337564,4.376386
1821560,0.0981,0.9757,0,1,False,11.914977,4.071315,4.8065467
1821561,0.1629,0.9115,0,1,False,11.555715,3.9554996,3.569247
1821562,0.0,0.0,0,0,False,13.706021,4.4805155,2.3456497
1821563,0.9822,0.0626,1,0,False,11.040148,4.2689896,4.3165965
1821564,0.0,0.0,0,0,False,14.87503,1.8562744,1.9886751
1821565,0.0,0.0,0,0,False,13.03981,4.2579937,2.65843
1821566,0.6836,0.0,0,0,False,7.121651,4.3516407,5.3034253
1821723,0.2413,0.9711,0,1,False,9.669287,6.452658,3.2153873
1821727,0.2033,0.8647,0,0,False,12.013064,3.4979296,2.9417038
1821728,0.3236,0.9906,0,1,False,9.839605,5.9606886,4.3772964
1821750,0.9958,0.9998,1,1,True,7.6745157,8.659688,5.32397
1823757,0.9908,0.0122,1,0,False,7.7666264,8.145574,4.953123
1825924,0.003,0.0,0,0,False,5.6153994,4.2048016,5.8501806
1825931,0.0012,0.9993,0,1,False,11.615222,20.048407,6.6139083
1826059,0.9999,0.0009,1,0,False,5.483329,14.577529,7.4669623
1826170,0.1992,0.0009,0,0,False,4.680333,3.6648588,6.2136154
1826822,1.0,0.0005,1,0,False,2.8455706,1.4064999,3.7958229
1830242,0.9999,0.0644,1,0,False,4.8039417,3.292047,5.902318
1833824,0.0037,0.0,0,0,False,6.4493995,4.6334753,5.918745
1833938,0.4393,0.0,0,0,False,6.974184,3.4507103,4.8389096
1836608,0.9519,0.0638,1,0,False,7.522658,7.195217,4.97199
1837089,0.0045,0.0,0,0,False,5.5095663,4.390952,6.4017053
1837217,0.011,0.0,0,0,False,4.125216,4.1446576,6.0111012
1837218,0.5789,0.0002,0,0,False,3.7974634,3.1346416,5.84689
1837830,0.0022,0.9986,0,1,False,5.9144964,9.450766,5.8830824
1837842,0.0737,0.0002,0,0,False,4.540823,3.601245,6.0210094
1837850,0.9537,0.0491,1,0,False,7.2385526,7.7128735,4.9733386
1837862,0.9987,0.0094,1,0,False,4.272829,2.1128507,4.411857
1837867,0.0,0.0,0,0,False,11.215202,-6.219208,0.23140499
1837875,0.9997,0.0079,1,0,False,3.4148896,2.1264744,4.0707464
1837876,0.9999,0.004,1,0,False,3.0362077,2.0820706,4.4371915
1837877,0.9995,0.0007,1,0,False,2.9416864,2.949261,4.8099923
1837930,0.9994,0.0067,1,0,False,3.273365,2.305302,5.480485
1837931,0.9825,0.0032,1,0,False,3.4065332,2.462857,5.550113
1838061,0.3723,0.9706,0,1,False,8.950553,6.5065494,4.646757
1838062,0.2152,0.8547,0,0,False,11.03274,5.6539907,4.390916
1838063,0.1922,0.8767,0,0,False,11.846285,3.535042,3.2701726
1838064,0.1078,0.9717,0,1,False,11.239415,4.0030227,4.3558173
1838065,0.2429,0.984,0,1,False,8.537804,5.223339,4.791497
1838066,0.697,0.0,0,0,False,7.4095783,4.1051693,5.0143585
1838067,0.9684,0.0385,1,0,False,7.48987,7.318354,4.771027
1838070,0.333,0.9743,0,1,False,10.21345,5.8994994,3.9657462
1838071,0.0003,0.0,0,0,False,7.543175,3.0755072,3.941888
1838072,0.0262,0.0,0,0,False,8.79304,4.010991,4.7589087
1838073,1.0,0.0,1,0,False,8.012353,1.9092549,5.6276793
1838074,0.025,0.0006,0,0,False,7.934904,4.525903,4.9727607
1838075,0.25,0.0009,0,0,False,4.366561,2.9652865,6.2140894
1838077,0.332,0.9757,0,1,False,10.285341,5.8561277,4.0142426
1838078,0.2532,0.9839,0,1,False,8.509026,5.310956,4.9039974
1838079,0.333,0.9744,0,1,False,10.3141985,5.837079,3.9179912
1838080,0.3923,0.9884,0,1,False,9.443301,6.1916227,4.6737947
1838081,0.9829,0.0607,1,0,False,11.058752,4.315891,4.4706364
1838082,0.436,0.99,0,1,False,9.532213,6.0786614,4.636654
1838083,0.0,0.0,0,0,False,-0.76162344,0.8895625,8.060881
1838084,0.0007,0.0,0,0,False,6.781923,3.6116042,5.8496046
1838137,0.8859,0.1176,0,0,False,10.865112,2.35477,3.8563724
1838138,0.8862,0.1173,0,0,False,10.86918,2.473,3.844113
1840236,1.0,0.0,1,0,False,2.802908,1.1757619,3.907926
1842663,0.9999,0.0111,1,0,False,2.9985232,1.6378444,3.7460093
1844477,0.0075,0.0,0,0,False,6.1818957,3.9963663,5.577447
1844927,0.0101,0.0,0,0,False,5.327933,4.5259886,6.3180404
1846168,0.9999,0.0027,1,0,False,3.1658773,1.9891313,4.5643225
1846259,0.2719,0.7899,0,0,False,8.885615,16.386574,6.732693
1848040,0.9999,0.0002,1,0,False,2.9151332,2.070494,4.4778385
1848042,0.9748,0.0841,1,0,False,7.277304,6.348494,5.3244343
1848150,0.4879,0.0191,0,0,False,3.8013537,5.480577,5.8143053
1848151,0.9966,0.0006,1,0,False,3.1886017,3.241469,5.931649
1848152,0.9752,0.0029,1,0,False,3.3906736,2.6731596,6.028372
1848153,0.1664,0.0015,0,0,False,5.1646724,3.7449439,6.121643
1848169,0.0144,0.0,0,0,False,6.4178543,3.8656404,5.9362555
1848960,0.1038,0.0859,0,0,True,7.2871313,19.516148,7.1298103
1849328,0.923,0.1668,1,0,False,6.3063354,15.306115,7.4020886
1849531,0.9892,0.0171,1,0,False,7.572017,7.526292,4.7117243
1849532,0.2955,0.0041,0,0,False,5.098933,3.3569856,6.121616
1849535,0.0252,0.0,0,0,False,7.070139,4.21204,5.4247437
1849537,0.0156,0.0001,0,0,False,5.5871477,3.4465165,6.134216
1849538,0.014,0.0,0,0,False,6.0698886,3.6988049,5.791779
1849542,0.0089,0.0,0,0,False,6.3882747,3.7953928,5.773099
1849543,0.6051,0.0099,0,0,False,4.96826,3.483552,5.921706
1849544,0.9928,0.0094,1,0,False,3.4520829,2.017154,5.3711023
1849545,0.2864,0.6487,0,0,False,7.7263274,11.079508,6.941981
1850906,0.5442,0.0027,0,0,False,4.4151173,3.0422893,6.4538083
1851122,1.0,0.0001,1,0,True,2.5489724,2.1839566,4.2480307
1851123,0.9687,0.0314,1,0,True,8.715427,15.295746,6.7507267
1851124,0.9999,0.0,1,0,True,3.1299312,2.2217128,4.860976
1851125,1.0,0.0,1,0,True,2.9372525,2.060378,4.1829247
1851126,1.0,0.0024,1,0,True,2.9032478,2.332512,5.6798472
1851127,0.9999,0.0001,1,0,True,3.0509639,2.535358,5.698962
1851128,0.9968,0.001,1,0,True,4.185021,6.3164816,5.975244
1851213,1.0,0.0016,1,0,True,2.661757,2.0658338,4.8885217
1851214,1.0,0.006,1,0,True,3.4451804,3.673157,5.6020174
1851215,1.0,0.0003,1,0,True,3.1194532,1.123355,3.449785
1851216,1.0,0.0027,1,0,True,2.5807192,1.5094856,4.326783
1851217,1.0,0.0068,1,0,True,3.169612,2.370196,5.3240886
1851218,1.0,0.0011,1,0,True,2.7274702,1.7033635,3.9238336
1851219,1.0,0.0016,1,0,True,3.104891,2.7274656,5.995439
1851220,1.0,0.0,1,0,True,2.159291,0.07078266,4.4050593
1851221,1.0,0.0002,1,0,True,3.7792902,2.6129858,5.0140224
1852562,0.0341,0.0,0,0,False,6.378945,4.232589,5.826984
1852563,0.0187,0.0001,0,0,False,5.394483,4.0399303,5.903208
1852564,1.0,0.1308,1,0,False,3.465366,2.6076102,5.4243474
1852597,0.7908,0.2178,0,0,False,10.543966,1.9696946,3.728932
1852598,0.7505,0.2602,0,0,False,10.686291,2.5981474,3.8602672
1852622,0.9649,0.2423,1,0,False,9.252706,4.754099,4.2920194
1852625,0.333,0.2394,0,0,False,5.9721127,10.3263235,6.194883
1852627,0.9886,0.0139,1,0,False,4.2846775,3.377549,6.1352854
1852628,0.9997,0.0138,1,0,False,3.1211739,1.9307568,4.90224
1852629,0.9999,0.0413,1,0,False,4.293109,3.5291328,5.82553
1852630,0.001,0.0,0,0,False,6.505279,4.6998777,6.1432457
1852640,0.0023,0.0,0,0,False,5.741938,3.6511736,5.9062448
1852641,0.0067,0.9976,0,1,False,5.7083383,8.451016,5.384314
1852657,0.0051,0.0,0,0,False,6.2200804,3.8282797,6.023426
1853762,0.0838,0.0001,0,0,False,6.0619926,4.8229046,6.3493624
1853865,0.0059,0.0,0,0,False,5.702678,4.0177145,6.3091693
1855815,0.0,0.0,0,0,False,4.6070848,2.0786617,4.8702645
1855816,0.0,0.0,0,0,False,4.5964713,2.0720546,4.970206
1856031,0.0141,0.0,0,0,False,5.069224,3.669878,5.9831953
1856120,0.9943,0.0044,1,0,False,4.0510755,2.6336875,6.0691338
1856627,0.018,0.9898,0,1,False,7.177874,9.784534,5.8004346
1856642,0.0022,0.0,0,0,False,6.348617,4.5420523,5.9694033
1857099,0.009,0.0,0,0,False,6.8330007,3.61558,5.8407526
1857100,0.1069,0.8007,0,0,False,5.9468937,10.153213,6.3573794
1859149,1.0,0.0046,1,0,True,9.716659,16.404354,2.363117
1859161,0.0105,0.0001,0,0,False,5.5831175,3.6207185,6.1630692
1859165,0.9822,0.0012,1,0,False,3.5464957,2.7847872,5.895701
1859166,1.0,0.1359,1,0,False,3.4883804,2.2618866,5.743913
1859492,0.9998,0.0381,1,0,False,4.305196,3.304098,6.230901
1861840,0.2608,0.9111,0,1,False,8.084011,9.582264,5.3630967
1862685,0.9926,0.0666,1,0,False,5.1173935,3.0874507,5.292434
1862824,0.0001,0.0,0,0,True,7.0951266,3.4015164,4.656937
1862825,0.3778,0.0,0,0,False,6.759754,3.6467638,6.0383453
1862958,0.3043,0.6784,0,0,False,1.1600645,0.27848536,3.5182738
1862959,0.305,0.6775,0,0,False,1.1372191,0.2570216,3.5454667
1862960,0.998,0.0015,1,0,False,2.3625536,0.7705241,4.098158
1862961,0.9978,0.0016,1,0,False,2.3718932,0.8117691,4.128405
1862962,0.998,0.0015,1,0,False,2.4487967,0.9574049,4.090089
1863008,0.3062,0.6723,0,0,False,1.6587676,0.65079147,3.880352
1863009,0.9927,0.0434,1,0,False,4.23195,3.026747,6.296567
1863010,0.9994,0.8929,1,0,False,3.2983925,1.8746743,4.461102
1863011,0.9999,0.8228,1,0,False,3.283383,2.5372145,5.1515465
1864484,0.0026,0.9983,0,1,False,5.540989,8.652027,5.6415625
1864622,0.9962,0.0051,1,0,False,8.202421,2.9891877,3.5093286
1864623,0.0003,0.0,0,0,False,7.424536,3.1372514,4.950024
1867125,0.9671,0.3566,1,0,False,8.66522,14.794832,5.9365296
1868169,1.0,0.3932,1,0,False,3.60328,2.3042712,5.875665
1868170,0.0825,0.0002,0,0,False,6.0897064,2.8783135,5.157291
1868218,0.9263,0.0411,1,0,False,4.844,3.739224,6.117851
1868219,0.9975,0.7626,1,0,False,4.0641723,3.1983178,5.7028565
1868220,0.0206,0.8198,0,0,False,7.424093,10.516146,6.3643575
1868221,0.6845,0.7486,0,0,False,7.3731008,18.91149,6.956627
1868472,0.9999,0.187,1,0,False,3.0694783,1.4195697,3.8693178
1868594,1.0,0.0003,1,0,False,2.7759442,1.3218182,3.6213121
1868595,1.0,0.0,1,0,False,2.5068681,1.2358685,3.7026827
1868596,0.0007,0.0,0,0,False,8.635994,3.3805327,4.697621
1868598,1.0,0.6399,1,0,False,2.8504446,1.8894775,5.0772758
1868599,1.0,0.5558,1,0,False,3.2199352,2.0307686,5.504958
1868621,0.9378,0.0548,1,0,False,4.6085553,3.2851858,6.301846
1868654,0.8901,0.0367,0,0,False,4.9223056,3.3271089,6.2041764
1868658,1.0,0.9807,1,1,True,3.337227,2.4980757,6.273762
1868659,0.2568,0.8146,0,0,False,8.828632,16.4846,6.748157
1868826,0.9922,0.1055,1,0,False,4.1465664,3.3020883,6.542502
1868829,0.032,0.8963,0,0,False,7.7956886,10.064431,6.2823033
1868844,0.151,0.0354,0,0,False,6.0667953,10.388114,6.4061165
1868848,1.0,0.0,1,0,False,3.179726,1.1939728,3.7541714
1868853,0.0556,0.9907,0,1,False,3.1657348,0.57866746,2.0792084
1870981,0.3999,0.0069,0,0,False,5.2114263,3.4360557,6.1788177
1871313,0.5532,0.4025,0,0,False,5.0569453,1.9149526,3.8326664
1871314,0.0204,0.0002,0,0,False,6.4033613,3.4669917,5.6429944
1871631,0.005,0.0,0,0,False,7.4615192,3.8770924,5.1673865
1871678,0.3114,0.7844,0,0,False,2.0224063,1.1092854,3.3572233
1871681,0.9988,0.949,1,1,False,1.9992728,0.85406685,4.09872
1871687,0.9999,0.8274,1,0,False,3.2915013,2.1631448,5.6447463
1871690,0.9982,0.953,1,1,False,2.5682514,1.2038673,4.1034174
1871692,1.0,0.0007,1,0,False,2.5430837,1.8241111,4.2770085
1872710,0.0335,0.0,0,0,False,6.730695,4.1969066,5.691012
1873341,1.0,0.2258,1,0,False,3.6441073,3.0123215,6.0227637
1873452,0.0029,0.0,0,0,False,8.121243,3.8348634,5.1209455
1873696,0.0,0.0,0,0,False,8.861201,5.465466,7.402965
1873698,0.02,0.0,0,0,False,6.126761,3.780008,5.973864
1873777,0.0,0.0,0,0,False,13.595755,6.33915,9.152252
1873887,0.0817,0.975,0,1,False,12.455987,4.1971855,4.5569763
1873889,0.0,0.0,0,0,False,17.737957,7.978447,9.23595
1873891,0.0,0.0,0,0,False,17.192072,7.776826,9.132974
1873895,0.0,0.0,0,0,False,17.652554,8.256553,9.487564
1873949,0.028,0.0,0,0,False,6.227059,3.5557258,5.642442
1873954,0.553,0.4025,0,0,False,5.329346,1.7607746,3.7794924
1873958,0.0042,0.0,0,0,False,6.4669337,3.6753972,5.399947
1873959,0.0127,0.0,0,0,False,6.497336,4.2199464,5.7114472
1873985,0.003,0.0013,0,0,False,5.151418,2.4005926,4.345715
1873990,1.0,0.6183,1,0,False,3.3244228,2.444331,5.5504217
1873993,0.4117,0.6315,0,0,False,8.100192,12.873092,6.3992815
1873996,0.0,0.0,0,0,False,13.590822,6.3548245,9.1482935
1873998,0.0001,0.9819,0,1,False,3.769284,7.494823,7.021202
1873999,0.0001,0.9819,0,1,False,3.5403495,7.123319,7.0292587
1874000,0.0107,0.0,0,0,False,3.0840585,1.6224084,4.030833
1874001,0.0073,0.0001,0,0,False,2.611679,0.6558382,3.6705098
1874002,0.0093,0.0,0,0,False,2.9285963,1.3066598,3.7675295
1874015,0.324,0.9849,0,1,False,9.867431,6.016458,4.187389
1874267,0.0206,0.0,0,0,False,6.4592957,3.548262,5.8976254
1874539,0.9952,0.6842,1,0,False,4.0831194,2.740765,6.1254196
1874540,0.9989,0.7911,1,0,False,3.9363546,2.819197,6.240182
1874572,0.0,0.0,0,0,False,3.1461792,-2.0749438,7.1674943
1874585,0.0,0.0,0,0,False,20.947586,5.681632,0.19098414
1874587,1.0,0.1217,1,0,False,2.8919344,1.7845862,4.191469
1874589,0.0,0.0,0,0,False,20.96118,5.6968765,0.16764595
1874593,0.9819,0.9273,1,1,False,3.3840845,2.3585157,5.3709507
1874738,0.6473,0.3268,0,0,False,1.9582795,1.5607013,2.8812332
1879051,0.9185,0.0831,1,0,False,11.317024,1.8938209,3.5676818
1880590,0.9997,0.8117,1,0,False,2.7890847,1.8200614,4.3326955
1880822,0.9999,0.0,1,0,False,4.93737,2.7052903,4.9061003
1881013,0.3039,0.5189,0,0,False,8.144127,11.8874855,7.2392707
1881104,0.3337,0.7645,0,0,False,8.999776,16.581745,6.794718
1881630,0.1042,0.9433,0,1,False,9.437383,16.7321,6.3787313
1881951,0.0317,0.9673,0,1,False,5.7934017,8.664654,5.607306
1882400,0.0,0.0,0,0,False,-0.59776324,2.9761257,5.964711
1882439,0.9371,0.0635,1,0,False,11.902589,2.1435897,3.7085013
1883104,0.0312,0.0001,0,0,False,5.8271856,4.010672,6.223427
1883111,0.5489,0.8582,0,0,False,8.251037,8.875812,5.347279
1883200,0.0439,0.0012,0,0,False,6.31229,3.7828898,6.174062
1883202,0.5418,0.0002,0,0,False,7.570567,3.3739402,4.9791217
1883365,0.5577,0.0022,0,0,False,5.1828046,3.519265,5.7572417
1883366,0.0321,0.0001,0,0,False,5.931088,4.1917644,5.979276
1883367,0.9996,0.0,1,0,False,3.8512163,2.841397,4.449478
1883368,0.9851,0.1498,1,0,False,4.4291997,3.104116,6.277325
1883369,0.0114,0.8852,0,0,False,7.1728177,10.195449,6.4347005
1883370,0.904,0.0,1,0,False,6.775276,3.9116337,6.1811852
1883371,0.0047,0.9954,0,1,False,7.2683067,2.6146345,3.5176833
1883372,0.9935,0.0004,1,0,False,6.5780745,1.5490822,6.006554
1883373,0.0002,0.9998,0,1,False,7.0014973,2.2075026,3.0843039
1883374,0.477,0.0003,0,0,False,6.138608,2.942063,5.334793
1883375,0.0005,0.9996,0,1,False,6.9176726,2.2167096,3.0931606
1883377,0.1993,0.0,0,0,False,6.209788,4.078967,6.271082
1883379,0.0023,0.9977,0,1,False,7.237057,2.5790913,3.1703079
1884991,0.0025,0.9985,0,1,False,10.87675,18.717144,6.469541
1885242,0.553,0.4025,0,0,False,5.2712345,1.8016622,3.8038423
1885565,0.5615,0.5691,0,0,False,8.8740225,17.643682,6.9717746
1885927,0.9527,0.0584,1,0,False,6.9292183,7.6234417,5.3501196
1885928,0.0263,0.6495,0,0,False,5.2071757,8.856724,6.559851
1886606,0.9999,0.0735,1,0,False,4.0423527,3.4643452,5.9723763
1887213,0.0111,0.995,0,1,False,5.644856,8.077343,5.3163905
1887214,0.007,0.9164,0,1,False,7.2193017,10.257244,6.349119
1887215,0.9982,0.9185,1,1,False,2.8677447,2.133503,5.068222
1887216,0.9998,0.715,1,0,False,2.5825486,2.0701892,5.0791945
1887217,0.9994,0.8509,1,0,False,2.7575212,2.0050883,4.5164857
1887218,0.9843,0.2712,1,0,False,4.201265,3.104816,6.182157
1887219,1.0,0.3516,1,0,False,3.7774556,3.3238192,6.194157
1887314,0.4945,0.6833,0,0,False,8.962532,14.268401,6.7021103
1887641,0.8355,0.7053,0,0,False,10.119112,5.0937133,3.7711012
1887643,0.982,0.063,1,0,False,11.011155,4.2533164,4.404399
1887644,0.2058,0.8644,0,0,False,10.616045,6.0547376,4.4936576
1887645,0.2622,0.9803,0,1,False,8.51471,5.419084,4.9638014
1887646,0.0921,0.9778,0,1,False,11.594431,3.3960576,4.250354
1887647,0.5552,0.9455,0,1,False,8.644937,9.321622,5.2472606
1887648,0.165,0.9099,0,1,False,11.243737,3.878383,4.018858
1887649,0.3395,0.9732,0,1,False,10.136134,6.254923,4.2068954
1887650,0.9863,0.0,1,0,False,6.403768,4.200189,6.157429
1887651,0.6414,0.4975,0,0,False,9.451052,6.217781,4.554735
1887652,0.3339,0.969,0,1,False,10.187005,6.2387714,4.2496715
1887653,0.335,0.9688,0,1,False,10.147568,6.1959023,4.226338
1887654,0.8289,0.0011,0,0,False,8.317695,3.3846269,4.358477
1887655,0.0,0.0,0,0,False,-0.6203601,0.9849712,7.9341955
1887656,0.0,0.0,0,0,False,12.743797,5.1580644,1.4644101
1887657,0.9578,0.0444,1,0,False,8.417085,7.0594788,4.9200964
1890365,0.9998,0.9059,1,1,False,3.4927132,2.3580194,5.7173867
1891703,0.8661,0.0051,0,0,False,7.641432,4.798929,5.4926686
1891718,0.0146,0.9874,0,1,False,5.238485,8.288035,5.7363863
1891719,0.8979,0.0982,0,0,False,4.4111614,7.40447,5.8280444
1891720,0.008,0.9953,0,1,False,5.7111735,9.28689,6.0200768
1891722,0.1945,0.7728,0,0,False,5.3466754,8.174854,5.58244
1891726,1.0,0.9952,1,1,True,3.1988175,1.9465518,4.368025
1891727,1.0,0.0,1,0,True,4.05597,5.7671037,5.75144
1891728,1.0,0.0003,1,0,True,3.346023,2.955977,4.4078455
1891729,0.989,0.0081,1,0,False,4.769908,6.721441,5.5193505
1891735,0.6963,0.0006,0,0,False,4.6759105,3.6113176,6.387794
1891736,0.8197,0.062,0,0,False,4.455703,5.67947,5.2905774
1891737,0.9998,0.5169,1,0,False,2.899954,1.543802,4.526268
1891738,1.0,0.2016,1,0,False,3.4872868,3.3378341,6.1162825
1891739,1.0,0.0,1,0,False,3.0637536,1.8568045,4.2603254
1891745,0.9719,0.0081,1,0,True,4.299748,6.2765408,5.692285
1891754,0.0,1.0,0,1,True,4.8922896,2.06607,2.6925392
1891758,0.4739,0.6679,0,0,False,8.585056,18.253006,7.2740006
1891761,0.5872,0.5445,0,0,False,8.24062,11.558093,6.566765
1891762,0.9529,0.947,1,1,True,7.349906,19.649994,7.123028
1891763,0.981,0.0577,1,0,True,7.514863,19.790045,7.3318353
1891764,0.9911,0.0148,1,0,True,7.936875,11.338472,7.1596365
1891765,0.9535,0.103,1,0,True,7.547871,19.535246,7.319629
1891767,0.0111,0.9841,0,1,True,8.313307,12.129325,6.8173084
1891768,0.0117,0.816,0,0,False,6.7143826,10.583216,6.7824593
1891769,0.6651,0.0263,0,0,False,4.8015356,4.2892833,6.236207
1891770,0.9999,0.8272,1,0,False,3.8646185,2.544242,5.8330507
1891773,0.9986,0.762,1,0,False,3.6405823,3.178075,5.142057
1891963,0.1209,0.9379,0,1,False,12.615434,3.6626341,5.0167384
1892416,0.9664,0.0,1,0,False,5.479262,3.6291285,6.2805114
1895333,1.0,0.2843,1,0,False,2.9043362,1.7419447,5.051125
1897087,0.0,1.0,0,1,True,6.409201,8.986635,5.194911
1897428,0.0,0.0,0,0,False,9.800019,3.5748744,5.437825
1897429,0.0,0.0,0,0,False,9.702985,3.6446607,5.3239703
1897430,0.0,0.0,0,0,False,-0.5501273,2.9458196,5.9314065
1897431,0.0,0.0,0,0,False,-0.2654916,3.0697677,5.8186274
1897434,0.1955,0.0001,0,0,False,6.347344,4.4910326,6.1779547
1897436,0.9482,0.8252,1,0,False,4.428035,2.5445454,5.534311
1897437,0.9884,0.1228,1,0,False,5.0653358,3.200128,6.6000786
1897486,0.234,0.9811,0,1,False,9.311789,7.0424566,4.5647416
1897495,0.9984,0.8956,1,0,False,3.461698,2.2096908,5.3821416
1897497,0.1037,0.9737,0,1,False,11.8132105,3.7395823,4.2297053
1897500,0.0787,0.977,0,1,False,12.18823,3.6730912,4.945747
1897501,0.0,0.0,0,0,False,25.525148,7.121431,7.834925
1897515,0.9963,0.0285,1,0,False,7.1868596,7.4351172,5.0646214
1897525,0.9488,0.0559,1,0,False,8.17324,6.587457,4.995896
1897529,0.229,0.0,0,0,False,6.2313747,3.195634,6.2624483
1897531,0.1005,0.9796,0,1,False,8.528988,7.252224,4.953582
1897532,0.104,0.9736,0,1,False,11.620934,3.7117882,4.4963484
1897533,0.0745,0.9883,0,1,False,8.59915,8.099333,5.0237045
1897534,0.1015,0.9747,0,1,False,11.979236,3.659195,4.335972
1897536,0.8738,0.3709,0,0,False,9.20135,4.728686,4.6995153
1897537,0.0983,0.9759,0,1,False,11.795539,3.8104577,4.418097
1897538,0.0777,0.0,0,0,False,6.4022946,3.245758,6.006629
1897539,0.9993,0.8712,1,0,False,3.7658432,2.6067684,6.021001
1897540,0.5506,0.9122,0,1,False,10.806275,5.1889396,3.293607
1897548,0.3106,0.9692,0,1,False,10.097271,6.605002,4.3270307
1897549,0.0,0.0,0,0,False,14.1852255,3.788576,4.642499
1897555,0.9964,0.9357,1,1,False,3.183186,1.819663,5.388328
1897640,0.1519,0.0,0,0,False,6.8418365,4.171951,5.7195425
1897641,0.7511,0.0008,0,0,False,5.583248,3.9160833,6.385899
1897736,0.9999,0.5313,1,0,False,3.3687894,2.8719752,6.189901
1897739,0.5984,0.0,0,0,False,6.997486,3.4934626,5.7704206
1897742,0.9986,0.0001,1,0,False,5.1532545,3.0679455,6.40527
1897743,0.9865,0.0,1,0,False,5.981389,3.6586175,6.3295317
1897769,0.0,0.0,0,0,False,25.497347,7.0592012,7.9062715
1898060,0.9117,0.8437,1,0,False,3.9588873,2.2135007,5.5700827
1898175,0.9855,0.0054,1,0,False,7.180989,5.8010592,5.531168
1899219,0.0022,0.9987,0,1,False,11.292062,19.447775,6.5937257
1899566,0.988,0.7373,1,0,False,4.088881,3.4374053,5.98844
1903318,0.9845,0.0,1,0,False,6.2829194,4.202318,6.274328
1903340,0.9765,0.6915,1,0,False,6.070914,6.1839,5.678072
1904408,0.0414,0.9582,0,1,False,5.64858,8.050546,5.7379665
1904409,0.5413,0.2315,0,0,False,5.1917977,7.3952827,5.977584
1904410,1.0,0.0001,1,0,False,3.5208592,2.433005,4.9076905
1904411,0.6895,0.1621,0,0,False,5.368387,5.782459,5.736785
1904439,0.9426,0.0,1,0,False,5.930579,4.0276523,6.345108
1904491,0.9975,0.9359,1,1,False,3.0762691,1.6890962,4.880599
1904876,0.0711,0.0016,0,0,False,8.059313,3.3044508,4.5429153
1904885,0.8211,0.1658,0,0,False,2.9072247,-2.7359662,5.8007135
1904886,0.0049,0.9993,0,1,False,6.6472793,8.731767,5.545715
1904888,0.2803,0.713,0,0,False,6.811019,9.391835,5.4649467
1904925,0.9895,0.0,1,0,False,6.5293956,3.373969,5.9232597
1905556,0.9702,0.0059,1,0,False,5.171972,3.9302971,6.397529
1905830,0.4069,0.6108,0,0,False,5.599024,8.674098,6.1336236
1906244,0.9792,0.0506,1,0,False,4.4648027,2.9666684,6.708195
1906245,0.9835,0.1422,1,0,False,4.4820786,2.7395818,6.133532
1906317,0.0138,0.9919,0,1,False,9.842819,17.393583,6.429332
1906354,1.0,0.0051,1,0,True,4.02371,8.927958,5.274781
1906355,1.0,0.003,1,0,True,6.1841297,12.241496,6.770381
1906356,1.0,0.0,1,0,True,2.7265985,1.1777712,4.1082067
1906670,0.9735,0.0265,1,0,False,6.52516,5.4599257,5.9657955
1906673,0.023,0.0005,0,0,False,4.617445,6.3307266,5.3194594
1906931,0.2966,0.8935,0,0,False,7.3397226,17.80171,6.7791395
1907210,0.9989,0.0012,1,0,False,6.953484,11.650118,6.1586924
1907767,0.686,0.0162,0,0,False,6.932465,3.2965183,5.570909
1907771,0.1969,0.622,0,0,False,4.7455673,8.288575,6.0806465
1907781,0.9865,0.0074,1,0,False,6.3460097,4.3292065,6.375669
1907782,0.8553,0.0001,0,0,False,5.14517,3.7770522,6.5365124
1907783,0.0022,0.9992,0,1,False,5.864152,8.435086,5.4590335
1907784,0.9877,0.0,1,0,False,6.1176424,4.281881,6.6051555
1907787,0.8336,0.809,0,0,False,5.6897707,1.9055393,3.8063226
1908380,0.9847,0.0153,1,0,False,7.008011,5.853244,5.4757214
1908804,0.9936,0.0,1,0,False,6.0999975,3.137178,6.515855
1908805,1.0,0.0005,1,0,False,2.5034351,1.508567,4.0131717
1909400,0.0085,0.0,0,0,False,3.2117002,1.9289492,4.019699
1911102,0.9986,0.0,1,0,False,5.074105,3.194535,6.845819
1911438,0.9999,0.4176,1,0,False,3.0334566,1.8931848,5.186246
1911439,0.9567,0.6663,1,0,False,3.6765587,2.3137202,5.938737
1911442,0.9918,0.7975,1,0,False,3.8286557,2.7254467,6.217324
1911555,0.9864,0.0,1,0,False,6.190633,3.9377248,6.1483083
1912147,0.0221,0.0005,0,0,False,6.1852903,5.269755,5.1652775
1912234,0.9953,0.0203,1,0,False,4.545505,2.5799983,6.415067
1912318,0.9993,0.0002,1,0,False,5.4747,2.759361,6.2666383
1912319,0.3322,0.5567,0,0,False,6.170792,2.805006,6.677997
1912320,0.9991,0.0004,1,0,False,4.905354,3.12795,5.973999
1912321,0.8236,0.1767,0,0,False,5.882681,3.1191456,5.701962
1912492,0.998,0.0036,1,0,False,4.1027775,2.2405853,5.594341
1912598,0.9986,0.0012,1,0,False,4.816048,2.7280433,6.4222984
1912759,0.9978,0.0,1,0,False,5.931283,3.5602796,6.4116087
1912975,0.1697,0.997,0,1,False,9.709183,5.92551,3.9426055
1912978,0.0,0.0,0,0,False,14.439689,3.738365,4.725665
1913024,0.7922,0.6159,0,0,False,3.5240593,2.1858747,5.1808095
1913034,0.1052,0.981,0,1,False,9.252769,6.9789286,4.7705503
1913035,0.0,0.0,0,0,False,14.041842,3.7635872,4.6127167
1913038,0.0,0.0,0,0,False,24.644861,8.458966,7.707001
1913044,0.0,0.0,0,0,False,18.116888,-2.8810728,2.498081
1913047,0.9976,0.0001,1,0,False,5.9529943,3.6401622,6.548425
1913048,0.9957,0.0003,1,0,False,5.1086664,3.3705742,6.087702
1913049,0.3052,0.6765,0,0,False,1.1911888,0.25987318,3.4567466
1913081,0.9967,0.5474,1,0,False,3.5618622,1.5114094,4.3449774
1913082,0.9764,0.9576,1,1,False,2.960701,1.9334093,5.0996013
1913083,0.9836,0.2186,1,0,False,3.6750708,2.2546937,5.838047
1913109,0.9732,0.7096,1,0,False,3.5229428,2.6354203,5.4721417
1913112,0.9876,0.157,1,0,False,3.8801053,2.7243838,6.164326
1913114,0.014,0.9968,0,1,False,5.942019,7.9779215,5.7294807
1913118,0.0,0.0,0,0,False,26.37963,7.658847,7.589595
1913124,0.0055,0.999,0,1,False,6.4426875,8.690751,5.1008983
1913125,0.9989,0.0,1,0,False,4.8776875,3.189222,6.511867
1913446,0.8462,0.8451,0,0,False,3.1817024,1.9339418,5.2898564
1913570,0.9724,0.0018,1,0,False,7.111723,3.3853734,5.370487
1913572,0.9987,0.0043,1,0,False,3.250778,1.9623828,5.4531245
1913574,0.0924,0.9918,0,1,False,7.031852,9.106155,5.1890073
1913575,0.9972,0.0021,1,0,False,5.3363056,2.2619002,5.968294
1913581,0.9971,0.9337,1,1,False,2.813915,1.5818942,4.3825088
1913591,0.2927,0.9444,0,1,False,7.7820263,9.434246,5.4704194
1914415,0.9999,0.0,1,0,True,6.0263605,3.2368295,5.289499
1914442,0.9974,0.0006,1,0,False,5.960894,3.4485414,6.144214
1914568,0.9974,0.0131,1,0,False,4.288366,2.9796503,6.447943
1914788,0.999,0.0,1,0,False,6.3302474,3.2325587,5.967148
1916099,0.4047,0.6057,0,0,False,6.788419,2.9173772,5.1755886
1916101,0.9724,0.0276,1,0,False,4.725828,2.7826715,5.6835675
1916107,0.9921,0.4456,1,0,False,3.7244413,2.5410926,6.0506144
1916111,0.9696,0.3157,1,0,False,3.533419,2.7493503,6.0827703
1916120,0.0,0.0,0,0,False,10.802304,8.821437,5.419007
1916123,0.9921,0.0018,1,0,False,7.1797705,4.54104,5.953333
1916124,0.2718,0.9886,0,1,False,9.284346,5.9959207,4.664746
1916125,0.9917,0.0036,1,0,False,7.2763915,3.876292,5.706312
1916126,0.9893,0.0042,1,0,False,6.9380817,4.199446,5.99253
1916127,0.9976,0.0039,1,0,False,3.6145768,1.8986535,5.0913925
1916154,1.0,0.0,1,0,False,3.575159,-0.3553659,5.228194
1916178,0.9993,0.003,1,0,False,3.217803,1.4249429,4.372855
1916186,0.8521,0.1479,0,0,False,3.7101023,1.5031188,6.0806417
1916190,0.8485,0.1515,0,0,False,3.7189543,1.4769424,6.1288786
1916192,0.9999,0.0001,1,0,False,3.6829982,-0.36170322,5.146877
1916193,0.9999,0.0001,1,0,False,3.5563211,-0.2530637,5.1783557
1916201,0.9999,0.0001,1,0,False,3.6446772,-0.3550392,5.3005123
1916202,0.8613,0.1386,0,0,False,3.9293802,1.459484,6.075775
1916234,0.5148,0.8741,0,0,False,6.2702613,9.207028,5.875766
1916414,0.9998,0.0013,1,0,False,3.9926472,2.049543,5.839285
1916647,0.9994,0.001,1,0,False,4.0219483,2.050643,5.2261224
1916650,0.998,0.0035,1,0,False,3.7520075,2.3888497,5.9828467
1916701,1.0,0.6901,1,0,False,6.942832,12.442018,6.396145
1917013,0.0425,0.9958,0,1,False,5.776017,9.131876,5.8481994
1917071,0.945,0.0779,1,0,False,5.4537725,15.679723,7.8139715
1917080,0.1546,0.8454,0,0,False,5.2417455,3.7407923,5.763021
1917232,0.9978,0.0025,1,0,False,3.9355414,2.4845037,6.1581182
1918014,0.993,0.0001,1,0,False,5.902389,3.9961703,6.390054
1919062,0.993,0.0068,1,0,False,6.750343,4.649704,6.12038
1919071,0.9948,0.1054,1,0,False,3.177418,1.8098458,5.187995
1919083,0.4258,0.8313,0,0,False,8.922553,5.825857,4.881624
1919247,0.3699,0.6722,0,0,False,8.562515,12.970305,6.82161
1920294,0.9528,0.1408,1,0,False,6.0875072,2.2761006,2.346158
1920305,0.3711,0.9588,0,1,False,9.173531,5.4844265,4.775969
1920308,0.5705,0.9964,0,1,False,8.913092,5.1656265,4.6900535
1920310,0.5994,0.9968,0,1,False,9.01397,4.9202933,4.6527586
1920311,0.0997,0.9597,0,1,False,12.13493,3.1029305,3.7905674
1920312,0.0934,0.9773,0,1,False,11.79716,3.505496,4.0218024
1920379,0.9985,0.0118,1,0,False,3.4908392,2.067203,5.837054
1920698,0.9274,0.0725,1,0,False,5.1419945,3.0879316,6.582294
1920748,0.0188,0.8847,0,0,False,7.302117,10.865371,6.4673114
1920988,0.0416,0.9925,0,1,False,5.6210675,9.095309,5.648872
1920989,0.9955,0.0077,1,0,False,3.9023561,2.5863452,6.518792
1921825,0.9805,0.0196,1,0,False,4.4191136,2.3369484,5.84255
1922325,0.0066,0.9976,0,1,False,5.945445,8.431394,5.223636
1923889,0.9896,0.0098,1,0,False,5.8342714,2.9925022,5.7593646
1925019,0.9982,0.0019,1,0,False,3.7299194,2.2248883,5.8672786
1926594,0.9986,0.0015,1,0,False,3.1351724,1.8955454,4.9139047
1926633,0.9773,0.0221,1,0,False,5.809682,3.994669,6.864703
1926644,0.9837,0.0155,1,0,False,6.316321,3.7720306,6.618434
1927013,0.9922,0.0044,1,0,False,6.8512383,3.991655,6.347002
1927014,0.988,0.012,1,0,False,6.075122,3.1260405,6.409825
1927017,0.9287,0.0785,1,0,False,8.291026,6.549065,4.745261
1927020,0.4293,0.4285,0,0,False,9.053039,2.817392,4.5572953
1927024,0.0,0.0,0,0,False,10.849923,8.868249,5.433929
1928005,0.2907,0.5209,0,0,False,8.025997,12.129007,7.0043736
1928621,0.0,0.0,0,0,False,7.694556,3.8348155,3.9082277
1929150,0.8987,0.1682,0,0,False,5.8152833,15.367153,7.592594
1929963,0.972,0.0279,1,0,False,7.3093343,3.102293,5.414835
1930269,0.992,0.0056,1,0,False,6.212826,4.161717,6.6689553
1930298,0.9844,0.0156,1,0,False,5.643454,3.5004485,6.2443376
1930302,0.0025,0.999,0,1,False,6.2424765,9.040254,5.7755637
1930507,0.9957,0.005,1,0,False,3.9724414,3.0940323,6.5665574
1930508,0.9574,0.0426,1,0,False,6.3922033,5.996586,6.1705866
1930509,0.9859,0.0141,1,0,False,6.281186,3.5995426,6.2595367
1930510,0.9994,0.0023,1,0,False,2.99919,1.7699345,5.2048297
1930825,0.9962,0.0003,1,0,False,6.4907165,3.8746188,5.9511023
1930920,0.9829,0.0171,1,0,False,4.5480256,2.1085837,5.266489
1930921,0.9347,0.0653,1,0,False,5.487942,2.6560643,5.9393163
1931356,0.4431,0.3218,0,0,False,5.5002522,8.188822,5.7635736
1931369,0.9883,0.0117,1,0,False,4.1674786,2.362588,6.167522
1931370,0.0189,0.993,0,1,False,5.274276,9.35715,6.171481
1931371,0.0131,0.994,0,1,False,6.1668143,9.516092,6.1538305
1931407,0.9984,0.0017,1,0,False,3.501802,1.960835,5.448788
1932006,0.9939,0.0065,1,0,False,4.670405,3.1438975,5.9787674
1932007,0.0642,0.9945,0,1,False,5.054224,1.5054817,2.816613
1932118,0.9591,0.0407,1,0,False,7.125185,3.4708965,6.031434
1932361,0.0,0.0,0,0,False,-0.64570934,2.8860128,5.9734626
1932362,0.0,0.0,0,0,False,-0.6443571,2.9002037,5.9441423
1932713,0.9871,0.0124,1,0,False,7.239155,3.6239417,5.629877
1932881,0.9957,0.0042,1,0,False,2.5802107,0.59204876,4.195438
1932882,0.9951,0.0049,1,0,False,6.20247,3.0368838,6.612159
1932883,0.9913,0.2006,1,0,False,3.9876924,2.7885747,6.1008873
1932885,0.0,0.0,0,0,False,5.360892,1.1746233,3.0164776
1932886,0.0,0.0,0,0,False,5.4023695,1.052174,2.7660048
1932889,0.9885,0.0117,1,0,False,3.3324974,1.8754723,5.356639
1932890,0.9987,0.0013,1,0,False,3.395462,2.067788,5.3257213
1932892,0.9931,0.0069,1,0,False,7.3115807,3.9718535,5.823106
1932893,0.0868,0.9234,0,1,False,5.1526012,8.224631,5.541723
1932895,0.0,0.0,0,0,False,24.61497,8.482146,7.80591
1932931,0.9995,0.0049,1,0,False,2.8693595,1.689327,4.255681
1933063,0.9995,0.0004,1,0,False,3.1027794,1.9381939,5.0445795
1933107,0.9922,0.0078,1,0,False,4.757521,1.9477445,5.026605
1933108,0.9785,0.0215,1,0,False,4.3937263,2.9617016,6.642352
1933110,0.0239,0.9761,0,1,False,5.9503636,4.1453876,6.382912
1933111,0.2084,0.7916,0,0,False,4.8293805,3.3531978,6.239427
1933113,0.9865,0.1909,1,0,False,6.5605874,5.8198147,5.7373223
1933114,0.5718,0.0092,0,0,False,7.2298355,2.8906326,4.514537
1933115,0.9845,0.0155,1,0,False,6.902137,3.5187328,5.922468
1933180,0.0001,0.9771,0,1,True,3.0817695,7.1965656,6.3183722
1933190,0.1198,0.8886,0,0,True,1.6605331,-3.98349,5.4525366
1933412,0.9995,0.0004,1,0,False,3.425281,1.8591441,5.8614864
1933773,0.7067,0.0045,0,0,False,6.577161,3.6227612,6.2227345
1933774,0.952,0.048,1,0,False,4.33209,3.2684133,5.9646916
1934322,0.9847,0.0153,1,0,False,5.894018,3.1604745,6.5104504
1934428,0.9994,0.0005,1,0,False,3.2653112,1.8061141,5.9777217
1938392,0.992,0.008,1,0,False,7.252582,4.437408,5.3738556
1938577,0.9635,0.0365,1,0,False,5.095522,2.650081,6.3034005
1940252,0.6473,0.3267,0,0,False,2.0680916,1.3035855,2.7186518
1940554,0.9527,0.0473,1,0,False,4.2849154,2.856587,6.632147
1940555,0.8284,0.7405,0,0,False,8.9113865,14.233286,6.7349935
1940570,0.3709,0.8,0,0,False,5.9767127,8.488365,5.946715
1941233,0.8693,0.5377,0,0,False,7.494924,5.495941,5.2750716
1941234,0.9929,0.0071,1,0,False,6.5813956,3.0833797,6.340061
1941237,0.9954,0.0046,1,0,False,6.491506,3.422736,5.9395003
1941239,0.992,0.008,1,0,False,6.6426525,3.3857129,6.4388895
1941435,0.908,0.092,1,0,False,5.29082,2.672946,5.898567
1941436,0.54,0.46,0,0,False,5.2280717,2.9644463,6.4905286
1941437,0.7119,0.998,0,1,False,6.1313157,2.1735544,3.3772938
1945560,0.122,0.2922,0,0,False,4.558324,8.325125,6.136239
1945561,0.9819,0.0181,1,0,False,4.3082767,2.5639877,6.405492
1945562,0.9988,0.0011,1,0,False,3.9894135,2.4978864,6.4741583
1950126,0.2712,0.7804,0,0,False,6.6965904,7.8914323,5.343759
1954248,0.0,1.0,0,1,False,7.104041,2.2054925,3.763192
1955054,0.0017,0.999,0,1,False,11.307881,19.609407,6.4599204
1955137,0.9565,0.9135,1,1,False,7.100194,7.7616453,5.397849
1955157,0.8016,0.9453,0,1,False,6.853769,6.637778,4.9945607
1955166,0.009,0.0001,0,0,False,6.0374823,2.7528367,4.2990975
1955201,0.4119,0.5079,0,0,False,5.6988263,8.653442,6.2858996
1955558,0.9854,0.0145,1,0,False,4.0538993,1.9376891,6.109261
1955730,0.9843,0.0156,1,0,False,6.9591756,3.4981046,5.5830584
1958907,0.9999,0.0004,1,0,False,2.875795,1.3855659,4.681197
1958913,0.4891,0.5044,0,0,False,6.841924,2.5000105,3.8600583
1958914,0.8637,0.1363,0,0,False,5.0535107,2.7711349,6.319188
1958917,0.8277,0.1723,0,0,False,4.9293756,2.6802235,5.499368
1958919,0.87,0.13,0,0,False,5.0153985,2.66194,5.5890765
1958922,0.9923,0.0067,1,0,False,2.9992278,1.2769281,3.3400247
1958956,0.1486,0.8515,0,0,False,6.3739934,2.599811,3.0900795
1958957,0.9929,0.007,1,0,False,3.919809,2.415474,6.013509
1958964,0.2979,0.904,0,1,False,6.1786346,8.247573,5.681972
1958965,0.6915,0.3264,0,0,False,10.790148,3.0821297,3.258088
1959744,0.9908,0.0092,1,0,False,6.2153344,3.8099983,6.393828
1959842,0.0774,0.5178,0,0,False,7.300884,9.974819,5.5632887
1959843,0.9986,0.0014,1,0,False,3.088244,2.094327,5.5318003
1959844,0.8629,0.1371,0,0,False,4.8402343,2.4602752,6.6888795
1959845,0.9956,0.0044,1,0,False,3.6180053,1.7042749,5.735557
1959848,0.9987,0.0014,1,0,False,3.1051624,1.8198062,5.03459
1960046,0.9998,0.0002,1,0,True,5.372565,3.1137733,6.5365644
1960252,0.6464,0.3273,0,0,False,1.9347842,1.2192733,2.6720154
1960253,0.9122,0.5653,1,0,False,5.7135873,6.1894693,5.968886
1960254,0.3992,0.718,0,0,False,6.568268,9.937903,6.513745
1960255,0.4475,0.4769,0,0,False,5.6144505,8.305531,5.6760373
1960657,0.5193,0.4807,0,0,False,5.72654,2.9143288,6.5394974
1960658,0.9893,0.0106,1,0,False,3.8579748,1.6927053,5.8057594
1960887,0.9744,0.0256,1,0,False,5.9702716,3.608642,6.635296
1961072,0.9681,0.0238,1,0,False,3.2491887,1.7742115,4.1701765
1961665,0.9718,0.0281,1,0,False,3.456032,1.6520367,5.199492
1961666,0.9921,0.0079,1,0,False,6.7175403,3.8048725,6.551775
1961678,0.9999,0.0,1,0,True,2.744202,1.532812,4.33036
1961679,0.9861,0.0139,1,0,True,4.9909334,4.1246505,6.351928
1961680,1.0,0.0,1,0,True,3.2863834,2.2605865,6.0343094
1961681,1.0,0.0,1,0,True,3.010695,1.7579824,4.6851773
1961682,0.993,0.007,1,0,True,3.5375152,2.6295366,5.8848605
1961683,0.998,0.0019,1,0,True,3.4660194,1.9197576,5.5123806
1961783,1.0,0.0,1,0,True,3.1016133,1.7508087,4.7951117
1961914,0.7568,0.2432,0,0,False,5.6870728,2.6950345,6.4851995
1961924,0.9936,0.0064,1,0,True,4.571169,2.803888,6.812978
1962501,1.0,0.0,1,0,False,5.690174,3.1594925,4.77377
1962671,0.9867,0.0133,1,0,False,4.127557,1.9510268,5.7627373
1962679,0.9405,0.0595,1,0,False,8.057367,4.171466,5.0742126
1963247,0.9984,0.0027,1,0,False,7.290141,7.7646813,5.129794
1963256,0.4194,0.5805,0,0,False,5.3179774,3.3017468,6.0609984
1963260,0.9781,0.0219,1,0,False,4.265529,2.9733472,6.5687027
1964370,0.0172,0.9938,0,1,False,6.2864857,9.466742,5.376669
1964372,0.3753,0.4433,0,0,False,8.385021,12.834652,6.7205667
1964565,0.8793,0.149,0,0,False,7.9508157,6.356029,5.014373
1964806,0.4238,0.5761,0,0,False,5.129735,2.9952228,6.3058777
1965018,1.0,0.0,1,0,True,-0.16819696,-1.8747845,5.5602345
1965063,0.9567,0.0433,1,0,False,7.079999,3.4282804,5.5538006
1965064,0.9476,0.0524,1,0,False,6.9615235,2.9963768,6.0600224
1965067,0.6847,0.7068,0,0,False,7.560182,19.28607,7.0593085
1965068,0.9386,0.0614,1,0,False,7.1881075,4.20151,5.937508
1965089,0.0911,0.9308,0,1,True,7.7984056,19.72275,7.3752265
1965225,0.702,0.298,0,0,False,5.6872554,3.454302,6.330121
1965238,0.9735,0.0261,1,0,False,3.9206986,2.2009757,6.3478494
1965306,0.9847,0.0142,1,0,False,3.2444997,1.5484079,4.9405384
1965354,0.9249,0.0751,1,0,False,6.423514,3.7638376,6.5816946
1965355,1.0,0.9997,1,1,False,5.7429395,2.8711505,3.145163
1965361,0.3985,0.6013,0,0,False,4.381561,2.240066,5.946451
1965363,0.9861,0.0001,1,0,False,3.1754296,2.1116464,4.7214785
1965367,0.4629,0.5252,0,0,False,4.128124,1.2692332,3.6408815
1965368,0.0886,0.9786,0,1,False,11.363946,3.6987696,4.493688
1965370,1.0,0.0,1,0,False,3.760004,1.5532864,4.179188
1965374,0.9771,0.0219,1,0,False,3.7365296,1.8342783,5.709856
1965454,0.8819,0.1167,0,0,False,3.8874004,2.0519743,5.645867
1965465,0.0384,0.8912,0,0,False,5.1165857,3.264974,6.40325
1965467,0.9993,0.0001,1,0,False,3.2469053,1.6090112,4.54934
1965472,0.9994,0.0001,1,0,False,3.2306576,1.2783267,4.596071
1965474,0.982,0.0161,1,0,False,3.6905391,1.7394338,5.1307817
1965478,0.9996,0.0002,1,0,False,3.6091368,1.7146424,5.043138
1965482,0.931,0.0003,1,0,False,3.1141772,1.1011432,3.6704125
1965484,0.7319,0.2665,0,0,False,4.1314335,2.5350988,6.114647
1965485,0.9557,0.0437,1,0,False,3.6506543,1.9959674,5.8195906
1965489,0.9161,0.0829,1,0,False,3.7766001,2.09516,6.1732116
1965490,0.999,0.0,1,0,False,2.7808862,0.29580435,4.095324
1967296,0.9412,0.0425,1,0,False,3.90081,1.8258852,5.495114
1967472,0.9147,0.0853,1,0,False,6.9958916,3.6395264,6.051508
1967841,0.7068,0.2932,0,0,False,5.0328164,2.3567057,6.2278786
1968861,1.0,0.2306,1,0,False,9.376259,15.498281,2.8725693
1969351,0.7084,0.2915,0,0,False,6.0078635,2.7160022,6.5376945
1969397,0.9566,0.0434,1,0,False,6.2191057,4.030061,6.855031
1969736,0.9967,0.0004,1,0,False,3.0896292,1.3671257,4.908777
1969830,0.1934,0.9898,0,1,False,7.3288693,8.915054,5.178821
1969841,0.0923,0.8332,0,0,False,4.8747053,8.477401,6.3704944
1970374,0.5663,0.4295,0,0,False,4.586988,2.2745311,6.53313
1970776,0.9983,0.0017,1,0,False,5.1501384,2.6915276,6.010748
1970795,0.7346,0.2654,0,0,False,7.049052,3.2371454,5.932681
1970797,0.9019,0.0981,1,0,False,6.5425234,3.1763325,6.4665465
1970798,0.0,0.0,0,0,False,11.586756,0.56297916,2.6812913
1970800,0.8156,0.1844,0,0,False,7.8704925,3.3300056,5.488699
1971410,0.9441,0.0433,1,0,False,3.5455809,1.6275609,5.5036016
1971411,0.0,0.0,0,0,False,2.930666,-0.28053463,2.939837
1971412,0.0,0.0,0,0,False,2.8901408,-0.24758877,2.873169
1971414,0.0,0.0,0,0,False,3.018987,0.041256,3.3428698
1971415,0.3916,0.6006,0,0,False,2.403796,-1.093333,0.11877568
1971416,0.0,0.0,0,0,False,1.9568843,-1.4658835,-0.89012307
1971417,0.9445,0.0,1,0,False,3.8579288,1.5158811,4.197252
1971418,0.0,0.0,0,0,False,2.1492052,-1.3811018,-0.67623717
1971419,1.0,0.0,1,0,False,3.5016296,-1.0125674,1.4579718
1971421,1.0,0.0,1,0,False,3.420677,-1.1139185,1.3402816
1971422,0.0,0.0,0,0,False,1.9522288,-1.473571,-0.91595376
1971423,0.0,0.0,0,0,False,1.8936498,-1.5265895,-0.93367434
1971424,1.0,0.0,1,0,False,3.3991997,-1.0950754,1.3674006
1971425,1.0,0.0,1,0,False,3.3651197,-1.0580556,1.3833157
1971426,0.0,0.0,0,0,False,1.9449323,-1.4251237,-0.8755911
1971427,0.0,0.0,0,0,False,2.7229414,-0.4191057,2.6168847
1971429,0.6779,0.3211,0,0,False,3.5824115,1.6602744,5.528909
1971430,0.8259,0.1032,0,0,False,3.8717964,1.7741562,5.207819
1971431,0.6592,0.319,0,0,False,2.9962723,1.5474104,5.2986917
1971432,0.9176,0.0528,1,0,False,3.948911,2.5595784,6.2948437
1971433,0.0,0.0,0,0,False,2.0852425,-1.4066112,-0.76169544
1971434,0.0,0.0,0,0,False,2.0676713,-1.3822479,-0.746339
1971435,0.0,0.0,0,0,False,2.120748,-1.4237326,-0.70558935
1971436,0.0,0.0,0,0,False,2.6933234,-0.2876963,2.6903365
1971437,0.0,0.0,0,0,False,2.8716948,-0.33714986,2.7903535
1971438,0.0,0.0,0,0,False,2.7246692,-0.44017497,2.8119595
1971439,0.0,0.0,0,0,False,2.726127,-0.35972255,2.7460914
1971440,0.0,0.0,0,0,False,2.8248076,-0.49835584,2.6956165
1971443,0.5721,0.4262,0,0,False,4.390576,2.0369377,6.1834164
1971445,0.0,0.0,0,0,False,2.8120682,-0.43178707,2.7715971
1971446,0.5068,0.4913,0,0,False,4.491843,2.238816,6.0017915
1971447,0.0,0.0,0,0,False,2.0817084,-1.4158303,-0.7500951
1971448,0.0,0.0,0,0,False,1.9830508,-1.3973598,-0.83657086
1971449,0.0,0.0,0,0,False,2.1251228,-1.4185197,-0.72274715
1972564,0.5706,0.4293,0,0,False,5.0925493,2.5056744,6.6417427
1972567,0.5924,0.4075,0,0,False,5.2960243,2.215373,6.5607376
1972568,0.0126,0.9873,0,1,True,5.4191995,3.4221272,6.709198
1972569,0.3881,0.2463,0,0,False,5.0747013,2.7446473,6.5905013
1972570,0.7219,0.2615,0,0,False,4.2502704,2.2347827,6.059871
1972574,0.0046,0.9889,0,1,True,5.5145626,8.80719,5.9002585
1972575,0.0104,0.9896,0,1,True,5.3234673,2.7373042,6.4089937
1972576,0.0049,0.9951,0,1,True,5.210987,3.072346,6.2926087
1972577,0.1221,0.9115,0,1,True,8.239789,19.217043,7.5403547
1972578,0.0062,0.9938,0,1,True,3.494915,1.4989636,5.373621
1972579,0.0005,0.9934,0,1,True,7.0099535,10.408094,6.866142
1972587,0.0029,0.9764,0,1,True,4.3668814,7.8313117,6.6346107
1972623,0.3987,0.6006,0,0,False,4.0967264,2.213236,5.6845355
1972626,1.0,0.0,1,0,False,3.481546,1.4199784,4.9331155
1972683,0.247,0.7157,0,0,False,3.6867347,1.8128277,6.249172
1972684,0.933,0.008,1,0,False,2.7670972,1.2548337,4.5946193
1972700,0.0538,0.0218,0,0,False,4.3614454,2.877283,6.1542273
1972716,0.0147,0.8624,0,0,False,7.1045036,10.119951,6.5480914
1972755,0.9872,0.0502,1,0,True,8.709246,18.87049,7.583557
1972994,0.435,0.598,0,0,False,6.5978236,9.748421,6.5554643
1972995,0.3451,0.6545,0,0,False,5.252881,2.3350348,6.3750424
1973265,0.05,0.815,0,0,False,6.966482,9.874409,6.3711433
1973454,0.1554,0.8411,0,0,False,4.3530183,1.7162274,6.137168
1975614,0.9549,0.045,1,0,False,6.796685,3.110246,5.867028
1977402,0.5124,0.479,0,0,False,5.3426228,2.4158788,4.7689815
1977403,0.28,0.6919,0,0,False,3.3802438,1.6956333,5.7013664
1978413,0.7363,0.2079,0,0,False,3.1539834,1.5289487,5.682464
1978540,0.0001,0.0,0,0,True,4.0218196,2.1034164,6.4135256
1978920,0.4455,0.4302,0,0,False,5.163577,7.739049,5.863225
1978922,0.9223,0.0777,1,0,False,5.8448563,3.0841122,6.5090985
1979540,0.7906,0.281,0,0,False,8.232981,5.9730496,5.1135025
1979541,0.2892,0.8399,0,0,False,5.435625,8.463141,5.8037624
1980139,0.9493,0.0507,1,0,False,9.447657,3.7210553,4.3793726
1980140,0.9238,0.0762,1,0,False,7.4096503,3.4997332,5.8306136
1980426,0.0024,0.8549,0,0,False,3.1698508,7.2601013,6.338782
1980430,0.0026,0.8553,0,0,False,3.1402674,7.3414936,6.368882
1980431,0.9319,0.0003,1,0,False,2.6959662,1.3406304,4.0388603
1980433,0.293,0.7715,0,0,False,8.478754,16.193623,6.7764993
1980456,0.9135,1.0,1,1,True,4.65623,9.06611,7.8166304
1980633,0.9336,0.0004,1,0,False,3.0974598,1.3232428,4.272832
1980915,0.262,0.7143,0,0,False,8.42736,12.564831,6.5938497
1980924,1.0,0.0014,1,0,False,7.5204477,6.089622,5.3438816
1980986,0.872,0.0651,0,0,False,8.20484,5.4847016,4.574923
1981499,0.2609,0.7461,0,0,False,3.5639677,1.3039979,3.1894233
1981500,0.4814,0.5065,0,0,False,4.181204,1.5337757,4.14863
1981916,0.2261,0.7732,0,0,False,4.7039647,2.050746,6.4577374
1981931,0.9948,0.0006,1,0,False,3.2628865,1.4044997,4.5516214
1982658,0.997,0.0004,1,0,False,3.1475475,1.3406066,4.310292
1982660,0.1547,0.845,0,0,False,5.230519,2.950938,6.5584116
1982742,0.9939,0.0061,1,0,True,5.0796537,2.286041,6.125927
1983409,0.7875,0.0457,0,0,False,3.236084,1.2881432,4.850719
1983413,0.0088,0.0,0,0,False,2.7010207,0.87151825,4.0977907
1983447,0.1673,0.9068,0,1,False,11.363963,3.3670335,3.474215
1983461,0.9448,0.0034,1,0,False,3.458693,1.4320749,4.504505
1983463,0.0,0.0,0,0,False,4.7510266,2.078494,5.101034
1983525,0.6892,0.3067,0,0,False,4.2025895,2.236309,6.2870727
1983535,0.8247,0.1237,0,0,False,3.4680142,1.4005008,4.173198
1983536,0.0811,0.9183,0,1,False,4.05233,1.9722058,6.532763
1983539,0.3095,0.9152,0,1,False,6.363844,7.086673,5.5642257
1983541,0.7242,0.0234,0,0,False,2.974353,1.6500381,4.865385
1983553,0.0,0.0,0,0,False,10.768723,0.34827048,2.4623716
1983554,0.1461,0.8515,0,0,False,4.3703594,2.0343819,6.573721
1983555,0.6536,0.4179,0,0,False,8.459832,6.2644105,4.943298
1983556,0.5184,0.4677,0,0,False,3.8843648,1.7884688,5.997738
1983557,0.7702,0.2298,0,0,False,5.7187386,2.9373782,6.4568686
1983572,0.6247,0.3734,0,0,False,4.0202084,1.6184127,5.9288993
1983575,0.2435,0.97,0,1,False,8.991712,7.6808515,4.339015
1983577,0.3104,0.9693,0,1,False,10.744356,6.7532277,4.301244
1983578,0.8681,0.9742,0,1,False,2.8576484,0.36345696,2.1446214
1983579,0.8584,0.9735,0,1,False,2.9364178,0.29454204,2.096446
1983581,0.3469,0.1925,0,0,False,3.9063861,2.2339153,6.230904
1983582,0.8796,0.4065,0,0,False,7.0889807,6.2818604,5.4023147
1983588,0.5881,0.4096,0,0,False,3.7817132,1.7278703,4.9497857
1983593,0.1931,0.8019,0,0,False,4.829128,2.2127254,6.2316184
1983595,0.9987,0.0012,1,0,False,4.337209,1.5721906,6.141644
1983771,0.0,1.0,0,1,False,7.1164265,2.3381526,4.024958
1983780,0.8759,0.0,0,0,False,5.23996,2.9501605,4.2678022
1983784,0.9078,0.0922,1,0,False,6.561657,3.5172582,6.339657
1983789,0.1475,0.2668,0,0,False,4.4408116,3.1369076,6.38979
1985159,0.9916,0.0012,1,0,False,3.1313472,1.3889105,4.526185
1985188,0.5912,0.4084,0,0,False,4.532763,2.7653234,6.4118633
1985202,0.2971,0.702,0,0,False,4.8089666,2.3207526,6.53662
1985371,0.9977,0.0023,1,0,False,7.2399,3.3581805,5.5027213
1985374,0.7286,0.394,0,0,False,8.938527,14.972019,6.533783
1985380,0.7582,0.2418,0,0,False,6.4354243,3.0682344,6.124736
1985381,0.9465,0.0535,1,0,False,6.486318,2.9179564,6.2586794
1985382,0.9744,0.0256,1,0,False,6.7387304,2.6768734,5.995882
1985383,0.9999,0.0001,1,0,False,7.0278964,3.2676833,5.7706337
1985386,0.9999,0.0001,1,0,False,6.3690276,2.7174833,6.0751953
1985387,0.9375,0.0625,1,0,False,7.058395,3.7827685,6.0630784
1985390,0.984,0.016,1,0,False,7.291209,3.215163,5.6023183
1985391,0.9735,0.1297,1,0,False,7.104039,6.4988694,5.376996
1985392,0.9999,0.0001,1,0,False,7.0802155,2.7197032,6.246602
1985397,1.0,0.0,1,0,False,6.7626715,3.8321416,6.0628266
1985398,0.9996,0.0004,1,0,False,6.1962376,2.622226,6.161347
1985399,1.0,0.0,1,0,False,7.5260315,5.6998463,5.440825
1985400,0.9892,0.0182,1,0,False,7.505507,6.279324,5.332811
1985401,0.9997,0.0003,1,0,False,7.0696335,2.824612,5.982143
1985402,0.9999,0.0001,1,0,False,7.2146587,3.1252236,5.4479737
1985403,0.9999,0.0001,1,0,False,7.0891137,2.959305,6.192694
1985404,0.9887,0.0238,1,0,False,7.424713,7.1554956,5.2118354
1985413,0.9998,0.0002,1,0,False,6.8496404,2.8684695,5.9913473
1985415,1.0,0.0,1,0,True,6.7334104,3.4309437,6.280137
1985417,0.9997,0.0003,1,0,False,6.681763,3.2341673,5.8903813
1985428,0.9999,0.0001,1,0,False,7.38378,3.5345433,5.260905
1985698,0.6104,0.3895,0,0,False,5.0944095,2.6732523,6.245484
1985699,0.9937,0.0063,1,0,False,5.8012676,3.3172367,6.3256454
1985704,0.0242,0.5591,0,0,False,7.5918393,11.003282,7.0116315
1985706,0.8819,0.1178,0,0,False,3.9959378,2.3971028,6.0741878
1985968,0.027,0.9982,0,1,False,6.6937604,8.964991,5.5577993
1986118,1.0,0.0,1,0,False,5.818683,3.4896038,6.218212
1986290,1.0,0.4088,1,0,False,6.0496993,11.91588,5.849181
1986291,1.0,0.0982,1,0,False,6.9410787,11.934564,6.216624
1986477,0.9999,0.0001,1,0,False,7.229184,2.3679163,5.7625337
1986478,0.9893,0.0247,1,0,False,7.681271,5.4244485,5.3650093
1986479,0.9999,0.0001,1,0,False,6.568398,3.433282,6.253442
1986505,1.0,0.0,1,0,False,4.1635423,1.3648077,5.3292046
1986506,1.0,0.0,1,0,False,4.3233504,1.3785809,5.58732
1987017,0.9881,0.0008,1,0,False,3.0667405,1.3055462,4.5389357
1987020,0.5359,0.4453,0,0,False,6.4722524,9.627728,6.8415413
1987021,0.9935,0.0059,1,0,False,4.225739,2.3227816,6.599939
1987106,0.4619,0.4538,0,0,False,7.059427,11.069881,7.2522717
1987139,0.326,0.6612,0,0,False,5.4848013,8.075257,6.173234
1987141,0.0297,0.7155,0,0,False,6.6963935,10.703077,6.8508472
1987360,0.8264,0.5098,0,0,False,8.167643,13.924299,6.3450933
1987403,0.1638,0.4372,0,0,False,7.163943,10.397927,6.8101206
1987479,0.095,0.9919,0,1,False,6.7316856,8.902239,5.0782275
1987509,0.997,0.003,1,0,False,5.598088,2.364594,6.318511
1987731,0.7028,0.2959,0,0,False,5.045695,1.9173247,5.865203
1987732,0.6774,0.5314,0,0,False,8.38029,14.255895,6.696791
1987733,0.3404,0.6592,0,0,False,4.759344,1.5207896,6.5893254
1987734,0.8161,0.1837,0,0,False,4.7963705,2.5860436,6.68349
1987736,1.0,0.0,1,0,False,6.598731,3.320143,6.578393
1987737,0.97,0.03,1,0,False,4.7209735,2.1323085,6.150126
1987738,0.9953,0.0047,1,0,False,6.0955377,3.151607,6.3185577
1987745,0.9049,0.0,1,0,True,5.3825603,2.8684337,5.4729037
2003308,0.9854,0.0141,1,0,False,5.025107,3.0702949,6.028491
2003309,0.9947,0.0053,1,0,False,5.6312313,2.9637177,6.5474234
2003310,0.9565,0.9873,1,1,False,6.5309167,8.285695,5.254312
2003311,0.4088,0.6253,0,0,False,8.362725,12.64209,6.7940297
2003312,0.9651,0.0348,1,0,False,4.9386883,2.6543777,5.911757
2003313,1.0,0.0,1,0,False,7.2960534,6.8371577,5.1728597
2003327,0.5944,0.3729,0,0,False,4.409685,6.785627,5.747871
2003398,0.8827,0.1169,0,0,False,4.2781296,1.8296387,6.254793
2003649,1.0,0.0,1,0,True,4.7471786,2.0726345,5.6045947
2003650,0.9911,0.0167,1,0,True,5.898184,7.043864,5.665199
2003651,1.0,0.0,1,0,True,3.7031128,2.1533256,4.1227093
2003652,0.9992,0.9995,1,1,True,6.9023533,8.596755,6.2134933
2004460,0.0066,0.9961,0,1,False,9.953341,17.57885,6.452861
2004487,1.0,0.0013,1,0,True,7.911933,2.8967693,4.2004876
2004957,0.8013,0.8013,0,0,True,8.049569,9.907468,4.9247875
2004961,1.0,0.0,1,0,True,6.910664,7.0128727,5.860261
2004962,1.0,0.0,1,0,True,6.9875727,3.375726,6.2615504
2004965,1.0,0.0,1,0,False,6.8875766,3.3135853,6.214854
2004966,0.9978,0.0021,1,0,False,6.539312,2.856529,6.493696
2005044,0.9996,0.0004,1,0,False,5.599888,3.6458259,6.3929286
2005047,0.9994,0.0005,1,0,False,3.599342,1.2772952,5.533612
2005048,0.9243,0.0756,1,0,False,4.314888,2.009349,6.285312
2005054,0.9583,0.0415,1,0,False,4.125437,1.2891337,5.6513133
2006072,0.5054,0.9243,0,1,False,6.2804627,8.752383,5.674703
2006073,0.1986,0.7331,0,0,False,8.040385,10.89764,6.17332
2006074,0.0262,0.9777,0,1,False,8.0503645,10.516166,5.897968
2006394,0.9899,0.0101,1,0,False,6.705284,3.5330625,5.991387
2006498,0.856,0.1436,0,0,False,4.591126,1.8075546,6.2239766
2006585,1.0,0.0,1,0,False,6.891879,3.546549,6.639611
2006642,0.9979,0.0021,1,0,False,5.9444532,3.4072273,6.586761
2006668,0.9999,0.0001,1,0,False,5.1007934,2.4277341,6.4441595
2006671,1.0,0.0,1,0,False,7.3843403,3.19503,5.9278436
2006684,1.0,0.0,1,0,False,8.279132,2.770347,5.775932
2006922,1.0,0.0,1,0,False,5.693916,1.9240967,5.9392266
2006928,0.9999,0.0001,1,0,False,3.8578513,1.5288103,6.1083107
2006930,0.9999,0.0001,1,0,False,4.7522426,1.8842175,6.348175
2006941,0.9983,0.0017,1,0,False,4.895232,1.4222747,5.4756527
2006942,0.9982,0.0018,1,0,False,4.8032594,1.4585783,5.789135
2010248,1.0,0.0,1,0,False,6.527358,3.419771,6.351874
2010265,1.0,0.0,1,0,False,6.0832987,2.254294,5.857776
2010266,1.0,0.0,1,0,False,5.9264536,2.1021948,5.8974953
2010268,0.9984,0.0016,1,0,False,3.4331245,1.4186182,5.3038974
2010269,0.222,0.1639,0,0,False,4.916703,1.6681076,3.6196153
2010272,1.0,0.0,1,0,False,6.266666,2.6360106,6.4856067
2010273,0.9841,0.0159,1,0,False,4.285071,1.8558804,6.205445
2010274,1.0,0.0,1,0,False,5.1551423,1.9457586,6.252489
2010275,0.5623,0.2328,0,0,False,4.685615,2.5160275,6.119877
2010277,0.4685,0.8485,0,0,False,6.5388885,9.236181,6.27902
2010278,1.0,0.0,1,0,False,7.83605,3.0258555,5.352329
2010279,1.0,0.0,1,0,False,7.025895,3.1015532,6.076404
2010280,0.9621,0.0373,1,0,False,5.6499043,2.9777677,6.3297777
2010281,1.0,0.0,1,0,False,6.431922,2.8455276,6.033151
2010283,0.9997,0.0003,1,0,False,3.763751,1.5633885,5.8342876
2010284,1.0,0.0,1,0,False,3.2120333,1.0188767,4.139867
2010286,0.0,0.0,0,0,False,11.238595,20.752375,3.0727913
2010319,0.9999,0.0001,1,0,False,4.2674985,1.7098886,6.047747
2010326,0.999,0.001,1,0,False,4.576851,1.8204805,6.3081255
2010329,1.0,0.0,1,0,False,7.514424,3.1713867,6.053859
2010332,0.9987,0.0013,1,0,False,4.152759,1.1915319,6.201011
2010960,0.0171,0.866,0,0,False,6.650528,10.430245,6.7833667
2011081,1.0,0.0,1,0,False,7.0602036,3.8163328,6.0714154
2011125,0.5586,0.5167,0,0,False,5.3454413,7.951746,5.562113
2012619,1.0,0.0,1,0,False,6.826522,2.9591098,5.8907995
2012640,0.3843,0.6596,0,0,False,8.382926,13.191064,6.6747627
2012676,0.1579,0.8794,0,0,False,7.5884047,10.985771,5.752064
2012677,0.0307,0.931,0,1,False,7.8157496,10.886154,5.7579885
2012856,1.0,0.0,1,0,False,7.1857486,3.163621,6.278041
2012857,1.0,0.0,1,0,False,6.7038555,3.5172172,6.385654
2013564,0.9989,0.0011,1,0,False,4.400555,1.4178458,6.4720507
2014347,0.0,0.0,0,0,False,18.664171,11.801192,1.9332875
2014434,0.6357,0.9785,0,1,False,5.129052,1.1367208,2.8481984
2014586,0.0,1.0,0,1,False,8.234656,3.4945798,4.429588
2014960,0.6147,0.687,0,0,False,6.0044184,7.6738076,5.580111
2015376,0.3122,0.9616,0,1,False,6.0698466,6.3078923,5.206292
2015550,1.0,0.0917,1,0,True,6.011467,16.240685,7.6389303
2015804,0.9999,0.0001,1,0,False,3.5107539,1.2755065,4.9643755
2015807,0.9999,0.0001,1,0,False,5.7916574,2.3037581,6.68845
2015810,0.1201,0.9387,0,1,False,12.539579,3.7600472,4.8584847
2015815,0.98,0.0202,1,0,False,11.448742,2.3644977,3.2655556
2015816,0.0,0.0,0,0,False,8.652942,8.681819,6.891475
2015817,0.0809,0.975,0,1,False,12.366054,3.7056177,4.826371
2015819,0.9999,0.0001,1,0,False,6.609254,2.9157965,6.4911804
2015820,0.0,0.0,0,0,False,14.036742,3.758437,4.5880823
2015824,0.0871,0.9787,0,1,False,12.107082,3.6515136,4.360141
2015825,0.0,0.0,0,0,False,14.167894,3.779816,4.6212287
2015828,0.9709,0.0305,1,0,False,9.207589,3.34482,5.3220935
2015833,0.0,0.0,0,0,False,7.8156533,8.263037,10.565661
2015834,0.9788,0.7869,1,0,False,8.475152,5.4328957,5.1564436
2015839,1.0,0.0,1,0,False,6.6666336,2.9750364,6.176623
2015844,0.0,0.0,0,0,False,8.902873,5.343803,7.302491
2015851,0.9724,0.0285,1,0,False,10.287966,3.1456382,4.7174473
2015853,0.1622,0.9158,0,1,False,11.293093,3.3682044,3.7974331
2015860,0.0721,0.9338,0,1,False,8.663649,7.641123,4.882943
2015864,0.0,0.0,0,0,False,18.678288,11.813142,1.9259853
2015865,0.0,0.0,0,0,False,9.873455,3.628049,5.3663735
2015871,0.0,0.0,0,0,False,18.686476,11.827211,1.9035804
2015873,0.3677,0.8774,0,0,False,9.385969,6.1797547,4.7599607
2015874,0.0777,0.9781,0,1,False,12.536204,3.6936445,4.7992377
2015875,0.0,0.0,0,0,False,7.8829675,8.242935,10.406261
2015879,0.0974,0.9597,0,1,False,12.466442,3.766525,4.831161
2015882,0.0,0.0,0,0,False,13.949282,3.6540647,4.4866343
2015885,0.6148,0.1363,0,0,False,7.7415886,3.403905,6.001082
2015886,0.1176,0.941,0,1,False,12.494476,3.65117,4.8343973
2016049,0.9983,0.0017,1,0,False,3.6991491,1.4226822,5.8785067
2016050,0.0,0.0,0,0,False,5.5144987,0.954176,3.0033803
2016052,0.9997,0.0003,1,0,False,4.1657677,1.5311295,5.988626
2016053,0.9995,0.0005,1,0,False,4.3409734,1.5337257,5.219586
2016400,0.98,0.167,1,0,False,6.182583,7.6313324,5.3613696
2016401,0.9998,0.0002,1,0,False,4.7528853,2.2007642,6.8534074
2016402,0.9961,0.0189,1,0,False,6.768012,7.1328917,5.680371
2016426,0.642,0.2184,0,0,False,5.9455366,7.944405,6.2284145
2016427,0.9844,0.0201,1,0,False,7.405846,7.8401017,5.0009418
2016447,1.0,0.0,1,0,False,6.303335,2.774798,6.207597
2016448,1.0,0.0,1,0,False,6.2735987,3.2680378,6.222792
2016453,1.0,0.0,1,0,False,2.9305599,1.236705,4.2413216
2016454,0.9982,0.0017,1,0,False,3.7062364,1.5280458,5.846559
2016455,0.8348,0.7748,0,0,False,5.8280168,7.0747504,5.860966
2016456,1.0,0.0,1,0,False,6.0093718,3.2906678,6.6070266
2016457,0.9964,0.0057,1,0,False,7.5471215,7.5587907,5.0359197
2016458,0.398,0.6535,0,0,False,8.251775,13.033368,6.893038
2016459,0.9999,0.0001,1,0,False,3.558353,1.3361701,5.197869
2016460,0.2828,0.9909,0,1,False,7.0294604,9.143603,5.640665
2016461,0.0,1.0,0,1,False,7.7803626,4.211744,4.704137
2016463,0.9563,0.0346,1,0,False,3.0327952,1.5721484,4.3278313
2016467,1.0,0.0,1,0,False,7.6110034,5.2561235,5.4853163
2016468,1.0,0.0,1,0,False,6.7611194,2.7387319,5.8658185
2017080,1.0,0.0,1,0,True,2.7899265,1.279826,4.5706735
2017081,1.0,0.0,1,0,True,3.9815161,2.1061292,5.9471235
2017082,0.9969,0.0197,1,0,True,6.905818,11.494416,6.8458824
2017083,1.0,0.0,1,0,True,5.2384844,1.7286234,6.536617
2017709,0.9848,0.028,1,0,False,7.5357285,6.648094,5.518921
2017710,1.0,0.0,1,0,False,7.3086677,5.6059656,5.7068586
2017712,1.0,0.0,1,0,False,6.11522,2.0363488,6.26543
2017714,0.0431,0.9616,0,1,False,8.410797,11.111272,6.107375
2017724,1.0,0.0,1,0,False,3.4643514,2.1178315,4.0520463
2018312,1.0,0.0,1,0,False,5.236733,2.645656,6.8402677
2018313,1.0,0.0,1,0,False,4.6773953,2.2227478,6.313097
2018499,0.2921,0.1954,0,0,False,5.0686264,6.181115,6.441856
2018500,1.0,0.0,1,0,False,3.6908596,1.3980143,5.8083735
2018501,1.0,0.0,1,0,False,3.822477,1.1797435,5.669665
2018502,0.2081,0.8269,0,0,False,5.2578063,8.7447195,5.933231
2018503,0.9998,0.0002,1,0,False,4.2966437,1.4732338,6.1134667
2018683,1.0,0.0,1,0,False,4.252763,0.2918074,5.9714446
2018685,1.0,0.0,1,0,False,5.74952,2.084402,6.5368357
2019445,1.0,0.0,1,0,False,6.4671383,3.0932486,6.4554653
2020879,1.0,0.0,1,0,False,4.3531947,1.3491628,6.1470613
2020956,1.0,0.0,1,0,False,4.8400555,1.570235,5.984045
2021212,1.0,0.0,1,0,False,6.78299,3.1412053,6.092926
2021667,0.0021,0.9988,0,1,False,11.062548,19.179726,6.5899425
2021721,1.0,0.0,1,0,False,3.5011914,1.1001664,4.7090526
2021738,1.0,0.0,1,0,False,6.757972,2.48442,6.03494
2022321,1.0,0.0,1,0,False,6.1389756,2.9331462,6.4010096
2022413,0.274,0.9999,0,1,False,4.661043,8.915681,7.6309643
2022474,0.9998,0.0002,1,0,False,4.3643413,1.271133,4.6297956
2022475,1.0,0.0,1,0,False,4.4422903,2.1152148,5.4372015
2022783,0.2343,0.8828,0,0,False,8.336235,8.515179,4.9713798
2022859,1.0,0.0,1,0,False,3.8959017,1.4559597,4.508022
2023057,0.553,0.5368,0,0,False,5.9082136,10.736407,6.951395
2023155,0.4923,0.5833,0,0,False,8.5284395,12.427602,6.4171023
2023716,1.0,0.0,1,0,False,3.5445771,1.4658016,5.4769273
2023949,0.0085,0.0,0,0,False,3.100962,1.6145211,4.197005
2023950,0.0072,0.0,0,0,False,2.6552122,0.8231375,3.778996
2023953,0.0,0.0,0,0,False,25.479118,7.0192122,7.979605
2023959,1.0,0.0,1,0,False,6.4026375,2.4436088,5.8254886
2023992,0.9996,0.0004,1,0,False,7.353516,1.9762621,6.1513314
2023993,0.9996,0.0004,1,0,False,7.4268093,2.0195925,6.2475796
2023994,0.9996,0.0004,1,0,False,7.5240593,2.1922333,6.0088677
2023995,0.9996,0.0004,1,0,False,7.5503197,2.1563873,6.3790584
2023996,0.2911,0.265,0,0,False,4.976075,7.87702,6.479067
2023998,0.9997,0.0003,1,0,False,4.0187187,1.3082937,5.8035216
2024005,0.0,0.0,0,0,False,14.405304,3.7269804,4.757535
2024208,1.0,0.0,1,0,False,5.1392117,1.9437313,6.248561
2024213,1.0,0.0,1,0,False,3.3788176,1.3806207,5.6478696
2024214,1.0,0.0,1,0,False,5.9238467,2.2087762,6.2018147
2024237,1.0,0.0,1,0,False,7.6373262,5.038055,5.4143367
2024238,0.9998,0.0011,1,0,False,9.732597,1.8717926,4.3183627
2024239,1.0,0.0,1,0,False,6.9311733,2.0239213,5.7312
2024241,0.9998,0.001,1,0,False,9.794975,1.9754257,4.2685847
2024247,0.0,0.0,0,0,False,5.106074,5.4324837,8.651253
2024248,1.0,0.0,1,0,False,5.1774545,1.6465795,6.472848
2024251,1.0,0.0,1,0,False,5.3183494,2.8598437,5.757766
2024252,1.0,0.0,1,0,False,5.535547,1.5506674,6.1534758
2024261,1.0,0.0,1,0,False,7.358714,3.3000443,5.7437534
2024262,1.0,0.0,1,0,False,7.382706,3.1068707,5.861607
2024263,1.0,0.0,1,0,False,6.379892,2.930687,5.96754
2024264,0.9999,0.0001,1,0,False,4.53271,1.23706,6.242262
2024265,1.0,0.0,1,0,False,7.669019,3.3539784,5.7612324
2024274,0.0,0.0,0,0,False,8.657711,8.508418,6.804745
2024275,1.0,0.0,1,0,False,7.346561,3.8656867,5.4892664
2024277,0.0,0.0,0,0,False,8.63149,8.601093,6.8696084
2024279,1.0,0.0,1,0,False,7.4056826,3.7253325,5.474242
2024282,0.9798,0.0205,1,0,False,11.528836,2.3781385,3.2711256
2024283,0.8753,0.1287,0,0,False,10.077786,1.8372263,4.53791
2024284,0.9674,0.0346,1,0,False,8.281239,7.518306,5.2556033
2024294,0.2417,0.9709,0,1,False,9.571205,6.476585,3.3783224
2024295,0.0,0.0,0,0,False,11.367958,6.188997,2.8123002
2024296,0.0,0.0,0,0,False,7.8971267,8.248395,10.323545
2024302,0.3275,0.7902,0,0,False,11.123691,4.2005377,3.122766
2024303,0.3254,0.9678,0,1,False,9.746688,6.9452987,4.475007
2024304,1.0,0.0,1,0,False,4.164261,1.7168707,6.078866
2024305,1.0,0.0,1,0,False,3.2435696,1.3066125,4.7418165
2024308,0.2904,0.7059,0,0,False,1.1630014,0.16776918,3.4222047
2024309,1.0,0.0,1,0,False,2.7322552,0.8659558,4.0514445
2024312,1.0,0.0,1,0,False,7.296411,2.5819886,5.2834306
2024313,1.0,0.0,1,0,False,4.6016364,1.6379995,4.3869224
2024314,1.0,0.0,1,0,False,5.5200233,1.6480175,6.2528663
2024315,1.0,0.0,1,0,False,4.4694886,1.3682619,5.5694957
2024316,1.0,0.0,1,0,False,3.189179,1.2707436,4.431056
2024320,1.0,0.0,1,0,False,4.00668,1.5026202,5.983235
2024321,0.7434,0.2469,0,0,False,4.4992013,7.347888,5.855952
2024325,1.0,0.0,1,0,False,4.3253565,1.3796992,5.992033
2024330,1.0,0.0,1,0,False,4.7634487,1.190802,5.9819603
2024334,0.3284,0.672,0,0,False,1.9436265,-0.6936112,3.0979881
2024335,0.3144,0.6853,0,0,False,1.9028188,-0.5060578,3.0877118
2024336,0.3029,0.6962,0,0,False,1.7179238,-0.45938918,3.0353773
2024337,0.3283,0.6721,0,0,False,2.0102742,-0.81301457,3.1120493
2024338,0.3068,0.6924,0,0,False,2.0120692,-0.3275545,3.147151
2024339,0.3079,0.6913,0,0,False,1.9000013,-0.4314591,3.100877
2024340,0.3084,0.6909,0,0,False,1.8033924,-0.5998884,3.0307539
2024607,1.0,0.0,1,0,False,7.1427197,2.7853212,6.135274
2024608,1.0,0.0,1,0,False,3.535804,1.1868703,4.7172284
2024724,1.0,0.0,1,0,False,6.0356145,2.3807836,4.1913857
2025338,1.0,0.0,1,0,False,4.8118105,2.0433097,6.636678
2025339,1.0,0.0,1,0,False,3.408213,1.3901134,5.24859
2025352,1.0,0.0,1,0,False,5.4303155,2.0883515,6.4868755
2025359,1.0,0.0,1,0,False,3.4130733,1.1461761,4.7470207
2025360,0.0031,0.0062,0,0,True,5.4900208,9.7157955,6.560386
2025388,1.0,0.0,1,0,False,6.688303,2.7520127,6.099378
2025477,0.9982,0.0048,1,0,False,7.4650016,8.219214,5.1948776
2025478,1.0,0.0,1,0,False,6.605034,2.5036485,6.107359
2025479,1.0,0.0,1,0,False,6.4567547,2.7549524,6.2876563
2025480,0.9655,0.985,1,1,False,7.4309916,9.306161,5.129253
2025595,0.0,0.0,0,0,False,2.4605596,-0.0925778,2.3038595
2026080,1.0,0.0,1,0,False,7.008445,2.5549543,5.791598
2026082,1.0,0.0,1,0,False,3.5322053,1.3585144,5.2709355
2026102,0.0027,0.9974,0,1,False,7.448608,2.5309417,3.0428655
2026129,0.4215,0.6713,0,0,False,8.624686,14.1943445,6.7665787
2026130,1.0,0.0,1,0,False,5.801504,1.6956013,4.737839
2026195,0.1975,0.8972,0,0,False,9.250218,16.263245,6.289261
2026196,0.1807,0.9105,0,1,False,9.374612,16.611433,6.3839273
2026601,0.4402,0.9861,0,1,False,7.789513,9.486181,5.504214
2026814,0.0,0.0,0,0,False,21.252218,5.717654,0.1618595
2026943,1.0,0.0,1,0,False,6.394778,2.6146648,6.6031265
2026944,1.0,0.0,1,0,False,7.2481656,3.126329,5.926251
2026950,1.0,0.0,1,0,False,6.1285086,1.8811392,6.067123
2027250,0.0,0.0,0,0,False,21.142717,5.8568764,0.1273485
2027252,0.0,0.0,0,0,False,21.205986,5.8363366,-0.024486389
2027256,0.0,0.0,0,0,False,21.284763,5.718337,0.16635448
2027259,0.0,0.0,0,0,False,21.084482,5.753591,0.1345131
2027260,0.0,0.0,0,0,False,21.21737,5.8195868,0.19984017
2027267,0.0,0.0,0,0,False,21.225521,5.745725,0.13059027
2027272,0.0,0.0,0,0,False,21.172426,5.790101,0.10495894
2027277,0.0,0.0,0,0,False,21.032894,5.755581,0.114229485
2027645,1.0,0.0,1,0,False,4.817172,1.1403651,6.1528707
2027883,1.0,0.0,1,0,False,5.922868,2.157724,5.635057
2027888,1.0,0.0,1,0,False,8.294947,2.6837373,5.9083543
2027890,0.0,0.0,0,0,False,14.455612,3.7324178,4.601577
2027893,0.0,0.0,0,0,False,24.498224,8.608053,7.7467623
2027894,0.0,0.0,0,0,False,26.308552,7.5619106,7.6542835
2027899,1.0,0.0,1,0,False,8.865561,3.4780314,5.3338723
2027900,0.0,0.0,0,0,False,26.380365,7.5586486,7.681959
2027903,0.0,0.0,0,0,False,25.395235,7.08815,8.0250025
2027905,1.0,0.0,1,0,False,4.1395907,1.0829046,5.5341873
2029064,0.0,0.0,0,0,False,1.709842,-0.5375154,0.67285585
2029293,1.0,0.0,1,0,False,4.805616,1.6146957,6.2956266
2029303,0.4616,0.4279,0,0,False,3.4774263,1.685255,4.290471
2029304,1.0,0.0,1,0,False,3.5289872,1.7950697,5.3179736
2029305,0.3697,0.2098,0,0,False,5.238897,8.024391,6.1009088
2029306,0.4153,0.5461,0,0,False,7.1178665,10.853685,6.5784173
2029516,0.9999,0.0047,1,0,False,7.0453286,12.444545,5.9760995
2029631,1.0,0.0,1,0,False,3.487943,0.8895831,5.845786
2029635,1.0,0.0,1,0,False,7.161789,2.971324,5.2779517
2029657,0.5284,0.5011,0,0,False,10.963324,2.9528356,3.2793758
2029658,0.0,0.0,0,0,False,21.278534,5.7457023,0.098280504
2029659,0.0,0.0,0,0,False,21.284483,5.748703,0.14515032
2029660,0.0,0.0,0,0,False,21.28852,5.6715693,0.19159216
2029661,1.0,0.0,1,0,False,3.2889361,1.1217418,4.946591
2029662,1.0,0.0,1,0,False,3.2129767,1.2378514,5.0197864
2029663,0.0,0.0,0,0,False,21.228712,5.7044945,0.07880675
2029664,0.0,0.0,0,0,False,21.370039,5.83368,0.035294008
2029665,0.0,0.0,0,0,False,21.278141,5.6637244,0.15273412
2029666,0.0,0.0,0,0,False,21.430159,5.580235,0.25373536
2029667,0.0,0.0,0,0,False,21.119232,5.534568,0.32497197
2029668,0.0,0.0,0,0,False,21.25323,5.7466035,0.13653909
2029669,0.0,0.0,0,0,False,21.190044,5.707075,0.18418846
2029670,1.0,0.0,1,0,False,5.600103,0.16429159,1.2988149
2029671,0.0,0.0,0,0,False,21.261152,5.644276,0.21549475
2029672,0.0,0.0,0,0,False,21.273703,5.7783003,0.09859898
2029673,0.0,0.0,0,0,False,21.32637,5.8076754,0.07946149
2029674,0.0,0.0,0,0,False,21.441418,5.775197,0.10393878
2029675,0.0,0.0,0,0,False,21.263624,5.752973,0.13766663
2029676,0.0,0.0,0,0,False,21.261362,5.644415,0.22739092
2029771,1.0,0.0,1,0,False,4.641498,1.2113557,6.268192
2030909,0.0015,0.9991,0,1,False,11.513244,19.771189,6.786099
2030922,1.0,0.0,1,0,False,3.4280813,1.2493625,5.112034
2030923,1.0,0.0,1,0,False,2.8607798,1.0023748,4.5918913
2030924,1.0,0.0,1,0,False,3.6657183,1.2442033,5.902078
2030964,1.0,0.0,1,0,False,7.224497,2.958135,5.685176
2032983,0.9858,0.0196,1,0,True,5.8745823,15.455181,7.5964046
2032989,0.9833,0.0307,1,0,False,7.333911,6.862359,5.4391055
2033633,1.0,0.0,1,0,False,6.121266,2.1961088,5.582851
2034343,0.9934,0.0174,1,0,False,9.45482,4.0150084,4.6262517
2034346,0.9712,0.03,1,0,False,8.469169,2.7277439,3.4715497
2034347,1.0,0.0,1,0,False,6.6276526,2.2406583,6.147329
2034762,1.0,0.0,1,0,False,5.2136903,1.9768778,6.2228613
2035045,0.9968,0.0091,1,0,True,2.1214576,-1.8620383,4.94968
2035399,0.9814,0.0236,1,0,False,7.9762015,13.316655,6.383006
2035708,1.0,0.0,1,0,False,3.9701202,1.2275059,4.498028
2035845,0.9695,0.025,1,0,False,4.960628,6.747919,5.7564626
2035998,0.0286,0.6678,0,0,False,7.020206,10.673282,6.9753885
2035999,0.3939,0.6567,0,0,False,8.380346,12.926056,6.654553
2036050,1.0,0.0,1,0,False,5.5039687,2.355914,6.069467
2036055,1.0,0.0,1,0,False,5.8250175,2.2392526,6.6585255
2038719,1.0,0.0,1,0,True,6.400832,2.4301155,6.466012
2038720,1.0,0.0,1,0,True,5.3056974,1.8490626,6.3927126
2038721,1.0,0.0,1,0,True,5.2614985,2.3096268,5.8314285
2038722,1.0,0.0,1,0,False,5.259134,3.010921,4.8393517
2038723,1.0,0.0,1,0,True,6.2128587,2.101153,6.180401
2038724,1.0,0.0,1,0,True,5.28535,2.3014874,5.8214016
2038725,1.0,0.0,1,0,True,6.5890875,2.542604,6.212613
2038726,1.0,0.0,1,0,False,5.5975137,2.6835146,4.306374
2038727,0.9999,0.0001,1,0,True,7.370418,7.715221,4.7868085
2038728,1.0,0.0,1,0,True,4.5335727,0.9939744,4.7877736
2039267,1.0,0.0,1,0,False,5.0086875,1.33426,6.0444474
2039694,0.8792,0.7619,0,0,False,8.617861,8.712047,4.9827085
2039780,1.0,0.0,1,0,False,4.1185827,1.7485269,6.096468
2040592,0.0137,0.8314,0,0,False,6.423736,9.875938,6.534872
2041205,0.0,0.0,0,0,False,11.785174,5.23274,6.5596056
2041206,0.0,0.0,0,0,False,13.512105,6.2293572,9.056397
2041207,0.0,0.0,0,0,False,11.76532,5.2047167,6.533471
2041209,0.0,0.0,0,0,False,11.777989,5.2408814,6.5197735
2041210,1.0,0.0,1,0,False,4.4597754,1.3666725,6.1841135
2041211,1.0,0.0,1,0,False,7.896627,2.9464252,5.5563817
2041212,0.3063,0.5652,0,0,False,6.506499,10.9457655,6.462363
2041215,0.9988,0.0012,1,0,False,13.52138,3.4066124,4.74541
2041344,0.6925,0.9948,0,1,False,8.92948,4.611938,4.8272905
2041345,0.2687,0.7323,0,0,False,2.7160318,0.6198551,3.4756925
2041347,0.0598,0.651,0,0,False,2.986856,0.7599206,3.5770857
2041350,1.0,0.0,1,0,False,5.329001,1.8440391,6.002933
2041351,0.1792,0.9714,0,1,False,8.242833,8.183862,4.975262
2041354,1.0,0.0013,1,0,False,8.132324,5.3111987,5.2073073
2041382,1.0,0.0,1,0,False,3.2542493,0.92783654,4.5152
2041383,1.0,0.0,1,0,False,3.176014,0.91352004,4.2395835
2041413,1.0,0.0,1,0,False,3.0836773,1.1951602,4.9300513
2041417,1.0,0.0,1,0,False,6.7309623,2.3709075,6.069465
2041419,1.0,0.0,1,0,False,6.586269,2.8962996,6.2497272
2041454,1.0,0.0,1,0,False,4.460267,1.4464164,5.8881993
2041472,1.0,0.0,1,0,False,6.4988766,2.435824,6.0353436
2041473,1.0,0.0,1,0,False,6.5017905,1.8649257,6.36726
2041489,1.0,0.0,1,0,False,5.5973206,1.839836,6.2972627
2041492,1.0,0.0,1,0,False,5.838251,1.6828387,6.167484
2041493,0.9532,0.3707,1,0,False,7.732154,6.253762,5.1562314
2041496,0.0,0.0,0,0,False,2.2265966,-1.357148,-0.4706972
2041501,0.0,0.0,0,0,False,2.11542,-1.3687948,-0.652435
2041504,0.0,0.0,0,0,False,2.0900185,-1.3972958,-0.7150653
2041505,0.0,0.0,0,0,False,2.1320422,-1.4576721,-0.73722804
2041506,1.0,0.0,1,0,False,3.6267517,1.1096721,4.110836
2041508,0.0,0.0,0,0,False,2.0977757,-1.3978544,-0.69001603
2041511,1.0,0.0,1,0,False,7.828152,4.1915607,5.4903507
2041512,0.0,0.0,0,0,False,15.016734,1.7583103,1.8879201
2041515,0.9259,0.8754,1,0,False,8.936299,14.29976,6.6388116
2041517,0.2406,0.9714,0,1,False,9.633082,6.340324,3.210962
2041518,0.0,0.0,0,0,False,7.8629827,8.259688,10.390487
2041521,0.0,0.0,0,0,False,18.195786,-2.9618895,2.4173765
2041522,0.0,0.0,0,0,False,11.355219,6.4227633,2.8548582
2041524,0.5578,0.9055,0,1,False,10.783027,5.114219,3.1821117
2041528,0.9735,0.0273,1,0,False,10.109879,3.3604808,4.6935496
2041544,0.0,0.0,0,0,False,24.523018,8.576654,7.797644
2041760,1.0,0.0,1,0,False,6.698088,2.7367265,5.9500203
2042174,0.2669,0.7941,0,0,False,8.890302,16.693819,6.7578726
2042482,0.137,0.9192,0,1,False,8.097519,10.45246,5.479319
2044561,1.0,0.0,1,0,False,7.719457,3.026927,5.6775002
2044876,1.0,0.0013,1,0,False,7.3256803,2.8424451,4.089931
2045067,0.9997,0.0102,1,0,True,5.462113,15.727707,7.7785597
2045073,0.9996,0.0123,1,0,True,5.3480034,15.608193,7.7908297
2045075,0.9975,0.0109,1,0,True,5.840798,16.011642,7.793204
2045078,1.0,0.0002,1,0,True,5.496361,13.487276,6.985113
2045186,1.0,0.0,1,0,False,6.9038196,5.0430183,5.6130753
2045345,0.8877,0.3509,0,0,False,8.206111,19.153,7.3861403
2045373,1.0,0.0,1,0,False,6.5197563,1.9240446,5.300378
2047760,0.0,0.0,0,0,False,9.868446,3.5989733,5.4237037
2047765,0.2356,0.9215,0,1,False,5.939572,9.629001,6.069256
2047782,1.0,0.0,1,0,False,5.651452,1.7712604,6.3900714
2047786,1.0,0.0,1,0,False,6.47318,2.4411132,6.3864694
2047788,1.0,0.0,1,0,False,7.008053,3.2295737,6.215533
2047801,0.9971,0.0006,1,0,False,7.4944644,2.541477,3.5742261
2047830,0.975,0.0255,1,0,False,10.142526,2.9741216,4.983916
2047831,1.0,0.0,1,0,False,7.832157,1.8882629,5.651969
2047832,0.0,0.0,0,0,False,13.7178135,4.5038304,2.3301375
2047834,0.0,0.0,0,0,False,18.041842,-4.0184298,11.909716
2047836,0.0,0.0,0,0,False,11.595035,6.395469,2.5698154
2047840,0.0,0.0,0,0,False,11.936294,7.268754,2.3415713
2047843,0.0,0.0,0,0,False,17.981163,-3.9576032,11.84944
2047867,0.0,1.0,0,1,False,8.719665,3.0003414,5.0517817
2047868,0.9928,0.0072,1,0,False,6.9760237,1.9830117,3.9549825
2047869,0.9948,0.0052,1,0,False,7.1360254,1.6580945,3.6503906
2047871,1.0,0.0,1,0,False,6.4278784,1.995737,4.787756
2047872,1.0,0.0013,1,0,False,9.93187,4.2736554,4.070837
2047873,0.3736,0.9723,0,1,False,9.4411125,6.429546,4.600487
2048005,1.0,0.0,1,0,False,6.044669,1.8746958,5.64996
2048007,1.0,0.0,1,0,False,5.9946365,1.7058982,5.964073
2048008,1.0,0.0,1,0,False,3.516208,1.1140208,4.895892
2048061,1.0,0.0,1,0,False,4.6506066,1.0521802,5.7507176
2048517,1.0,0.0,1,0,False,5.5544863,1.6042144,5.261376
2048975,0.0074,0.9934,0,1,False,7.0347705,2.3833697,2.8865044
2048976,0.0244,0.9705,0,1,False,8.30807,10.254904,5.788349
2048977,1.0,0.0,1,0,False,6.817619,2.515511,6.001442
2048978,1.0,0.0,1,0,False,6.278977,1.8336847,5.298454
2048979,1.0,0.0,1,0,False,7.0581913,3.2403474,6.1860056
2049444,0.9853,0.0147,1,0,False,3.8884435,0.4967708,3.131229
2050018,0.5246,0.4734,0,0,False,5.883674,8.97376,6.0416574
2050020,0.6867,0.3816,0,0,False,8.118051,11.72323,6.800099
2050037,0.9964,0.006,1,0,False,7.1168475,7.75568,5.0656323
2050578,0.2163,0.8048,0,0,False,8.774748,16.474274,6.791848
2050583,0.0024,0.9986,0,1,False,10.911045,18.983309,6.563195
2050585,1.0,0.0,1,0,False,4.6035323,0.9629845,5.432868
2050586,1.0,0.0,1,0,False,4.823953,0.97375876,6.1625504
2050587,1.0,0.0,1,0,False,6.1025167,1.9517106,6.260167
2050589,1.0,0.0,1,0,False,4.1786284,1.483186,6.5044413
2050971,0.3614,0.6543,0,0,False,8.379236,13.087178,6.781534
2050976,1.0,0.0,1,0,False,4.1410756,2.211234,4.566975
2051550,1.0,0.0,1,0,False,4.82631,1.4581915,5.915178
2052157,1.0,0.0,1,0,False,4.9891872,1.5480105,5.8591475
2052558,0.5918,0.3675,0,0,False,5.251393,7.9699893,6.076875
2052742,1.0,0.0,1,0,False,4.8041925,1.2184722,6.241428
2052746,0.2776,0.9596,0,1,False,6.714721,10.541624,6.4348955
2052752,0.7466,0.7505,0,0,False,5.1566367,7.905197,6.3718734
2052753,0.7834,0.8994,0,0,False,5.2566447,7.938546,6.370772
2052754,1.0,0.0,1,0,False,5.110898,2.163516,6.285221
2052821,0.9847,0.0153,1,0,False,6.593326,6.0421767,5.726143
2052822,0.9989,0.0011,1,0,False,6.3950834,5.7617283,5.9764366
2052838,1.0,0.0,1,0,False,3.0788224,1.5347365,4.3276877
2053015,1.0,0.0,1,0,False,6.655921,2.204371,6.373493
2053026,1.0,0.0,1,0,False,5.198217,1.5307546,5.8355417
2053078,1.0,0.0,1,0,False,6.144305,2.707461,6.2112145
2053079,0.1082,0.2264,0,0,False,8.566777,9.477696,5.434985
2053080,0.5172,0.5135,0,0,False,8.715632,7.5073857,4.8962398
2053082,0.2994,0.9046,0,1,False,6.563019,7.183445,5.8840847
2053563,1.0,0.0,1,0,False,6.2096,2.1902697,6.0478973
2053603,1.0,0.0,1,0,False,6.175652,1.467213,6.228863
2053604,1.0,0.0,1,0,False,3.5924823,1.0710585,4.941319
2053653,1.0,0.0,1,0,False,6.568103,3.822777,5.759128
2053671,0.0,0.0,0,0,False,7.154651,3.443363,4.212994
2053672,0.0934,0.9605,0,1,False,9.077484,7.7264433,5.1139007
2053682,1.0,0.0,1,0,False,4.73498,0.71022886,5.895709
2053686,1.0,0.0,1,0,False,4.5162253,1.2630643,5.801657
2053701,0.2257,0.7848,0,0,False,2.78618,0.24931487,3.051214
2053702,0.0,0.0,0,0,False,2.4028149,-0.17251979,2.3636901
2053705,1.0,0.0,1,0,False,3.2016206,1.059761,4.192081
2053708,1.0,0.0,1,0,False,3.1003964,1.0947453,4.465169
2053723,0.074,0.9494,0,1,False,8.595779,10.625724,5.711194
2053812,0.1156,0.9128,0,1,False,8.325109,11.132219,6.0390563
2053813,0.9776,0.0736,1,0,False,7.7839723,6.1058593,5.0931973
2053981,1.0,0.0,1,0,False,4.7141285,1.2295115,5.959038
2054179,0.2511,0.8183,0,0,False,8.86201,16.712162,6.7487664
2054272,1.0,0.0,1,0,False,3.3702064,1.1835527,3.7177236
2054273,1.0,0.0,1,0,False,3.2447715,0.8734494,3.7619064
2054274,1.0,0.0,1,0,False,5.6330013,1.7355155,6.0978146
2054409,0.0308,0.26,0,0,False,7.961025,10.73486,6.674945
2054610,0.9881,0.9786,1,1,False,9.069819,14.171089,6.507669
2054611,0.435,0.6546,0,0,False,8.506987,12.674749,6.1479754
2054613,1.0,0.1669,1,0,False,9.518429,15.776964,2.821716
2054614,1.0,0.2357,1,0,False,9.580148,15.986879,2.8587527
2054615,1.0,0.1717,1,0,False,9.537306,16.189428,2.6206937
2054619,0.3418,0.6562,0,0,False,8.750976,13.344619,6.449508
2054920,1.0,0.0,1,0,False,4.8809,1.416412,6.1349497
2055263,0.4885,0.8482,0,0,False,5.919186,8.693765,5.8354216
2056194,1.0,0.0,1,0,False,3.901268,1.3043635,5.53164
2056384,1.0,0.0,1,0,False,4.9074736,1.4678515,6.1779094
2056385,1.0,0.0,1,0,False,4.062067,1.0480703,5.0258956
2056878,0.5142,0.1719,0,0,False,4.1178865,6.4399066,5.7282076
2056879,0.0719,0.0786,0,0,False,5.4861403,7.8454413,5.7829146
2056880,0.6466,0.3271,0,0,False,2.135322,1.4755093,3.235475
2056881,0.7548,0.1314,0,0,False,5.1540985,6.754873,5.8553815
2056882,0.0036,0.0001,0,0,False,4.224067,2.580195,4.966092
2056883,1.0,0.0,1,0,False,4.523826,2.2849262,6.0581746
2056884,1.0,0.0,1,0,False,5.1885376,2.0336478,6.055684
2056885,1.0,0.0,1,0,False,4.889714,2.1105535,6.4468045
2056886,0.6684,0.4037,0,0,False,5.383232,7.209749,6.013839
2057187,1.0,0.0,1,0,False,3.817979,0.87238413,5.1623454
2057509,0.9393,0.0554,1,0,True,3.1074395,0.5958847,3.0281014
2057931,1.0,0.0046,1,0,True,10.159859,16.565042,2.21684
2057932,1.0,0.0043,1,0,True,10.026712,16.647215,2.1283076
2057933,1.0,0.0039,1,0,True,10.102906,16.591639,2.1879992
2057942,0.4625,0.4873,0,0,False,7.9724092,13.576305,6.825559
2057979,0.9999,0.0001,1,0,False,5.8727555,3.8516464,5.7367477
2058161,1.0,0.0,1,0,False,4.2026644,1.6779044,4.8572893
2058396,1.0,0.0,1,0,False,5.1819916,2.1483538,6.105253
2058620,1.0,0.0,1,0,False,5.7467017,2.6468012,5.9924154
2058778,1.0,0.0,1,0,False,6.0602703,2.198737,6.1686325
2058779,1.0,0.0,1,0,False,5.9208193,1.6949959,6.1663446
2059380,1.0,0.0,1,0,False,4.271966,1.2404873,5.84533
2059850,1.0,0.0,1,0,False,3.6254394,0.641813,4.5929604
2059855,1.0,0.0,1,0,False,7.075361,2.3710284,5.879398
2059856,1.0,0.0,1,0,False,9.861122,3.4381166,3.9737098
2059857,1.0,0.0,1,0,False,4.5804873,0.9392413,5.8697352
2059858,1.0,0.0,1,0,False,4.476816,1.5843681,5.623609
2059867,1.0,0.0,1,0,False,4.184772,1.5180622,5.267034
2059879,1.0,0.0,1,0,False,3.7679899,1.0041418,3.5761583
2059880,0.045,0.961,0,1,False,8.642155,11.164239,5.487919
2059881,0.3848,0.9562,0,1,False,9.494758,5.9042244,4.5115786
2059882,0.1567,0.9238,0,1,False,11.36067,3.2675235,4.432974
2059883,1.0,0.0,1,0,False,7.374715,3.956377,5.6313252
2060091,0.9996,0.0004,1,0,False,8.083757,3.7849023,5.310192
2060112,0.9999,0.0001,1,0,False,6.719895,2.4945655,4.729395
2060122,1.0,0.0,1,0,False,4.378835,1.0422158,5.805523
2060124,1.0,0.0,1,0,False,3.7786891,0.9808805,5.140933
2060127,0.0,0.0,0,0,False,3.2045045,-0.17767131,0.9380779
2060135,1.0,0.0,1,0,True,3.7100136,1.1642238,5.2049413
2060136,1.0,0.0,1,0,True,2.9441903,0.84843665,4.104526
2060137,1.0,0.0,1,0,True,3.7789721,0.7973357,5.247807
2060138,0.9915,0.0057,1,0,True,4.5488944,7.832756,5.9013143
2060139,1.0,0.0,1,0,True,3.9812205,0.5284353,5.526302
2060140,1.0,0.0,1,0,True,3.2189643,1.4327571,3.5369062
2060142,1.0,0.0,1,0,False,4.515479,0.8210247,5.6727376
2060479,1.0,0.0,1,0,False,4.2559752,1.3920286,5.898055
2060511,0.3688,0.6937,0,0,False,6.703099,9.966606,6.6763744
2060617,1.0,0.0,1,0,False,6.797578,2.3019893,5.567693
2060945,1.0,0.0,1,0,False,6.9379945,2.366693,5.035263
2060948,0.0,0.0,0,0,False,1.8089229,-0.46774727,0.7604618
2060949,0.0,0.0,0,0,False,1.7198929,-0.54455215,0.67637306
2060950,0.0,0.0,0,0,False,1.7438836,-0.5133166,0.7211701
2060951,0.0,0.0,0,0,False,1.7655507,-0.50809336,0.7948441
2060954,0.0,0.0,0,0,False,2.00118,-0.3497015,1.2258861
2065033,1.0,0.0,1,0,False,5.8620076,1.8216192,5.472474
2065036,1.0,0.0027,1,0,True,10.146595,16.374023,2.3472934
2065037,1.0,0.1222,1,0,False,9.452511,16.148249,2.508358
2065038,1.0,0.1158,1,0,False,9.489374,16.022795,2.6908548
2065044,1.0,0.0024,1,0,False,9.32079,17.195963,1.1840906
2065045,1.0,0.0017,1,0,False,9.266078,17.24994,1.108417
2065046,1.0,0.0003,1,0,True,9.233708,17.32803,1.0164154
2065047,1.0,0.0009,1,0,True,9.285447,17.24419,1.105398
2065048,1.0,0.0001,1,0,True,9.267906,17.286371,1.0638729
2065049,1.0,0.004,1,0,True,9.263612,17.2689,1.0787323
2065050,1.0,0.0001,1,0,True,9.263526,17.131983,1.2326946
2065051,1.0,0.0002,1,0,True,9.3027725,17.213707,1.1770352
2065052,1.0,0.0321,1,0,True,9.413755,16.88497,1.6643219
2065053,1.0,0.0001,1,0,True,9.192426,17.363655,0.96931165
2065054,1.0,0.0356,1,0,True,9.371161,16.667023,1.8837765
2065055,1.0,0.0078,1,0,True,9.38359,16.96053,1.5408789
2065056,1.0,0.0038,1,0,True,9.5124655,16.403671,2.2770884
2065199,0.0,0.0,0,0,False,-0.29426622,1.0329404,7.8619294
2065202,1.0,0.0,1,0,False,5.0606894,1.3419344,5.635802
2065203,0.4218,0.3456,0,0,False,4.534861,8.145725,6.330722
2065211,0.4301,0.7391,0,0,False,6.5178957,7.8238673,5.6807218
2066503,1.0,0.0,1,0,False,3.0922813,0.7980407,4.4842916
2066504,1.0,0.0,1,0,False,5.907539,2.0535774,6.2667284
2069608,1.0,0.0,1,0,False,4.430298,1.2054454,5.648427
2069609,1.0,0.0,1,0,False,3.716576,0.59075624,5.0352798
2070026,0.9665,0.0357,1,0,False,8.403261,6.7824054,4.981239
2070028,1.0,0.0,1,0,False,3.717319,0.71668524,4.5560913
2070057,1.0,0.0,1,0,False,5.7266326,1.601399,6.2502384
2070152,0.0076,0.2958,0,0,False,4.732234,7.5886297,6.5491176
2070180,1.0,0.0,1,0,False,5.6392813,1.3955175,5.940939
2070181,0.9958,0.0001,1,0,False,6.871758,2.5835192,4.4225683
2070182,1.0,0.0,1,0,False,7.303837,2.5363996,5.465827
2070183,0.9996,0.0004,1,0,False,7.6009974,2.8390203,5.0090895
2070184,1.0,0.0,1,0,False,8.163615,2.8808324,5.210795
2070185,1.0,0.0,1,0,False,7.643568,2.9342222,5.364021
2070186,1.0,0.0,1,0,False,7.224756,2.7444415,5.547545
2070187,1.0,0.0,1,0,False,6.303765,2.1109805,6.0950127
2070188,1.0,0.0,1,0,False,4.864278,1.0643411,5.5360394
2070189,0.0,0.0,0,0,False,-5.93117,5.318417,14.830589
2070190,0.6556,0.9966,0,1,False,5.555129,1.5893611,3.5367336
2070192,0.0,0.0,0,0,False,-5.9675493,5.2858453,14.809769
2070193,0.0,0.0,0,0,False,-5.690414,5.3100743,14.6793585
2070194,0.0,0.0,0,0,False,-5.913383,5.32178,14.82952
2070195,0.0,0.0,0,0,False,-5.8348665,5.3879766,14.884066
2070196,0.0,0.0,0,0,False,-5.7975698,5.26786,14.748261
2070197,1.0,0.0,1,0,False,4.2842097,1.5216845,5.3320436
2070198,1.0,0.0,1,0,False,6.504487,2.3563948,6.308313
2070199,1.0,0.0,1,0,False,3.496476,1.2886496,4.9531555
2070200,0.9999,0.0001,1,0,False,5.769459,2.226839,5.850631
2070201,0.456,0.4786,0,0,False,5.4191694,7.697256,5.9273076
2072024,1.0,0.6629,1,0,False,6.3817124,12.054852,6.117948
2072209,1.0,0.0,1,0,False,4.411742,1.4471573,5.9126697
2072797,1.0,0.0,1,0,False,5.157427,1.0099974,4.3037286
2073044,1.0,0.0,1,0,False,5.9143457,2.2835264,5.170606
2074132,1.0,0.0,1,0,False,4.8119764,1.1149083,6.101132
2074138,1.0,0.0,1,0,False,3.7754447,0.85461986,5.0168
2077134,0.9999,0.0001,1,0,False,8.015105,2.9641278,5.1818624
2077135,0.1662,0.9072,0,1,False,11.991257,3.7138205,3.2417912
2077150,0.7719,0.7421,0,0,False,8.781519,5.5953417,5.047188
2077296,1.0,0.0,1,0,False,4.6595674,1.5234938,5.0883822
2077298,1.0,0.0,1,0,False,6.2481165,5.609718,5.7292237
2077299,0.8219,0.2149,0,0,False,7.573824,6.1663604,5.297478
2077300,0.2181,0.8479,0,0,False,8.733691,16.227617,6.673299
2077302,1.0,0.0,1,0,False,5.4838853,1.9108013,6.0699625
2077303,1.0,0.0,1,0,False,3.818918,1.7945787,4.844594
2077304,0.7696,0.8066,0,0,False,6.9680357,8.115499,5.6265397
2077305,0.7974,0.9848,0,1,False,7.1426344,8.885597,5.8001766
2077306,1.0,0.0,1,0,False,5.985414,1.7973807,6.195343
2077307,1.0,0.0,1,0,False,5.218662,2.3213568,5.9402986
2079134,1.0,0.0,1,0,False,6.61258,2.3950593,5.8355765
2079148,1.0,0.0,1,0,False,3.8567448,0.9997895,5.5222383
2079262,1.0,0.0,1,0,False,4.6138873,1.0657742,5.6417885
2079275,0.6468,0.9862,0,1,False,6.0274453,1.6745665,3.0981414
2079276,1.0,0.0,1,0,False,4.037451,1.1093817,5.663388
2079278,0.0,0.0,0,0,False,3.395849,-1.8468626,7.133069
2079280,1.0,0.0002,1,0,False,7.9568896,2.1376383,5.713632
2079281,0.9995,0.0005,1,0,False,7.5739017,2.0688457,5.8277593
2079282,0.9999,0.0001,1,0,False,7.8538814,3.429777,5.502438
2079284,0.0,0.0,0,0,False,26.31746,7.591869,7.589377
2079285,0.1625,0.9166,0,1,False,11.153105,3.7578518,3.6801922
2079287,0.0103,0.9823,0,1,False,8.1609955,10.426421,5.516049
2079288,1.0,0.0,1,0,False,6.623126,1.7408535,6.4571204
2079289,0.407,0.8896,0,0,False,6.7486258,7.252351,5.6839027
2079290,1.0,0.0,1,0,False,7.5128803,2.9788413,5.568557
2079315,0.0,0.0,0,0,False,11.245167,-6.238371,0.21985494
2079317,0.9999,0.0001,1,0,False,7.1249123,3.1195889,5.5932164
2079340,0.9998,0.001,1,0,False,9.854502,1.8631616,4.280868
2079397,0.1695,0.9025,0,1,False,11.5385475,3.595156,3.4534786
2079413,0.9995,0.0005,1,0,False,7.678827,2.2068336,5.648992
2079415,0.9999,0.0001,1,0,False,9.700018,5.004912,3.9199605
2079417,1.0,0.0,1,0,False,6.2751255,1.55085,6.248579
2079426,1.0,0.0,1,0,False,4.8229847,1.1542683,4.8190465
2079427,0.9993,0.0007,1,0,False,8.096237,2.9430897,5.5515666
2079429,1.0,0.0,1,0,False,4.4911847,-0.19798206,3.273759
2079431,0.2936,0.6579,0,0,False,4.949533,6.846592,5.823717
2079432,1.0,0.0,1,0,False,4.4310994,1.0960946,5.953029
2079433,1.0,0.0,1,0,False,4.3896627,0.04810407,2.9950411
2079465,1.0,0.0,1,0,False,6.3520107,1.9997426,5.9280095
2079521,1.0,0.0,1,0,False,4.0612593,6.0768023,6.091062
2079534,0.5524,0.0001,0,0,False,5.666209,4.8994465,5.0549617
2079543,0.1349,0.8364,0,0,False,8.491753,11.285114,6.164692
2079544,0.0907,0.9578,0,1,False,8.32883,10.887719,5.797769
2079564,0.0,0.0,0,0,False,14.966015,1.7729031,1.9122999
2079570,0.292,0.9972,0,1,False,10.179475,5.1631126,4.1890717
2079581,0.5716,0.4284,0,0,False,8.2394905,4.7749734,5.150081
2079583,0.9843,0.0157,1,0,False,8.34583,3.165123,5.1232553
2079584,0.9839,0.0161,1,0,False,8.190879,3.4043467,5.0949426
2079598,0.8558,0.9731,0,1,False,7.0065956,9.059279,5.4731994
2079601,0.9998,0.0002,1,0,False,7.8252206,3.09539,4.741685
2079603,1.0,0.0,1,0,False,4.255386,1.2604731,5.8974333
2079604,0.9996,0.0004,1,0,False,6.7428823,3.2329936,5.712717
2079605,0.4377,0.6613,0,0,False,8.106485,12.008469,6.4129634
2080449,0.9993,0.0007,1,0,False,7.875879,3.0769193,5.258578
2080823,0.2782,0.8403,0,0,False,6.5512543,9.581568,6.2172036
2081603,1.0,0.0,1,0,False,4.351831,0.78812027,5.836609
2081604,0.3045,0.6777,0,0,False,1.3133222,0.23191033,3.3516185
2081627,0.0,0.0,0,0,False,25.429337,7.075304,7.9098487
2081631,1.0,0.0,1,0,False,3.984972,1.104274,4.9169135
2081950,0.111,0.8931,0,0,False,8.262416,11.313583,6.338984
2082585,1.0,0.0,1,0,False,6.399995,1.9141911,6.0211015
2082586,0.3578,0.6686,0,0,False,8.331948,12.880372,6.881976
2082658,0.5006,0.2449,0,0,False,5.9161115,10.212791,6.678426
2082665,0.9998,0.0002,1,0,False,7.0460258,2.335988,5.6821566
2082666,0.8462,0.1918,0,0,False,7.3838058,7.8757668,5.3386593
2082667,0.928,0.072,1,0,False,7.1052017,6.261632,5.6951675
2082668,0.9854,0.9966,1,1,False,7.2291965,8.253593,5.2819424
2083176,1.0,0.0,1,0,False,3.4259489,0.46280494,4.330906
2083198,0.0014,0.9991,0,1,True,9.19999,17.014145,6.7274036
2083199,0.0004,0.0021,0,0,True,7.965196,11.895132,6.767463
2086643,0.9997,0.0003,1,0,False,6.722749,2.6334352,5.9529896
2093224,0.7132,0.9981,0,1,False,4.674023,1.3178844,3.3013637
2093273,0.4183,0.7378,0,0,False,5.9155126,9.240229,5.6206927
2093274,0.8305,0.9634,0,1,False,6.4158254,9.78732,5.638765
2093275,1.0,0.0,1,0,False,4.632418,0.8429341,5.5149455
2093276,0.6778,0.2896,0,0,False,5.1277304,7.3505807,5.545924
2093496,1.0,0.0,1,0,False,4.9841695,1.244865,5.9569726
2093788,1.0,0.0,1,0,False,3.9523017,1.8748124,5.1049643
2093789,1.0,0.0,1,0,True,3.9790244,1.0780108,4.456108
2094116,0.9939,0.0108,1,0,True,5.3444195,15.551282,7.875927
2094136,0.0,0.0,0,0,False,13.904652,3.7750177,4.658216
2094139,0.1209,0.9379,0,1,False,12.728166,3.688863,5.0602617
2094144,0.9993,0.0007,1,0,False,8.24351,3.0761023,5.372888
2094187,0.9998,0.0002,1,0,False,7.454599,5.1282945,5.4972544
2094259,1.0,0.0,1,0,False,3.7996752,1.1338043,4.344034
2094260,1.0,0.0,1,0,False,5.8697414,1.5519462,5.999569
2094261,1.0,0.0,1,0,False,4.7190204,1.718287,5.858468
2094282,0.116,0.9054,0,1,False,6.6169314,9.553417,6.493468
2094713,0.8598,0.3128,0,0,False,5.807132,6.985302,5.916585
2094719,0.0694,0.9463,0,1,False,7.823059,6.443929,4.820728
2094725,1.0,0.0,1,0,False,3.4191544,0.83175343,5.136217
2094736,1.0,0.0,1,0,False,4.224618,1.3720034,4.575914
2099336,1.0,0.0,1,0,False,4.1715364,1.1465304,4.0745
2099338,0.9993,0.0007,1,0,False,5.8983703,2.8850603,5.343864
2099352,1.0,0.0,1,0,False,5.5197797,2.2910943,5.8308325
2099356,0.9423,0.994,1,1,False,6.9185123,9.0275545,5.80234
2099390,0.9994,0.0006,1,0,False,7.467165,2.7674375,5.430896
2099444,0.9994,0.0006,1,0,False,7.8200936,3.452631,5.511695
2099521,1.0,0.0,1,0,False,5.475239,1.7976595,5.8898196
2099585,0.9985,0.0015,1,0,False,9.433091,0.95753956,4.318931
2099624,0.9693,0.0331,1,0,False,8.140773,5.998443,5.126632
2099625,0.9712,0.0306,1,0,False,8.292972,6.1835074,5.1066685
2099637,0.0943,0.977,0,1,False,11.589722,3.3027735,4.3447976
2099648,0.9997,0.0003,1,0,False,7.2599134,2.9445493,5.775089
2099649,0.9996,0.0004,1,0,False,7.275104,2.2539985,5.552394
2099652,1.0,0.0,1,0,False,5.623188,1.5386776,6.2774935
2099658,1.0,0.0,1,0,False,5.4616175,1.9030882,6.3935
2099850,0.1266,0.1659,0,0,False,5.160699,7.5815535,6.1496468
2099852,1.0,0.0,1,0,False,4.1416354,0.6207175,5.5169587
2099853,0.5366,0.9801,0,1,False,9.39281,5.4144216,4.665672
2099860,0.9994,0.0006,1,0,False,7.6104345,3.3073797,5.5932894
2100130,1.0,0.0,1,0,False,3.3917341,1.0647947,4.400985
2100419,0.6318,0.0171,0,0,False,5.4012866,9.905526,6.83023
2107574,0.5126,0.7567,0,0,False,7.0800924,7.60327,5.4720216
2107707,0.9983,0.0017,1,0,False,8.643472,3.09561,5.334446
2107708,0.9994,0.0006,1,0,False,7.3598695,2.3587067,5.2918334
2107709,0.9977,0.0023,1,0,False,8.984222,3.7228992,4.8230133
2108109,0.0,0.0,0,0,False,1.9396544,-1.4814333,-0.9159189
2108111,0.0,0.0,0,0,False,1.8626505,-1.4498882,-0.9062694
2108115,0.0,0.0,0,0,False,4.733012,1.8618196,5.0761404
2108116,0.9747,0.9545,1,1,False,6.463663,6.3455386,5.5028124
2108120,0.3341,0.9691,0,1,False,10.204163,6.278173,4.2588425
2108121,0.0,0.0,0,0,False,14.382821,3.7400656,4.706061
2108123,0.3805,0.8933,0,0,False,9.060693,5.994247,4.7394233
2108127,0.3852,0.6746,0,0,False,8.75244,6.709609,5.033351
2108134,0.9476,0.0524,1,0,False,8.430484,4.880954,5.1970096
2108137,1.0,0.0,1,0,False,4.0264215,0.73640406,4.7792797
2108200,1.0,0.0,1,0,False,4.432217,0.8223233,5.5978103
2108201,1.0,0.0,1,0,False,4.011968,0.7843,5.5711865
2108204,1.0,0.0,1,0,False,4.8325415,1.0575501,5.473421
2108205,1.0,0.0,1,0,False,2.9962747,0.6285575,4.1727734
2108357,1.0,0.0,1,0,False,5.4141045,2.1252792,5.739182
2108359,0.1739,0.0289,0,0,False,5.6974597,9.767526,6.6828384
2108549,0.9996,0.0004,1,0,False,6.670565,2.3100119,5.665489
2108550,0.7535,0.2796,0,0,False,7.8823,6.2746425,5.252754
2108551,0.9988,0.0012,1,0,False,6.9780717,2.7366042,5.0304413
2108552,0.9993,0.0007,1,0,False,6.967769,1.969849,5.3719206
2109365,1.0,0.0,1,0,False,3.67795,0.94005847,4.60366
2109373,1.0,0.0,1,0,False,4.5328727,0.8185383,5.297899
2109374,1.0,0.0,1,0,False,4.826555,1.0390962,5.6811924
2109380,0.9224,0.0776,1,0,False,6.9378905,4.869721,5.5939445
2109587,1.0,0.0,1,0,False,3.1668751,0.8726907,4.4847045
2115848,1.0,0.0,1,0,False,5.9732666,1.2346742,6.0555267
2115967,0.597,0.4258,0,0,False,10.935954,3.0533724,3.238796
2116536,0.522,0.6561,0,0,False,8.712535,13.889368,6.7435374
2116559,1.0,0.0,1,0,False,4.8771605,1.802888,5.549008
2116560,0.8972,0.0529,0,0,False,4.6690874,7.675244,6.1863847
2116604,0.2169,0.2346,0,0,False,5.550009,8.100961,6.0886846
2116736,1.0,0.0,1,0,False,5.210746,1.433108,5.716949
2122733,0.6075,0.2539,0,0,False,6.4141145,10.303251,6.091353
2126099,0.5146,0.3676,0,0,False,8.491617,12.382933,6.716015
2126525,0.9988,0.0012,1,0,False,8.844554,2.7873633,5.1447005
2126722,0.5572,0.906,0,1,False,10.7873745,5.5947275,3.275079
2126724,1.0,0.0,1,0,False,3.1899447,0.692168,4.8276196
2126734,1.0,0.0,1,0,False,2.757486,0.97622025,3.5506234
2126803,1.0,0.0,1,0,False,4.3779135,1.1748762,5.5108123
2126812,0.0,0.0,0,0,False,24.492834,8.603247,7.7880516
2126816,0.5464,0.9015,0,1,False,10.62195,4.7865963,3.3103328
2126819,1.0,0.0,1,0,False,5.773745,1.8675315,3.6125643
2126925,0.9803,0.0669,1,0,False,10.772241,3.6447704,4.0715327
2126928,0.0,0.0,0,0,False,11.69896,7.6311555,6.074033
2126929,0.0,0.0,0,0,False,12.910329,7.621724,6.6035004
2126933,0.0,0.0,0,0,False,11.042165,5.6343374,1.8920203
2126943,0.2435,0.97,0,1,False,9.2920885,7.00014,3.7986794
2126952,0.121,0.9379,0,1,False,12.637439,3.6794775,5.065821
2126954,0.9672,0.034,1,0,False,10.804809,2.7598765,4.5062785
2126984,0.7432,0.3085,0,0,False,6.1233344,10.293437,6.603325
2136179,1.0,0.0,1,0,False,4.785955,0.9649484,5.8977184
2136283,0.2017,0.2456,0,0,False,6.35714,7.793803,5.7450633
2137161,0.0057,0.9833,0,1,True,5.4906383,9.041337,6.387924
2137352,1.0,0.0,1,0,False,3.4686687,0.49074772,5.187331
2137353,0.3334,0.7225,0,0,False,7.7768908,7.3546925,4.9198723
2137354,0.9965,0.0003,1,0,False,7.7958417,2.8192635,4.5416794
2137745,0.9996,0.0004,1,0,False,6.647156,1.8730377,5.9454155
2137858,1.0,0.0,1,0,False,3.952014,1.1924756,4.7500124
2138299,1.0,0.0,1,0,False,4.373284,1.4026152,4.7905893
2144176,0.6814,0.2868,0,0,False,3.215923,0.9057755,3.8479028
2144178,0.9997,0.0003,1,0,False,6.4486465,2.134334,6.0748553
2152567,0.429,0.898,0,0,False,6.447859,8.830289,5.7358775
2152919,1.0,0.0,1,0,False,4.9428215,1.2229034,5.081745
2152923,0.9992,0.0008,1,0,False,7.7061605,3.2064145,5.4823318
2153295,0.2532,0.7752,0,0,False,8.065655,7.059382,4.966115
2161784,0.6023,0.965,0,1,False,8.640517,9.044177,5.121981
2161803,0.2233,0.9279,0,1,False,6.8037915,9.007938,6.126677
2161807,0.9277,0.0723,1,0,False,6.9873805,5.2288685,5.3847904
2161809,0.0391,0.8377,0,0,False,7.6867185,10.8638935,5.9247932
2162638,1.0,0.0,1,0,False,5.336225,1.7502621,5.872684
2162642,0.9154,0.0502,1,0,False,4.6765175,7.6076775,6.1412673
2163422,0.4352,0.6503,0,0,False,6.402432,10.51288,6.6219525
2163590,0.0,0.0,0,0,False,14.662289,3.8721135,4.6477585
2163591,0.0,0.0,0,0,False,24.621517,8.497564,7.713718
2163593,0.0,0.0,0,0,False,25.315628,7.1452465,7.944072
2163598,0.9727,0.0281,1,0,False,10.952647,3.251648,4.4501143
2163605,1.0,0.0,1,0,False,4.0608587,0.86336946,5.4017687
2163630,0.888,0.112,0,0,False,5.880053,2.5295153,5.364983
2163631,0.9997,0.0003,1,0,False,6.4839664,1.9279122,5.6828823
2163633,1.0,0.0,1,0,False,3.5732067,0.778408,4.7196636
2163634,0.9993,0.0007,1,0,False,6.3110833,1.7976402,6.0213256
2163635,0.9995,0.0005,1,0,False,6.4677367,1.8370684,4.97422
2163636,0.999,0.001,1,0,False,6.5823884,2.3280835,5.631593
2163886,0.2528,0.7472,0,0,False,5.43577,1.6180046,4.012846
2163887,1.0,0.0,1,0,False,3.8234246,0.7890866,4.5261865
2163889,1.0,0.0,1,0,False,3.703002,0.9547553,4.6586695
2163890,1.0,0.0,1,0,False,3.554761,0.9881244,4.86305
2163891,1.0,0.0,1,0,False,4.3834977,0.62393874,5.554528
2163901,0.8856,0.0831,0,0,False,5.0925727,0.18260354,4.663658
2163916,1.0,0.0,1,0,False,3.210276,0.6758778,4.2516456
2163965,0.9997,0.0003,1,0,False,6.107097,2.0766861,5.9508443
2163970,0.999,0.001,1,0,False,7.1998916,2.3806677,5.635107
2163976,0.211,0.8463,0,0,False,7.755126,7.0824084,5.2467904
2163978,1.0,0.0,1,0,False,4.7717867,0.7367645,5.6004853
2163979,0.5489,0.6544,0,0,False,5.9425664,8.380021,5.9467726
2163982,0.9993,0.0007,1,0,False,6.9977,2.3427017,5.213266
2163983,0.9991,0.0009,1,0,False,6.80874,2.1126518,5.6638436
2163984,0.9984,0.0016,1,0,False,7.041208,2.5010397,5.5669856
2163985,0.9995,0.0005,1,0,False,5.9680557,1.3714695,5.627731
2163996,0.9999,0.3863,1,0,False,7.266491,18.760666,6.633872
2169479,0.5502,0.436,0,0,False,3.4906504,0.87075865,3.2913227
2169693,1.0,0.0,1,0,False,4.443436,0.79491436,5.3978705
2169701,0.0009,0.9991,0,1,True,5.7654924,2.4395862,4.937265
2169709,0.9992,0.0008,1,0,False,7.2244253,2.3345284,5.548059
2169725,0.9999,0.0001,1,0,False,4.625157,1.1370935,5.7864547
2169726,1.0,0.0,1,0,False,4.5659437,1.6069179,4.7781568
2169727,0.6472,0.3268,0,0,False,2.0877008,1.2295413,3.0813913
2169728,0.6472,0.3268,0,0,False,1.8164502,1.2004467,2.9460268
2169733,0.002,0.9988,0,1,False,11.2354355,19.28405,6.947786
2169734,0.0018,0.9989,0,1,False,11.5527,19.72012,6.624361
2169736,0.0027,0.9984,0,1,False,9.952312,17.686493,6.508867
2169747,0.4933,0.6681,0,0,False,6.6700425,11.009755,6.780041
2169757,1.0,0.0,1,0,False,4.3513193,1.2815179,5.094346
2169823,0.0202,0.8065,0,0,False,8.414858,11.173226,6.160965
2169824,0.9999,0.0001,1,0,False,6.049922,2.1010337,5.8999557
2169825,1.0,0.0,1,0,False,5.642392,1.2645494,5.5494494
2169841,0.9835,0.0165,1,0,False,6.669103,2.2437966,5.2326317
2169855,1.0,0.0,1,0,True,4.0309644,1.3154469,5.224003
2169856,0.9995,0.0005,1,0,False,5.7990837,1.8854213,5.7728434
2169876,1.0,0.0,1,0,False,5.210249,0.6167108,5.6563325
2169877,0.9359,0.7739,1,0,False,7.2965446,8.545009,5.4473095
2169894,1.0,0.0,1,0,False,3.8606818,1.2980385,4.418808
2169902,1.0,0.0,1,0,True,4.002182,0.9011118,4.040284
2169903,0.0562,0.1408,0,0,False,5.531877,8.377561,5.886588
2169904,0.0858,0.8758,0,0,False,8.057915,10.512628,6.0391073
2169919,0.6202,0.7285,0,0,False,5.998321,8.966972,5.9753823
2169932,0.9999,0.0001,1,0,False,5.0501056,1.4726462,5.6699667
2169933,0.9997,0.0003,1,0,False,5.440969,2.0674775,5.543469
2169934,1.0,0.0,1,0,True,5.5883865,1.2747351,4.902131
2169935,1.0,0.0,1,0,True,5.1798553,0.9844445,5.508791
2169936,1.0,0.0,1,0,True,4.7950063,0.8148296,5.7544665
2169971,1.0,0.0,1,0,False,3.8708847,1.035811,4.733036
2169984,0.9997,0.0003,1,0,False,6.257998,1.3890518,5.6342535
2169985,0.9998,0.0002,1,0,False,6.613894,1.7483609,5.834657
2169986,0.9999,0.0001,1,0,False,6.227091,2.2855334,5.6163716
2169987,0.9995,0.0005,1,0,False,5.382576,2.1987133,5.359844
2169991,0.0694,0.9823,0,1,True,5.828704,6.202772,6.075946
2169998,0.1449,0.8645,0,0,False,7.935596,3.3700743,3.9172738
2170000,0.9999,0.0001,1,0,False,6.3874316,1.9651585,5.638666
2170100,0.9991,0.0009,1,0,False,6.586295,2.2990625,5.599259
2170101,1.0,0.0,1,0,False,6.019928,2.345738,4.4723067
2170102,1.0,0.0,1,0,False,3.879937,0.9148031,4.761455
2170103,0.1504,0.9862,0,1,False,6.794199,10.31772,6.057076
2170105,0.9999,0.0001,1,0,False,5.8384533,1.4321171,5.2662134
2170106,0.4633,0.5367,0,0,False,6.531345,2.5368304,5.0699005
2170107,1.0,0.0,1,0,False,5.8150873,0.9340098,5.6664696
2170108,0.9991,0.0009,1,0,False,6.178551,2.740858,5.4457235
2170109,0.9999,0.0001,1,0,False,5.658742,1.3469074,5.796158
2170110,1.0,0.0,1,0,False,6.5397077,1.9819587,5.7730126
2170111,0.0369,0.9089,0,1,False,8.166455,10.718337,6.146466
2170112,0.6059,0.776,0,0,False,6.392325,6.6381865,6.187031
2170113,1.0,0.0,1,0,True,6.5884895,2.2418752,5.7737517
2170114,0.9991,0.0009,1,0,True,6.463102,1.9344237,5.038065
2170115,0.999,0.001,1,0,False,6.617273,1.7638351,5.5700393
2170116,0.1222,0.8778,0,0,False,6.342013,2.1263893,4.7469945
2170117,0.6998,0.3002,0,0,False,5.054136,1.5451087,3.8875687
2170119,0.0221,0.9779,0,1,False,6.2468505,4.3490925,5.3896236
2170120,0.0646,0.9354,0,1,False,6.4732766,2.0175536,5.0420694
2170121,0.9901,0.0099,1,0,False,6.2554502,1.445068,5.404595
2170122,0.1803,0.8197,0,0,False,6.4085903,2.928053,5.1577272
2170123,0.9973,0.0027,1,0,False,6.695848,1.893179,5.607961
2170124,0.9996,0.0004,1,0,False,6.685708,2.1212225,5.3117948
2170125,0.997,0.003,1,0,False,6.45621,2.1048014,5.5273266
2170126,0.9985,0.0015,1,0,False,6.610228,1.862319,5.5167713
2170130,0.9994,0.0006,1,0,False,6.555285,1.9203565,5.800592
2170132,0.0421,0.6504,0,0,False,7.134387,10.080739,6.704364
2170135,1.0,0.0,1,0,False,4.9244647,0.7003024,5.3839793
2170139,0.2618,0.4195,0,0,False,4.788925,5.6372113,5.623791
2170194,1.0,0.0,1,0,False,5.0653634,1.473644,5.1654744
2170195,0.0044,0.0094,0,0,True,5.36841,7.7747445,6.216149
2170197,0.0,0.0,0,0,True,3.728279,1.6948541,4.5103216
2170198,0.3106,0.3119,0,0,False,4.50512,5.587579,5.8968806
2170199,0.2186,0.1605,0,0,False,5.2652583,7.5986314,6.038213
2170200,1.0,0.0,1,0,False,4.0561204,0.9603395,4.9975724
2170201,1.0,0.0,1,0,False,4.287527,0.9287173,4.5289416
2170203,0.1007,0.1915,0,0,False,5.559773,8.294942,5.971439
2170204,0.9994,0.0006,1,0,False,4.705003,1.106255,5.1866093
2170205,0.6804,0.7872,0,0,False,5.6511827,7.4437256,6.28517
2170206,0.945,0.0397,1,0,False,4.6675477,7.4146953,6.485665
2170211,0.5672,0.1776,0,0,False,6.0278983,7.5738797,5.836871
2170238,0.1595,0.6229,0,0,False,6.0490446,9.376398,6.518633
2170240,0.5724,0.2014,0,0,False,5.9587,7.7382545,5.789283
2170402,0.4059,0.5063,0,0,False,5.7707534,1.6510398,4.3765235
2170403,0.9999,0.0001,1,0,False,4.595294,0.9983638,5.078817
2170404,0.9932,0.0019,1,0,False,7.099828,11.382229,6.647689
2170405,0.988,0.012,1,0,False,3.4626265,1.0851011,4.4370465
2170408,0.3037,0.9787,0,1,False,6.406516,9.335752,6.638819
2170409,1.0,0.0,1,0,False,4.609019,0.7543962,5.773518
2170410,0.0498,0.1755,0,0,False,7.9671736,11.455121,6.4060106
2170411,0.1595,0.2684,0,0,False,5.318339,7.296903,5.9198074
2170423,0.0712,0.1093,0,0,False,5.4247227,9.294566,6.610579
2170538,0.9863,0.0137,1,0,False,5.946587,1.3108681,5.2652793
2170544,0.9906,0.0094,1,0,False,6.526469,1.8209822,5.3638287
2171394,0.0,0.0,0,0,False,3.4161294,0.93692183,4.2854733
2172042,1.0,0.0,1,0,False,4.010853,0.81775546,5.483518
2173168,1.0,0.0,1,0,False,4.2472854,0.57872987,5.1633797
2175117,0.9999,0.0001,1,0,False,3.438405,0.87713736,3.9434106
2175118,1.0,0.0,1,0,False,4.8933845,1.0630804,5.217722
2175169,0.9998,0.0002,1,0,False,5.634996,1.1632077,5.3289065
2175329,0.9999,0.0001,1,0,False,5.126915,1.7885122,5.493186
2175605,1.0,0.0,1,0,False,3.527387,0.9727553,4.7476087
2175687,1.0,0.0,1,0,False,3.5524755,0.8431104,4.0141444
2175688,1.0,0.0,1,0,False,4.1269517,0.7391319,5.031655
2178923,0.9836,0.0164,1,0,False,11.235129,3.3911765,3.4319034
2178927,0.0,0.0,0,0,False,2.35637,-0.44862926,1.9904386
2178928,0.9984,0.0016,1,0,False,5.3770127,1.550121,5.713901
2178932,1.0,0.0,1,0,False,5.207292,1.0042027,5.719526
2182319,0.0,0.0,0,0,False,13.584628,6.3666477,9.139631
2182341,0.0873,0.9787,0,1,False,11.963408,3.6237373,4.426385
2182345,0.9905,0.0095,1,0,False,5.9875903,1.2002652,5.3182673
2182346,1.0,0.0,1,0,False,4.101855,0.7492305,4.7691827
2182347,0.216,0.8538,0,0,False,10.996817,5.749816,4.356838
2182349,0.9357,0.065,1,0,False,11.86227,2.1143568,3.662942
2182350,0.4897,0.5103,0,0,False,8.420862,2.5389059,5.4666553
2182354,0.0226,0.9774,0,1,False,10.299377,3.2792726,4.436947
2182357,0.3312,0.7145,0,0,False,10.909243,3.1598172,3.8168294
2182358,0.9839,0.0161,1,0,False,8.3888645,3.621575,5.1820974
2182360,0.9261,0.0739,1,0,False,7.8201895,2.6581967,5.42592
2182393,0.0,0.0,0,0,False,25.79904,7.142296,7.2327437
2182394,0.0,0.0,0,0,False,25.419807,7.0515327,8.004896
2182395,0.1736,0.898,0,0,False,11.536462,3.5732143,3.3819985
2182397,0.0374,0.9275,0,1,False,8.319241,10.160578,5.7500186
2182398,0.0,0.0,0,0,False,25.542046,6.96271,7.942558
2182403,0.0,0.0,0,0,False,11.59804,6.444397,2.5293534
2182408,0.1018,0.8934,0,0,False,8.580612,11.556686,6.1213365
2182467,0.8317,0.1643,0,0,False,5.557282,6.783351,5.8567963
2182585,0.0021,0.9988,0,1,False,11.488599,19.413828,6.7359257
2184051,0.9998,0.0002,1,0,False,4.3280063,1.0720289,4.282449
2184265,0.9894,0.0106,1,0,False,3.2289925,-0.08702099,2.8189096
2184469,0.9328,0.9729,1,1,False,6.456591,8.792765,6.13827
2184699,0.0,0.0,0,0,False,11.235612,-6.2368197,0.22028293
2184749,0.9988,0.0012,1,0,False,5.812429,1.7053318,5.1387863
2185086,0.9983,0.0017,1,0,False,6.2787685,2.0200307,5.708615
2185087,0.9999,0.0001,1,0,False,4.928294,1.0436798,5.145783
2185281,0.9901,0.0099,1,0,False,5.952046,1.6998284,5.702304
2200716,0.9983,0.0017,1,0,False,5.909933,1.2412767,5.3952184
2200756,0.979,0.021,1,0,False,6.6170144,2.6803932,5.87
2200830,0.0172,0.9851,0,1,True,8.646558,15.955086,6.7499275
2200955,0.9999,0.0001,1,0,False,4.813442,1.6834103,5.09537
2200956,1.0,0.0,1,0,True,4.398976,0.20995326,5.1189346
2200957,1.0,0.0,1,0,True,3.2522106,0.6369698,4.391728
2200958,1.0,0.0,1,0,True,3.3168354,0.9926539,3.9570277
2200959,1.0,0.0,1,0,True,3.4932232,0.56651944,4.359298
2201042,1.0,0.0,1,0,False,5.0991874,1.1292458,4.855957
2201417,1.0,0.0,1,0,False,3.6439047,0.74075377,4.6522923
2201420,0.9704,0.0296,1,0,False,7.907289,2.6622305,5.178729
2201421,0.2013,0.919,0,1,False,9.22913,7.008558,4.960561
2201424,0.0,0.0,0,0,False,10.760264,0.36829078,2.4639995
2201426,0.0,0.0,0,0,False,13.599589,4.4270997,2.41262
2201427,0.8071,0.2112,0,0,False,11.073913,3.6471703,4.2176266
2201430,1.0,0.0013,1,0,False,8.747478,3.1197603,4.309558
2201431,0.3381,0.9949,0,1,False,9.822558,5.160928,4.3512263
2201435,0.9161,0.0857,1,0,False,11.230496,2.5596175,3.8650851
2201436,0.119,0.9397,0,1,False,11.69384,3.1023328,5.1679106
2201437,0.0,0.0,0,0,False,10.242398,7.135245,4.8777847
2201442,0.0,0.0,0,0,False,10.029907,7.1284227,4.875263
2201444,0.0874,0.9687,0,1,False,11.844479,4.133594,4.7899156
2201455,0.9796,0.0218,1,0,False,9.333225,3.1782272,5.320637
2201462,0.9179,0.0821,1,0,False,6.762993,2.4367242,5.04693
2201472,0.6476,0.3527,0,0,False,8.691391,2.5313687,3.759967
2202225,0.0988,0.8818,0,0,False,7.5944457,9.955668,6.0319877
2202247,1.0,0.0,1,0,False,4.624914,0.65690714,4.897936
2202565,0.5214,0.7459,0,0,False,8.501856,2.25856,3.2695076
2202647,0.5209,0.8327,0,0,False,6.862778,8.289162,5.4672737
2202649,0.005,0.995,0,1,False,7.548467,4.3719287,4.692328
2203191,0.9786,0.023,1,0,False,8.174561,2.5501099,3.5005174
2204155,0.6792,0.6397,0,0,False,7.45067,7.351299,5.515653
2212477,0.9999,0.0001,1,0,False,4.3572497,0.48152038,5.3511558
2213167,0.9712,0.0271,1,0,False,6.4523783,1.9528311,4.1998887
2213168,0.0011,0.0233,0,0,False,5.279111,1.5759683,3.6892822
2218588,1.0,0.0,1,0,False,4.2930245,0.7376726,5.029402
2218594,0.4141,0.1533,0,0,False,5.13731,7.6876607,5.8309712
2218611,0.8499,0.2186,0,0,False,7.1229944,5.92542,4.868851
2218612,0.6339,0.3661,0,0,False,6.6497335,2.4835122,4.6801596
2218617,0.9882,0.0132,1,0,False,8.271206,2.7636418,3.6326382
2218618,0.0612,0.9388,0,1,False,7.225364,1.8615767,4.1357946
2218619,0.6348,0.9984,0,1,False,8.963275,5.0312314,4.5116377
2218620,0.3881,0.9187,0,1,False,8.833399,6.5200295,4.5652075
2219036,0.2553,0.8645,0,0,False,7.5934505,10.926247,5.437099
2219046,0.7119,0.2537,0,0,False,5.5619907,7.1612406,6.121083
2219047,0.863,0.137,0,0,False,6.106502,2.3972607,5.051502
2219052,0.9208,0.0792,1,0,False,6.129616,1.586906,5.2569647
2219053,0.4203,0.5797,0,0,False,6.4533257,2.554095,5.2737617
2219092,0.158,0.842,0,0,False,6.6191864,2.2517872,4.8552427
2219105,0.7073,0.2927,0,0,False,5.735327,1.9555515,4.837545
2219106,0.4709,0.8631,0,0,False,6.277485,8.69142,6.334101
2219107,0.4231,0.8529,0,0,False,6.4512625,8.552754,6.2584767
2219108,0.4383,0.8484,0,0,False,6.4790277,8.837922,6.2768984
2219109,0.9461,0.0539,1,0,False,5.359323,1.4930435,4.6302376
2219110,0.888,0.112,0,0,False,5.2657146,1.39157,4.575571
2219111,0.0,1.0,0,1,False,8.59408,3.4637437,3.0419965
2219113,0.5726,0.5763,0,0,False,7.5723286,6.28906,5.1977863
2219114,0.0,1.0,0,1,False,8.416561,3.484945,3.141408
2219115,0.0159,0.9841,0,1,False,7.0978494,1.7276397,5.1918297
2219116,0.0855,0.9004,0,1,False,8.266739,11.0336075,5.767777
2219118,0.0,1.0,0,1,False,8.499334,3.6100426,3.2655547
2219120,0.0,1.0,0,1,False,8.408118,3.8833232,3.2569096
2219121,0.0,1.0,0,1,False,8.462027,3.563061,3.3423712
2219123,0.0278,0.9722,0,1,False,7.276205,2.5201874,4.482215
2219124,0.0,1.0,0,1,False,8.626012,3.600952,3.0505927
2219125,1.0,0.0016,1,0,False,7.7597876,5.8428545,4.715628
2219127,0.0102,0.9898,0,1,False,7.3877573,3.250931,5.155503
2219132,0.0,1.0,0,1,False,8.428246,3.3558495,3.1414764
2219133,1.0,0.0,1,0,False,2.9665303,0.74020916,4.0347466
2219134,1.0,0.0,1,0,False,3.4924328,0.8517259,4.3660297
2219135,1.0,0.0,1,0,False,3.6938763,0.508225,4.928257
2219136,1.0,0.0,1,0,False,3.6472652,1.0567753,4.377231
2219137,0.9998,0.0002,1,0,False,4.027627,0.6376749,4.792657
2219138,0.0065,0.9935,0,1,False,6.177169,1.8703381,5.0403495
2219139,1.0,0.0,1,0,False,4.6104913,0.6130831,4.69365
2219141,0.9383,0.0617,1,0,False,6.1140456,1.3344169,4.81589
2219142,1.0,0.0,1,0,False,3.6281266,0.7282272,4.212993
2219143,0.0066,0.9934,0,1,False,6.5374255,1.7977674,4.2822824
2219217,0.9999,0.0001,1,0,False,4.1351137,0.92452854,4.2471056
2219873,0.2199,0.7801,0,0,False,6.5752125,2.2785816,5.4185266
2219997,0.3914,0.2254,0,0,False,4.017784,6.4425917,5.5011277
2219998,0.8597,0.194,0,0,False,1.8380053,-3.4900434,5.442847
2220002,0.9997,0.0053,1,0,False,7.2722764,13.13361,6.6719
2220003,0.0104,0.9896,0,1,False,6.9341383,2.848078,4.526656
2230896,0.0,1.0,0,1,False,8.402254,3.5414999,3.0520415
2230897,0.0,1.0,0,1,False,8.228133,4.1774983,3.600204
2230898,0.0,1.0,0,1,False,7.9283533,4.832312,4.2971153
2230899,0.0,1.0,0,1,False,8.429774,3.6258302,3.2442238
2230900,0.0088,0.9912,0,1,False,7.1729164,2.5931547,4.694826
2230910,0.9931,0.0069,1,0,False,5.843416,1.4281119,5.2628045
2231327,0.8173,0.1731,0,0,False,3.1868722,-2.594703,5.8244047
2231334,1.0,0.0,1,0,False,10.092162,0.27517644,3.3516045
2231336,1.0,0.0,1,0,False,10.105808,0.22133552,3.3299387
2231342,0.0,0.0,0,0,False,-3.10652,5.4687686,4.3953524
2231343,0.0,0.0,0,0,False,-3.2535155,5.5428095,4.348179
2231345,0.0,0.0,0,0,False,-3.189921,5.482364,4.42025
2231347,0.0,0.0,0,0,False,7.0860643,3.3966613,4.1367793
2231351,1.0,0.0,1,0,False,5.8227024,0.67518926,2.7515855
2231352,0.0,0.0,0,0,False,-3.220441,5.534121,4.347358
2231354,0.6649,0.3563,0,0,False,4.3460608,1.6398808,-0.095151395
2231355,0.0,0.0,0,0,False,-3.1999013,5.6247935,4.2814264
2231356,0.0,0.0,0,0,False,-3.2794704,5.5163164,4.389873
2231362,0.0,0.0,0,0,False,-3.2601795,5.5533466,4.3437004
2231646,0.527,0.5598,0,0,False,6.5891523,10.941743,6.198695
2233775,0.5428,0.4572,0,0,False,6.111666,1.4529794,5.156775
2233992,0.9996,0.0004,1,0,False,4.9574556,0.9035229,5.2785773
2233993,0.3209,0.6982,0,0,False,4.2098293,1.3111664,3.7622955
2234035,0.9999,0.0001,1,0,False,4.6210485,0.9803694,4.681711
2234047,0.9925,0.0075,1,0,False,5.3778634,1.1934738,5.6002426
2234080,1.0,0.0,1,0,False,3.4787772,0.5172864,4.1306796
2234086,1.0,0.0,1,0,False,3.5588603,0.8222816,4.6207657
2234092,0.5582,0.4418,0,0,False,7.4316998,2.4083214,4.5877123
2234093,0.9958,0.0042,1,0,False,7.269698,2.0330257,3.8817043
2248769,1.0,0.0,1,0,False,3.5139391,1.128968,4.3133245
2248770,0.9999,0.0001,1,0,False,4.725986,0.9077949,4.8094883
2249765,0.0,0.0,0,0,False,-5.942444,5.3108253,14.835054
2249767,0.0,0.0,0,0,False,-5.980017,5.2656035,14.78522
2249773,0.0174,0.9826,0,1,False,5.919271,2.2339878,4.6438317
2249777,0.0,0.0,0,0,False,-6.006308,5.247021,14.781869
2249778,0.0,0.0,0,0,False,-5.904198,5.3494,14.848236
2249779,0.6687,0.9945,0,1,False,5.3897433,1.462291,3.5778582
2249780,0.0,0.0,0,0,False,-5.840792,5.3514843,14.775957
2249930,0.3438,0.9958,0,1,False,7.723201,9.435778,5.5043197
2249932,0.0868,0.9896,0,1,False,7.2716427,10.61179,5.7015133
2249933,0.2124,0.9274,0,1,False,7.7760353,10.933987,5.5968432
2249941,0.9952,0.0048,1,0,False,7.81823,4.072201,4.747784
2250214,1.0,0.0,1,0,False,4.454919,0.6346865,4.737373
2250215,0.0159,0.9841,0,1,False,5.9734225,2.7922122,5.0664544
2250289,0.3331,0.9612,0,1,False,9.566903,6.817393,4.7264476
2250291,0.0883,0.9786,0,1,False,12.141852,3.704812,4.567764
2250309,0.5312,0.8927,0,0,False,10.804083,5.128776,3.1638474
2250319,0.9998,0.0016,1,0,False,10.329911,3.4913528,4.3909426
2250320,0.1924,0.8788,0,0,False,10.947432,5.200755,4.2007303
2250322,0.9976,0.9908,1,1,False,9.017929,14.837318,6.618968
2250323,0.9336,0.1041,1,0,False,10.436719,4.34787,3.8530235
2250335,0.9999,0.0001,1,0,False,4.740002,0.48313573,4.8210196
2250336,0.9999,0.0001,1,0,False,4.6224785,0.21611875,4.4783077
2250352,0.0,0.0,0,0,False,11.039224,5.5621204,1.941543
2250355,0.0,0.0,0,0,False,14.685967,3.8142443,4.6781225
2250364,0.0,0.0,0,0,False,25.609636,7.008456,7.7741585
2250367,0.0,0.0,0,0,False,25.13476,7.460439,7.6629643
2250368,0.0,0.0,0,0,False,18.68321,11.816899,1.9259233
2250371,0.0,0.0,0,0,False,10.7760515,5.589298,2.0926347
2250389,0.0,0.0,0,0,False,18.665932,11.803297,1.9329388
2250390,0.0,0.0,0,0,False,-0.8774406,0.81146985,8.154492
2250392,0.9859,0.0141,1,0,False,6.025747,1.1676079,4.166109
2250394,0.0,0.0,0,0,False,-0.7216998,0.8902124,8.048007
2250396,0.0,0.0,0,0,False,14.904154,1.813171,1.9097283
2250397,0.9911,0.0089,1,0,False,5.902679,1.2220196,3.9364662
2250409,0.0,0.0,0,0,False,18.668573,11.802966,1.9322621
2250412,0.0,0.0,0,0,False,8.708583,8.598517,6.8609614
2250414,0.9985,0.0027,1,0,False,8.95434,3.1613073,4.1582313
2250416,0.0,0.0,0,0,False,9.39623,3.6281905,5.1297946
2250417,0.0,0.0,0,0,False,12.984607,5.6675577,4.696186
2250422,0.087,0.9787,0,1,False,11.840728,3.6122952,4.6107235
2259331,1.0,0.0,1,0,True,3.8963416,1.0939746,4.673008
2259332,0.9566,0.0571,1,0,True,8.423105,13.637032,6.747705
2259334,1.0,0.0,1,0,True,3.0335758,0.544208,4.17834
2259343,1.0,0.0,1,0,True,3.8552153,0.71223813,4.1669817
2259540,1.0,0.0,1,0,False,3.926395,0.53861684,4.4998636
2259728,0.0279,1.0,0,1,True,4.992742,9.440226,7.971177
2259807,0.9996,0.0004,1,0,False,5.6521444,0.4737807,4.492882
2267236,0.9981,0.0019,1,0,False,4.6014204,2.0054088,5.0752897
2267237,0.9987,0.0013,1,0,False,5.4597087,1.2089291,4.5659328
2267403,0.8721,0.1279,0,0,False,5.952989,1.3669775,5.233988
2267653,0.0202,0.9798,0,1,False,6.2935295,2.227893,5.2256536
2267655,0.0102,0.9898,0,1,False,7.7036014,3.0711794,4.8977013
2267679,0.1956,0.6518,0,0,False,3.092096,1.3961424,4.026285
2268125,0.9777,0.0223,1,0,False,4.849851,1.5633703,5.1769266
2268393,1.0,0.0,1,0,False,4.4178405,0.74698156,5.110925
2268396,0.9961,0.0039,1,0,False,5.6816287,0.8860973,5.155416
2268578,0.9998,0.0002,1,0,False,5.059717,1.0774854,4.2866964
2268587,0.0572,0.9428,0,1,False,7.4532576,2.6909952,4.4451904
2268589,0.8098,0.1902,0,0,False,6.1043715,2.2006273,4.8745055
2268591,0.0748,0.9252,0,1,False,6.740352,1.4110082,5.297825
2268607,0.999,0.0,1,0,False,2.8110015,0.31015286,4.146058
2268608,0.0,0.0,0,0,False,1.7207967,-0.56893474,0.69799846
2268609,0.999,0.0,1,0,False,2.78006,0.20394303,4.0995145
2268610,0.0419,0.9978,0,1,False,5.711453,1.5233605,3.0883749
2268621,0.999,0.0,1,0,False,2.8112838,0.38586795,4.2533183
2268743,0.976,0.7631,1,0,False,8.276981,5.383312,4.6761713
2269360,0.0097,0.9963,0,1,True,8.334629,10.0828705,6.1230416
2269366,0.0,0.0,0,0,False,2.4187698,-0.52850556,2.0669231
2269380,0.2766,0.8419,0,0,False,7.6986275,6.674578,5.248607
2282196,1.0,0.0,1,0,False,3.80676,0.37911654,4.42471
2282206,0.5809,0.6166,0,0,False,5.756447,8.812721,6.092931
2282396,0.4584,0.0,0,0,False,5.9857078,2.020714,4.5658755
2282409,0.9475,0.0716,1,0,False,7.7536607,8.793506,5.3268995
2282412,0.0,0.0,0,0,False,7.089191,2.4972174,4.2690153
2282485,0.0025,0.9985,0,1,False,10.9081135,18.860361,6.6341467
2282629,0.0,0.0,0,0,False,-0.7209269,2.9203277,5.929714
2282630,0.0,0.0,0,0,False,-0.5055512,2.8813775,5.8668504
2282631,0.0,0.0,0,0,False,4.816323,5.13166,9.008524
2282642,0.0175,0.9825,0,1,False,6.6912246,1.9824238,4.444134
2282643,0.4299,0.907,0,1,False,7.582399,8.805297,5.233663
2282644,1.0,0.0,1,0,False,4.433986,0.7365433,5.044344
2282645,1.0,0.0,1,0,False,3.8435462,0.5689764,4.542555
2282646,0.9963,0.0037,1,0,False,5.06033,1.118541,4.807145
2282904,0.6399,0.3805,0,0,False,10.620162,2.7553916,3.1842883
2282909,0.0,0.0,0,0,False,25.31088,6.9986405,8.076663
2282910,0.0875,0.9787,0,1,False,12.171193,3.4406657,4.618681
2282912,0.2847,0.7153,0,0,False,7.786844,3.1742134,4.9183855
2283012,0.9999,0.0001,1,0,False,5.000614,1.0871044,4.093705
2283013,1.0,0.0,1,0,False,3.084851,0.9211066,4.042615
2283015,1.0,0.0,1,0,False,5.0082035,0.95969844,3.4331853
2283025,0.0372,0.9628,0,1,False,7.653301,2.267023,4.979142
2283026,0.0378,0.9622,0,1,False,7.7282715,2.2896764,4.862402
2283027,0.037,0.963,0,1,False,7.5094624,2.4978297,4.8964505
2283028,0.258,0.742,0,0,False,7.6757154,2.9832888,4.139017
2283029,0.9446,0.0554,1,0,False,7.0844636,1.0724576,3.2491283
2283031,1.0,0.0,1,0,False,5.233199,0.7171501,4.23877
2283033,0.1924,0.9951,0,1,False,6.5098104,9.118447,5.3122807
2283236,0.4349,0.6708,0,0,False,8.460318,13.85227,6.7607136
2283237,1.0,0.0,1,0,False,4.9771433,0.6893461,5.413425
2283246,0.9755,0.0413,1,0,False,9.982888,4.095516,3.3857563
2283249,0.0,0.0,0,0,False,11.108095,5.760229,1.7915242
2283252,0.0302,0.9698,0,1,False,8.065082,3.8297846,4.532346
2283261,0.1209,0.9379,0,1,False,12.804834,3.6521,5.078978
2283265,0.0543,0.9457,0,1,False,6.5072417,1.9517671,4.5224695
2283267,0.9437,0.9152,1,1,False,6.8009295,8.478603,5.4084377
2283269,0.9922,0.0241,1,0,False,9.852946,4.3996687,4.261177
2283270,1.0,0.0014,1,0,False,8.880594,4.290899,4.546444
2283271,0.878,0.122,0,0,False,7.2592483,2.0011451,5.101734
2283272,0.8902,0.1098,0,0,False,8.69192,2.8533053,4.3109775
2283286,0.4834,0.5428,0,0,False,8.905321,8.456186,5.0706267
2283292,0.6144,0.4284,0,0,False,10.53604,4.06579,4.1298804
2283295,0.0,0.0,0,0,False,25.485771,7.034749,7.9290032
2283296,0.0,0.0,0,0,False,11.567214,7.551043,3.9779735
2283297,0.0,0.0,0,0,False,24.70352,8.510539,7.935063
2283303,0.1214,0.8786,0,0,False,6.33838,1.9508816,4.3312526
2283304,0.0103,0.9897,0,1,False,6.8180766,1.9071671,4.4081655
2283315,0.1911,0.1666,0,0,False,5.4875383,7.470293,6.1295004
2283388,0.9933,0.0067,1,0,False,5.141263,1.6528323,5.064188
2283800,0.0374,0.9303,0,1,False,7.7925315,10.867694,5.968317
2291613,0.9979,0.0021,1,0,False,7.5238,2.5367994,4.0161557
2291614,0.0,1.0,0,1,False,8.29577,3.3319707,3.2374635
2292426,0.0896,0.9104,0,1,False,7.582439,3.8505306,4.3729644
2292642,0.057,0.943,0,1,False,6.792124,2.6061687,4.3623643
2293881,0.4837,0.5163,0,0,False,6.2756457,1.4750906,4.5908756
2294094,0.0001,0.0001,0,0,False,3.0555344,0.83791155,4.097921
2294149,0.0083,0.9917,0,1,False,5.8869267,1.6627645,5.281244
2294150,0.1522,0.8919,0,0,False,7.513219,10.187093,6.1893845
2294151,0.3164,0.7488,0,0,False,8.06839,11.557553,6.195124
2294152,1.0,0.0,1,0,False,3.3351588,0.50537544,4.066494
2294156,1.0,0.0,1,0,False,4.990823,0.7652936,4.574591
2301532,0.1287,0.8713,0,0,False,7.095478,2.3471262,4.863496
2301538,0.3514,0.9946,0,1,False,9.598876,5.042627,4.3653245
2301539,0.9758,0.0247,1,0,False,10.45399,2.9004848,3.8464246
2301545,0.0,0.0,0,0,False,17.972807,-3.9652483,11.856619
2301547,0.0,0.0,0,0,False,17.97827,-3.957358,11.84863
2301548,0.0,0.0,0,0,False,18.149963,-2.9299424,2.4301865
2301556,0.1202,0.9386,0,1,False,12.5531845,3.7809217,4.985836
2301558,0.9999,0.0003,1,0,False,9.575448,3.6135542,3.9403768
2301559,0.2284,0.7851,0,0,False,10.339617,4.1541667,3.1253808
2301560,0.0,0.0,0,0,False,-0.7310327,0.8829963,8.042832
2301561,0.0994,0.9752,0,1,False,11.731236,4.099111,4.809399
2301563,0.0,0.0,0,0,False,24.540648,8.564889,7.7588096
2301565,0.0,0.0,0,0,False,25.496862,7.0357885,7.8544126
2301566,0.0,0.0,0,0,False,26.29678,7.6026626,7.663514
2301570,0.0,0.0,0,0,False,24.651958,8.446205,7.8602085
2301571,0.0,0.0,0,0,False,20.128109,-0.6266785,5.108105
2301573,0.0,0.0,0,0,False,11.822555,5.2251554,6.581537
2301600,0.5107,0.9711,0,1,False,9.959241,5.1271076,4.785529
2301601,0.0,0.0,0,0,False,10.84625,3.2124429,5.739935
2301602,0.8698,0.1325,0,0,False,8.838894,7.8569503,4.793488
2301603,0.8733,0.1293,0,0,False,8.835693,8.220783,4.8777976
2301604,0.9661,0.1076,1,0,False,9.01205,5.668689,4.600307
2301608,0.0,0.0,0,0,False,10.835896,8.877265,5.4370794
2301609,0.0,0.0,0,0,False,18.098997,-2.8784099,2.4011354
2301612,0.0,0.0,0,0,False,26.365015,7.629001,7.662898
2301619,0.9366,0.0641,1,0,False,11.789879,2.097841,3.703934
2301621,0.9961,0.0039,1,0,False,7.3132477,2.570839,4.7376614
2301634,0.9997,0.0,1,0,False,8.067881,2.780288,5.1702085
2301635,0.9997,0.0,1,0,False,7.8864813,2.559171,5.115149
2301636,0.9997,0.0,1,0,False,8.141601,3.019261,5.207781
2301637,0.9997,0.0,1,0,False,7.962219,3.0606067,5.227102
2301639,0.9997,0.0,1,0,False,7.787314,2.7967408,5.0632806
2301640,0.1812,0.8758,0,0,False,9.0249605,7.136343,4.787327
2301647,0.3511,0.8555,0,0,False,4.1877327,0.83744633,3.014652
2301648,0.9998,0.0002,1,0,False,5.1751914,1.0152218,4.914729
2301650,0.9948,0.0052,1,0,False,5.283936,1.0961031,5.266684
2301662,1.0,0.0,1,0,False,3.7414925,0.68803936,3.955634
2301664,0.0736,0.3078,0,0,False,5.0159736,8.037966,6.7058764
2301687,0.0353,0.9947,0,1,False,7.0587115,1.9802507,3.0789874
2301688,0.9606,0.0394,1,0,False,5.7867913,1.2302209,4.4639893
2301690,0.1287,0.9879,0,1,False,6.112031,1.5502416,3.0814874
2301692,0.0,0.0,0,0,False,12.8412285,5.6893787,4.743185
2301693,1.0,0.0013,1,0,False,8.147028,4.3131127,4.895286
2301694,0.5701,0.4674,0,0,False,8.286603,8.183386,5.129649
2301695,0.0,0.0,0,0,False,14.944286,1.7976242,1.9392766
2301696,0.975,0.0256,1,0,False,10.252741,2.8893032,5.0180593
2301697,0.3581,0.6991,0,0,False,8.874448,6.8165703,4.7975664
2301700,0.0,0.0,0,0,False,11.545099,7.5438786,3.9933903
2301701,0.973,0.0278,1,0,False,11.10498,3.3584042,4.536557
2301702,0.0,0.0,0,0,False,25.55285,7.3910375,7.3528547
2301704,0.1208,0.938,0,1,False,12.7195215,3.653756,5.057296
2301710,0.0,0.0,0,0,False,25.678312,7.127151,7.2809157
2301714,0.9992,0.0008,1,0,False,4.6913576,0.52930635,4.822105
2301715,0.0,0.0,0,0,False,11.852407,5.2720594,6.5904274
2301720,1.0,0.0013,1,0,False,6.795309,1.9829115,4.629529
2301721,0.3891,0.9937,0,1,False,7.284852,2.4767663,3.9933605
2301722,1.0,0.0,1,0,False,9.863087,0.29314426,3.458328
2301723,0.0047,0.0016,0,0,False,5.4511843,2.084518,4.2986083
2301724,0.995,0.005,1,0,False,6.941897,3.9291615,5.3731194
2301728,0.9247,0.0753,1,0,False,5.9335523,0.89171904,5.0083637
2301731,1.0,0.0,1,0,False,3.759739,1.033457,4.15954
2303151,0.0017,0.999,0,1,False,11.68555,20.005148,6.2908664
2303160,0.0582,0.9418,0,1,False,6.701613,2.3805203,4.9722185
2303411,0.9987,0.0013,1,0,False,4.742345,0.6803315,5.215373
2303485,0.646,0.3275,0,0,False,2.2548556,0.930098,2.9063404
2304025,0.9998,0.0002,1,0,False,4.5624065,0.23319818,4.6136456
2304056,0.9963,0.0037,1,0,False,4.31098,1.5661803,5.12398
2304198,0.9999,0.0001,1,0,False,4.392338,0.75451154,4.7522907
2304214,0.5744,0.4256,0,0,False,7.038066,2.0267508,4.933903
2304463,0.836,0.164,0,0,False,6.75848,2.3920016,4.1974816
2304477,1.0,0.0,1,0,False,5.5346823,0.96526927,4.715511
2304480,0.2537,0.7235,0,0,False,3.6199744,0.7370328,3.0760372
2304484,0.9938,0.0062,1,0,False,4.7854223,0.71096087,4.7748265
2304485,0.7259,0.2984,0,0,False,7.3669662,11.530774,6.973401
2304505,0.2091,0.7909,0,0,False,7.1225724,2.8087645,4.576613
2304510,0.9335,0.9977,1,1,False,7.5279036,7.7084327,5.7142425
2304512,0.1214,0.8612,0,0,False,7.4914613,10.02597,5.93716
2304514,0.7909,0.2091,0,0,False,6.908941,3.7210364,5.0284634
2304516,0.9994,0.0006,1,0,False,4.7843595,0.870949,4.919302
2304619,0.8894,0.9193,0,1,False,5.9552164,8.826274,6.270661
2304620,0.6836,0.2365,0,0,False,5.9903746,7.2849727,5.8969364
2304647,0.4685,0.6616,0,0,False,8.235448,11.82808,6.6499853
2305270,0.9956,0.0044,1,0,False,7.467585,5.0622253,5.29363
2305480,0.3314,0.6691,0,0,False,1.7291414,-0.59983927,3.0549319
2305483,0.3163,0.6835,0,0,False,2.2720134,-0.26190722,3.2930512
2305484,1.0,0.0,1,0,False,3.566588,0.45236647,4.1783442
2305485,0.3308,0.6697,0,0,False,1.9134307,-0.7163113,3.0839665
2305487,0.3133,0.6863,0,0,False,1.7433578,-0.4428298,3.1396441
2305489,0.3195,0.6805,0,0,False,1.8059292,-0.45845887,3.0563898
2306623,0.5067,0.3315,0,0,False,7.2678027,10.832828,7.150986
2306727,0.454,0.2478,0,0,False,5.907571,9.549868,7.189253
2306887,0.9513,0.0487,1,0,False,5.435338,1.0961626,5.0767026
2307269,0.9918,0.0082,1,0,False,7.083941,1.8329198,4.6631374
2315217,0.9916,0.0084,1,0,False,7.6125865,2.5931513,4.6510944
2315458,0.9999,0.0001,1,0,False,4.1882753,0.43131867,4.390913
2315466,1.0,0.0,1,0,False,4.2532697,0.47041744,3.8402019
2315467,1.0,0.0,1,0,False,3.9921951,0.4244515,3.9720705
2315468,1.0,0.0,1,0,False,4.929407,0.5462282,3.8246167
2315470,0.0084,0.0,0,0,False,3.1148298,1.2161086,4.019021
2315471,0.0575,0.2551,0,0,False,7.430489,11.355712,6.4667306
2315475,0.3715,0.9956,0,1,False,6.772484,2.0533812,3.6083245
2315483,1.0,0.0,1,0,False,5.199125,5.427194,5.3331056
2315485,1.0,0.0,1,0,False,4.533394,-0.534849,3.143468
2315486,0.9999,0.0001,1,0,False,5.410498,1.341075,4.079587
2315527,1.0,0.0,1,0,False,4.052287,0.62269336,4.4608846
2315529,1.0,0.0,1,0,False,8.387847,3.7232149,4.2898836
2315530,0.9167,0.0896,1,0,False,8.876102,7.893263,4.781698
2315531,0.975,0.0256,1,0,False,10.15544,2.9493186,4.973274
2315539,0.0813,0.9754,0,1,False,12.378211,4.223228,4.6729565
2315544,0.7856,0.996,0,1,False,10.546246,4.557373,4.9041176
2315578,1.0,0.0,1,0,False,3.7456996,0.49496785,4.364813
2315580,1.0,0.0,1,0,False,3.3383257,0.5611674,4.201853
2315597,0.998,0.002,1,0,False,4.839649,0.6995444,4.7556577
2315601,1.0,0.0,1,0,False,4.9038706,0.62148994,4.3067
2315608,0.8096,0.1971,0,0,False,8.369574,6.895952,5.4181557
2315610,0.9999,0.0003,1,0,False,10.234963,5.0404897,3.514779
2315613,0.0,0.0,0,0,False,25.616032,7.009681,7.7673287
2315616,0.9833,0.0548,1,0,False,10.768111,3.6097147,4.545626
2315619,0.2368,0.9994,0,1,False,9.75704,5.650457,4.479858
2315627,1.0,0.0,1,0,False,6.6702795,1.8185499,3.7848454
2315628,0.9791,0.0209,1,0,False,4.9725704,1.2818623,5.2718062
2315629,1.0,0.0,1,0,False,4.1485796,0.88477194,3.7801523
2315695,0.9998,0.0002,1,0,False,4.590822,0.4403121,4.905042
2315696,1.0,0.0,1,0,False,5.1323495,1.1501012,4.336568
2315700,0.9998,0.0002,1,0,False,4.431656,0.89609843,4.2413406
2315703,0.9715,0.0471,1,0,False,9.237456,3.4700625,4.12274
2315704,0.1118,0.9546,0,1,False,10.949417,3.6468754,3.713376
2315705,0.9997,0.0003,1,0,False,8.259492,3.623214,4.7862415
2315711,0.0,0.0,0,0,False,11.669354,7.572772,3.9638498
2315716,0.0897,0.9762,0,1,False,11.802327,3.4607556,3.8081517
2315721,1.0,0.0,1,0,False,5.7227025,3.3828351,4.226976
2315722,0.4866,0.6587,0,0,False,8.000647,12.0062475,6.9948416
2315766,0.5529,0.4026,0,0,False,3.038024,0.3580472,3.0326285
2316013,0.3734,0.9954,0,1,False,6.917655,2.154071,3.5142229
2316014,0.9967,0.0079,1,0,False,7.037492,12.072628,6.153516
2316143,0.7231,0.9799,0,1,False,7.2510066,9.263946,5.5918064
2316144,0.3709,0.4338,0,0,False,8.360062,12.118802,6.7099867
2316154,1.0,0.0,1,0,False,3.2013335,0.61337405,4.1063666
2316740,0.9999,0.0001,1,0,False,6.030964,1.4609748,4.7869315
2320191,0.7382,0.2618,0,0,False,5.842838,2.3957846,5.421866
2320192,0.1028,0.3036,0,0,False,5.6150155,7.8020544,6.219523
2320193,1.0,0.0,1,0,False,5.5455794,0.88654494,4.8550477
2320194,0.9999,0.0001,1,0,False,7.095216,1.2682372,3.890533
2320195,0.9999,0.0001,1,0,False,7.010052,1.1880473,3.9364607
2320197,0.9999,0.0001,1,0,False,7.3913507,1.0225308,3.8912733
2320739,1.0,0.0,1,0,True,3.3884823,1.2826984,4.2257943
2320870,0.9586,0.0414,1,0,False,5.9083624,4.9089036,4.524633
2321390,1.0,0.0,1,0,False,3.1287322,0.92877156,4.0543995
2321391,1.0,0.0,1,0,False,7.0794964,2.878625,5.025486
2338394,0.9939,0.0061,1,0,False,6.984452,2.3391542,3.7545407
2338395,0.7081,0.2919,0,0,False,7.2988553,3.1614277,5.2788744
2338396,1.0,0.0,1,0,False,3.5493453,0.5443724,4.15869
2340712,0.9999,0.0001,1,0,False,7.204812,2.4224885,3.9609692
2340715,1.0,0.0,1,0,False,5.063897,0.65472007,4.5776753
2340716,1.0,0.0,1,0,False,5.204144,0.23344105,4.641088
2340717,0.9996,0.0004,1,0,False,7.1581645,3.093133,4.9043107
2340719,0.4446,0.9906,0,1,False,7.1137004,10.177916,5.661316
2340808,0.104,0.1077,0,0,False,5.329681,7.965313,5.82396
2340870,0.1007,0.1649,0,0,False,5.4653482,8.500346,6.4404655
2341050,0.9607,0.0393,1,0,False,7.260026,2.4914353,4.930749
2358214,0.1223,0.1293,0,0,False,5.9582,8.564103,6.180446
2358294,1.0,0.0,1,0,False,5.15603,0.595856,4.965287
2358449,1.0,0.0,1,0,False,5.3991284,0.7161369,4.6281595
2364099,1.0,0.0,1,0,False,3.9469042,0.7865866,4.399995
2364128,0.9844,0.0156,1,0,False,5.4309473,0.87974286,5.0096025
2364132,0.8481,0.1519,0,0,False,6.5088916,1.9202213,4.707691
2364291,0.7174,0.4218,0,0,False,6.3740845,6.658512,5.7503924
2364644,1.0,0.0,1,0,False,4.6226583,0.6837545,4.843247
2364645,0.9972,0.0028,1,0,False,4.123996,0.5210696,4.9300604
2364646,0.3135,0.6256,0,0,False,8.553097,13.460461,6.665796
2365005,1.0,0.0,1,0,False,4.818892,0.80531186,4.6526866
2365008,0.9041,0.0959,1,0,False,5.488383,0.98959464,5.153558
2365009,1.0,0.0,1,0,False,4.4474673,0.60230684,4.522039
2365010,1.0,0.0,1,0,False,3.83511,0.57178986,3.7304845
2365012,1.0,0.0,1,0,False,3.489669,0.77446365,3.631089
2365015,1.0,0.0,1,0,False,4.453535,0.7982124,3.70418
2365016,1.0,0.0,1,0,False,4.130664,0.6089811,3.489157
2365017,1.0,0.0,1,0,False,3.9455554,-0.016179644,3.381247
2365018,1.0,0.0,1,0,False,3.926289,0.3759928,4.2495666
2365021,1.0,0.0,1,0,False,4.103582,0.29783076,4.3652987
2365022,1.0,0.0,1,0,False,4.2945557,0.07425901,3.6821744
2365026,1.0,0.0,1,0,False,4.0546584,0.8298791,4.3749537
2365027,1.0,0.0,1,0,False,5.0216894,0.70387125,5.074343
2365028,1.0,0.0,1,0,False,4.1784286,0.38299954,4.5588107
2365029,1.0,0.0,1,0,False,4.920347,0.4721711,4.889394
2365030,1.0,0.0,1,0,False,4.3326936,0.6096782,4.556582
2365031,1.0,0.0,1,0,False,4.0182652,0.4999119,4.251174
2365032,1.0,0.0,1,0,False,3.7883565,-0.13060598,3.6937041
2365033,1.0,0.0,1,0,False,4.563748,0.10456585,4.5428343
2365034,1.0,0.0,1,0,False,4.134977,0.533898,3.9111397
2365035,1.0,0.0,1,0,False,4.5615563,0.07640727,4.1021905
2365036,0.9941,0.0059,1,0,False,5.2638636,0.18711166,4.4277105
2365037,1.0,0.0,1,0,False,3.8937318,0.049919274,3.9216108
2365038,1.0,0.0,1,0,False,3.8689764,0.3895813,4.171447
2365039,1.0,0.0,1,0,False,3.7840629,0.40965173,3.965555
2365041,1.0,0.0,1,0,False,4.56199,0.24378653,4.133849
2365042,1.0,0.0,1,0,False,3.5325017,0.26970136,3.5813906
2365043,1.0,0.0,1,0,False,3.971309,0.45370597,4.3642626
2365044,1.0,0.0,1,0,False,4.3219066,0.9780903,4.1144757
2365045,1.0,0.0,1,0,False,4.37335,0.089317195,4.382487
2365046,1.0,0.0,1,0,False,3.20554,0.301797,3.9094975
2365047,1.0,0.0,1,0,False,3.6952217,0.26638153,3.9847913
2365048,1.0,0.0,1,0,False,5.3546968,0.35212377,4.704159
2365049,1.0,0.0,1,0,False,4.2993064,-0.22086295,4.1092334
2365051,1.0,0.0,1,0,False,3.8145208,-0.1713695,3.6652825
2365052,1.0,0.0,1,0,False,3.8298018,0.23190168,4.446456
2365054,1.0,0.0,1,0,False,4.764228,0.29779857,4.271258
2365055,1.0,0.0,1,0,False,3.5924444,0.31210977,3.4691107
2365056,1.0,0.0,1,0,False,3.6179297,0.123129815,3.737638
2365058,1.0,0.0,1,0,False,3.9240499,0.6919367,3.5549002
2382122,1.0,0.0,1,0,False,6.9212112,2.0155764,4.210409
2382310,1.0,0.0,1,0,False,5.367991,0.37974948,4.3208566
2419608,1.0,0.0,1,0,False,5.6455436,0.5765272,4.323746
2419609,1.0,0.0013,1,0,False,9.932549,3.2186582,3.8265224
2419610,1.0,0.0012,1,0,False,9.260102,2.950759,4.2561746
2419611,1.0,0.0013,1,0,False,9.107696,2.980387,4.2069955
2419614,0.131,0.9299,0,1,False,10.942613,2.493901,5.6723666
2419618,1.0,0.0,1,0,False,4.0529375,0.6196303,3.6301622
2419619,1.0,0.0,1,0,False,3.1726925,0.14386335,3.499821
2419628,0.201,0.2927,0,0,False,6.2340136,7.7209315,5.7722125
2419630,0.3599,0.9827,0,1,False,6.122881,8.951701,6.0524554
2419631,1.0,0.0,1,0,False,4.856757,0.034351524,3.4408674
2419632,1.0,0.0,1,0,False,4.485815,-0.0035990954,4.025011
2419633,1.0,0.0,1,0,False,4.7438154,0.32555017,3.9322443
2419634,1.0,0.0,1,0,False,4.0893416,0.1292125,3.9448562
2419635,1.0,0.0,1,0,False,4.818484,-0.43850857,4.1338863
2419636,1.0,0.0,1,0,False,3.8348951,0.88405293,4.263851
2419638,1.0,0.0,1,0,False,4.472344,-0.29318455,4.0710297
2419639,1.0,0.0,1,0,False,3.6299644,0.15766038,4.0351458
2419640,0.9945,0.0055,1,0,False,6.1589093,2.0042164,5.345477
2419643,1.0,0.0,1,0,False,3.204302,0.044027925,3.5070038
2419647,1.0,0.0,1,0,False,3.619053,0.016875096,3.722961
2419649,0.2546,0.9889,0,1,False,6.9457583,10.116752,5.7196636
2419654,1.0,0.0,1,0,False,3.6098714,-0.17456396,3.8401833
2419655,0.194,0.6894,0,0,False,5.842226,7.853774,6.2157407
2419656,1.0,0.0,1,0,False,5.0513306,0.20554996,5.0659804
2419660,0.7616,0.4984,0,0,False,6.645917,10.270806,6.5422587
2419663,0.8562,0.4,0,0,False,7.0703883,11.150091,6.7153707
2419666,0.1001,0.8272,0,0,False,8.167831,10.8348465,6.015477
2419667,0.4391,0.5781,0,0,False,6.360387,8.712598,6.0415688
2419682,1.0,0.0,1,0,False,4.350048,0.8405194,3.6430812
2419745,1.0,0.0,1,0,False,3.4054387,0.12631358,3.756239
2419747,0.4357,0.5746,0,0,False,6.774741,2.6570399,5.353545
2419748,0.3275,0.6821,0,0,False,6.9554825,2.677732,5.4061847
2419752,0.2804,0.5033,0,0,False,5.679296,9.055453,6.522507
2419753,1.0,0.0,1,0,False,5.012074,0.2293587,4.4586844
2419754,0.0796,0.9999,0,1,False,7.976769,2.5004842,3.1817174
2419756,1.0,0.0,1,0,False,6.3468347,0.23626314,3.3961332
2419783,1.0,0.0,1,0,False,4.994278,0.24194834,4.353724
2419797,1.0,0.0,1,0,False,5.0746503,0.8128568,4.380408
2419804,1.0,0.0,1,0,False,4.92536,1.3554676,4.245769
2419805,0.9995,0.0005,1,0,False,7.9063897,3.0780723,4.932077
2419930,1.0,0.0,1,0,False,7.2106442,2.155202,4.0279837
2419942,0.9996,0.0004,1,0,False,7.48742,2.5099843,4.706626
2419945,0.9986,0.0014,1,0,False,7.3760643,2.5472178,4.3865166
2419946,0.7924,0.7033,0,0,False,9.385904,5.032357,4.477715
2419947,1.0,0.0,1,0,False,7.6792736,2.779585,4.320985
2419948,1.0,0.0013,1,0,False,9.524055,3.1101446,4.1922126
2419949,0.9964,0.0047,1,0,False,9.115132,3.920422,4.9436316
2419950,0.9969,0.0042,1,0,False,8.968697,3.9354022,4.887627
2419951,0.9784,0.0747,1,0,False,10.186146,4.2192907,4.144608
2419952,0.3559,0.7178,0,0,False,9.113966,6.552267,4.702202
2419955,0.1105,0.9476,0,1,False,11.522421,4.6434765,4.8583107
2419956,0.9978,0.0034,1,0,False,8.989416,3.8552935,4.9053497
2419957,1.0,0.0013,1,0,False,9.545804,3.0112882,4.154267
2419958,0.9972,0.0039,1,0,False,9.08489,4.038861,4.9706507
2419959,0.9832,0.0544,1,0,False,9.38211,3.9681244,4.3263593
2419963,0.9486,0.052,1,0,False,9.564763,3.3644729,3.9903095
2419964,0.9936,0.0166,1,0,False,9.689339,4.04697,4.2294645
2419965,0.9967,0.0044,1,0,False,9.00929,3.8617253,4.990809
2419967,1.0,0.0013,1,0,False,9.648388,3.2549229,4.1269913
2419968,0.8711,0.1296,0,0,False,9.739974,3.5046017,4.0873227
2419970,0.1062,0.9515,0,1,False,11.315153,4.706632,4.8266273
2419971,0.3844,0.9813,0,1,False,9.622552,5.8218427,4.602924
2419978,1.0,0.0,1,0,False,6.21331,0.6688481,4.0431647
2419980,0.0,0.0,0,0,False,25.561035,7.0457325,7.881455
2420235,1.0,0.0,1,0,False,6.0277133,1.0435867,4.170461
2420237,0.9894,0.0106,1,0,False,4.4473963,0.29043427,1.9721277
2420240,0.3042,0.6796,0,0,False,1.2503741,0.18933477,3.372445
2420320,0.9999,0.0001,1,0,False,7.4790497,2.769935,4.7992873
2448649,0.2949,0.6051,0,0,False,5.6815505,8.927519,6.054672
2461378,0.9818,0.056,1,0,True,8.305266,19.159025,7.5896564
2478919,0.2137,0.5314,0,0,False,5.734264,8.762077,6.4509573
2479372,0.9999,0.0001,1,0,False,6.7542567,2.7887995,4.913576
2479482,1.0,0.0,1,0,False,5.57654,0.7090391,4.3554583
2479933,1.0,0.0,1,0,False,4.074716,-0.256819,4.304403
2480623,1.0,0.0,1,0,False,5.4557095,0.7311348,3.2609694
2480685,1.0,0.0,1,0,False,6.169035,2.5718412,3.8307347
2482952,0.1232,0.4147,0,0,False,7.1476107,10.727571,6.9607754
2483418,0.9656,0.6331,1,0,False,7.950892,5.6595564,4.977657
2483604,1.0,0.0,1,0,False,7.471582,3.6460814,4.8603477
2483609,0.8794,0.9718,0,1,False,2.7820761,0.25142393,2.0439754
2483610,1.0,0.0,1,0,False,5.608983,0.20825674,3.7525303
2483611,1.0,0.0,1,0,False,6.746793,1.2797037,4.4534636
2483612,0.993,0.0133,1,0,False,7.1017427,11.856596,5.9271
2483623,0.9369,0.0637,1,0,False,11.935877,2.1913176,3.7548335
2483661,1.0,0.0,1,0,False,6.0656214,1.3551413,3.9683387
2483665,0.0,0.0,0,0,False,14.970935,1.7814912,1.9090439
2483666,0.0,0.0,0,0,False,-0.5648413,0.9113112,7.975197
2483667,0.0,0.0,0,0,False,12.824001,5.552625,4.646778
2483668,0.0,0.0,0,0,False,14.71971,1.5552619,1.8505518
2483669,0.0,0.0,0,0,False,12.975959,5.693951,4.6986785
2483670,0.0,0.0,0,0,False,14.921907,1.7153459,1.8845761
2483671,0.0,0.0,0,0,False,12.853368,5.654404,4.6779604
2483672,0.0,0.0,0,0,False,14.943705,1.7134494,1.8786305
2483673,1.0,0.0,1,0,False,7.6874275,2.651017,5.1433787
2483674,0.0,0.0,0,0,False,14.961159,1.7003945,1.865939
2483675,0.0,0.0,0,0,False,14.863559,1.7410733,1.9163998
2483713,1.0,0.0,1,0,False,3.664266,-0.2520026,3.5802994
2483719,0.9999,0.0001,1,0,False,6.7021856,1.7915394,4.4657187
2483877,0.9995,0.0,1,0,False,3.3227878,-0.023548888,3.1325665
2483878,0.1701,0.6499,0,0,False,5.5536966,7.796236,6.291805
2483879,0.5075,0.9477,0,1,False,6.8322268,9.59343,5.8315783
2484206,0.9999,0.0001,1,0,False,8.876245,3.467989,4.7076945
2484209,0.0,0.0,0,0,False,24.582333,8.374207,7.8583837
2484215,0.0,0.0,0,0,False,14.313204,3.7744048,4.6933923
2484216,0.0,0.0,0,0,False,25.406992,7.0342655,8.085407
2484217,1.0,0.0,1,0,False,7.728135,2.664318,4.578611
2484218,1.0,0.0,1,0,False,7.510824,2.5607982,4.055982
2484249,0.9983,0.0,1,0,False,4.823837,0.6400546,4.2273808
2486281,1.0,0.0,1,0,False,3.5320532,0.23409177,4.020446
2486603,0.9999,0.0,1,0,False,3.6099815,0.8178742,3.3707547
2486665,1.0,0.0,1,0,False,7.94652,2.3674333,4.6219606
2487100,1.0,0.0,1,0,False,3.6943624,-0.09320056,3.662072
2487725,1.0,0.8842,1,0,True,4.508649,9.826171,5.605895
2488571,1.0,0.0,1,0,False,3.374128,0.20044644,3.8023658
2488573,1.0,0.0,1,0,False,6.3625145,1.7845349,3.914741
2488595,0.6837,0.4463,0,0,False,7.59237,5.218851,5.1006956
2488596,1.0,0.0013,1,0,False,8.371607,2.7856133,3.7847261
2488654,0.0,1.0,0,1,False,7.7441096,2.3189144,3.7636425
2488780,0.6709,0.911,0,1,False,10.16305,4.9307065,4.669118
2488784,0.2403,0.9716,0,1,False,9.756949,6.2927694,3.0835779
2488789,1.0,0.0,1,0,False,4.4572906,0.35970074,3.9878242
2488835,1.0,0.0,1,0,False,6.544366,2.256509,4.5480924
2488859,0.9999,0.0001,1,0,False,8.331727,2.891662,4.642996
2488949,1.0,0.0,1,0,False,6.4905677,1.3508494,4.352492
2488953,0.0,1.0,0,1,False,8.937058,3.1058407,5.1974263
2488957,0.0,0.0,0,0,False,12.787485,5.172576,1.4506384
2488980,0.0,0.0,0,0,False,25.076153,7.5097566,7.581854
2489618,1.0,0.0,1,0,False,6.334042,1.5052899,4.0073614
2489627,1.0,0.0,1,0,False,6.837377,1.8343683,4.4933796
2489628,1.0,0.0,1,0,False,6.692489,1.5308887,4.64389
2489634,1.0,0.0,1,0,False,6.6475525,1.3698082,4.8523283
2489635,1.0,0.0,1,0,False,5.8979216,1.0533236,4.513521
2490442,0.0394,0.9886,0,1,False,6.33727,9.6078615,7.0499234
2491018,1.0,0.0,1,0,False,6.258386,0.94970894,4.464522
2491019,1.0,0.0,1,0,False,3.6621099,-0.21177493,4.075171
2491321,1.0,0.0,1,0,False,4.0275345,0.4291789,3.9239302
2491323,1.0,0.0,1,0,False,7.443379,2.381016,4.41905
2491943,1.0,0.0,1,0,False,5.872157,0.97442794,4.282601
2492437,0.4124,0.9809,0,1,False,6.880988,9.440597,6.004272
2492447,1.0,0.0,1,0,False,6.2222314,0.8016901,3.5390491
2492466,1.0,0.0,1,0,False,4.583735,-0.2222004,4.3170395
2492468,1.0,0.0,1,0,False,3.649435,0.123743035,4.079787
2492658,1.0,0.0,1,0,False,5.471527,0.24114949,4.9170065
2492948,0.9956,0.0,1,0,False,3.5682616,0.3020845,3.650156
2492961,0.1542,0.9202,0,1,False,11.476448,3.4277768,3.3274326
2492962,1.0,0.0,1,0,False,5.1314692,0.593233,4.3458056
2493121,0.9995,0.0,1,0,False,3.509962,-0.013452443,3.7911615
2493125,1.0,0.0,1,0,False,3.194912,0.7730169,4.0189095
2494552,1.0,0.0,1,0,False,4.2723536,-0.33758616,3.865614
2494563,0.0049,0.0003,0,0,False,7.388534,2.0051548,3.3492973
2495433,0.4558,0.5433,0,0,False,7.9817634,12.507369,6.706772
2495553,0.9981,0.0,1,0,False,3.6844559,0.106404,3.6482887
2495554,0.9994,0.0,1,0,False,3.3760307,0.03979336,3.1912851
2495555,1.0,0.0,1,0,False,4.125031,0.14188768,3.8839064
2496520,0.0063,0.0,0,0,False,3.0579717,0.6273167,3.4826028
2496544,1.0,0.0,1,0,False,6.443757,1.4230834,4.5552325
2496545,1.0,0.0,1,0,False,6.665456,1.9315444,4.0486493
2496546,1.0,0.0,1,0,False,5.6723013,0.59839046,4.1014767
2496547,0.9979,0.0,1,0,False,4.9658732,-0.4626004,3.9533477
2496550,1.0,0.0,1,0,False,6.0525694,1.437515,5.003921
2496551,0.9997,0.0,1,0,False,3.870475,0.73173785,3.599701
2496575,0.0018,0.999,0,1,False,11.294873,19.30342,6.6646194
2496633,1.0,0.0,1,0,True,6.187817,1.8415922,4.2192717
2496634,0.0,1.0,0,1,False,7.346263,1.679651,3.536049
2497444,0.9999,0.0,1,0,False,4.348173,0.035243895,3.7749457
2497445,0.9999,0.0,1,0,False,3.8816586,-0.061675966,3.588421
2497865,0.9695,0.0305,1,0,False,6.3158712,3.2548532,4.750439
2497866,0.6496,0.9247,0,1,False,7.3374662,9.224361,5.7155094
2497867,1.0,0.0,1,0,False,5.962123,0.49468744,4.116243
2498143,1.0,0.0,1,0,False,3.4411864,-0.36259478,5.058023
2498591,1.0,0.0,1,0,False,7.812461,2.2061431,4.396899
2498616,1.0,0.0,1,0,False,7.366075,4.51887,5.3539567
2499003,0.0,0.0,0,0,False,9.665358,3.4824862,5.3023047
2499008,0.0,0.0,0,0,False,9.656578,3.7684395,5.029481
2499009,0.329,0.7396,0,0,False,10.511902,4.0304976,3.509667
2499021,0.0,0.0,0,0,False,9.621342,3.6472592,5.046191
2499023,0.4425,0.9533,0,1,False,10.755333,5.728531,4.0941296
2499025,0.9747,0.0259,1,0,False,10.132621,2.9139807,4.9381127
2499037,1.0,0.0,1,0,False,7.567793,3.2950668,4.9951625
2499042,0.2532,0.8643,0,0,False,10.699632,4.2565384,3.013688
2499071,0.3104,0.9693,0,1,False,10.597631,6.7450204,4.3372126
2499072,1.0,0.0,1,0,False,9.581112,2.8171835,4.070684
2499073,1.0,0.0,1,0,False,7.1040072,6.8122354,5.849648
2499225,1.0,0.0,1,0,False,7.054678,2.5434844,4.2795362
2499229,1.0,0.0,1,0,False,4.2746096,-0.09239327,3.9600222
2499232,1.0,0.0,1,0,False,5.6526184,1.0073755,3.9066036
2499233,1.0,0.0,1,0,False,6.267536,1.6093246,4.474407
2499242,1.0,0.0,1,0,False,7.16103,1.9263189,4.5718246
2499624,0.2707,0.8506,0,0,False,5.9684176,9.666066,6.0716968
2499902,1.0,0.0,1,0,False,5.415059,0.2753575,4.3086123
2499909,1.0,0.0,1,0,False,4.723363,-0.29045862,3.9454696
2500166,1.0,0.0,1,0,False,7.296901,1.9997271,4.3223515
2500559,0.9997,0.0,1,0,False,3.7252128,-0.07643321,4.21764
2500560,0.8044,0.4931,0,0,False,8.006378,14.002067,6.707784
2500574,0.3149,0.9979,0,1,False,10.098659,5.7012444,3.9706295
2500581,1.0,0.0,1,0,False,5.565143,0.7036329,4.1391683
2500761,1.0,0.0,1,0,False,5.0485783,0.31884837,4.669353
2500787,1.0,0.0,1,0,False,8.158266,3.7560709,4.858987
2500789,0.0,0.0,0,0,False,-0.87158036,0.80155283,8.149688
2500793,0.0,0.0,0,0,False,26.32679,7.587212,7.691695
2500795,0.6615,0.9961,0,1,False,9.155747,4.976851,4.7934537
2500797,0.3818,0.9958,0,1,False,6.9655313,2.15757,3.2092218
2500799,0.0,0.0,0,0,False,8.518855,3.433706,2.0540123
2500808,0.9985,0.0,1,0,False,3.4531357,-0.103652485,4.0728855
2500809,0.9963,0.0,1,0,False,3.355501,0.32496664,3.5797138
2500810,0.9921,0.0,1,0,False,3.1098483,0.020404823,3.751553
2500815,0.3296,0.6708,0,0,False,2.0792618,-0.5979016,3.1621974
2500816,0.0,0.0,0,0,False,3.3980718,-1.8849698,7.060508
2500819,0.0,0.0,0,0,False,3.1980646,-2.1408527,7.220345
2500826,0.1922,0.6826,0,0,False,6.609457,7.031533,6.2084556
2500827,0.999,0.0,1,0,False,3.959441,0.13643956,3.4673078
2500828,1.0,0.0,1,0,False,6.8211617,1.543125,4.312442
2501216,1.0,0.0,1,0,False,7.6471677,3.3910866,5.0360966
2501219,0.0431,0.9942,0,1,False,7.048486,9.173224,6.464601
2501220,1.0,0.0,1,0,False,5.8416677,-0.17116453,3.7025604
2501221,0.998,0.0,1,0,False,3.5361414,-0.24294323,3.7780948
2501222,0.1131,0.9479,0,1,False,7.5351086,7.2495894,5.1949058
2501271,1.0,0.0,1,0,False,5.82599,1.0384808,4.729508
2501272,1.0,0.0,1,0,False,7.2710943,2.1767673,4.619203
2501273,0.6934,0.9839,0,1,False,7.260314,9.4550705,5.7682204
2501280,1.0,0.0,1,0,False,6.7721424,1.0111722,4.3842993
2501288,1.0,0.0,1,0,False,7.6836104,2.3201878,4.9725375
2501658,1.0,0.0,1,0,False,5.923539,0.27883518,4.4732876
2501743,1.0,0.0,1,0,False,4.102895,-0.22673073,4.05222
2501771,0.4841,0.696,0,0,False,8.963471,14.052362,6.655409
2502301,0.3051,0.6773,0,0,False,1.0565914,0.31993905,3.4076834
2502303,0.3031,0.6801,0,0,False,1.3343081,0.29707837,3.4153726
2502306,0.3042,0.6782,0,0,False,1.4167522,0.22327541,3.2631145
2502409,1.0,0.0,1,0,False,6.305597,0.90970886,4.0686383
2502420,1.0,0.0,1,0,False,8.078328,1.8604763,5.5481563
2502425,0.0,0.0,0,0,False,25.762606,7.430862,7.764527
2502431,0.0,0.0,0,0,False,13.704389,4.48265,2.3465686
2502450,0.0,0.0,0,0,False,11.7803755,6.8777995,2.4581938
2502469,0.1307,0.9301,0,1,False,11.018518,2.5284507,5.6703024
2502470,0.0,0.0,0,0,False,18.16888,-2.9379551,2.429043
2506584,0.0081,0.0165,0,0,True,7.356405,11.265381,6.874098
2507234,1.0,0.0,1,0,False,5.383261,0.30518332,3.979346
2507411,1.0,0.0,1,0,False,7.9739285,2.321751,4.4789944
2507575,1.0,0.0,1,0,False,7.468839,2.5943604,4.549221
2507576,1.0,0.0,1,0,False,6.9336,1.6052809,4.1001816
2507577,1.0,0.0,1,0,False,6.834485,1.7204906,4.455276
2507578,1.0,0.0,1,0,False,6.922142,1.692431,4.760584
2507711,1.0,0.0,1,0,False,5.6482306,-0.040774107,3.9346838
2507854,1.0,0.0035,1,0,False,7.717328,1.2228248,4.1802206
2507856,0.8817,0.122,0,0,False,11.352991,2.9692056,3.5977445
2507858,1.0,0.0051,1,0,False,7.6057663,1.7183608,4.2404313
2507862,0.9751,0.0255,1,0,False,10.114427,3.0487154,5.0889974
2507863,1.0,0.0,1,0,False,9.210466,3.329911,3.836203
2508061,0.9996,0.0,1,0,False,4.479236,0.054735627,4.2105875
2508069,0.9997,0.0,1,0,False,4.8111434,-0.49157584,4.0036154
2508071,0.0045,0.9955,0,1,False,7.26828,2.4838035,3.4069295
2508172,1.0,0.0,1,0,False,5.907412,0.0009387375,3.6395795
2508174,1.0,0.0,1,0,False,5.642142,0.15846173,3.9710355
2508175,0.0437,0.1278,0,0,False,4.363311,0.39811608,2.981447
2508177,0.0,0.0,0,0,False,11.235928,-6.237195,0.21978354
2508179,0.3037,0.6799,0,0,False,1.2813002,0.22109558,3.3510373
2508180,0.3042,0.6784,0,0,False,1.2017722,0.216591,3.4258468
2508181,0.306,0.6758,0,0,False,1.058197,0.29927948,3.3732834
2508185,0.8509,0.0,0,0,False,7.049461,1.7727181,3.2776525
2508186,0.841,0.0,0,0,False,6.6775675,1.5833367,3.1498942
2508187,0.8423,0.0,0,0,False,6.8282185,1.7235038,3.1065354
2508189,0.9997,0.0,1,0,False,4.9513865,0.2800203,3.8029613
2508192,0.9992,0.0,1,0,False,5.3737364,0.75887734,3.6592743
2508193,0.9983,0.0,1,0,False,5.4129333,0.8214913,3.378791
2508194,0.0,1.0,0,1,False,5.7305717,1.7839223,2.8013551
2508195,0.6823,0.3672,0,0,False,6.22074,10.6836405,6.439978
2508197,0.9992,0.0,1,0,False,5.084787,-0.23549771,4.078382
2508203,0.0004,0.9999,0,1,False,6.4483886,0.9447659,2.544848
2508206,1.0,0.0,1,0,False,7.1742535,2.3422165,5.0045624
2508865,0.9898,0.0115,1,0,False,8.20059,2.6222544,3.7111347
2509152,0.6941,0.2457,0,0,False,7.3701363,13.758136,7.0814786
2509395,0.9988,0.0,1,0,False,4.8119254,-0.33447304,4.164142
2509576,0.2572,0.5883,0,0,False,6.4180765,7.866915,5.6854305
2509586,0.9999,0.0,1,0,False,5.7268863,0.32397956,4.4487047
2509616,1.0,0.0,1,0,False,5.15749,0.9857731,4.4213333
2509728,1.0,0.0,1,0,False,6.3546867,0.6727102,4.2613516
2509729,1.0,0.0,1,0,False,5.523627,0.4761053,4.31519
2509748,1.0,0.0,1,0,False,6.352656,1.0279311,4.1264315
2509750,1.0,0.0,1,0,False,6.1764803,1.2044858,5.022957
2509764,0.1886,0.0,0,0,False,5.9527345,7.167709,6.3267603
2509781,0.0267,0.9972,0,1,False,6.704886,9.652673,6.592974
2509785,0.1866,0.0,0,0,False,5.896861,6.8891573,6.2972946
2509787,1.0,0.0,1,0,False,6.381407,0.4913762,4.1113296
2510149,0.9818,0.0,1,0,False,3.6971538,0.26753438,3.5650594
2510428,0.9956,0.0,1,0,False,5.54839,0.1260139,3.2345212
2510452,0.9997,0.0,1,0,False,4.8357234,-0.13199471,4.476335
2510455,0.9916,0.0,1,0,False,4.4663568,0.41722578,3.7912369
2510464,0.9662,0.0353,1,0,False,9.012593,2.4513135,3.2237449
2510470,0.0003,0.9997,0,1,False,6.635025,2.2325485,2.8708413
2510480,0.9964,0.0,1,0,False,5.0387535,-0.3514242,3.9239392
2510483,1.0,0.0,1,0,False,7.66308,1.945361,3.885233
2510486,0.9999,0.0,1,0,False,6.560033,0.22556303,4.274708
2510487,1.0,0.0,1,0,False,8.113059,2.379792,4.1531763
2510494,0.9999,0.0,1,0,False,5.560021,-0.2103682,4.411208
2510495,0.2057,0.8781,0,0,False,11.118169,3.6163392,3.8817785
2510506,0.714,0.9364,0,1,False,8.293875,9.037184,5.3873873
2510508,0.0892,0.9785,0,1,False,11.441193,3.8222313,4.492808
2510522,0.9998,0.0,1,0,False,8.955036,4.049864,4.44274
2510525,0.0,0.0,0,0,False,11.805495,5.231769,6.5329523
2510568,0.9973,0.0,1,0,False,9.759046,3.285496,3.914832
2510571,0.9974,0.0,1,0,False,9.226334,3.1698256,4.242526
2510585,0.8884,0.115,0,0,False,11.538799,2.8282104,3.7743125
2510939,0.8466,0.0685,0,0,False,3.4795456,-1.6111922,5.454138
2510941,0.7566,0.0,0,0,False,3.552251,0.30317736,3.5287068
2510942,0.5398,0.528,0,0,False,6.1856413,10.214556,6.8549867
2510943,0.9853,0.0,1,0,False,3.8403184,0.18122049,3.6524675
2510980,0.9998,0.0,1,0,False,6.1920404,0.17071244,3.862889
2511840,1.0,0.0,1,0,False,6.851582,1.262191,4.6874433
2516502,0.5843,0.6695,0,0,False,6.2910776,7.1479945,4.998196
2517212,0.9384,0.0,1,0,False,3.8910942,-0.3282003,3.616794
2517927,0.2084,0.8613,0,0,False,10.910928,5.658072,4.386291
2517936,0.0894,0.9785,0,1,False,12.01476,3.7952275,4.5776944
2517951,0.0,0.0,0,0,False,7.790809,8.254308,10.579447
2517961,0.0,0.0,0,0,False,11.433985,5.9835563,2.7620983
2517965,0.4341,0.6491,0,0,False,10.871772,4.2413354,3.2675395
2517967,0.5341,0.8942,0,0,False,10.529232,5.122457,3.3202796
2517968,0.5583,0.9036,0,1,False,10.702441,5.200128,3.4239388
2517969,0.0,0.0,0,0,False,8.429203,3.3345222,2.4371624
2517970,0.0,0.0,0,0,False,25.560442,7.0459023,7.873664
2517971,0.964,0.0413,1,0,False,8.696026,6.6566353,4.721367
2517973,0.9995,0.0,1,0,False,7.6303844,5.775827,5.407726
2518008,0.9999,0.0,1,0,False,6.091694,1.9611715,4.096521
2518104,1.0,0.0,1,0,False,7.4832354,2.0785208,4.289521
2518373,0.9975,0.0,1,0,False,6.1541076,1.749056,3.942128
2518374,1.0,0.0,1,0,False,6.050571,1.1868331,4.620087
2518602,0.0,1.0,0,1,False,8.43808,3.3330789,3.2667067
2527960,0.9999,0.0,1,0,False,6.1387806,0.29084572,3.7824078
2528410,0.6627,0.0,0,0,False,4.014481,-0.28165105,3.7273657
2528528,0.8319,0.969,0,1,False,7.2591486,8.100505,5.593671
2530021,0.9999,0.0,1,0,False,6.229735,0.51929533,4.534895
2530023,0.9821,0.0,1,0,False,5.116779,-0.45284915,3.9942436
2530024,0.7353,0.0,0,0,False,3.270874,0.5966704,3.2957532
2530027,0.9905,0.0,1,0,False,6.5157113,1.0143976,5.5742626
2530028,1.0,0.0,1,0,False,6.376862,1.1346349,3.941944
2530029,1.0,0.0,1,0,False,5.725624,-0.1444749,3.791489
2530032,1.0,0.0,1,0,False,7.777594,2.2341526,4.4994793
2530033,1.0,0.0,1,0,False,7.8220882,1.8345883,4.805107
2530042,1.0,0.0,1,0,False,7.263763,2.089739,4.805488
2530114,0.9976,0.0,1,0,False,9.427782,2.7366774,4.2759986
2530116,0.9992,0.0,1,0,False,8.284062,4.1472025,5.0039916
2530118,0.0,0.0,0,0,False,10.193489,7.1754403,4.9434433
2530128,0.0,0.0,0,0,False,25.479315,7.032448,7.9833093
2530132,0.173,0.8986,0,0,False,11.888186,3.727796,3.262686
2530139,0.0789,0.9769,0,1,False,12.343509,3.7669864,4.9647145
2530140,0.5192,0.8878,0,0,False,10.792334,5.061754,3.173698
2530143,0.0814,0.9752,0,1,False,12.357507,4.2786565,4.681118
2530154,0.5576,0.9063,0,1,False,10.6959715,5.9103365,3.507548
2530160,0.0,0.0,0,0,False,11.7454815,5.16327,6.484159
2530161,1.0,0.0,1,0,False,7.0469832,0.64343035,4.304051
2530172,1.0,0.0,1,0,False,7.8836684,2.6273532,4.9245696
2530183,0.9604,0.0,1,0,False,5.4230976,-0.18896574,3.557809
2530493,0.3208,0.0,0,0,False,6.0541058,0.3806461,4.041559
2530494,1.0,0.0,1,0,True,6.978224,1.0657973,4.6226397
2544984,0.9999,0.0,1,0,False,6.882117,0.9569422,3.8754585
2545435,0.916,0.0,1,0,False,4.4601307,-0.3328803,3.8191454
2546224,0.9865,0.0,1,0,False,5.499721,0.46560448,4.3504004
2546225,1.0,0.0,1,0,False,5.781893,1.2228031,4.6351466
2546618,0.7398,0.0,0,0,False,4.127601,-0.43422416,4.2428794
2546619,0.643,0.0,0,0,False,3.3609571,0.24290204,3.264596
2546620,0.6937,0.0,0,0,False,3.5087357,-0.18359861,3.9047112
2546621,0.8563,0.0,0,0,False,3.7430942,-0.30601034,3.9642067
2546622,0.7027,0.0,0,0,False,3.505959,0.13834915,3.623244
2546623,0.6483,0.0,0,0,False,4.004275,-0.18590957,4.080271
2546625,0.6986,0.0,0,0,False,3.443815,-0.07024631,3.589225
2546626,0.7433,0.0,0,0,False,4.292865,-0.767255,3.9702947
2546634,0.7002,0.0,0,0,False,3.495108,0.10140079,3.6796103
2547246,0.9948,0.0,1,0,False,7.7732463,4.5748134,5.3690205
2547302,0.6105,0.6787,0,0,False,6.288471,8.747294,6.1631002
2547312,0.6211,0.0,0,0,False,5.1393533,-0.2502534,3.696318
2547356,0.828,0.1773,0,0,False,3.197796,-2.2726274,5.603104
2547425,0.6565,0.0,0,0,False,3.5486486,0.22539179,3.771368
2547430,0.525,0.8402,0,0,False,7.883945,8.255772,5.5074496
2547963,1.0,0.0,1,0,False,7.3140793,1.984988,4.8663516
2555547,0.2168,0.0,0,0,False,7.0558944,5.4116745,5.4261765
2555548,0.9999,0.0,1,0,False,7.579845,2.0164683,4.9865932
2555550,0.9762,0.0526,1,0,False,5.441496,15.606376,7.8941607
2557554,0.9767,0.0242,1,0,False,8.293414,2.2879875,3.113235
2557555,0.7257,0.0,0,0,False,3.4334695,0.54421526,3.233305
2557579,0.8263,0.0,0,0,False,5.101431,0.24640071,4.383622
2557582,1.0,0.0,1,0,False,5.7682776,0.7604896,4.761479
2557875,0.0221,0.9984,0,1,False,6.8808126,10.043864,5.85159
2557970,1.0,0.0,1,0,False,7.3466873,2.1206658,5.0845385
2558065,0.7205,0.0,0,0,False,3.4634318,-0.24083643,3.9395392
2558066,0.7165,0.0,0,0,False,3.1156077,-0.36986247,4.306729
2560282,0.7479,0.0,0,0,False,4.5948324,-0.7115941,4.000183
2560285,0.0025,0.9985,0,1,False,10.20511,18.334774,6.667941
2560310,0.9827,0.0,1,0,False,5.9590926,-0.28931594,4.3337035
2560313,0.9996,0.0,1,0,False,7.497518,5.1181374,5.576479
2560314,0.1999,0.7754,0,0,False,5.984343,6.797917,6.0124707
2560315,0.9978,0.0,1,0,False,5.603232,0.3665299,4.4751644
2560316,0.4342,0.622,0,0,False,8.163618,12.609713,6.8210163
2560317,0.0421,0.9883,0,1,False,6.1472807,9.318267,6.548439
2560318,0.0214,0.9979,0,1,False,6.465095,9.693942,6.154134
2560319,0.1035,0.9462,0,1,True,7.285246,19.2161,7.207701
2560320,1.0,0.0,1,0,False,7.1941433,1.3095375,5.0459027
2560321,0.0026,0.9996,0,1,True,6.4447093,9.710593,6.6674733
2560322,0.012,0.999,0,1,False,7.1524353,10.042466,6.2617283
2560326,0.0126,0.996,0,1,False,5.9705734,9.230885,6.727673
2560349,0.2277,0.0,0,0,False,5.8737063,0.35224637,4.121336
2560350,0.0021,0.9988,0,1,False,11.426921,19.492996,6.713573
2560371,0.0782,0.39,0,0,False,5.304326,8.3843565,6.486429
2560380,0.002,0.9988,0,1,False,11.465561,19.70272,6.6506686
2560381,0.0022,0.9987,0,1,False,11.607614,19.644623,6.8425403
2560401,1.0,0.0,1,0,False,6.624999,1.175779,4.8059974
2560468,0.9735,0.0,1,0,False,5.529291,0.06436129,4.8839936
2560525,0.989,0.9208,1,1,True,8.240754,18.72356,7.4307923
2560526,1.0,0.0,1,0,True,5.471048,0.8749918,5.0735383
2560568,0.1758,0.8261,0,0,False,7.6990404,11.042475,5.5987086
2560569,1.0,0.0,1,0,False,7.723068,3.3464143,4.8979497
2560580,0.0019,0.9996,0,1,True,6.686636,9.47725,6.574944
2560602,0.9938,0.9744,1,1,True,7.780331,19.510506,7.1557875
2560614,0.1735,0.5162,0,0,False,5.8487334,8.437175,6.7302737
2560636,1.0,0.9997,1,1,False,5.670431,2.54591,3.21053
2560754,0.3084,0.6909,0,0,False,1.7653184,-0.36435685,3.1422899
2560769,0.9908,0.003,1,0,False,4.962763,7.171131,5.8882504
2560770,0.7341,0.2528,0,0,False,5.5029387,6.977476,5.969545
2560771,0.1672,0.6315,0,0,False,5.5950465,8.030965,6.27728
2560777,0.9894,0.0,1,0,False,6.8535285,2.6909842,5.1827497
2560801,0.7026,0.9903,0,1,False,8.665751,8.364587,5.1298947
2560851,0.5423,0.0,0,0,False,4.725109,-0.2772877,3.7515984
2561873,0.9999,0.0,1,0,False,7.9493217,3.3283978,5.022059
2562138,0.9953,0.0,1,0,False,7.0325017,1.5599574,4.933138
2562142,0.4763,0.0,0,0,False,5.0254283,-0.4245177,3.6131344
2562174,0.6897,0.0,0,0,False,5.9425716,0.22837956,4.3520446
2562175,0.9995,0.0,1,0,False,7.1131096,1.4673604,4.460911
2562176,0.0,0.0,0,0,False,11.082946,0.2770689,2.871711
2562178,1.0,0.0,1,0,False,7.647875,1.3402817,4.684303
2562181,1.0,0.0,1,0,False,7.447511,1.5456059,4.3728833
2562185,0.3929,0.9905,0,1,False,7.0709686,2.0178156,3.3296034
2562192,0.0744,0.0,0,0,False,7.409734,2.0765817,4.8161726
2562235,0.0007,0.9993,0,1,False,7.2902255,2.2504396,3.0772893
2562456,0.9972,0.0,1,0,False,8.133552,2.0306346,4.221719
2562461,0.3786,0.0,0,0,False,4.8520703,-0.2955751,4.209955
2562517,0.8117,0.1248,0,0,False,5.025052,6.2162504,5.85888
2562543,0.7691,0.0,0,0,False,6.432123,0.6905593,4.183364
2562601,0.9999,0.0,1,0,False,7.0624027,1.8988099,5.3174376
2562635,0.9984,0.0,1,0,False,7.6310773,3.9886718,5.0984044
2562636,0.9967,0.0,1,0,False,8.405622,2.228739,4.4584246
2562807,0.6328,0.0,0,0,False,4.5096517,-0.7847853,3.2860394
2562808,0.6864,0.0,0,0,False,3.5927505,-0.1893114,3.5405197
2563012,0.9235,0.0,1,0,False,5.6650796,-0.36772123,4.4457636
2563826,0.9886,0.0,1,0,False,7.3725715,1.152653,4.6150665
2563838,0.9989,0.0,1,0,False,7.4324503,1.2894857,4.261064
2565304,0.513,0.0,0,0,False,4.2769837,-0.37532777,3.874639
2565372,0.9911,0.0,1,0,False,7.589977,1.7586455,4.638767
2565500,0.9998,0.0,1,0,False,7.6327686,2.1562269,4.520751
2565501,0.7999,0.0,0,0,False,4.06055,-0.4154394,3.9336128
2565502,0.6576,0.0,0,0,False,6.6845665,0.2754746,4.206575
2565509,0.9958,0.0,1,0,False,8.8165,3.0812469,4.4114733
2565510,0.9999,0.0,1,0,False,7.9956384,3.1053395,4.6169057
2565517,0.8385,0.0,0,0,False,5.794456,-0.42953023,3.6091094
2565596,0.9996,0.0,1,0,False,7.2467637,2.3259475,4.3263564
2565657,0.0,0.0,0,0,False,1.5441105,2.3911405,1.323549
2565658,0.0,0.0,0,0,False,1.4332912,2.4723241,1.2362862
2569586,0.9999,0.0,1,0,False,5.719716,0.23300397,4.6581173
2570300,0.2445,0.0,0,0,False,5.408305,-0.7212436,3.850741
2570301,0.1052,0.0,0,0,False,6.250309,7.204585,5.9824038
2570911,0.7171,0.8289,0,0,False,10.52818,3.9837146,4.5930915
2571073,1.0,0.0,1,0,True,-0.26031235,-1.898709,5.5763855
2571074,1.0,0.0,1,0,True,-0.7917001,-2.4680402,6.104637
2571075,1.0,0.0,1,0,True,-0.8119421,-2.4972708,6.122598
2571077,0.9969,0.0057,1,0,True,1.9827719,-2.7446315,4.9470143
2571078,1.0,0.0,1,0,True,-0.8190955,-2.4947577,6.12885
2571079,1.0,0.0,1,0,True,-0.15494977,-1.8626785,5.548807
2571080,1.0,0.0,1,0,True,-0.6335029,-2.3084478,5.952563
2571081,0.999,0.0,1,0,True,3.73653,-0.45134774,3.8624218
2571082,1.0,0.0,1,0,True,-0.18618205,-1.9010233,5.568856
2571083,1.0,0.0,1,0,True,-0.8187237,-2.4903965,6.118799
2571084,1.0,0.0,1,0,True,-0.20153463,-1.8926198,5.581521
2571085,1.0,0.0,1,0,True,-0.14582208,-1.7974278,5.5084987
2571086,1.0,0.0,1,0,True,-0.8147093,-2.4894612,6.120963
2571087,1.0,0.0,1,0,True,-0.7800774,-2.4615538,6.089838
2571088,1.0,0.0,1,0,True,-0.8015731,-2.477256,6.103738
2571089,1.0,0.0,1,0,True,-0.73735136,-2.43299,6.061831
2571090,0.9987,0.0016,1,0,True,2.2099123,-1.5987698,4.302578
2571091,1.0,0.0,1,0,True,-0.058700874,-1.934204,5.457824
2571246,0.3937,0.8448,0,0,False,9.013766,6.404973,4.7246428
2571247,0.9997,0.0,1,0,False,7.050933,2.9973528,5.1241803
2571249,0.9911,0.0,1,0,False,8.5124235,2.898752,5.1281824
2571250,0.0957,0.9774,0,1,False,11.205965,4.135702,4.402675
2571252,0.0,0.0,0,0,False,12.788271,5.1602254,1.4430264
2571253,0.0394,0.9756,0,1,False,8.946143,3.8095336,4.7905264
2571313,0.4736,0.4628,0,0,False,5.2924576,6.9674015,6.1015744
2572317,0.9964,0.0,1,0,False,9.124647,3.5652192,4.415526
2572526,0.049,0.9653,0,1,False,8.835489,3.8343325,4.759032
2572528,0.0,0.0,0,0,False,-0.8174193,0.846835,8.099474
2572529,0.0,0.0,0,0,False,12.973236,7.461178,6.4665704
2572533,0.0,0.0,0,0,False,7.777459,8.236629,10.565436
2575255,0.7802,0.0,0,0,False,3.5161507,0.1236417,3.7794223
2575323,0.3192,0.0,0,0,False,6.3535533,0.34059653,3.381226
2575325,0.9975,0.0,1,0,False,6.055892,0.36477426,4.070871
2575327,0.0715,0.9641,0,1,False,4.657981,0.71820694,2.7346096
2575328,0.1708,0.0,0,0,False,5.3221235,-0.875653,3.9780617
2575355,0.0,0.0,0,0,False,12.788365,5.1645274,1.4494513
2575357,0.2114,0.8562,0,0,False,12.044665,3.4827323,2.883976
2575370,0.0003,0.0,0,0,True,5.6664486,-0.9200865,3.190392
2575371,0.0003,0.0,0,0,True,5.7600756,-0.81238693,3.1735883
2575372,0.0002,0.0,0,0,True,5.923071,-0.7431538,3.181152
2575429,1.0,0.9997,1,1,False,5.749495,2.5046108,3.1022294
2575610,0.4381,0.9849,0,1,False,10.117201,4.955038,4.1813483
2575612,0.0994,0.9755,0,1,False,12.39408,3.8476431,4.603398
2575764,0.2366,0.4007,0,0,False,5.4475226,8.271278,6.45161
2575832,0.5233,0.9201,0,1,False,7.4804053,6.3550653,5.3862433
2576222,0.9996,0.0,1,0,False,7.5583067,2.270703,4.8477526
2576453,0.2541,0.0,0,0,False,7.6918945,7.158906,5.8943357
2576454,0.9448,0.0,1,0,False,7.7134714,2.01548,4.4891777
2576455,0.9964,0.0,1,0,False,7.6948924,1.7463411,4.9840374
2576456,0.9436,0.0,1,0,False,7.6423006,1.6849098,4.9129796
2576457,0.0,1.0,0,1,False,8.32218,3.621058,3.7157652
2576458,0.4703,0.0,0,0,False,7.851883,2.2882452,5.0958424
2576460,0.9801,0.0,1,0,False,7.616396,1.9077126,4.493436
2576478,0.047,0.0,0,0,False,6.1415124,-0.36666155,3.8537877
2576484,0.9697,0.0,1,0,False,7.7252197,2.2006278,4.6468244
2576500,0.1612,0.0,0,0,False,5.6036243,-0.05599451,3.7833614
2576871,0.2543,0.0,0,0,False,6.3713145,-0.6645821,4.0711923
2576872,0.4598,0.0,0,0,False,4.5246487,-0.33642,3.870031
2576873,0.249,0.0,0,0,False,5.759936,-0.062504925,4.5458155
2576874,0.3169,0.7024,0,0,False,4.1806426,1.359029,3.6504886
2576882,0.6733,0.0,0,0,False,4.0692453,-0.7947764,3.4263892
2576944,0.9466,0.0347,1,0,True,4.867757,8.29458,6.3229675
2579707,0.2144,0.6648,0,0,False,7.4482927,11.308217,5.4596415
2580353,0.7591,0.0,0,0,False,8.406592,2.1902502,4.7090163
2580388,0.5806,0.0,0,0,False,4.8078437,-0.6630427,4.1099405
2580405,0.0873,0.0,0,0,False,5.542372,0.6035702,3.4851513
2580406,0.0761,0.0,0,0,False,5.8370905,0.50535184,3.4293206
2580407,0.0828,0.0,0,0,False,6.713262,0.2790556,4.366624
2580408,0.345,0.0,0,0,False,5.7937193,0.6271841,3.5520082
2580409,0.0902,0.0,0,0,False,6.781479,0.9202949,4.7070518
2582871,0.45,0.0,0,0,False,8.080919,2.7877762,5.019855
2582874,0.0912,0.0,0,0,False,7.770763,5.1181498,5.6284456
2582878,0.4761,0.0,0,0,False,7.0758243,1.3784101,5.1755905
2582892,0.0714,0.0,0,0,False,8.225666,1.5043107,4.5488753
2582936,0.0,1.0,0,1,False,8.187097,3.441829,3.6215801
2582937,0.8915,0.0,0,0,False,7.5612416,2.136167,5.4731255
2582939,0.1731,0.0,0,0,False,7.6189904,2.2249837,4.591897
2582941,0.4278,0.0,0,0,False,7.966554,3.6326993,4.9444118
2582942,0.0446,0.0,0,0,False,7.2512884,0.8624435,4.654312
2582943,0.0846,0.0,0,0,False,7.0698714,1.6494712,5.21623
2582944,0.0779,0.0,0,0,False,7.6800637,0.52033895,4.7952156
2582945,0.4498,0.0,0,0,False,7.3138285,1.8084121,4.8399506
2582947,0.1664,0.8185,0,0,False,7.853777,10.550464,6.254039
2583039,0.3238,0.0,0,0,False,7.8494816,2.0645108,4.3897676
2583286,0.0406,0.0,0,0,False,7.3774977,1.1594106,4.7193637
2583509,0.0122,0.0122,0,0,True,8.131852,9.374111,4.6636004
2584380,0.2413,0.0,0,0,False,7.6594877,2.7639058,5.032499
2584382,0.3519,0.0,0,0,False,7.6015472,2.2803843,4.687509
2584384,0.4903,0.9214,0,1,False,7.9144545,8.75723,5.236322
2584386,0.0825,0.0,0,0,False,7.484203,2.0303135,5.0983157
2584388,0.5587,0.0,0,0,False,7.7915826,2.0267146,4.623019
2584390,0.2869,0.7759,0,0,False,6.671414,8.497818,5.301934
2584391,0.108,0.0,0,0,False,7.41335,1.562541,4.896437
2584392,0.0489,0.0,0,0,False,7.3472733,1.1073893,4.0893474
2584393,0.0,1.0,0,1,False,8.498685,3.3163142,3.037813
2584394,0.0731,0.0,0,0,False,7.2143097,1.0131992,4.4907637
2584395,0.4862,0.0,0,0,False,7.9444675,1.5421374,4.748214
2584396,0.062,0.0,0,0,False,7.571896,1.634754,4.7291985
2584397,0.0561,0.0,0,0,False,7.702434,1.4059932,4.574227
2584398,0.0784,0.0,0,0,False,7.8142242,0.502705,4.815192
2584399,0.0711,0.0,0,0,False,7.713601,0.27320552,4.772157
2584401,0.1372,0.0,0,0,False,7.720144,2.1325765,4.9725614
2584403,0.1187,0.0,0,0,False,7.4693007,1.9465848,5.3067183
2584487,0.7854,0.0,0,0,False,3.87691,0.19115327,3.5431144
2584498,0.0,0.0,0,0,False,25.737307,7.101248,7.1276774
2585031,0.9879,0.0,1,0,False,5.5521064,3.1578736,4.386205
2585037,0.1752,0.4233,0,0,False,7.5469546,10.810779,6.382022
2585038,0.5357,0.0,0,0,False,4.234579,-0.3479162,3.187692
2585053,0.5778,0.0,0,0,False,4.7071548,-0.4069442,3.6869805
2585062,0.0017,0.0,0,0,False,7.1159654,1.3383884,5.009727
2585066,0.0208,0.0,0,0,False,7.200886,0.90480834,4.321803
2585076,0.9998,0.0,1,0,False,6.0767007,0.6749824,4.8676553
2585267,0.4768,0.0,0,0,False,7.6085362,2.400491,4.240748
2586033,0.0863,0.0,0,0,False,5.2319508,-0.8385761,3.9547286
2586179,0.1857,0.0,0,0,False,7.7350435,4.2740717,5.100909
2586183,0.0532,0.0,0,0,False,7.6731925,1.1578736,4.699518
2586184,0.079,0.0,0,0,False,5.3705583,0.28015786,3.498704
2586185,0.0949,0.0,0,0,False,8.077694,2.274343,5.8213706
2586186,0.0166,0.0,0,0,False,5.819698,-0.07667454,4.437508
2586199,0.0559,0.0,0,0,False,7.5244026,2.2999978,4.2199006
2586201,0.5945,0.8674,0,0,False,7.9657316,7.815203,5.2033877
2586203,0.0,1.0,0,1,False,8.283583,3.3594875,3.3933244
2586204,0.1693,0.8472,0,0,False,7.6249695,10.016534,5.767465
2586206,0.3356,0.994,0,1,False,7.7022805,9.164365,5.1609683
2586207,0.0563,0.0,0,0,False,7.5841355,1.5755368,5.1549654
2586208,0.4241,0.7624,0,0,False,7.812077,7.1232276,5.294687
2586420,0.3993,0.3624,0,0,False,4.9867554,7.8226657,6.2678285
2586645,0.0092,0.0,0,0,False,6.007483,0.26873213,4.420744
2587493,0.0446,0.0,0,0,False,6.398003,0.015812593,4.4806733
2587809,0.275,0.7415,0,0,False,2.5511992,0.2549515,3.410727
2587814,0.0488,0.0,0,0,False,6.662561,1.2504799,5.0436306
2587819,0.9537,0.0,1,0,False,3.6663082,-0.16492537,3.3078904
2588088,0.0554,0.0,0,0,False,4.999751,-0.14007947,4.194556
2588090,0.1954,0.0,0,0,False,4.9827003,-0.7449934,3.9496017
2588093,0.0,0.0,0,0,False,10.392162,0.9380369,3.3564131
2588094,0.3162,0.0,0,0,False,8.562331,1.3019487,4.594707
2588096,0.0675,0.0,0,0,False,7.7987657,1.5684289,4.907533
2588097,0.1922,0.3007,0,0,False,4.6625075,8.840332,6.42732
2588098,0.2873,0.0,0,0,False,8.367965,2.392015,4.5394387
2588099,0.0682,0.0,0,0,False,7.7866817,1.8724684,4.6546817
2588125,0.0,0.0,0,0,False,-3.1388915,5.4909806,4.3638124
2588127,0.0,0.0,0,0,False,-0.7741405,0.9076994,8.085108
2588128,0.0,0.0,0,0,False,-0.7749428,0.90691704,8.04452
2588130,0.0,0.0,0,0,False,-0.86213267,0.8618712,8.089235
2588131,0.0,0.0,0,0,False,-0.79953855,0.8737975,8.059507
2588132,0.0802,0.0,0,0,False,7.8766713,1.9242253,5.315019
2588133,0.176,0.895,0,0,False,11.546926,3.548644,3.474633
2588487,0.1849,0.0,0,0,False,4.9404936,-0.3083714,4.5778894
2588489,0.6109,0.9651,0,1,False,9.9862585,4.6634736,4.442299
2588490,0.9957,0.0,1,0,False,7.615895,2.393159,3.5600715
2588492,0.0,0.0,0,0,False,-0.8494837,0.8249157,8.127811
2588498,0.201,0.0,0,0,False,8.626387,2.3464534,4.304718
2588499,0.0,0.0,0,0,False,10.697655,3.309552,5.674689
2588501,0.0,0.0,0,0,False,10.841119,3.2554512,5.703393
2588502,0.0,0.0,0,0,False,10.823678,3.2302794,5.7640357
2588503,0.9527,0.0473,1,0,False,7.2129188,1.7036421,3.8426476
2588504,0.0,0.0,0,0,False,10.752556,3.2609973,5.6889925
2588505,0.3197,0.6895,0,0,False,10.296668,4.143142,3.1606264
2588507,0.0,0.0,0,0,False,14.910517,1.7163942,1.8897696
2588511,0.0,0.0,0,0,False,17.981514,-3.9585018,11.8500805
2588512,0.8556,0.8444,0,0,False,8.623287,5.47977,4.98757
2588513,0.973,0.0278,1,0,False,11.029263,3.3242936,4.601138
2588514,0.7916,0.435,0,0,False,7.0404673,2.4800096,3.6622806
2588515,0.4097,0.0,0,0,False,4.33994,-0.8147426,3.7193303
2588517,0.1738,0.0,0,0,False,5.7137723,-0.24835902,4.105346
2588518,0.9556,0.0,1,0,False,3.4571192,-0.08756785,3.7337942
2588520,0.914,0.0,1,0,False,3.3790812,-0.105874345,3.3564587
2588671,0.3569,0.6471,0,0,False,6.410912,6.789593,6.091666
2589652,0.0561,0.0,0,0,False,6.4179587,0.37367287,4.299278
2589656,0.0268,0.0,0,0,False,5.6049194,-0.4582895,3.687571
2589658,0.0263,0.0,0,0,False,6.14649,0.36479303,4.791572
2589659,0.0003,0.9999,0,1,False,6.272295,1.1602656,2.9316273
2589660,0.0625,0.0,0,0,False,6.7443,0.27348855,3.9743264
2589665,0.0286,0.0,0,0,False,6.552947,0.22467332,4.3805156
2590400,0.0655,0.0,0,0,False,7.621766,1.9221839,4.414497
2590571,0.0405,0.0,0,0,False,6.6432395,0.5923097,4.663788
2590572,0.0614,0.0,0,0,False,6.039519,-0.5146809,4.267804
2590837,0.479,0.0,0,0,False,7.087296,2.8905413,4.6940045
2590874,0.1439,0.0,0,0,False,5.205002,-0.27804685,3.7869115
2590877,0.091,0.0,0,0,False,8.364717,2.7453036,4.95814
2590880,0.9927,0.0047,1,0,False,8.291988,3.007844,4.9599705
2590895,0.9078,0.3204,1,0,False,9.940309,4.679091,4.112004
2590896,0.4507,0.0,0,0,False,4.669873,-0.3699989,3.6193848
2590929,0.1768,0.8947,0,0,False,11.534045,4.3669066,3.6636493
2590931,0.1056,0.0,0,0,False,8.005533,2.3433547,4.9995213
2590932,0.0,0.0,0,0,False,12.930251,7.4831734,6.470794
2590936,0.0932,0.0,0,0,False,8.065834,3.787148,5.151413
2590944,0.3104,0.9693,0,1,False,10.654845,6.7382197,4.3519177
2590946,0.6254,0.8882,0,0,False,10.350036,4.2234554,4.6029067
2590948,0.9698,0.049,1,0,False,10.228822,3.3705668,3.874135
2591025,0.054,0.0,0,0,False,6.875985,0.6883612,4.8357472
2591030,0.0586,0.0,0,0,False,5.592238,-0.4774347,4.4229593
2591031,0.9973,0.0,1,0,False,9.279056,3.0777304,4.2900176
2591032,0.0569,0.0,0,0,False,6.765578,0.5287506,4.3732815
2591033,0.0155,0.0,0,0,False,5.6693797,-0.47516844,4.0331535
2591039,0.5409,0.9926,0,1,False,7.86244,9.788545,5.483679
2591041,0.0728,0.0,0,0,False,7.5749307,1.8801438,4.2053094
2591042,0.0796,0.0,0,0,False,7.4781632,1.9491671,4.080841
2591043,0.535,0.9795,0,1,False,8.163176,10.04751,5.641614
2591048,0.1197,0.938,0,1,False,7.8455815,10.199824,5.322582
2591055,0.3178,0.7013,0,0,False,4.181693,1.434511,3.8049161
2591056,0.3033,0.6798,0,0,False,1.6291434,0.46760783,3.277862
2591057,0.8212,0.0,0,0,False,5.717209,1.1070375,3.5049639
2591063,0.9987,0.001,1,0,False,4.636267,1.6664951,3.986321
2591069,0.1312,0.0,0,0,False,7.469845,3.7223475,5.3743806
2591074,0.224,0.9765,0,1,False,10.27034,5.0634875,2.4435778
2591106,0.9311,0.0,1,0,False,3.9397993,0.00284254,4.3123655
2591110,0.0,0.0,0,0,False,8.702386,8.424142,6.8695927
2591111,1.0,0.0,1,0,False,8.119186,1.7185171,5.6036267
2591116,0.0,0.0,0,0,False,-0.5804614,0.9858562,7.9304175
2591117,0.0755,0.9548,0,1,False,10.618502,4.056109,2.7835805
2591118,0.0,0.0,0,0,False,13.04445,4.2137623,2.659499
2591120,0.0,0.0,0,0,False,12.888711,5.6409073,4.6911445
2591121,1.0,0.0013,1,0,False,8.335339,4.1907845,4.976946
2591129,0.0,0.0,0,0,False,26.300793,7.602812,7.636251
2591131,0.9942,0.0,1,0,False,9.195992,3.0833056,4.415458
2591132,0.2377,0.829,0,0,False,11.642688,3.2899795,3.0884585
2591134,0.0,0.0,0,0,False,-3.2690477,5.547639,4.3579173
2591135,0.6629,0.3621,0,0,False,4.591367,1.3973869,0.42497796
2591136,0.0036,0.0016,0,0,False,5.5940547,2.1995835,4.206886
2591189,0.0,0.0,0,0,False,12.628224,5.044211,1.6197186
2591204,0.0,0.0,0,0,False,10.722849,3.2418191,5.717833
2591205,0.0,0.0,0,0,False,-0.6774664,0.9441827,7.968175
2591208,0.0,0.0,0,0,False,14.888228,1.7465241,1.9185842
2591209,0.1783,0.8921,0,0,False,11.685775,3.420057,3.321349
2591211,0.8957,0.1073,0,0,False,10.919125,2.8910377,4.0949397
2591212,0.8696,0.1349,0,0,False,10.930039,2.8523746,4.1182275
2591213,0.8568,0.8779,0,0,False,10.474937,4.898828,4.438578
2591214,0.4629,0.9815,0,1,False,9.610567,6.460921,4.682905
2591215,0.1191,0.9396,0,1,False,11.491225,3.0276694,5.440457
2591216,0.119,0.9397,0,1,False,11.732365,3.1521974,5.208488
2591217,0.1191,0.9396,0,1,False,11.63944,2.958312,5.3776884
2591223,0.9718,0.0471,1,0,False,9.749843,3.5917556,4.0216074
2591226,0.0852,0.9653,0,1,False,8.959191,8.252663,5.055176
2591369,0.9962,0.0,1,0,False,7.023844,0.62101865,4.6999617
2591370,0.0,0.0,0,0,False,11.616662,0.61406124,2.687872
2591371,0.0,0.0,0,0,False,11.538252,0.6379969,2.7293997
2591374,0.0,0.0,0,0,False,11.563982,0.6035175,2.7175457
2591375,0.9935,0.0,1,0,False,6.925204,0.55145425,4.6220236
2591376,0.9861,0.0,1,0,False,6.974044,0.70886886,4.6883106
2591377,0.0,0.0,0,0,False,11.668578,0.53836966,2.6804364
2591379,0.2031,0.0,0,0,False,6.5546627,1.484792,3.7380104
2591398,0.2934,0.0,0,0,False,4.573636,-0.47505087,3.8169904
2591403,0.0584,0.0,0,0,False,6.80963,0.33542478,4.904801
2591406,0.0732,0.0,0,0,False,7.2106915,0.3664883,4.6204658
2591407,0.0721,0.0,0,0,False,6.2489266,-0.10770987,4.34788
2591411,0.9999,0.0014,1,0,False,10.313922,3.2188227,3.997054
2591696,0.0212,0.0,0,0,False,5.5824356,-0.72011966,4.264415
2592161,0.0,0.0,0,0,False,9.392755,5.360302,5.8600793
2592193,0.6777,0.343,0,0,False,7.679995,6.104749,5.3152614
2592195,0.2678,0.0,0,0,False,4.584475,-0.20042847,3.8844607
2592196,0.1684,0.8398,0,0,False,5.9713717,9.737178,6.355954
2592212,0.0935,0.0,0,0,False,8.213117,2.0184307,4.5994487
2592216,0.0763,0.0,0,0,False,7.5290027,1.1805916,4.5362473
2592220,0.5034,0.0,0,0,False,4.323552,-0.3002474,3.4270725
2592223,0.0707,0.0,0,0,False,8.182352,1.5953708,4.471961
2592414,0.0785,0.0,0,0,False,8.353085,2.9386203,5.2264585
2592415,0.1465,0.0,0,0,False,7.5256405,1.4184601,4.079581
2592416,0.1606,0.0,0,0,False,6.5369406,0.102265194,4.2342486
2592615,0.0854,0.0,0,0,False,6.527236,0.12331976,4.3711653
2592659,0.0,0.0,0,0,False,25.797758,7.1676264,7.2402143
2593268,0.0699,0.0,0,0,False,7.8001757,1.5852495,4.5791826
2593322,0.1536,0.8526,0,0,False,6.7376847,6.7326427,5.778142
2593324,0.404,0.0,0,0,False,5.8733873,0.290653,4.391779
2593327,0.0519,0.9893,0,1,False,7.316779,9.730927,5.8940177
2593331,0.2401,0.822,0,0,False,5.7784233,8.915728,6.5070014
2593333,0.0725,0.0,0,0,False,8.284112,2.395203,5.0372167
2593335,0.0685,0.0,0,0,False,7.629539,2.0655882,4.9105225
2593350,0.9798,0.0204,1,0,False,11.970599,2.8101046,3.5927052
2593351,0.1003,0.0,0,0,False,11.185162,3.4384966,3.7562108
2593355,0.5273,0.8937,0,0,False,10.640299,4.633683,3.147897
2593356,0.9996,0.0004,1,0,False,7.6403065,1.6982778,5.9869456
2593360,0.0,0.0,0,0,False,13.601371,6.3103266,9.1517935
2593638,0.3036,0.0,0,0,False,5.1148067,-0.16026987,4.4589076
2593923,0.1314,0.9325,0,1,False,9.693005,16.922506,6.2062263
2593979,0.1464,0.0,0,0,False,7.010199,0.22060551,4.5049114
2593991,0.6849,0.662,0,0,False,7.6342854,19.51309,7.271095
2594175,0.0731,0.0,0,0,False,7.5532527,1.6572144,4.7236114
2594177,0.9838,0.0186,1,0,True,2.5557702,-2.7159994,5.566255
2594528,0.9854,0.0174,1,0,True,8.143247,12.367884,6.243653
2594856,0.186,0.9004,0,1,False,8.2487545,10.322743,5.418256
2596672,0.0732,0.0,0,0,False,7.6834965,1.2192935,4.043265
2596673,0.0785,0.0,0,0,False,7.0980573,0.47435933,4.3850937
2596674,0.5587,0.5358,0,0,False,6.838631,6.8919764,5.507984
2596676,0.0798,0.0,0,0,False,8.2632475,1.6831928,4.3202972
2596677,0.147,0.0,0,0,False,6.4006686,-0.4936236,3.939593
2596709,0.2387,0.0,0,0,False,5.737815,-0.8386812,4.008306
2596714,0.0753,0.0,0,0,False,7.8536277,1.0449446,4.8042035
2596715,0.9384,0.0,1,0,False,4.348159,-0.37674832,4.0405626
2596746,0.0915,0.7546,0,0,False,3.8487384,7.079245,6.378545
2596788,0.1458,0.9797,0,1,False,7.4919643,9.874611,6.2108617
2596879,0.0513,0.0,0,0,False,6.1055107,0.19855313,4.7636447
2596880,0.1868,0.8002,0,0,False,5.696158,7.083795,6.3570867
2596881,0.0778,0.0,0,0,False,7.6830316,1.0568224,4.588246
2596882,0.0897,0.0,0,0,False,8.343079,2.209662,4.694284
2596883,0.0686,0.0,0,0,False,8.123573,2.2796278,5.2354274
2596899,0.0662,0.0,0,0,False,8.30866,2.6282911,4.781945
2596902,0.0928,0.0,0,0,False,5.526745,-0.8828455,4.141622
2596966,0.4478,0.0,0,0,False,4.288181,-0.27336612,3.4382243
2596974,0.0,0.0,0,0,False,10.192983,7.0959353,5.0084896
2597325,0.0229,0.9985,0,1,False,7.781818,9.813232,5.914081
2597326,0.0458,0.9974,0,1,False,7.15382,9.179287,6.0822067
2597808,0.232,0.9955,0,1,False,7.5372,8.980468,5.5652094
2597809,0.0646,0.0,0,0,False,5.7085366,-0.08444378,4.15945
2598784,0.2199,0.468,0,0,False,6.2790613,9.1373415,6.5947895
2598785,0.9939,0.0,1,0,False,7.55576,1.2493654,5.153958
2599303,0.6477,0.3265,0,0,False,3.4495332,0.7702709,3.2434173
2599764,0.0605,0.0,0,0,False,6.5785227,1.0644227,4.8360972
2599828,0.9804,0.8139,1,0,False,8.483839,5.4203243,4.8944125
2599838,0.0662,0.0,0,0,False,8.254829,3.0779955,4.957187
2599843,1.0,0.9999,1,1,False,8.543172,1.917575,3.7677739
2599845,1.0,0.9999,1,1,False,8.534252,2.0467408,3.79478
2599847,0.0,0.0,0,0,False,13.055588,4.467346,2.7210357
2599848,1.0,0.9999,1,1,False,8.667274,1.8250883,3.813416
2599849,1.0,0.9999,1,1,False,8.585134,1.963657,3.8973646
2599852,0.1827,0.8253,0,0,False,9.073212,3.8119369,4.7759824
2599857,0.7831,0.2429,0,0,False,8.705359,6.9547114,5.084577
2599859,0.1206,0.9382,0,1,False,12.489773,3.8321347,4.925511
2599860,0.0736,0.0,0,0,False,8.428447,2.0467317,4.30879
2599862,0.0953,0.9617,0,1,False,12.577997,3.6085749,4.938819
2599866,0.1013,0.9747,0,1,False,11.741463,3.4494371,4.4895816
2599868,0.4744,0.999,0,1,False,9.796695,5.229297,4.5304217
2599870,0.8543,0.375,0,0,False,8.712835,6.134249,4.829533
2599880,0.203,0.8651,0,0,False,11.915657,3.5525281,2.9670484
2599882,0.0725,0.0,0,0,False,7.9731755,1.7555324,4.2646394
2599884,0.1679,0.905,0,1,False,11.642858,4.1504493,3.3715377
2599885,0.0,0.0,0,0,False,14.109079,3.7487128,4.55516
2599886,0.1034,0.9542,0,1,False,12.403703,3.7320008,4.822682
2599887,0.0,0.0,0,0,False,14.358899,3.8160183,4.6204724
2599888,0.0,0.0,0,0,False,11.729619,5.379915,6.491885
2599890,0.1447,0.938,0,1,False,11.114839,3.8051302,3.74784
2600101,0.3364,0.8747,0,0,False,8.334626,10.564156,5.5639787
2601527,0.3774,0.9228,0,1,False,9.422947,6.7071733,4.750187
2601610,0.9362,0.6856,1,0,False,10.327296,4.641807,4.0655026
2601626,0.0673,0.0,0,0,False,8.463051,2.5729547,4.829616
2601628,0.1723,0.0,0,0,False,5.5784793,-0.33037478,4.0102286
2601630,0.5421,0.0,0,0,False,4.204163,-0.25230324,3.8127928
2601632,0.1177,0.0,0,0,False,4.6719503,-0.10347678,3.39019
2601638,0.966,0.0072,1,0,False,4.380363,0.013364693,3.1174972
2601643,0.0922,0.0,0,0,False,7.3338723,0.7297286,4.719832
2601652,0.1739,0.0,0,0,False,5.4119945,-0.5023024,3.8608978
2601660,0.2036,0.0,0,0,False,5.5784736,-0.40154886,4.2391496
2601671,0.4381,0.939,0,1,False,4.463904,0.74989974,2.7829478
2601675,0.0605,0.0,0,0,False,6.470264,0.19035104,4.7301474
2601678,0.8886,0.0,0,0,False,5.0171127,-0.39148688,3.4620676
2601680,0.0725,0.0,0,0,False,7.836911,1.3548565,5.0853915
2601686,1.0,0.0039,1,0,False,7.7372103,1.6719158,4.211468
2601693,0.2293,0.8859,0,0,False,9.428631,6.605342,4.932551
2601695,0.9418,0.0636,1,0,False,8.708138,6.9299054,4.9947367
2601697,0.2097,0.0,0,0,False,5.6350827,-0.5838743,4.354678
2602438,0.0646,0.0,0,0,False,7.208603,2.4989285,5.0552006
2602439,0.8518,0.1599,0,0,False,5.831276,10.009118,6.530107
2602440,0.9351,0.0,1,0,False,3.433419,0.7741833,3.2592506
2603257,0.0945,0.0,0,0,False,8.860473,2.404897,4.5293837
2603260,0.2086,0.0,0,0,False,6.692323,-0.034395933,4.405508
2603848,0.0834,0.0,0,0,False,7.7156615,1.1673529,4.077749
2603849,0.1021,0.0,0,0,False,7.5541024,1.4161451,4.446034
2604335,0.1872,0.0,0,0,False,6.209487,-0.47232044,4.4512343
2604336,0.077,0.0,0,0,False,8.109655,1.4110963,5.277545
2604840,0.356,0.9008,0,1,False,7.30297,6.997899,5.801583
2604899,0.7866,0.0,0,0,False,7.9033804,4.723699,5.2518873
2604905,0.1974,0.0,0,0,False,5.6885505,-0.69403684,4.26732
2604906,0.0768,0.0,0,0,False,7.5302534,1.0972555,5.103838
2604907,0.0744,0.0,0,0,False,8.324984,2.1674716,5.0345364
2604910,0.9924,0.0004,1,0,False,6.9792175,1.3955089,4.2325587
2605718,0.1758,0.0,0,0,False,6.3181987,0.08008856,4.8693423
2605775,0.1207,0.8786,0,0,False,5.5183372,2.092977,3.8834329
2605950,0.0696,0.0,0,0,False,7.769307,1.8480065,5.045786
2606569,0.2226,0.0,0,0,False,4.6417446,-0.098206386,4.497442
2607629,0.4596,0.7451,0,0,False,7.5472956,6.6893296,5.53572
2608321,0.9405,0.1945,1,0,False,8.840046,5.5623856,4.9924526
2608368,0.0755,0.0,0,0,False,6.5635834,-0.0977357,4.411825
2608369,0.2274,0.0,0,0,False,5.4990535,-0.52066475,4.2904987
2608376,0.0002,0.9999,0,1,False,7.106523,2.0696988,3.192965
2608606,0.6869,0.0038,0,0,False,5.684334,1.2621783,4.0609584
2609450,0.7933,0.0,0,0,False,3.5066085,0.5478532,3.204964
2613793,0.2081,0.8109,0,0,False,7.034124,10.06866,6.737221
2650000,0.4485,0.5309,0,0,False,5.128416,6.3411074,6.0932035
2650411,0.9891,0.0149,1,0,True,5.7438407,15.780585,7.6762877
2650874,0.2592,0.0,0,0,False,4.852163,-0.32396397,4.0062623
2650876,0.3255,0.0,0,0,False,4.6374073,-0.34774518,4.258998
2650877,0.0898,0.0,0,0,False,7.850888,0.99838805,5.22608
2651918,0.0588,0.0,0,0,False,8.883236,2.5706077,5.0278096
2652402,0.4926,0.5515,0,0,False,10.574135,4.2566543,3.2643077
2652404,0.0,0.0,0,0,False,11.657863,7.592743,3.9633305
2652405,0.0647,0.0,0,0,False,8.785224,2.8715854,4.8300657
2652411,0.0852,0.952,0,1,False,10.767428,4.054575,2.8297815
2652412,0.0,0.0,0,0,False,-0.7607941,0.8802025,8.058242
2652414,0.2679,0.0,0,0,False,8.020573,1.2923409,4.731693
2652415,0.0742,0.0,0,0,False,7.650019,1.4703518,4.430731
2652422,0.9366,0.064,1,0,False,11.74998,1.9467138,3.6233203
2652423,0.121,0.9378,0,1,False,11.970516,3.9502568,4.779882
2652755,0.1491,0.0002,0,0,False,8.715917,2.7156212,4.734964
2652756,0.906,0.5409,1,0,False,10.730972,3.8618991,4.6890965
2652757,0.2122,0.0,0,0,False,6.483043,0.101718545,4.6494417
2652879,0.8148,0.8223,0,0,False,9.417204,4.879765,4.716946
2652880,0.0,0.0,0,0,False,13.078785,4.51867,2.7438257
2652881,0.9159,0.1009,1,0,False,10.42523,3.7236016,4.00965
2652882,0.1674,0.0,0,0,False,9.114868,2.6525242,4.7164674
2652883,0.0,0.0,0,0,False,13.283848,4.4352574,2.5904145
2653270,0.9998,0.0013,1,0,False,9.202537,2.7987268,4.426849
2653271,0.156,0.0,0,0,False,7.202505,0.6447326,4.7652264
2653273,0.0,0.0,0,0,False,14.896024,1.8463013,1.9870709
2653274,0.0,0.0,0,0,False,14.987349,1.7639928,1.9039707
2653275,0.0,0.0,0,0,False,12.943335,7.4261045,6.4327016
2653508,0.341,0.5258,0,0,False,7.7463446,12.397734,7.075503
2653651,0.0611,0.0,0,0,False,8.460214,2.251718,4.806611
2653652,0.259,0.0,0,0,False,5.467421,-1.0187335,3.7106807
2653660,1.0,0.0013,1,0,False,7.0504274,1.943786,4.4966288
2653665,0.0741,0.0,0,0,False,7.9052997,1.7395831,5.4099703
2653709,0.0665,0.0,0,0,False,6.8102517,0.06789764,4.9553075
2653716,1.0,0.0,1,0,False,8.065768,1.9172908,5.7214174
2653718,0.5026,0.9958,0,1,False,7.6441565,9.668083,5.6938624
2653725,0.6024,0.0,0,0,False,7.794814,1.5354913,5.218036
2653747,0.1125,0.0,0,0,False,9.377911,2.8752213,4.412043
2653750,0.0,0.0,0,0,False,11.086676,5.665634,1.8072159
2653755,0.0,0.0,0,0,False,14.104642,3.7779882,4.620625
2653763,0.0,0.0,0,0,False,11.639378,7.567467,3.9569094
2653764,0.0,0.0,0,0,False,25.13067,7.4501314,7.6525254
2654972,0.0703,0.0,0,0,False,5.8901,-0.053087622,4.892476
2655002,0.277,0.0,0,0,False,4.879848,-0.33547866,3.9242833
2656515,0.606,0.0,0,0,False,3.765306,0.32072517,3.7388914
2656517,0.0862,0.0,0,0,False,8.252318,0.99986666,5.0556784
2656520,0.2265,0.0,0,0,False,5.6394343,-0.9240064,3.8066933
2656526,0.8428,0.8849,0,0,False,11.050276,3.7835007,4.6858044
2656529,0.074,0.0,0,0,False,7.8326583,1.4885349,4.5068483
2656530,0.0002,1.0,0,1,False,8.130387,4.4954834,4.971474
2656532,1.0,0.0036,1,0,False,7.587506,1.4060766,3.9918046
2656534,0.0868,0.9787,0,1,False,11.537097,3.5743709,4.8045607
2656538,0.0704,0.9564,0,1,False,10.732871,4.100653,2.8327315
2656539,0.0946,0.9768,0,1,False,11.930218,3.9616838,4.857597
2656540,0.0972,0.9759,0,1,False,11.824653,3.9493887,4.7899294
2656541,0.8896,0.1137,0,0,False,10.723276,2.1895509,3.9471927
2656542,1.0,0.0025,1,0,False,7.8573585,1.2543166,4.4379416
2656545,1.0,0.9999,1,1,False,8.404596,2.0365932,3.755979
2656546,0.5113,0.9759,0,1,False,10.097898,5.472139,4.40438
2656547,0.0,0.0,0,0,False,11.059277,5.615831,1.8319849
2656550,0.0,0.0,0,0,False,10.2786455,6.974201,4.9144464
2656551,0.9696,0.8569,1,0,False,10.85399,4.1607013,4.6445775
2656554,0.1031,0.9865,0,1,False,9.388935,7.7615585,4.90518
2656556,0.2174,0.8499,0,0,False,12.180197,3.4461944,2.7898862
2656561,0.0,0.0,0,0,False,25.039078,7.545784,7.6190405
2656562,0.0,0.0,0,0,False,11.785076,6.8564286,2.4340413
2656567,0.2335,0.9747,0,1,False,9.78228,6.3992724,3.0308619
2656569,0.0,0.0,0,0,False,24.534613,8.575992,7.7665286
2656572,0.0,0.0,0,0,False,24.701319,8.417346,7.688143
2656575,0.0,0.0,0,0,False,25.402828,6.9980316,7.960936
2656582,0.7579,0.0,0,0,False,7.858851,0.6894831,4.360323
2656590,0.0,0.0,0,0,False,25.816015,7.1503453,7.303521
2656617,0.474,0.8758,0,0,False,10.677424,4.9124045,3.2600806
2656673,0.9788,0.0251,1,0,False,7.319041,3.707215,5.265048
2656676,0.0327,0.9982,0,1,False,7.165546,9.258428,5.695851
2656680,0.1061,0.0,0,0,False,8.01363,1.5611737,5.2858176
2656682,0.2286,0.0,0,0,False,6.244168,-0.31184337,4.5751944
2656683,0.0968,0.0,0,0,False,6.8416038,0.62189645,5.0675993
2656684,0.1494,0.9282,0,1,False,6.6047754,8.416079,6.3626003
2656686,0.3809,0.0,0,0,False,5.1224155,-0.6997227,3.9856706
2656687,0.1925,0.0,0,0,False,5.4346538,-0.6319468,4.3264294
2656740,0.232,0.0,0,0,False,6.263954,-0.4067846,4.675833
2660687,0.2565,0.0,0,0,False,8.472927,1.9736135,4.528504
2660688,0.7934,0.0003,0,0,False,8.6248255,2.1889212,4.9082713
2660689,0.9775,0.0382,1,0,False,10.257524,3.791836,4.631994
2660715,0.311,0.0,0,0,False,3.89666,-0.05287595,3.6477773
2662127,0.769,0.0,0,0,False,4.0757017,-0.45221663,3.7612705
2662128,0.3716,0.0,0,0,False,4.4143786,-0.83301485,4.0049534
2662136,0.3064,0.0,0,0,False,5.1687737,-0.52783024,4.6198635
2662138,0.1596,0.0003,0,0,False,8.427537,2.2675886,4.782564
2662277,0.2349,0.0,0,0,False,5.216644,-0.61420417,4.39069
2662293,0.2627,0.0001,0,0,False,3.4764857,0.63991976,3.695483
2662295,0.2764,0.0,0,0,False,4.7297215,-0.31473082,4.205419
2662296,0.2449,0.0,0,0,False,6.2354445,-0.6677917,4.4229913
2662297,0.1731,0.8331,0,0,False,4.3856254,0.61566365,1.6054859
2662298,0.0674,0.9374,0,1,False,4.52047,0.8923445,1.9974148
2662299,0.2813,0.0,0,0,False,5.327854,-0.7249453,4.175108
2662314,0.3231,0.6797,0,0,False,6.29217,6.842265,5.947352
2662396,0.0835,0.2735,0,0,False,7.9641347,11.053297,6.5494533
2663232,0.1857,0.0,0,0,False,7.957766,2.7137744,5.124441
2663325,0.4518,0.0,0,0,False,7.668719,1.0213745,4.2968564
2663326,0.3406,0.0,0,0,False,8.000189,0.893816,4.143773
2664131,0.7784,0.2441,0,0,False,8.185331,6.4224143,5.1364913
2664196,0.0777,0.0,0,0,False,7.71227,1.2943655,5.2707367
2664224,0.0,0.0,0,0,False,11.51042,6.172429,2.6459603
2664225,0.0,0.0,0,0,False,8.458481,3.4850395,2.1241806
2664226,0.9999,0.0013,1,0,False,9.257213,3.2061698,4.574341
2664236,0.8472,0.0,0,0,False,5.644565,0.353057,3.7396197
2664242,0.2219,0.0,0,0,False,6.250965,-0.34168792,4.166314
2664246,1.0,0.0,1,0,False,5.8451195,-0.63296485,4.2489085
2664558,0.2012,0.0,0,0,False,6.6186223,-0.17677681,4.3786917
2664939,0.2696,0.0,0,0,False,5.6293397,-0.4196134,4.201462
2664942,0.1759,0.9134,0,1,False,9.322396,16.163218,6.1345572
2666257,0.0,0.0,0,0,False,2.3954244,-0.44197148,2.0559626
2668086,0.6581,0.9065,0,1,False,7.1767874,6.867651,5.9715834
2668087,0.224,0.0,0,0,False,5.460418,-0.68484396,4.2471786
2672571,0.8526,0.9589,0,1,False,7.2856245,6.695764,5.949313
2675159,0.2533,0.0,0,0,False,6.1444163,-0.2682601,4.0363183
2675235,0.2865,0.7101,0,0,False,1.8280224,-0.08393297,3.2880976
2675237,0.9951,0.0,1,0,False,4.667357,-0.6149514,3.5716596
2675238,0.2549,0.0,0,0,False,4.602461,-0.52451223,3.936157
2675240,0.2916,0.7067,0,0,False,1.9771382,-0.0716584,3.262625
2675242,0.2619,0.0,0,0,False,4.6835194,-0.7995456,3.6804764
2675243,0.2847,0.7124,0,0,False,2.224173,-0.17056015,3.368313
2675244,0.3755,0.0,0,0,False,4.859569,-0.55132717,3.8834782
2675246,0.6783,0.0,0,0,False,4.859336,-0.5217825,3.7840898
2675249,0.319,0.0,0,0,False,4.320681,-0.25677177,3.590992
2675250,0.2949,0.7119,0,0,False,3.6935332,0.80618376,1.6323324
2675251,0.3618,0.7924,0,0,False,2.6676934,0.30271152,1.6751829
2675252,0.8608,0.0003,0,0,False,3.9068136,-0.30795613,3.4868958
2675254,0.9906,0.0,1,0,False,4.0789557,-0.06470627,3.564322
2675255,0.156,0.8582,0,0,False,3.200927,0.5044252,2.7338033
2675256,0.9894,0.0106,1,0,False,3.9353986,0.30588046,3.277252
2675257,0.9942,0.0015,1,0,False,3.9700713,-0.5008051,3.7878387
2675259,0.9705,0.0,1,0,False,4.5678325,-0.7589614,3.4921837
2675260,0.9984,0.0,1,0,False,3.96132,-0.5786563,3.5663471
2675263,0.3587,0.0,0,0,False,4.6979938,-0.8495511,3.5884445
2675265,1.0,0.0,1,0,False,3.8873134,-0.31147066,3.3698738
2676049,0.9611,0.0,1,0,False,8.235819,1.8704346,4.9551597
2676436,0.6917,0.0,0,0,False,5.653858,-0.4009973,4.37745
2678334,0.1961,0.0,0,0,False,8.055558,1.7140622,5.0665483
2678563,0.9968,0.0036,1,0,False,7.7749176,2.9344518,4.823221
2678590,0.0,0.0,0,0,False,7.3779297,3.2804515,4.3270698
2678601,0.3669,0.0,0,0,False,7.130949,0.14430822,4.6883926
2678937,0.0,0.0,0,0,False,5.6368165,0.8547395,2.9632778
2679891,0.2675,0.0,0,0,False,6.767518,-0.40961504,4.343134
2679897,0.9982,0.0001,1,0,False,4.8217244,-0.66270983,4.1659927
2679898,0.9333,0.0483,1,0,False,4.7729845,7.7050734,6.3966327
2679904,0.6508,0.4593,0,0,False,9.06893,6.292538,4.7516155
2679905,0.0003,0.9999,0,1,False,6.184877,0.9070787,2.7484658
2681195,1.0,0.0,1,0,False,4.1459823,-0.4581088,3.5077806
2681592,0.0183,0.9836,0,1,False,9.963063,3.1927807,3.9913864
2681594,0.9945,0.0,1,0,False,6.2372627,0.56272894,3.7911096
2681595,0.0,0.0,0,0,False,9.377036,5.279614,5.87563
2681596,0.9087,0.0,1,0,False,4.363056,1.3394942,4.2683115
2681597,0.3025,0.6822,0,0,False,1.6878306,0.24283594,3.167199
2681598,0.0,0.0,0,0,False,11.298285,-6.3061433,0.14532979
2681599,1.0,0.0,1,0,False,6.6242647,1.3672024,3.934604
2681602,0.3059,0.6754,0,0,False,1.4434834,0.4630511,3.412009
2681603,1.0,0.0,1,0,False,5.995189,0.9569646,4.3475037
2681604,0.9991,0.0,1,0,False,6.3988514,-0.61551064,4.240173
2681605,0.9953,0.0,1,0,False,7.6516395,0.018374437,4.2975874
2681606,0.1732,0.7977,0,0,False,5.344147,0.5612845,3.1859121
2681607,0.1374,0.0,0,0,False,8.472262,2.9450428,5.05284
2681608,0.9991,0.0,1,0,False,4.0462503,-0.60734344,3.491814
2681609,0.0511,0.9482,0,1,False,3.2111166,0.17825203,2.8796945
2681611,0.0,0.0,0,0,False,7.124192,2.4557457,4.3996444
2681612,0.9377,0.0,1,0,False,8.378918,2.2107394,5.1218157
2681613,0.796,0.0,0,0,False,7.994853,1.5912199,5.2946177
2681614,0.0365,0.9955,0,1,False,8.734042,3.1676362,4.7564993
2681615,0.7534,0.9906,0,1,False,9.8159075,5.588471,4.6905203
2681616,0.9733,0.0275,1,0,False,10.724093,2.927675,4.6807876
2681617,0.4106,0.9964,0,1,False,6.602637,2.1100798,3.5762458
2681618,0.3004,0.9974,0,1,False,6.628879,2.1477578,3.590637
2681619,0.8716,0.1296,0,0,False,8.0478,3.672643,4.016905
2681620,0.9994,0.0,1,0,False,8.535867,2.0220823,4.7678537
2681621,1.0,0.0,1,0,False,7.2781105,1.4783229,3.780974
2681623,0.0,0.0,0,0,False,25.458809,7.158256,7.831336
2681624,0.3158,0.6839,0,0,False,1.6854897,-0.48497367,3.0892377
2681625,0.9997,0.0,1,0,False,5.4516525,-0.70756525,4.2899494
2681626,1.0,0.0,1,0,False,2.568619,-0.1976043,3.52437
2681630,0.0,1.0,0,1,False,8.3791065,3.5295086,4.4305243
2681674,0.9876,0.0,1,0,False,7.745054,0.99208146,4.386191
2682467,0.4368,0.7247,0,0,False,7.785014,3.8943605,3.8143215
2682836,0.5063,0.7686,0,0,False,4.472758,1.2437009,3.4281447
2682965,0.9987,0.0,1,0,False,5.431271,-0.9293835,3.9211392
2683043,0.7741,0.0,0,0,False,7.241538,1.592224,4.9015856
2683673,1.0,0.0,1,0,False,4.784216,-0.4383921,4.278348
2683823,1.0,0.0,1,0,False,5.2870903,-0.40644556,4.220033
2684227,0.3557,0.7766,0,0,False,8.299296,10.757585,5.6019626
2686039,0.9994,0.0,1,0,False,8.245319,2.4253895,5.5636754
2686046,0.9846,0.0224,1,0,False,7.9965277,6.301185,5.3165426
2686071,1.0,0.0,1,0,False,5.859467,0.38030964,3.8590817
2686073,0.9976,0.0,1,0,False,6.380002,-0.093760744,4.7446504
2686080,0.5372,0.8462,0,0,False,8.38319,8.161391,5.357443
2686088,0.5374,0.6741,0,0,False,10.439365,4.3206053,3.091815
2686098,0.204,0.8639,0,0,False,12.043588,3.487357,2.958965
2686202,1.0,0.0,1,0,False,6.8454876,-0.05890775,4.1131597
2686208,0.9997,0.0,1,0,False,7.8827224,1.0558536,4.7658215
2686209,0.9918,0.0017,1,0,False,8.663477,1.4600178,4.7065945
2686228,0.1194,0.9393,0,1,False,11.590058,3.039967,5.3976016
2686229,0.1191,0.9396,0,1,False,11.682489,3.0302877,5.3206396
2686231,0.934,0.1607,1,0,False,9.981477,2.9452367,4.610757
2686232,0.0,0.0,0,0,False,10.587997,8.64966,5.339719
2686233,0.9371,0.0635,1,0,False,11.722886,2.3393633,3.9550762
2686235,0.9529,0.0,1,0,False,8.146649,1.435518,5.0054116
2686238,0.7331,0.0,0,0,False,5.787713,0.09176625,4.381403
2686242,0.9999,0.0001,1,0,False,3.8440905,0.24717274,3.221747
2686244,0.9998,0.0001,1,0,False,3.5671525,0.26716283,3.1775625
2686245,0.0,0.0,0,0,False,0.276556,0.18467107,0.958108
2686246,0.0,0.0,0,0,False,0.1987692,0.17182386,0.870963
2686247,0.0,0.0,0,0,False,0.043381803,0.1568565,0.75065374
2686250,0.9964,0.0,1,0,False,4.251366,-0.5492504,3.805622
2686251,0.0,0.0,0,0,False,0.32906914,0.20273362,0.9880579
2686258,0.0,0.0,0,0,False,0.09400989,0.15199041,0.78455865
2686263,0.0,0.0,0,0,False,0.21218732,0.18427913,0.9049367
2686266,0.0,0.0,0,0,False,0.04927658,0.14659259,0.7593434
2686268,0.0,0.0,0,0,False,0.17128836,0.16717881,0.8703753
2686270,0.0,0.0,0,0,False,0.21067543,0.17104931,0.88232946
2686273,0.0,0.0,0,0,False,0.07216995,0.1486572,0.77683985
2686277,0.0,0.0,0,0,False,0.05576759,0.14708304,0.7613905
2686278,0.0511,0.9482,0,1,False,3.5699043,-0.08064766,2.55328
2686279,0.0,0.0,0,0,False,0.14588402,0.15386114,0.8426174
2686285,1.0,0.0,1,0,False,6.5343366,0.12744908,4.3799677
2686289,0.0,0.0,0,0,False,2.3743527,-0.5274758,1.9964297
2686290,0.0,0.0,0,0,False,2.1422622,-0.41758993,2.1098099
2686301,0.9996,0.0,1,0,False,5.836383,-0.18560572,4.4019113
2686303,0.0,0.0,0,0,False,2.3058238,-0.56000733,1.9944698
2686308,0.0,0.0,0,0,False,2.391564,-0.5779019,1.9666113
2686311,0.2318,0.0,0,0,False,7.963745,1.3202934,4.6953635
2686312,1.0,0.0,1,0,False,7.732954,0.8079271,4.602672
2686313,0.9939,0.0,1,0,False,8.001236,1.2785939,4.9642887
2686378,0.9987,0.0018,1,0,False,7.934377,1.8245476,4.138447
2686437,1.0,0.0,1,0,False,6.6882844,-0.1830468,4.5556974
2686471,0.0,0.0,0,0,False,18.162157,-2.9254923,2.4583902
2686474,0.9999,0.0,1,0,False,8.547177,1.9359268,4.9146295
2687248,0.1551,0.7174,0,0,False,6.038419,7.0604897,6.133979
2687249,0.9987,0.0,1,0,False,5.4243217,-0.4864148,3.8521442
2687250,1.0,0.0,1,0,False,5.4330354,-0.66865826,4.351936
2687251,0.9999,0.0,1,0,False,6.383028,0.3428393,4.726096
2689114,1.0,0.0,1,0,False,8.01745,1.3310122,4.270395
2690230,1.0,0.0,1,0,False,4.749281,-0.6853057,3.779783
2691085,1.0,0.0,1,0,False,4.477188,-0.6513261,3.8600256
2691598,0.9861,0.0,1,0,False,6.7763386,0.03045064,4.8460155
2692510,1.0,0.0,1,0,False,5.063555,-0.025640115,3.6614377
2695302,0.0894,0.9955,0,1,False,6.735337,9.296825,5.6348004
2695836,1.0,0.0,1,0,False,6.7580085,0.5442204,3.6801832
2696337,0.0001,0.9819,0,1,False,3.0164437,6.811804,5.2803674
2696339,1.0,0.0,1,0,False,4.7953,-0.8596758,4.160621
2696340,0.188,0.8883,0,0,False,6.612695,8.443979,5.8871613
2696345,1.0,0.0,1,0,False,4.9773383,-0.47209477,3.7886815
2696355,1.0,0.0002,1,0,False,8.687695,0.7607454,4.271987
2696373,0.2086,0.8591,0,0,False,12.015939,3.456887,2.9380455
2696375,1.0,0.0,1,0,False,6.5609875,0.13587151,3.6814504
2696376,1.0,0.0,1,0,False,5.33961,-0.16973439,3.7552352
2696379,1.0,0.0,1,0,False,5.2093277,-0.6517117,4.1389747
2696383,1.0,0.0,1,0,False,5.7972255,-0.88695204,4.3242054
2696385,1.0,0.0,1,0,False,7.026839,0.17764384,4.032421
2696386,0.9956,0.7656,1,0,False,7.9608245,1.5175247,4.1383243
2696389,1.0,0.0,1,0,False,6.032456,-0.75183177,4.084569
2696393,1.0,0.0,1,0,False,5.200793,0.44357428,3.4618099
2696397,1.0,0.0,1,0,False,6.0163217,-0.4486558,4.2802534
2696401,1.0,0.0,1,0,False,5.569454,0.036387958,3.4606009
2696402,0.7273,0.9184,0,1,False,6.593477,7.805025,6.138007
2696404,1.0,0.0,1,0,False,6.3729377,0.12291227,4.097371
2696410,1.0,0.0,1,0,False,6.3594975,-0.37223834,4.2779627
2696411,1.0,0.0001,1,0,False,8.372378,1.9399782,5.0376964
2696416,1.0,0.0,1,0,False,7.085336,-0.03157859,4.524653
2696426,1.0,0.0,1,0,False,6.8332443,-0.6592395,4.3440123
2696430,0.9999,0.0,1,0,False,6.7977567,-0.24021941,4.5648713
2696431,1.0,0.0,1,0,False,5.454005,-0.5045281,4.0429296
2696432,1.0,0.0,1,0,False,5.8898187,-0.29626969,4.687302
2696434,1.0,0.0,1,0,False,6.990984,-0.11774405,4.2950993
2696435,1.0,0.0,1,0,False,6.5576396,-0.6768971,4.1746993
2696437,1.0,0.0,1,0,False,5.7473087,-0.5051052,3.9606354
2696439,1.0,0.0,1,0,False,5.0507727,-0.1232711,3.6011593
2696442,0.9983,0.9697,1,1,False,8.947497,2.0629208,3.4672132
2696449,1.0,0.0,1,0,False,6.7868776,-0.47962016,3.9384763
2696450,1.0,0.0,1,0,False,6.360462,-0.47789496,4.148268
2696451,1.0,0.0,1,0,False,5.628662,0.49051473,3.4280803
2696452,1.0,0.0,1,0,False,6.9545374,-0.11984555,4.1462193
2696455,0.5809,0.6223,0,0,False,6.4330177,10.785571,6.647625
2696456,1.0,0.0,1,0,False,6.1349025,-0.22200263,3.4474442
2696458,1.0,0.0,1,0,False,3.9521768,0.1395472,3.5206096
2696460,1.0,0.0,1,0,False,6.1198616,0.1782498,3.141714
2696462,1.0,0.0,1,0,False,8.383359,2.6090057,4.9368906
2696999,1.0,0.0,1,0,False,7.542625,0.45500663,4.556688
2697005,0.9999,0.0135,1,0,False,7.39488,0.22981513,4.351571
2697049,0.9598,0.9573,1,1,True,7.305288,19.035593,7.0339675
2697494,1.0,0.0001,1,0,False,7.793288,1.7813548,4.770572
2697535,0.6472,0.3268,0,0,False,1.9717833,1.480546,2.6384015
2697536,1.0,0.0,1,0,False,4.879579,-0.32220766,3.8026521
2697537,1.0,0.0,1,0,False,6.3686013,-0.8491509,4.3424573
2697539,1.0,0.0,1,0,False,4.8408723,-0.44179982,3.7637866
2698666,1.0,0.0,1,0,False,7.5680575,0.67468596,4.736053
2698667,1.0,0.0,1,0,False,7.8274574,0.25971588,4.5628414
2698907,1.0,0.0,1,0,False,7.032351,-0.14667523,4.434339
2698910,1.0,0.0,1,0,False,5.672454,0.114684865,3.299314
2698923,1.0,0.0,1,0,False,6.322177,-0.14554906,4.1840043
2698927,1.0,0.0,1,0,False,6.992958,0.9537358,3.8346426
2699738,0.9999,0.0001,1,0,False,4.383708,0.1384154,3.8885036
2700089,1.0,0.0,1,0,False,7.478877,0.1445195,4.427678
2704031,1.0,0.0,1,0,False,4.5287924,0.17121217,3.698122
2704033,0.9727,0.9989,1,1,False,9.320648,3.582693,4.6784835
2704034,0.1108,0.9472,0,1,False,11.422411,4.6804366,4.902701
2704035,0.9142,0.3333,1,0,False,8.816326,2.39242,4.711403
2704043,1.0,0.0001,1,0,False,8.548894,1.4548424,4.729392
2704413,1.0,0.0,1,0,False,4.8955607,-1.1080292,3.7651305
2704521,0.6779,0.4894,0,0,False,5.6481347,10.573531,6.86138
2704630,1.0,0.0,1,0,False,8.242346,1.1204957,5.1230593
2705123,1.0,0.0,1,0,False,5.5228724,-0.031927012,3.9616807
2705538,0.3775,0.6439,0,0,False,8.103695,6.621223,5.195526
2705543,1.0,0.0,1,0,False,8.534017,0.9306367,4.630657
2706523,0.76,0.32,0,0,False,6.135246,10.193519,6.5865607
2708562,1.0,0.0,1,0,False,8.455943,2.6370618,5.2390175
2708629,1.0,0.0001,1,0,False,8.097435,1.7877475,5.650089
2708630,0.0,0.0,0,0,False,26.31532,7.589007,7.591336
2708631,0.8777,0.5224,0,0,False,13.445237,3.9020169,4.615115
2708633,0.0,0.0,0,0,False,14.140012,3.636983,4.5966005
2709317,1.0,0.0,1,0,False,5.1490173,-0.7267683,4.190825
2710495,1.0,0.0,1,0,False,5.452855,-0.9706501,4.1967235
2711179,1.0,0.0002,1,0,False,8.497252,1.671514,4.5978575
2711183,0.3028,0.6809,0,0,False,1.51504,0.19673882,3.3707144
2711185,1.0,0.0,1,0,False,5.9270554,-0.23594958,4.2559724
2712269,0.9999,0.0003,1,0,False,8.485865,2.1880038,4.678492
2712940,1.0,0.0,1,0,False,8.407457,1.2891638,4.6945276
2712941,0.9999,0.007,1,0,False,9.023481,2.0630903,4.4673834
2712957,0.9942,0.1449,1,0,False,9.633589,2.8927145,4.3119946
2712958,0.9999,0.0001,1,0,False,4.8757777,-0.35903913,3.8345456
2712961,1.0,0.0,1,0,False,6.8880105,-0.58429927,4.3255424
2712972,1.0,0.0,1,0,False,4.5030704,-0.06555771,3.535442
2713157,1.0,0.0025,1,0,False,8.065793,4.8017,5.39121
2713208,0.7134,0.9412,0,1,False,8.262781,8.306114,5.379247
2713211,1.0,0.0,1,0,False,5.8507733,-0.6929312,4.009875
2713222,0.9894,0.0106,1,0,False,4.815629,0.019823767,2.8272288
2713223,0.2634,0.7122,0,0,False,5.412835,8.0810585,6.7405405
2713224,1.0,0.0002,1,0,False,8.794074,1.8344519,4.908141
2713242,1.0,0.0446,1,0,False,7.8160095,0.6446831,4.4819307
2713243,1.0,0.0001,1,0,False,7.889412,0.73671776,4.630283
2713256,0.923,0.0784,1,0,False,11.333788,2.2251506,3.888876
2713257,0.7377,0.2858,0,0,False,10.548108,3.2266936,3.6744785
2713258,0.9961,0.4567,1,0,False,9.026732,2.4020457,4.6418056
2713260,0.9994,0.8912,1,0,False,8.51932,3.6657245,4.8384485
2713262,0.9096,0.143,1,0,False,10.21675,3.9493537,4.030878
2713263,0.0,0.0,0,0,False,12.8874855,7.4872637,6.451354
2713267,1.0,0.0001,1,0,False,7.8804197,0.9425104,4.552241
2713268,0.1979,0.8704,0,0,False,11.869818,3.3450167,3.005347
2713269,1.0,0.0,1,0,False,7.6480565,0.36688787,4.352982
2713273,1.0,0.0007,1,0,False,7.9489474,1.060677,4.7811255
2713274,1.0,0.0,1,0,False,5.143083,0.039701495,3.4917345
2713276,1.0,0.0,1,0,False,5.6332603,-0.9043671,3.9745328
2713277,1.0,0.0,1,0,False,5.4339905,-0.4719003,3.4096937
2713278,1.0,0.0,1,0,False,7.284089,0.426457,4.8073545
2713279,1.0,0.0,1,0,False,6.2178183,-0.5382926,3.770019
2713280,1.0,0.0,1,0,False,6.1724906,-0.5029238,4.054591
2713281,1.0,0.0001,1,0,False,8.354046,1.2506347,5.21498
2713282,1.0,0.0,1,0,False,6.3235035,-0.06728655,3.5181932
2713283,0.9999,0.0001,1,0,False,6.6966615,-0.4144825,4.087024
2713284,0.003,0.0233,0,0,False,4.5921874,0.6761078,3.0617537
2713285,1.0,0.0,1,0,False,6.4954133,-0.69057345,3.539498
2713288,1.0,0.0,1,0,False,7.592699,0.47647992,4.695857
2713289,1.0,0.0001,1,0,False,7.501528,0.16660193,4.662177
2713291,1.0,0.0003,1,0,False,8.597934,0.8416014,4.23195
2713292,0.5898,0.4305,0,0,False,7.2972026,7.1419435,5.7046657
2713293,1.0,0.0,1,0,False,6.608732,-0.36028102,4.171447
2713296,1.0,0.0,1,0,False,5.8560205,-0.24732557,3.7723207
2713297,1.0,0.0,1,0,False,6.5775304,-0.6966264,4.4207025
2713298,1.0,0.0,1,0,False,5.959853,-1.0522573,4.40195
2713299,1.0,0.0,1,0,False,6.364733,-0.5491859,3.885989
2713301,0.1495,0.8632,0,0,False,6.8797035,7.1804695,5.8910413
2713302,1.0,0.0018,1,0,False,7.9732456,0.28886026,4.4177127
2713304,1.0,0.001,1,0,False,8.33812,1.3730601,4.986195
2713305,1.0,0.0,1,0,False,5.351653,-0.113499776,3.2136078
2713306,0.9998,0.0022,1,0,False,6.549997,1.434496,3.5820642
2713308,1.0,0.0002,1,0,False,7.430596,-0.15804872,4.0529714
2713309,1.0,0.0,1,0,False,6.8402667,0.15166909,3.443696
2713310,1.0,0.0004,1,0,False,7.4479947,0.5707997,4.2457175
2713311,1.0,0.0,1,0,False,4.7805576,0.49649632,3.144288
2713312,1.0,0.0,1,0,False,7.4785743,-0.17583501,4.0323396
2713313,1.0,0.0,1,0,False,6.256424,-0.3037845,3.9276223
2713314,1.0,0.0,1,0,False,7.6146345,0.17460172,4.3659906
2713317,1.0,0.0,1,0,False,5.4017987,-0.45487493,3.5692394
2713318,1.0,0.0,1,0,False,6.764914,-0.5687534,3.85933
2713319,1.0,0.0,1,0,False,7.54164,-0.10675546,4.242719
2713320,1.0,0.0001,1,0,False,6.783383,-0.43945286,3.63032
2713321,1.0,0.0,1,0,False,7.23516,-0.5264825,3.910579
2713322,1.0,0.0,1,0,False,6.155368,-0.6798141,3.7387917
2713323,1.0,0.0006,1,0,False,7.814259,0.28154084,4.3770256
2713325,1.0,0.0,1,0,False,6.1654773,-0.9589193,3.9865985
2713326,0.451,0.5912,0,0,False,8.041077,12.4085245,6.5424027
2713327,1.0,0.0001,1,0,False,7.45694,0.18892552,3.822279
2713499,0.9999,0.0001,1,0,False,4.981572,-0.703043,3.2130232
2713640,0.9864,0.0136,1,0,False,3.122748,0.37793705,3.0948408
2714164,1.0,0.055,1,0,False,8.528487,2.054736,4.971507
2714165,1.0,0.0209,1,0,False,8.314945,1.4229889,4.883345
2714166,0.9995,0.9513,1,1,False,8.670662,1.6525099,4.619569
2714167,0.9999,0.5597,1,0,False,8.426055,3.5980716,5.188176
2714170,1.0,0.0259,1,0,False,8.173699,1.2916348,4.961462
2714177,1.0,0.0097,1,0,False,8.225781,0.6143633,4.5687146
2714735,0.9997,0.0003,1,0,False,5.702831,1.0658852,3.3397586
2714894,0.9999,0.2471,1,0,False,8.114522,2.560424,4.990944
2714898,1.0,0.0,1,0,True,6.048956,0.6190004,3.4062464
2714899,0.9864,0.0136,1,0,True,3.173829,0.23773496,3.6653504
2715094,1.0,0.0091,1,0,False,7.827567,2.5953236,5.3757267
2715178,0.9975,0.0189,1,0,False,8.16847,4.708165,4.641483
2715689,0.9999,0.055,1,0,False,7.2841353,0.20724924,4.2993007
2716315,0.9221,0.1398,1,0,False,2.7100494,-2.3106327,5.5421014
2716316,0.1097,0.9505,0,1,False,7.443046,10.115894,6.352187
2716318,0.091,0.9459,0,1,False,8.077846,10.50735,5.778104
2716322,0.9986,0.9869,1,1,False,9.687685,2.2002335,4.200033
2716350,0.9901,0.9093,1,1,False,7.3652897,1.6456846,3.600833
2716351,0.9984,0.6376,1,0,False,7.97682,1.417941,4.2201715
2716352,0.0,1.0,0,1,False,7.3961596,2.0151386,3.4953005
2716354,0.0549,0.9337,0,1,False,5.8366976,1.0361861,3.039969
2716559,0.9164,0.0853,1,0,False,8.199824,6.82087,5.035132
2716617,0.9999,0.0001,1,0,False,5.9549327,-0.7814593,3.9142468
2716727,0.3049,0.6768,0,0,False,1.4119893,0.18184717,3.2049901
2716728,0.3063,0.6747,0,0,False,1.2179395,0.29586914,3.4532185
2716729,0.3052,0.6769,0,0,False,1.5005128,0.18256961,3.3231852
2716753,0.9999,0.0001,1,0,False,5.6215034,-0.78198725,3.6129885
2716754,0.0789,0.9487,0,1,False,7.4361,10.238974,6.395367
2716759,0.6581,0.2238,0,0,False,4.457921,8.029038,6.346896
2716764,1.0,0.0,1,0,False,7.2635026,0.28219485,4.431819
2716914,0.9999,0.0001,1,0,False,6.480181,-0.54003495,3.8496819
2717630,0.977,0.023,1,0,False,3.906038,0.86475253,2.810684
2718722,0.9999,0.4228,1,0,False,8.13721,0.85291713,4.4235134
2718942,0.1162,0.9841,0,1,False,7.115484,10.212299,6.433977
2718943,1.0,0.0483,1,0,False,7.9432397,2.1898537,5.2247887
2719179,0.9999,0.0001,1,0,False,5.9826384,-0.9556661,3.657431
2719181,0.9999,0.1259,1,0,False,7.278972,0.62436223,3.702611
2719185,0.9999,0.1974,1,0,False,8.197069,0.93101734,4.392608
2719186,0.9993,0.7724,1,0,False,9.016179,1.9546793,3.9551928
2719194,0.9998,0.9834,1,1,False,9.090615,2.47866,4.6187468
2719198,0.9997,0.9971,1,1,False,8.281304,1.9337057,4.094084
2719200,1.0,0.7311,1,0,False,8.507048,1.4196095,4.6941667
2719209,0.0,0.0,0,0,False,25.284449,7.1819863,8.033454
2719575,0.8197,0.2054,0,0,False,9.190656,3.8545635,4.8902783
2719593,1.0,0.0,1,0,False,4.787584,0.004666551,3.337804
2719594,0.0,0.001,0,0,False,3.6444855,0.105137765,3.1037223
2719595,1.0,0.0031,1,0,False,7.5887675,1.0008011,4.9781675
2719600,0.9984,0.8188,1,0,False,8.80403,2.1711452,4.175917
2719601,0.0792,0.9911,0,1,False,7.287376,2.2110329,3.2283092
2720215,1.0,0.0052,1,0,False,7.952373,0.46868703,4.1346736
2720904,1.0,0.0434,1,0,False,7.910546,0.59015477,4.4218616
2720905,1.0,0.0,1,0,False,7.04898,-0.018267756,3.9417906
2720907,0.9999,0.0001,1,0,False,5.673434,-0.5311905,3.4009335
2720908,0.9999,0.1321,1,0,False,7.948235,1.252026,4.719677
2720912,0.9999,0.0002,1,0,False,6.9300666,-0.4801702,4.059077
2720941,0.9999,0.2824,1,0,False,8.402986,1.6389847,4.3359213
2720942,0.9972,0.8472,1,0,False,7.787651,2.346777,3.9359238
2720945,0.9999,0.3633,1,0,False,7.924717,1.1862714,4.7686734
2720946,0.7073,0.998,0,1,False,6.0435777,1.7770797,3.1431546
2720949,0.9997,0.1943,1,0,False,7.944378,1.0079391,4.3961034
2720951,0.9999,0.0916,1,0,False,7.045893,1.227459,4.356653
2720952,0.9999,0.3309,1,0,False,8.440419,1.1751472,4.9121747
2720958,0.1377,0.9964,0,1,False,7.283164,8.941802,5.648625
2720959,0.9999,0.3842,1,0,False,8.064224,0.94445527,4.9446664
2720960,0.9998,0.3051,1,0,False,7.8806376,1.5042819,4.9684696
2720961,0.9999,0.7768,1,0,False,7.7230062,1.8785299,4.660288
2720962,0.9999,0.1537,1,0,False,7.9768734,1.4852171,4.7383256
2720966,0.999,0.9763,1,1,False,7.915466,7.404513,5.3917356
2721273,0.2048,0.5506,0,0,False,7.674123,11.011629,6.8645544
2721748,0.2603,0.3579,0,0,False,4.0836787,5.893951,5.6939197
2721749,0.1509,0.8553,0,0,False,6.259929,8.050911,6.2416105
2721750,1.0,0.0,1,0,False,5.6440854,1.1185061,4.533754
2721757,1.0,0.9981,1,1,False,8.542881,5.5595427,4.943936
2721760,0.0182,0.9818,0,1,False,4.9889355,1.3734456,3.5839748
2723758,1.0,0.9943,1,1,False,8.478529,1.6862452,4.472031
2723769,1.0,0.0,1,0,False,6.880468,-0.09747234,4.4706616
2723773,0.9996,0.5303,1,0,False,7.6649804,1.0974385,3.7157621
2723897,0.9981,0.9954,1,1,False,8.215036,1.8871324,3.75149
2723898,0.0006,1.0,0,1,False,8.222172,1.6794475,3.5735195
2723899,0.0001,1.0,0,1,False,8.643926,2.2784386,3.6557758
2723900,0.9999,0.874,1,0,False,8.516514,1.5901259,4.4288583
2723901,0.998,0.9938,1,1,False,8.323597,1.5691006,4.0685115
2724180,0.9999,0.0001,1,0,False,5.438979,-0.9397284,3.5436296
2724310,1.0,0.0,1,0,False,5.851616,-0.21360604,3.9994118
2724322,0.9699,0.0301,1,0,False,3.2763731,0.8145389,3.2899423
2724352,0.9998,0.0003,1,0,False,4.2215323,0.87232786,2.738736
2725606,0.9998,0.8911,1,0,False,8.559656,1.1440222,4.9536743
2725612,0.0,0.0,0,0,False,25.647661,6.9120297,7.931731
2725614,1.0,1.0,1,1,False,10.872839,3.2210205,4.4873624
2725616,0.9999,0.6697,1,0,False,8.170546,1.3980372,4.5997024
2725619,0.0,0.0,0,0,False,12.946257,7.5041213,6.4827666
2725625,0.8893,0.114,0,0,False,11.317871,2.6262784,3.9530947
2725626,0.8989,0.1038,0,0,False,11.18272,2.776183,3.9668102
2725628,0.947,0.1712,1,0,False,11.136729,4.836394,5.8847547
2725629,1.0,0.9844,1,1,False,8.289823,3.7894413,5.007916
2725634,0.0,0.0,0,0,False,-0.7384036,0.8868892,8.051882
2725640,0.5588,0.9077,0,1,False,10.666481,5.5604024,3.4750485
2725651,0.0,0.0,0,0,False,12.954669,7.444095,6.4539137
2726182,1.0,0.0005,1,0,False,6.90816,11.448166,5.494642
2726708,0.9999,0.0001,1,0,False,4.6961765,-0.27141127,3.340789
2729341,1.0,0.9808,1,1,False,8.621385,1.7066977,5.1592684
2729382,0.9999,0.0001,1,0,False,6.211569,-0.16614982,3.9646225
2729541,0.9999,0.0001,1,0,False,6.3043365,-0.7819256,3.5372677
2729566,0.9999,0.0001,1,0,False,4.9253488,-0.15248139,3.1601946
2729567,0.9999,0.0002,1,0,False,7.0875874,-0.47210148,3.8675246
2729568,0.9999,0.01,1,0,False,7.318624,-0.17342266,4.1719637
2729569,0.9999,0.0001,1,0,False,6.986779,-0.19671176,4.2882657
2729570,0.9999,0.0001,1,0,False,6.196563,-0.5605185,3.5234454
2729575,0.3849,0.9945,0,1,False,7.166281,2.3595977,3.4663384
2729647,0.4653,0.5698,0,0,False,8.675403,7.276622,4.9445233
2730538,0.9999,0.0003,1,0,False,6.7985673,-0.500939,3.761928
2730579,0.019,0.9982,0,1,False,6.5532413,9.370689,6.5430794
2730617,0.9996,0.0004,1,0,False,3.8410997,0.18308905,3.2672677
2730618,0.9965,0.0035,1,0,False,4.308566,-0.3785866,3.2278194
2730619,0.9999,0.0001,1,0,False,4.610568,-0.2958638,3.1867766
2730621,0.9965,0.0261,1,0,False,7.1709447,1.1307104,4.5164795
2730632,1.0,1.0,1,1,False,7.096958,6.8950305,5.4792576
2731270,0.9999,0.0001,1,0,False,6.1884317,-0.62679476,3.269074
2731271,0.0953,0.9547,0,1,False,7.42618,10.5965,6.317588
2732254,0.0298,0.9804,0,1,False,7.27795,1.5265703,3.2182338
2732256,0.9999,0.2262,1,0,False,7.919983,0.26408404,4.1687913
2732257,1.0,1.0,1,1,False,9.243112,3.7792673,4.650793
2732654,1.0,0.0,1,0,False,5.5934796,-0.4134003,3.7504594
2732655,1.0,0.0,1,0,False,-0.30977184,-2.0159914,5.6786
2734294,1.0,0.0,1,0,True,5.6809053,0.017417505,3.598068
2734354,0.9999,0.0008,1,0,False,6.597225,0.09612934,3.6082838
2734436,0.0007,0.0169,0,0,True,5.237969,9.150366,7.2482843
2735171,0.0652,0.9836,0,1,False,6.054731,9.689902,6.053664
2735301,0.9999,0.9273,1,1,False,8.3027115,1.6101948,4.5391073
2735399,0.6048,0.9387,0,1,False,8.418233,9.541598,5.4121904
2735919,0.1745,0.8319,0,0,False,6.086977,8.708836,6.478135
2735920,0.0789,0.996,0,1,False,7.049804,9.106054,6.2061815
2735921,0.9999,0.0003,1,0,False,6.7740335,-0.7779948,3.5896087
2735923,0.3081,0.6146,0,0,False,3.577174,0.482868,3.462204
2735925,1.0,1.0,1,1,False,7.836086,4.6878233,5.1697154
2735927,0.9999,0.0058,1,0,False,7.853337,-0.10466978,4.0230546
2735938,0.9999,0.0001,1,0,False,6.690792,-0.35253623,3.8304915
2735939,0.9999,0.0002,1,0,False,6.834804,-0.38343346,4.2418127
2735940,0.9999,0.0001,1,0,False,6.4161625,-0.57572585,3.3786933
2735943,0.9985,0.0098,1,0,False,7.0156875,0.43375015,3.794692
2735944,0.9994,0.5856,1,0,False,8.529746,0.943265,4.4220433
2735945,0.9994,0.6603,1,0,False,8.2321205,0.87796986,4.581333
2735946,0.1649,0.9725,0,1,False,6.726483,8.573522,5.869078
2735947,0.9999,0.0004,1,0,False,7.0770254,-0.5209443,3.6550806
2735948,0.9999,0.5049,1,0,False,7.498146,0.4103951,4.4110065
2735949,1.0,0.987,1,1,False,7.5783443,1.0149727,3.7049186
2735950,1.0,0.9935,1,1,False,7.1609945,0.86324155,3.4782062
2735951,0.9999,0.0127,1,0,False,7.308939,0.03300934,3.6907516
2735952,1.0,0.9968,1,1,False,8.227828,1.2403634,4.2365026
2735953,0.51,0.671,0,0,False,8.708029,13.932409,6.667002
2735954,0.7724,0.9187,0,1,False,6.9114704,7.4381237,6.1153493
2735955,0.9999,0.0032,1,0,False,6.772091,-0.35904655,3.9129622
2735956,0.9999,0.0083,1,0,False,7.3815327,-0.07336177,3.8531713
2735957,0.9999,0.0754,1,0,False,7.432571,0.21529573,3.956281
2735964,1.0,0.9978,1,1,False,8.595958,2.2880292,4.898249
2736197,1.0,0.9999,1,1,False,9.91129,1.2502356,3.60523
2736200,1.0,0.9944,1,1,False,9.101171,1.5958897,4.611354
2736202,1.0,0.9999,1,1,False,10.0888405,1.2286114,3.4785864
2736258,0.0502,0.9932,0,1,False,7.1301975,9.638816,6.2098823
2736261,0.9999,0.1055,1,0,False,7.1854424,-0.23489957,3.8591685
2736262,0.9999,0.0063,1,0,False,6.838523,-0.7270303,3.704856
2736263,0.9999,0.1557,1,0,False,7.279429,-0.27934846,3.9609997
2736265,0.9999,0.0072,1,0,False,6.7428513,-0.5673145,3.8091402
2736266,0.9999,0.0525,1,0,False,7.115679,-0.5049657,3.86305
2736271,0.9338,0.0671,1,0,False,12.274207,2.2752593,3.459423
2736272,0.9299,0.0718,1,0,False,12.370322,2.2077692,3.5009465
2736273,0.9339,0.0672,1,0,False,12.330733,2.3535795,3.4469235
2736280,0.9999,0.1873,1,0,False,7.8355393,0.29418826,3.9800196
2736288,0.9999,0.0063,1,0,False,6.5602913,-0.5291508,3.5659077
2736647,0.5374,0.4889,0,0,False,5.2534213,8.037837,6.545197
2736692,0.1365,0.9121,0,1,False,5.6092916,9.050332,6.1281867
2738469,0.7823,0.2411,0,0,False,8.252529,12.323431,6.353492
2738470,0.9998,0.3592,1,0,False,6.7654576,-0.7007753,3.841107
2738555,0.9996,0.9349,1,1,False,6.785173,-0.28089118,3.720088
2738918,1.0,0.9912,1,1,False,8.614729,1.231187,4.5115695
2739834,1.0,0.8594,1,0,False,8.372839,0.8432431,4.5353985
2739874,1.0,0.9999,1,1,False,10.2593775,1.4423827,3.739812
2739875,0.3052,0.6974,0,0,False,7.706706,7.6917505,5.471106
2739876,1.0,1.0,1,1,False,8.57406,2.78983,4.8588653
2739880,1.0,0.9998,1,1,False,8.366043,1.2768466,4.426065
2740120,1.0,0.9732,1,1,False,8.328586,1.6094534,4.8373437
2740181,0.1191,0.9482,0,1,False,9.1801605,7.410625,5.1070757
2740182,1.0,1.0,1,1,False,9.313418,2.5115001,4.508179
2740427,0.0971,0.9763,0,1,False,11.023785,3.0337627,4.5675154
2740451,0.0021,0.9988,0,1,False,11.579767,19.454018,6.3539333
2740798,0.9996,0.0006,1,0,False,4.26116,-0.14280507,3.1326578
2740799,0.9997,0.1719,1,0,False,5.6723433,-0.5642114,3.225316
2740800,1.0,0.9999,1,1,False,8.664511,1.6589439,4.888228
2740801,0.9999,0.548,1,0,False,7.522937,-0.2522679,3.9051778
2740802,1.0,0.9137,1,1,False,6.8367405,-0.08245992,3.5394282
2740803,1.0,0.9992,1,1,False,8.745196,1.0065389,4.3020153
2740804,1.0,0.9906,1,1,False,8.649355,1.387028,4.615006
2740805,1.0,1.0,1,1,False,8.587389,1.6778893,3.7417982
2741072,0.2166,0.8097,0,0,False,4.9283247,1.1458786,3.436302
2741073,0.9998,0.008,1,0,False,5.440936,-0.31708047,3.0460217
2741074,0.9998,0.0002,1,0,False,4.8699584,-0.34229368,2.9443254
2741075,0.9999,0.1448,1,0,False,6.0670805,-0.7240389,3.5255263
2741076,0.9995,0.0067,1,0,False,4.456612,0.07475207,3.328568
2741077,0.9998,0.0012,1,0,False,5.4247427,-0.53542775,3.5547717
2741441,0.2083,0.9329,0,1,False,9.432227,7.0810437,4.7910876
2741656,1.0,1.0,1,1,False,9.185552,2.1323795,4.5084114
2741801,0.5511,0.996,0,1,False,7.9648795,9.375306,5.6786203
2742107,0.1964,0.872,0,0,False,12.023078,3.396394,2.9536796
2743404,0.0,0.0,0,0,False,10.0960655,7.1958957,4.926756
2743781,0.9986,0.0003,1,0,False,6.9089966,-0.52005017,2.4598272
2743803,0.9986,0.0003,1,0,False,6.9447308,-0.5868027,2.6318107
2743804,0.9986,0.0003,1,0,False,6.8791203,-0.55473965,2.5189006
2743843,0.9998,0.0012,1,0,False,5.130313,0.22318494,3.3262722
2743905,0.0,0.0,0,0,False,9.660714,3.3032105,5.130831
2743906,0.0,1.0,0,1,False,8.864361,2.5922909,4.929355
2743907,0.0,0.0,0,0,False,14.930062,1.7165372,1.8927282
2743909,0.8962,0.1068,0,0,False,10.475866,2.7473938,4.1594996
2743910,0.0892,0.9785,0,1,False,12.132968,3.5400598,4.676568
2743924,0.0,0.0,0,0,False,10.8029175,5.634157,2.0949457
2743928,0.2402,0.9717,0,1,False,9.552468,6.3611183,3.3618326
2743929,0.1913,0.8778,0,0,False,12.155248,3.6927907,2.9619172
2743931,0.1834,0.8865,0,0,False,12.103905,3.7665086,3.0342577
2743932,0.1925,0.8764,0,0,False,12.175987,3.7893767,3.0067158
2743936,1.0,1.0,1,1,False,8.496364,1.9435184,4.1929884
2743961,0.7662,0.4773,0,0,False,6.692498,11.441483,6.873087
2743970,0.4695,0.6722,0,0,False,8.292481,13.92473,6.430919
2743985,0.0,0.0,0,0,False,-0.58419955,0.96503067,7.9486966
2743990,0.0,0.0,0,0,False,11.095665,5.624974,1.8507518
2743994,0.8729,0.3049,0,0,False,9.944358,4.6368876,4.4835854
2743996,0.6959,0.9297,0,1,False,9.174804,4.604126,4.385681
2743999,0.9334,0.0676,1,0,False,12.309778,2.427523,3.459349
2744004,0.4342,0.9877,0,1,False,9.57083,6.17067,4.709916
2744011,0.9996,0.1494,1,0,False,6.1509295,12.840556,6.626618
2744802,0.2371,0.7743,0,0,False,2.5021296,0.35142913,3.198988
2745643,0.9998,0.6468,1,0,False,6.1059794,-0.7027665,3.1439245
2745646,0.9996,0.001,1,0,False,4.460843,-0.27529055,3.0741162
2745662,0.0267,0.8917,0,0,False,3.3812003,0.34932035,3.2290685
2745672,0.9999,0.0002,1,0,False,5.3567157,-0.76212955,3.0655
2745673,0.9991,0.0009,1,0,False,4.0112004,-0.14013958,3.1119037
2745674,0.9977,0.0645,1,0,False,4.396839,-0.32110938,3.1106162
2745684,0.9991,0.001,1,0,False,4.837127,-0.5093439,3.0502481
2745685,0.999,0.0035,1,0,False,4.697002,-0.17820226,3.1500888
2745691,0.9994,0.1066,1,0,False,6.199104,-0.80930483,3.5026004
2745692,0.2697,0.6427,0,0,False,4.7623296,8.684397,6.4511533
2745699,0.9993,0.0007,1,0,False,4.867411,-0.13140328,3.0286086
2746072,0.0896,0.9844,0,1,False,9.456523,7.457057,4.798918
2746927,0.9998,0.807,1,0,False,7.6234856,-0.049288947,3.8054924
2746928,0.3454,0.997,0,1,False,6.702186,1.9784138,2.9417434
2747210,0.0142,0.9858,0,1,True,4.5206866,0.1640068,2.880722
2747383,0.4096,0.5795,0,0,False,3.9280841,1.4112037,3.264559
2747491,1.0,1.0,1,1,False,8.871859,2.855393,4.5780025
2747781,0.9999,0.8358,1,0,False,7.2981834,-0.40585855,3.6008217
2748252,0.0066,0.0293,0,0,True,7.5639772,10.819044,6.8445425
2748253,0.0259,0.0157,0,0,True,4.887983,8.541207,6.389279
2748254,0.0,0.0005,0,0,True,3.6502342,0.9413699,3.4438772
2748342,0.2341,0.6609,0,0,False,7.3390136,10.993823,6.739213
2748378,1.0,1.0,1,1,False,8.335486,3.0366979,4.5228457
2748762,0.0004,0.999,0,1,True,5.531731,1.3455489,3.1848667
2748958,0.0555,0.9962,0,1,True,7.5667725,19.545483,7.2391725
2749299,1.0,0.9778,1,1,False,7.437289,-0.3024995,3.7557673
2749300,1.0,0.9999,1,1,False,6.9058695,-0.38513583,3.161965
2749381,1.0,0.9998,1,1,False,9.559651,0.51526374,3.2397888
2749412,1.0,1.0,1,1,False,8.4534235,0.9564114,3.886333
2749421,0.999,0.0112,1,0,True,5.888615,13.953874,6.871229
2749424,0.9991,0.0388,1,0,False,6.430328,-0.9016311,3.684867
2749426,1.0,1.0,1,1,False,8.769669,1.2454501,4.438253
2749430,0.6824,0.3347,0,0,False,10.339726,2.6893866,3.0902517
2749445,0.0328,0.0081,0,0,True,10.035306,15.586975,7.2180905
2749446,0.0868,0.0238,0,0,True,10.061575,15.671941,7.23335
2749447,0.0859,0.0234,0,0,True,10.052611,15.5858135,7.172798
2749448,0.0902,0.0839,0,0,True,8.055877,19.813412,7.7371945
2749449,0.0993,0.0824,0,0,True,7.847337,19.90263,7.4848776
2749450,0.0972,0.0727,0,0,True,7.9961057,19.865583,7.5366974
2749452,0.9781,0.0264,1,0,True,10.159457,15.894259,7.3403654
2749453,0.9784,0.0264,1,0,True,10.095492,15.791414,7.311314
2749454,0.9791,0.0269,1,0,True,10.18862,15.723105,7.4002013
2749668,1.0,1.0,1,1,False,7.512588,1.4089131,3.626933
2749946,0.1353,0.6613,0,0,False,5.3694315,8.610233,6.668326
2750264,1.0,1.0,1,1,False,9.924293,3.0999455,4.4814987
2750846,0.306,0.6748,0,0,False,1.5117439,0.3855806,3.3345568
2750849,0.6132,0.4254,0,0,False,5.67675,7.2751317,6.327439
2750850,0.0,0.0,0,0,False,11.2476845,-6.2441134,0.2164971
2750851,0.0,0.0,0,0,False,11.247148,-6.235447,0.22124436
2750853,0.9936,0.0064,1,0,False,6.308487,1.5294902,3.82026
2750856,0.9931,0.1857,1,0,False,6.548048,0.51402235,4.0215645
2751480,0.8925,0.742,0,0,False,8.736895,13.942979,6.5049434
2753656,0.9997,0.4868,1,0,False,7.281534,0.5032669,3.3909123
2753665,0.0327,0.1329,0,0,False,5.90115,9.48002,7.1033497
2754817,0.9967,0.0033,1,0,False,6.4343233,-0.01966001,3.7129784
2754871,0.9999,0.8231,1,0,False,6.8770328,0.25933257,3.5160584
2754975,0.5514,0.2042,0,0,False,4.9801183,8.52172,6.4888444
2755147,0.3482,0.8961,0,0,False,6.173138,8.698297,6.488982
2755404,1.0,0.9987,1,1,False,8.324864,0.4659316,3.9387872
2755407,1.0,1.0,1,1,False,8.690632,2.5293539,4.687741
2755408,0.9914,0.3222,1,0,False,6.229003,12.926887,6.7807317
2755482,0.1396,0.9855,0,1,False,8.128414,8.867728,5.2558365
2756144,0.2758,0.7243,0,0,False,2.164241,0.4609106,3.3425784
2756242,0.1173,0.8946,0,0,False,7.6675525,10.765543,6.525943
2756244,0.4331,0.4887,0,0,False,5.2101474,7.718074,6.396481
2757769,1.0,0.998,1,1,False,6.8671017,-0.30488917,3.5439255
2757770,0.9967,0.9272,1,1,False,6.1929746,4.6482654,5.174442
2758098,0.8674,0.9979,0,1,False,7.524604,8.885188,5.639271
2758131,0.2695,0.6128,0,0,False,5.0184636,7.1087527,6.1691065
2758132,0.5873,0.4775,0,0,False,5.7653885,8.71336,6.5248184
2758136,0.5322,0.3634,0,0,False,4.962917,7.537781,6.3306217
2758138,0.651,0.1527,0,0,False,4.7586145,6.550307,5.8818264
2758139,0.9543,0.0474,1,0,False,4.243165,0.14495316,3.265167
2758977,0.1102,0.8344,0,0,False,6.458507,7.8544316,6.260429
2759177,0.9998,0.4978,1,0,False,6.7139006,-0.4191474,3.2253966
2759191,0.4265,0.4197,0,0,False,7.4168878,12.071666,7.1954794
2759195,1.0,1.0,1,1,False,8.306736,0.709459,4.0806212
2759197,0.6978,0.9774,0,1,False,7.864877,7.032237,5.264496
2759198,0.9933,0.0131,1,0,False,4.433098,-0.29046825,2.8115582
2759218,1.0,0.9914,1,1,False,7.671223,0.7813184,3.9580166
2759389,1.0,1.0,1,1,False,9.720726,2.677928,3.9689136
2759392,0.0,0.0,0,0,False,13.571491,4.434928,2.4397533
2759393,1.0,1.0,1,1,False,10.544596,3.5883453,4.701563
2759395,0.1734,0.898,0,0,False,11.659277,3.5914626,3.4330242
2759459,0.4887,0.4879,0,0,False,8.872349,2.621312,4.503139
2759464,1.0,0.9991,1,1,False,6.8954873,-0.32326886,3.6414247
2759709,0.0873,0.9787,0,1,False,11.576512,3.3155499,4.5997224
2759710,1.0,1.0,1,1,False,8.783634,1.2624687,4.2394996
2759711,0.0066,0.9934,0,1,False,9.580645,2.045554,4.3402004
2759715,0.9725,0.9674,1,1,False,8.549311,4.759418,4.860787
2759719,1.0,1.0,1,1,False,8.936594,2.958463,4.696123
2759720,1.0,1.0,1,1,False,8.847012,2.1393049,4.629663
2759721,1.0,1.0,1,1,False,8.897699,1.8041285,4.5454006
2759724,1.0,1.0,1,1,False,9.944663,3.122548,4.462437
2759725,0.7893,0.2775,0,0,False,7.6902943,11.795954,5.738295
2759726,0.1332,0.968,0,1,False,10.91263,3.767997,3.785203
2759727,1.0,1.0,1,1,False,10.544355,2.8569844,4.038887
2759728,0.0896,0.9785,0,1,False,12.075722,3.4075053,4.5714116
2759730,0.0965,0.9765,0,1,False,11.021035,3.405428,4.088833
2759732,0.5187,0.511,0,0,False,10.810545,2.8433924,3.4137142
2760003,0.8071,0.1929,0,0,False,6.0025554,1.2502563,3.275021
2760664,1.0,0.053,1,0,False,5.7895727,11.393393,5.3644953
2760745,1.0,0.9936,1,1,False,6.5528097,-0.8201601,3.2975113
2760813,0.9968,0.8759,1,0,True,6.8408027,15.201151,7.141649
2760818,0.9949,0.0127,1,0,True,2.3016264,-2.0012205,5.1070194
2760819,0.9887,0.0219,1,0,True,5.661365,15.633028,7.6070223
2760820,0.9999,0.0258,1,0,True,5.85969,12.841127,6.69791
2760897,1.0,1.0,1,1,False,8.512279,2.8989527,4.6789317
2760898,1.0,1.0,1,1,False,8.29908,0.618946,4.102837
2760983,0.4998,0.9837,0,1,False,7.978189,9.723877,5.5710697
2760984,0.5148,0.6397,0,0,False,8.661401,13.256396,6.517334
2760987,0.1037,0.9509,0,1,False,8.293882,10.130619,5.627022
2761109,1.0,0.9996,1,1,False,7.9273667,0.24463469,3.2936409
2761110,1.0,0.9996,1,1,False,7.8399115,0.22144051,3.2302728
2761363,1.0,1.0,1,1,False,8.2948,2.7303073,4.281066
2762280,1.0,1.0,1,1,False,8.917532,2.4086442,4.8911476
2762281,0.4796,0.4788,0,0,False,9.194534,2.737979,4.696626
2762283,0.9905,0.9899,1,1,False,8.85944,2.3152466,4.6495237
2762389,0.0758,0.9551,0,1,False,10.766927,3.933432,2.8008552
2762397,0.22,0.8498,0,0,False,11.05586,5.6995587,4.370171
2762398,0.0,0.0,0,0,False,12.568137,4.924218,1.7484319
2762400,0.0918,0.9783,0,1,False,12.102343,3.8450303,4.3414555
2762401,0.0,0.0,0,0,False,15.002958,1.7679023,1.9014146
2762402,0.0,0.0,0,0,False,12.990245,5.6819234,4.696786
2762405,0.1118,0.9464,0,1,False,12.344063,3.772818,4.8254237
2762409,0.1266,0.9335,0,1,False,11.154547,2.6246326,5.559276
2762410,0.0164,0.9865,0,1,False,10.060664,4.8924065,4.6984005
2762412,0.0,0.0,0,0,False,12.9644,4.216579,2.6765084
2762413,0.0,0.0,0,0,False,15.021737,1.7563524,1.8877127
2762414,0.0,0.0,0,0,False,-0.93079525,0.7319866,8.219278
2762415,0.0,0.0,0,0,False,12.998677,7.5502267,6.5119576
2762421,0.9367,0.0639,1,0,False,11.752684,2.1555252,3.723657
2762426,0.0,0.0,0,0,False,7.5500593,3.0804145,2.9401414
2762427,0.0,0.0,0,0,False,7.617528,3.2414849,2.721147
2762429,0.0,0.0,0,0,False,7.5329227,3.0825608,2.9414134
2762669,0.0,0.0,0,0,False,11.252493,0.24408911,2.8111753
2762721,1.0,1.0,1,1,False,8.474099,1.2256215,3.9058144
2763102,0.8226,0.1794,0,0,False,5.135275,0.13258405,2.7844927
2763103,0.9897,0.0255,1,0,False,4.560179,-0.09851282,3.074641
2763129,0.4253,0.5986,0,0,False,6.182582,7.7243795,6.5162916
2763527,1.0,1.0,1,1,False,8.937224,1.708625,4.0579996
2763529,1.0,1.0,1,1,False,8.181561,0.5738712,3.8771064
2763531,1.0,1.0,1,1,False,8.166836,0.470918,3.9272172
2763538,1.0,0.9956,1,1,False,6.9058604,-0.22896507,3.483279
2764087,1.0,1.0,1,1,False,8.498152,0.12703654,3.7389681
2764122,1.0,0.0591,1,0,True,7.017892,19.148573,6.7584405
2764701,1.0,0.9969,1,1,False,7.1437087,-0.2540572,3.7724442
2765371,0.9991,0.7636,1,0,False,5.4931154,-0.7938157,3.2343335
2766528,1.0,1.0,1,1,False,9.044314,1.9867837,4.698262
2766529,1.0,1.0,1,1,False,8.757744,2.1279233,4.511412
2766561,0.9317,0.0712,1,0,False,3.7908318,0.82267904,3.342115
2766562,0.9925,0.0076,1,0,False,7.0466075,-0.04622459,3.2311444
2766563,1.0,1.0,1,1,False,8.3988695,1.1949427,4.1958537
2766564,1.0,1.0,1,1,False,8.413361,2.1809907,4.4326158
2766565,0.7347,0.3309,0,0,False,7.9994993,11.13861,5.80475
2766566,1.0,1.0,1,1,False,8.423161,2.7203283,4.1168737
2766568,1.0,1.0,1,1,False,8.700055,1.5741423,4.67993
2766745,1.0,0.9657,1,1,False,6.431681,0.28024,3.270457
2767013,0.9974,0.5062,1,0,False,4.6625543,-0.25266197,2.9489925
2767029,1.0,1.0,1,1,False,8.515678,1.1113609,4.160807
2767194,0.0,0.0,0,0,False,1.7579124,1.1488452,1.5432001
2767195,0.0,0.0,0,0,False,1.7999703,1.0953866,1.5823911
2767196,0.0,0.0,0,0,False,1.8323895,1.0036924,1.63284
2767513,0.9986,0.1935,1,0,False,4.5003033,-0.34939843,2.973512
2767553,0.3984,0.9963,0,1,False,7.7816772,9.452594,5.6874547
2767557,0.0,0.0,0,0,False,24.48114,8.62243,7.7712994
2767559,0.0,0.0,0,0,False,25.460583,7.0188456,8.107949
2767561,0.0,0.0,0,0,False,25.68166,7.0844107,7.9907756
2767565,1.0,0.9988,1,1,False,6.9173713,-0.51139265,3.5084457
2767570,1.0,1.0,1,1,False,9.65783,2.9898727,3.839923
2767576,0.8731,0.2143,0,0,False,10.2202,4.3303604,4.1612887
2767577,1.0,1.0,1,1,False,9.176944,2.94646,4.459438
2767578,0.5751,0.9787,0,1,False,9.551315,5.3480654,4.614598
2767579,1.0,1.0,1,1,False,8.866757,2.1324472,4.2966623
2767581,1.0,0.9995,1,1,False,7.5318217,-0.34697154,3.6955242
2767583,0.9957,0.9912,1,1,False,7.33023,1.5272509,3.1877027
2767584,0.0802,0.9758,0,1,False,11.897116,3.8495004,4.788668
2767587,0.5051,0.8743,0,0,False,10.651626,4.451301,3.2301078
2767588,0.8092,0.2548,0,0,False,9.22774,5.7227683,4.8069267
2768133,0.0936,0.963,0,1,False,11.7281275,4.290486,4.8636074
2768139,0.0,0.0,0,0,False,25.11341,7.594626,7.7512083
2768771,1.0,0.9986,1,1,False,7.700863,0.100946344,3.7436647
2768772,0.9805,0.0689,1,0,False,5.9759665,-0.31496584,3.207659
2769359,1.0,1.0,1,1,False,9.074825,1.4054002,4.4129977
2769808,1.0,1.0,1,1,False,7.5451837,0.44435105,4.017302
2771210,1.0,0.9961,1,1,False,6.9900613,-0.34656903,3.4842315
2771212,1.0,1.0,1,1,False,7.440784,0.38989264,3.9314804
2771380,0.0786,0.9978,0,1,False,7.2930555,9.586329,5.9577374
2771381,0.666,0.9191,0,1,False,7.9760303,6.9735956,5.5044546
2772023,0.4206,0.899,0,0,False,9.307838,5.830244,4.8134
2772059,0.9992,0.0014,1,0,False,3.8241518,0.20733088,3.0083537
2772060,1.0,0.9352,1,1,False,6.9239874,-0.41011548,3.1288958
2772061,0.9999,0.9221,1,1,False,5.63776,-0.3093633,2.9744673
2772062,0.9998,0.0016,1,0,False,3.9768736,0.1523166,3.0396705
2772063,0.9997,0.8938,1,0,False,5.8196187,-0.56933033,3.1487436
2772064,1.0,0.0339,1,0,False,5.4122915,-0.2244092,2.9018545
2772065,0.9999,0.1885,1,0,False,6.4933715,-0.28350827,3.6415033
2772066,0.9994,0.0006,1,0,False,3.7284753,0.03169987,2.828348
2772067,0.6139,0.0779,0,0,False,5.2472734,9.497892,6.8672557
2772068,0.9996,0.5156,1,0,False,5.8407764,-0.46998864,2.8306398
2772069,0.596,0.9646,0,1,False,7.071887,9.175792,6.359863
2772070,0.8381,0.1657,0,0,False,3.9388485,-0.07429973,3.2359283
2772071,1.0,0.112,1,0,False,5.207315,-0.45491284,3.2446063
2772072,0.7395,0.2629,0,0,False,3.6580114,0.3794762,3.3344235
2772073,0.9997,0.0244,1,0,False,4.503016,-0.16601166,2.9561734
2772074,1.0,0.0001,1,0,False,4.580105,0.14103793,3.2797287
2772075,0.8525,0.6138,0,0,False,3.926556,6.14138,5.916851
2772076,0.9993,0.0007,1,0,False,4.1411343,1.8109473,3.9489613
2772077,1.0,0.0086,1,0,False,5.2226076,-0.35560954,2.817101
2772078,1.0,0.0004,1,0,False,4.154282,6.215069,6.224824
2772079,1.0,0.2236,1,0,False,5.7906117,-0.5664726,3.0797703
2772080,0.9921,0.0081,1,0,False,5.5868716,-0.58075124,2.8331873
2772081,0.9996,0.2213,1,0,False,5.787426,-0.58114463,2.9320934
2772082,0.6427,0.3289,0,0,False,3.2312615,0.4328632,3.4049656
2772083,0.9993,0.0007,1,0,False,2.9415197,0.5273512,3.5871463
2772084,1.0,0.0548,1,0,False,5.6443095,-0.25597727,3.0675027
2772085,1.0,0.0,1,0,False,4.8898673,1.9396969,3.4863458
2772086,1.0,0.0001,1,0,False,7.2796245,-0.16683632,2.4588192
2772087,1.0,0.9937,1,1,False,7.0830283,0.36662805,3.306893
2772088,0.9918,0.0089,1,0,False,2.977471,0.0065820557,3.1503544
2772089,0.1697,0.9621,0,1,False,6.2870727,9.351119,6.3520503
2772090,0.9994,0.0006,1,0,False,3.6741905,0.036775198,3.0852637
2772091,0.9992,0.0008,1,0,False,4.3193717,-0.08450288,2.990714
2772092,0.9994,0.0006,1,0,False,4.0527,0.08130819,2.6064937
2772093,1.0,0.9856,1,1,False,6.9233847,-0.10192526,3.250062
2772094,1.0,0.6083,1,0,False,6.8649015,-0.42350036,3.277347
2772095,1.0,0.7166,1,0,False,7.2315755,-0.25855163,3.3629289
2772344,0.7216,0.1834,0,0,False,6.012251,9.356461,6.6942315
2772448,0.9643,0.0361,1,0,False,5.523949,0.28469416,3.3644671
2772503,0.4263,0.9953,0,1,False,7.266521,9.014308,5.8704834
2772507,0.9851,0.0402,1,0,False,4.6392245,-0.15373756,3.076404
2772511,1.0,0.0176,1,0,False,6.0559573,-0.86053056,2.6387599
2772516,1.0,0.9268,1,1,False,6.736999,-0.44073778,3.2596352
2772517,1.0,0.0123,1,0,False,6.354805,0.25022048,3.1744778
2772518,1.0,0.0003,1,0,False,6.263062,0.27078748,3.100544
2772519,0.9939,0.0112,1,0,False,6.063535,-0.8571867,2.846067
2772520,0.9994,0.0006,1,0,False,4.237336,0.47015214,3.0809283
2773288,0.483,0.6411,0,0,False,8.070501,12.471441,6.617007
2773293,0.2714,0.9106,0,1,False,7.0001774,9.622507,6.5314374
2773314,1.0,0.504,1,0,False,7.421326,0.030354582,3.3623092
2773315,0.5317,0.9616,0,1,False,7.9754324,8.279372,5.151715
2773471,1.0,0.0,1,0,True,7.2673826,-0.1687578,3.2181292
2775045,0.1805,0.8897,0,0,False,11.952484,3.5376737,3.1125638
2775266,0.9959,0.9101,1,1,False,6.233032,6.0257974,5.514428
2776735,0.8954,0.9969,0,1,False,9.060463,5.1869764,4.6498947
2776771,1.0,0.0,1,0,False,5.2190332,0.38517883,2.730286
2776808,0.9763,0.0435,1,0,False,6.8281918,1.1455218,4.0629
2776813,1.0,1.0,1,1,False,7.5190067,0.36134395,4.0283813
2776814,1.0,1.0,1,1,False,8.450536,1.0627861,3.7588692
2776820,1.0,0.0036,1,0,False,6.436666,-0.41789314,3.0874896
2776821,0.9996,0.0005,1,0,False,4.015839,0.101334155,2.661216
2776836,0.9993,0.0008,1,0,False,4.4051104,0.42007574,3.0256424
2776839,0.0,0.0,0,0,False,12.7078495,5.1648827,1.5202303
2776851,0.1158,0.9427,0,1,False,11.250422,4.809516,4.8963695
2776856,0.0215,0.9813,0,1,False,9.711655,3.8176012,4.375396
2776857,1.0,1.0,1,1,False,8.712991,4.718862,4.736885
2776861,0.0,0.0,0,0,False,12.621781,5.0547886,1.6095552
2776864,0.0,0.0,0,0,False,12.92034,7.5091376,6.457123
2776866,0.6853,0.6559,0,0,False,9.579639,5.100337,4.5739365
2776867,0.0,0.0,0,0,False,12.9891405,7.556982,6.5300803
2776868,0.7991,0.9077,0,1,False,10.170158,4.911202,4.5763054
2776877,0.0,0.0,0,0,False,24.643772,8.466231,7.8696055
2777131,0.9934,0.0162,1,0,True,5.3787856,14.997748,7.623787
2777134,0.9995,0.0005,1,0,True,4.551379,0.75219804,3.4960577
2777147,0.9509,0.1001,1,0,True,7.6742177,19.880917,7.4337897
2777301,0.9989,0.0014,1,0,False,4.325336,-0.07709327,2.9807093
2777318,1.0,0.0004,1,0,False,4.190114,-0.1611833,2.5894341
2777348,1.0,1.0,1,1,False,8.147365,1.2367123,4.1352425
2777363,1.0,0.1993,1,0,False,6.5928645,-0.26670018,2.8848495
2777364,1.0,0.0,1,0,False,5.8898487,0.30280742,2.4799974
2777377,0.9894,0.0106,1,0,False,2.9718347,-0.13451594,2.7290583
2777378,0.9894,0.0106,1,0,False,2.7147653,-0.11173498,2.7011719
2777380,0.9894,0.0106,1,0,False,3.4620557,-0.124393016,2.723108
2777397,1.0,1.0,1,1,False,8.346345,0.90441597,4.165503
2777538,1.0,0.4651,1,0,False,7.509987,0.08766374,3.368628
2777710,1.0,0.0066,1,0,False,6.8214927,-0.55217576,3.1215365
2778517,1.0,1.0,1,1,False,8.823828,1.6240916,3.7288685
2778518,1.0,0.119,1,0,False,7.1565623,-0.29076633,3.0883691
2778520,1.0,0.2496,1,0,False,6.8328786,0.1524447,2.9446201
2778524,1.0,0.014,1,0,True,9.4162445,15.694499,2.882947
2778671,0.112,0.9898,0,1,False,6.8945,9.652078,6.754607
2779404,0.886,0.1446,0,0,False,2.1934981,-2.6954322,5.0635395
2779843,0.3132,0.6331,0,0,False,7.856523,10.727798,6.6510816
2779846,0.9521,0.0456,1,0,True,7.7624803,10.690643,6.623271
2779847,1.0,1.0,1,1,True,8.427106,1.1923056,3.905142
2781364,0.9999,0.9999,1,1,False,10.050615,2.2242615,3.9465578
2781608,0.7325,0.3174,0,0,False,6.128196,10.537848,6.8676744
2781641,0.9999,0.0001,1,0,False,5.4926896,2.5387337,3.9463007
2781948,1.0,0.0051,1,0,False,7.1350927,-0.2834057,3.1591914
2782564,1.0,1.0,1,1,False,8.751161,0.78266907,4.1709504
2783539,1.0,0.0002,1,0,False,6.5894704,-0.5741053,3.388432
2783540,1.0,1.0,1,1,False,8.54226,0.7683888,4.227636
2783546,1.0,0.0,1,0,False,5.876283,-0.32150126,2.8398173
2783547,1.0,0.0004,1,0,False,6.3093724,-0.5655754,3.1015522
2783549,1.0,0.0099,1,0,False,5.899898,-0.52127403,2.5239549
2783667,1.0,0.9632,1,1,False,7.5849447,0.19256571,3.2469065
2783669,1.0,1.0,1,1,False,8.542853,3.2797375,4.3580494
2783673,1.0,0.0003,1,0,False,5.643437,-0.021690546,2.6934712
2783674,1.0,0.0045,1,0,False,6.6886053,-0.32625952,2.975577
2783683,1.0,0.0003,1,0,False,4.6538515,0.18613997,3.1560924
2783800,1.0,1.0,1,1,False,7.849208,-0.29696405,3.1998868
2783801,1.0,0.9997,1,1,False,7.5796084,-0.015135488,3.3646626
2783802,0.9544,0.9954,1,1,False,7.8034673,4.1594515,4.276073
2783803,0.9584,0.9957,1,1,False,7.800734,4.2659297,4.1044555
2783859,0.0719,0.9075,0,1,False,6.2211165,6.1544952,5.465365
2783867,1.0,1.0,1,1,False,8.903733,1.9416056,4.494434
2784187,1.0,0.0002,1,0,False,5.568784,-0.801436,2.741766
2785027,1.0,1.0,1,1,False,8.569185,1.0943993,4.268518
2785079,1.0,0.2157,1,0,False,7.9803424,0.73255706,3.1369774
2785247,1.0,0.0,1,0,False,7.866649,0.5418492,3.3508978
2785386,0.0001,0.982,0,1,False,3.0626042,6.8919587,5.1589003
2785525,1.0,0.0088,1,0,False,6.8159447,-0.59188145,2.49298
2787014,0.7029,0.3128,0,0,False,9.924204,2.4082248,3.1639824
2787045,1.0,0.9999,1,1,False,8.590381,1.4890167,4.0198326
2789016,1.0,1.0,1,1,False,8.572918,1.2603012,3.721822
2789811,1.0,0.0002,1,0,False,5.573076,-0.081578575,3.3067925
2789812,1.0,0.0005,1,0,False,6.2016296,0.09051294,2.6840055
2790304,0.0,0.0,0,0,False,-0.54536384,2.906631,5.9423585
2790305,0.0,0.0,0,0,False,4.882918,5.177956,8.913608
2790306,0.0,0.0,0,0,False,-0.6538606,2.9837472,5.964213
2790307,0.0,0.0,0,0,False,5.062209,5.2972503,8.713013
2790336,1.0,0.0004,1,0,False,7.175299,-0.37255955,3.0896783
2790345,1.0,0.0008,1,0,False,6.3654156,1.1887668,3.5111582
2790346,0.8646,0.0008,0,0,False,7.1876116,1.6758139,3.485725
2790347,0.0001,0.9833,0,1,False,3.7806263,2.1826391,2.8543751
2790659,0.0001,0.9801,0,1,False,3.9901814,2.1901338,2.8044114
2790660,0.0001,0.9753,0,1,False,3.9981325,2.288434,2.9431233
2790983,0.104,0.9535,0,1,False,11.385373,4.578208,4.845698
2790985,1.0,1.0,1,1,False,9.1385,1.89493,4.5131154
2790987,0.0,0.0,0,0,False,13.695169,4.4724627,2.3464928
2790994,0.9736,0.0272,1,0,False,10.446068,2.655055,4.3091397
2791004,0.9147,0.1181,1,0,False,7.4938383,0.9484624,3.5610693
2791164,1.0,0.0,1,0,False,6.2437406,-0.3909567,2.887851
2792879,1.0,0.0001,1,0,False,7.7546897,-0.030797137,3.3657403
2793345,1.0,0.0,1,0,False,6.836332,-0.51908255,2.5879385
2793696,0.2186,0.8511,0,0,False,10.898133,5.838706,4.485292
2793705,0.983,0.0184,1,0,False,9.245408,3.112761,5.18345
2793708,0.4321,0.9983,0,1,False,10.248664,4.6585155,4.5187683
2793718,0.8448,0.0772,0,0,False,7.964447,5.907273,4.5441146
2793953,0.9998,0.0002,1,0,False,4.777894,0.058722887,2.5659556
2794421,1.0,0.0,1,0,False,6.7946367,-0.10882692,2.7006235
2794827,0.9259,0.8428,1,0,False,7.2220817,1.6370933,3.351638
2794944,0.0,0.0,0,0,False,9.730225,3.357109,5.090663
2794946,0.0878,0.9786,0,1,False,11.485275,3.6920433,4.36187
2794947,0.4026,0.9588,0,1,False,10.001215,6.3553524,4.5308833
2795181,0.4235,0.7455,0,0,False,8.21626,11.944296,6.3202863
2795238,1.0,0.9724,1,1,False,7.872717,0.79027146,4.0394807
2795667,1.0,0.0,1,0,False,3.798194,0.556619,2.7149072
2795668,1.0,0.0,1,0,False,3.6786833,0.46805066,2.8243341
2795745,1.0,0.0,1,0,False,5.7311854,-0.30146727,2.615105
2795746,0.0087,0.0001,0,0,False,2.777027,0.5586388,3.662989
2796514,1.0,1.0,1,1,False,9.885305,2.222428,4.4209943
2796532,1.0,0.0002,1,0,False,7.2072763,-0.23993301,3.0830138
2797303,1.0,0.0001,1,0,False,6.4013553,-0.5047168,2.790469
2797309,1.0,0.0,1,0,False,6.857657,-0.16175815,3.202844
2797313,0.9933,0.9822,1,1,False,8.406975,1.5866672,3.9830747
2797324,0.058,0.9515,0,1,False,9.949948,3.764771,4.283116
2797417,1.0,0.0002,1,0,False,5.4251995,-0.39897645,2.589018
2799672,1.0,0.0,1,0,False,8.129122,0.07419223,3.1716743
2801155,1.0,0.0301,1,0,False,8.103851,0.14134192,3.3541977
2801159,0.9961,0.9955,1,1,False,9.59091,2.664156,4.4914837
2801326,1.0,0.0001,1,0,False,6.2262025,-0.49082452,2.8659725
2801354,0.2382,0.7262,0,0,False,5.1732993,6.2695994,5.873691
2801356,0.6597,0.3772,0,0,False,6.14729,8.403875,6.493093
2801357,0.3479,0.5642,0,0,False,4.823516,5.9282928,5.6648073
2801477,0.9994,0.0006,1,0,False,3.5564072,0.4008539,3.1449964
2801480,0.9998,0.0,1,0,False,6.819403,1.3827647,2.7911046
2801506,0.1618,0.8362,0,0,False,4.4590454,7.256717,6.178575
2801510,1.0,0.0,1,0,False,5.79467,-0.24959667,2.619855
2801524,1.0,0.9996,1,1,False,8.127251,1.0780444,3.6467636
2801525,1.0,0.9998,1,1,False,9.317997,2.2514951,4.2360377
2801534,0.9998,0.0,1,0,False,6.9808264,-0.26738727,2.7102456
2801536,0.0,0.0,0,0,False,-3.2614374,5.579929,4.3094482
2801553,1.0,0.9982,1,1,False,8.673968,0.91955984,3.9426389
2801566,1.0,0.9949,1,1,False,8.562606,0.89561427,3.7292078
2801568,1.0,0.0176,1,0,False,8.227456,0.39582673,3.5446944
2801569,0.0073,0.9927,0,1,False,9.1229,2.2623453,3.9373763
2801834,0.9919,0.9234,1,1,False,7.7834325,5.047438,4.905482
2801837,0.2455,0.8865,0,0,False,7.6090574,6.332085,5.6995673
2801895,0.0,0.0,0,0,False,8.667266,3.3681715,2.140078
2801898,0.0,0.0,0,0,False,13.612263,6.3558974,9.175389
2802539,1.0,0.0006,1,0,False,6.7268167,1.2620815,3.2595284
2802551,1.0,0.9991,1,1,False,8.650884,2.205154,4.3488483
2802554,0.6219,0.5494,0,0,False,5.78924,8.329313,6.552454
2805088,1.0,0.9997,1,1,False,5.779538,2.443744,3.169097
2805750,0.0186,0.9834,0,1,False,10.808375,3.241886,3.9570146
2805836,0.0,0.0,0,0,False,-0.7708744,0.87710595,8.068683
2805839,0.1366,0.9287,0,1,False,9.118579,7.320192,4.9966273
2805917,0.5033,0.3958,0,0,False,5.0112715,8.22049,6.680867
2805939,1.0,0.9845,1,1,False,8.396569,0.38875428,3.3927598
2806547,0.9998,0.0,1,0,False,6.403037,-0.27756286,2.6429164
2809145,0.9704,0.9658,1,1,False,9.37821,14.8316145,6.749673
2809175,0.1578,0.9936,0,1,False,7.308728,19.451775,7.0450244
2809196,0.6796,0.5898,0,0,False,7.4111495,19.767515,7.2366657
2809199,1.0,0.0936,1,0,False,9.935974,16.427021,2.3880565
2809396,0.6856,0.6419,0,0,False,6.479347,8.225626,6.0915823
2809423,1.0,0.2564,1,0,False,9.425352,16.234829,2.4251227
2809456,0.8142,0.1832,0,0,False,5.9033194,9.326052,7.0907
2809674,0.9438,0.0578,1,0,False,5.0990624,3.0461514,3.4698677
2809802,1.0,0.0,1,0,False,0.14614342,-1.6620523,5.3395424
2810133,0.2917,0.6066,0,0,False,5.210529,7.3456388,6.475295
2810370,1.0,0.0,1,0,False,6.195601,-0.40339682,2.7023704
2810799,1.0,0.0,1,0,False,6.3655596,-0.31524155,2.685308
2811091,0.0604,0.9384,0,1,False,3.970607,7.076895,6.118706
2811341,0.2382,0.6824,0,0,False,3.3624406,6.6511965,6.1378336
2811342,0.9998,0.0066,1,0,False,8.304425,0.5871034,3.6422234
2811386,1.0,0.0,1,0,False,5.769137,-0.11675364,2.5544827
2812730,1.0,0.0005,1,0,False,7.846338,0.84810776,3.147065
2812802,1.0,0.3733,1,0,False,7.7423105,0.10648725,3.0764124
2812854,1.0,0.0,1,0,False,6.7692285,-0.40916502,2.5508533
2812882,1.0,0.0,1,0,False,6.3035307,0.33057982,2.5491512
2812900,0.9995,0.7082,1,0,False,8.684344,1.117247,3.765067
2813165,0.0,0.0,0,0,False,10.154615,7.2061048,4.961858
2813287,0.6618,0.3918,0,0,False,5.7304273,8.097464,6.5590687
2813288,0.4152,0.6134,0,0,False,6.2678137,7.705109,6.2427883
2813545,1.0,0.5143,1,0,False,7.9715533,0.58682966,3.521187
2815768,0.9999,0.0,1,0,False,6.433447,-0.1734091,2.5364456
2816459,0.0001,0.982,0,1,False,2.9905305,7.000985,5.2086887
2816460,0.49,0.4981,0,0,False,5.100416,8.0377865,6.589659
2816467,0.0,0.0,0,0,False,12.793954,7.428422,6.3779635
2817571,0.0833,0.912,0,1,False,7.5838847,10.345182,6.6005907
2817738,0.3887,0.6387,0,0,False,8.187733,13.606429,6.6328816
2817834,0.9996,0.7472,1,0,False,8.414199,0.9140161,3.7755854
2820395,0.9996,0.0002,1,0,False,7.6998253,0.15852213,3.373478
2820397,0.9996,0.0635,1,0,False,8.382903,0.50270927,3.5709653
2820912,0.9999,0.0023,1,0,False,7.14654,1.4183825,3.0607817
2822449,0.9859,0.8648,1,0,False,9.1858835,1.9884254,4.222889
2822848,0.0484,0.0359,0,0,False,8.9461355,3.2526302,4.6023264
2822864,0.9924,0.5436,1,0,False,8.62363,1.500794,4.2335296
2823683,0.0,0.0,0,0,False,8.924341,3.2188854,3.8863273
2823852,0.0218,0.0039,0,0,False,8.655475,2.2479112,4.022992
2824965,0.8974,0.8703,0,0,False,8.989815,1.969731,4.3696775
2825847,0.2059,0.8324,0,0,False,7.5800376,10.646217,6.5261602
2827437,0.9989,0.9547,1,1,False,9.203493,1.3870418,4.170374
2827438,0.9964,0.1418,1,0,False,8.151727,0.60439926,3.6549993
2827439,0.503,0.5018,0,0,False,8.382134,2.6819487,4.120075
2829140,0.9996,0.0079,1,0,False,7.1611514,0.09443736,3.1088126
2829367,0.0976,0.976,0,1,False,10.093627,2.2768114,4.18188
2829393,0.0,0.0,0,0,False,12.900273,7.479184,6.462397
2829526,0.0246,0.9986,0,1,False,6.788365,9.565619,6.0614448
2829560,1.0,0.0,1,0,False,4.7745605,-0.3894525,2.7213445
2829846,0.4387,0.9107,0,1,False,7.6164427,6.8162904,5.333892
2829853,0.2661,0.6565,0,0,False,8.088717,11.076854,6.1535873
2831174,0.9984,0.0012,1,0,False,7.3202715,0.47639576,3.2061825
2831178,0.8446,0.0245,0,0,False,8.479557,0.2866781,3.4822361
2831243,0.9999,0.0009,1,0,False,7.705814,0.74252063,3.3200905
2831671,0.0435,0.0001,0,0,False,7.4057937,1.4349629,3.368869
2832315,0.4949,0.9716,0,1,False,10.422616,5.532466,4.848209
2832317,0.0172,0.986,0,1,False,9.945852,4.690198,4.6083336
2832319,0.0168,0.9859,0,1,False,10.269797,4.830709,4.8241644
2832322,0.1028,0.9546,0,1,False,11.412313,4.609808,4.8353405
2834153,0.997,0.9959,1,1,False,9.314617,14.687166,6.0462174
2834247,1.0,0.0003,1,0,False,7.771621,0.5860102,3.2239594
2834252,0.9892,0.0107,1,0,False,4.996158,0.17736597,2.077502
2834256,0.7445,0.3078,0,0,False,8.947216,1.3913518,3.8993669
2834265,0.9998,0.0001,1,0,False,6.9374714,-0.2470773,2.4765809
2834422,0.005,0.0011,0,0,False,8.637729,2.3471262,4.0092607
2835276,1.0,0.0,1,0,False,6.564761,-0.47832724,2.484714
2835936,0.673,0.4514,0,0,False,8.828884,1.3709335,3.5281236
2835941,0.9986,0.0,1,0,False,6.722516,1.3874232,2.464799
2835951,0.1309,0.9289,0,1,False,11.436547,4.5766344,4.914949
2836007,1.0,0.0013,1,0,False,10.341241,3.2341084,3.913567
2836009,0.0,0.0,0,0,False,12.811604,5.2046475,1.4123021
2836011,0.0,0.0,0,0,False,12.901697,7.49549,6.438821
2836041,0.0527,0.9491,0,1,False,9.953398,3.3248525,4.0734744
2836044,0.0,0.0,0,0,False,13.770162,4.503604,2.326793
2836048,0.0002,0.0,0,0,False,8.983758,2.4675477,4.3825827
2836086,0.6352,0.6375,0,0,False,6.48398,8.071551,6.287962
2836091,0.2558,0.2552,0,0,False,9.933013,2.8957143,4.0088367
2836105,0.1087,0.0355,0,0,False,8.770352,1.2840887,3.8263993
2836106,0.295,0.7281,0,0,False,4.469755,1.1799372,3.5125563
2836132,0.0955,0.9002,0,1,False,7.271709,10.227653,6.7338567
2836135,0.4738,0.6195,0,0,False,8.346152,12.2172365,6.8676233
2838076,1.0,0.0,1,0,False,6.95333,-0.13962291,2.4009368
2838078,1.0,0.0,1,0,False,6.3664565,-0.4378678,2.7278683
2838153,0.948,0.9948,1,1,False,7.8128095,7.3318114,5.3134995
2838154,0.3065,0.7097,0,0,False,7.7723355,7.322676,5.3976383
2839003,0.9999,0.0002,1,0,False,7.3252206,0.33456805,2.948615
2839036,0.1999,0.9156,0,1,False,7.6309342,9.619995,6.198843
2843704,0.0974,0.9559,0,1,False,8.901831,15.204009,6.3327355
2844076,0.9823,0.978,1,1,False,8.8057995,13.597067,6.3731093
2844800,0.4643,0.9964,0,1,False,7.9252625,9.772882,5.283962
2844802,0.578,0.9938,0,1,False,8.040504,9.829192,5.6438103
2844803,0.4639,0.6184,0,0,False,8.912347,17.45903,7.0886054
2845816,0.1729,0.1722,0,0,False,9.797241,3.0210679,4.272285
2847044,0.1485,0.4356,0,0,False,4.74598,8.4255905,6.775098
2847072,0.9918,0.0007,1,0,False,7.03665,0.4719894,3.2504215
2847073,0.9988,0.0001,1,0,False,6.620091,1.1940261,2.8859382
2847078,0.971,0.0008,1,0,False,7.899474,0.65571517,3.3426502
2847089,0.4304,0.7812,0,0,False,6.18379,9.1258135,6.4961953
2847092,0.4834,0.6044,0,0,False,8.593438,12.565048,6.6691213
2847096,0.293,0.631,0,0,False,5.612014,7.9523315,6.517343
2847098,0.9942,0.0,1,0,False,7.3053403,-0.08083001,2.6518078
2847105,0.2217,0.2212,0,0,False,10.941619,3.266885,3.795173
2847106,0.9895,0.3248,1,0,False,6.5258207,13.08188,6.710076
2847107,0.0012,0.0007,0,0,False,8.887931,2.2499204,4.156484
2847108,0.7753,0.9479,0,1,False,8.616168,9.598944,5.467723
2847109,0.3588,0.6519,0,0,False,8.506305,12.132884,5.924442
2847137,1.0,0.9019,1,1,True,6.9524775,19.128063,6.704882
2847138,0.9313,0.0687,1,0,True,7.457389,14.829622,6.581068
2847139,1.0,0.0578,1,0,True,6.939402,19.02185,6.623677
2847140,1.0,0.0588,1,0,True,7.088589,18.998695,6.7044187
2847141,0.9999,0.0752,1,0,True,7.1805005,18.614182,6.6318555
2847173,0.9909,0.9826,1,1,False,9.233773,15.325461,6.677425
2847174,0.9821,0.9782,1,1,False,9.338745,15.059607,6.7373247
2847277,0.9976,0.0,1,0,False,7.2066255,-0.38526693,2.6345885
2847284,0.9996,0.0,1,0,False,5.974698,0.45615476,2.575293
2847285,0.6339,0.6321,0,0,False,9.349151,2.12378,4.205061
2847286,0.1015,0.9744,0,1,False,11.035115,2.9333334,4.4549174
2847815,0.9976,0.0001,1,0,False,7.054165,0.75810015,3.3530095
2847816,0.0,1.0,0,1,False,5.777137,1.5068697,2.768993
2847818,0.3115,0.688,0,0,False,1.8391473,-0.5280125,3.0583868
2847822,0.9974,0.0,1,0,False,7.3647785,-0.16840853,2.6036503
2847823,0.331,0.8021,0,0,False,6.3011785,9.203971,6.423758
2847830,0.9956,0.0001,1,0,False,7.727269,0.17359357,2.945712
2847831,0.0006,0.0,0,0,False,8.258443,2.2890801,3.6950011
2847848,0.0247,0.0009,0,0,False,8.572003,1.7404459,3.4449196
2847851,0.4186,0.6354,0,0,False,8.586441,12.358245,6.2921987
2847995,0.0,0.0,0,0,False,17.520777,7.8238606,9.098443
2847998,0.7107,0.3714,0,0,False,6.8770037,10.683775,5.960733
2847999,0.001,0.0007,0,0,False,8.597282,2.6628435,3.922347
2848038,0.3361,0.6639,0,0,False,4.8469577,2.3535314,3.9686692
2848039,0.0029,0.0004,0,0,False,8.37032,1.6191783,4.311099
2848040,0.9998,0.0,1,0,False,6.496313,-0.18860562,2.5927696
2848047,0.8436,0.1622,0,0,False,10.695116,2.066881,3.8680632
2848074,0.6867,0.0012,0,0,False,7.76301,0.38612157,2.8704662
2848075,0.9965,0.0,1,0,False,6.3497148,0.48504522,2.9035916
2848082,0.002,0.0,0,0,False,8.832392,1.144766,3.397619
2848096,0.2932,0.7762,0,0,False,1.8905189,0.6928602,2.9212852
2848097,1.0,0.0,1,0,False,5.85078,0.1823194,2.669237
2848316,0.9803,0.0,1,0,False,7.090327,0.79238105,3.384715
2848317,0.4598,0.5677,0,0,False,6.548677,6.8923774,6.1654925
2848423,0.9988,0.0072,1,0,True,2.2195005,-1.7533514,4.8346386
2848881,0.2898,0.7563,0,0,False,11.024122,2.9755216,3.593166
2848886,0.1418,0.9276,0,1,False,9.103912,7.207608,4.8509254
2848887,0.9992,0.0,1,0,False,6.6069465,-0.07247106,2.5548706
2848909,0.9999,0.0,1,0,False,5.2873745,-0.16026853,2.5206418
2848910,0.9993,0.0,1,0,False,6.179844,1.2651907,2.7828925
2849081,0.0051,0.0024,0,0,False,8.247896,2.2093935,3.8543742
2849097,0.8176,0.0,0,0,False,7.6409807,0.92291373,3.2095735
2849103,0.9605,0.1141,1,0,False,5.8577785,15.411628,7.530606
2849244,0.9999,0.0,1,0,False,6.1317306,0.37007466,2.6467872
2849246,0.9996,0.0,1,0,False,6.443177,0.35886216,2.5029984
2849598,0.0,0.0,0,0,False,1.4229684,2.3748457,1.218177
2849599,0.0,0.0,0,0,False,1.4683379,2.3718932,1.232695
2849600,0.0,0.0,0,0,False,1.557098,2.3598974,1.27748
2849625,0.0026,0.0017,0,0,False,9.088865,1.8220904,4.0214434
2849626,1.0,0.0,1,0,False,6.6461654,0.31923383,2.6842659
2849697,0.0,0.0,0,0,False,8.276926,5.4260235,4.6174707
2849699,0.0001,0.0,0,0,False,8.944302,2.1152208,4.0274663
2849700,0.9952,0.0,1,0,False,7.1443825,-0.0800157,2.8473575
2849703,1.0,0.0,1,0,False,4.4741254,-0.01663698,2.7585268
2849704,0.8662,0.1278,0,0,False,2.9474986,0.5371787,3.151099
2849707,0.975,0.0,1,0,False,6.959358,0.1575602,2.9853072
2849712,1.0,0.0,1,0,False,3.8173358,2.0422988,4.0214157
2849713,0.6978,0.9483,0,1,False,6.712724,8.33389,6.507402
2849733,0.9999,0.0001,1,0,True,6.8648505,6.8669662,4.832034
2849741,0.2094,0.7687,0,0,False,6.261865,7.3980284,6.113418
2849971,0.0014,0.0,0,0,False,8.297777,1.1929505,3.5500786
2849972,0.008,0.0041,0,0,False,8.522994,1.6838144,4.0998483
2851068,0.0007,0.0003,0,0,False,9.204418,1.9886591,3.7671516
2851069,0.0059,0.0041,0,0,False,8.829572,1.5897527,4.2933435
2851077,1.0,0.0,1,0,False,5.980483,0.05234242,2.4358253
2851101,0.0,0.0,0,0,False,12.805138,7.5473943,6.395818
2851401,0.9798,0.0,1,0,False,7.6465545,0.18068789,2.9145162
2851402,0.0211,0.0026,0,0,False,8.111693,1.4887666,3.7634099
2851430,1.0,0.0,1,0,False,5.3766875,-0.073171906,2.4992714
2851442,0.0093,0.0,0,0,False,7.7239985,1.0839427,3.1332624
2851443,0.2542,0.8565,0,0,False,7.5554633,10.81237,6.9938397
2851451,0.0104,0.0,0,0,False,7.108027,0.53832835,2.879607
2851456,0.0073,0.0,0,0,False,8.562543,0.5324216,2.866068
2851458,0.9631,0.0,1,0,False,8.080562,-0.01823716,2.5861855
2851465,0.0439,0.9346,0,1,False,7.863447,10.296362,5.9053087
2851475,0.0004,0.0001,0,0,False,8.832783,1.2774862,3.6943407
2851486,0.0301,0.0,0,0,False,8.452676,1.4113122,3.9619672
2851491,0.0005,0.0,0,0,False,8.738575,1.1793175,3.613895
2851970,0.9456,0.0,1,0,False,7.6559477,0.9378607,2.4811158
2851971,0.9341,0.0,1,0,False,7.5266967,0.70288885,2.2581425
2851972,1.0,0.0,1,0,False,6.09339,0.21633635,2.29397
2851974,0.0838,0.8767,0,0,False,7.869167,10.99319,6.0121546
2851975,0.0736,0.8718,0,0,False,7.8628674,10.867226,6.068238
2851976,0.0648,0.0,0,0,False,7.5771384,1.6990852,3.38097
2851977,0.1323,0.0,0,0,False,7.464106,1.3769497,2.666505
2851978,0.0001,0.0,0,0,False,9.596166,1.73158,2.906029
2851979,0.0001,0.0,0,0,False,9.638519,1.82559,2.8416038
2851980,0.0,0.0,0,0,False,8.654589,3.9363573,4.208989
2851981,0.0001,0.0,0,0,False,9.504233,1.9607196,3.1517394
2851982,0.0001,0.0,0,0,False,9.684218,1.5668559,2.9677393
2851990,0.0,0.0,0,0,False,-3.2702072,5.5530257,4.35543
2851991,0.9996,0.0,1,0,False,5.9815483,0.14692444,2.5785935
2851992,0.0,0.0,0,0,False,-3.136807,5.49586,4.3582134
2851993,0.6645,0.3557,0,0,False,4.791842,1.3215557,0.52736914
2851994,0.0,0.0,0,0,False,-3.249754,5.530489,4.337138
2852003,0.6646,0.3566,0,0,False,4.4818234,1.6124891,-0.030625403
2852004,0.6649,0.3562,0,0,False,4.4860563,1.5952013,-0.07993616
2852005,0.6647,0.3565,0,0,False,4.4765425,1.6537844,-0.105385005
2852021,0.9807,0.0,1,0,False,6.435458,0.13483307,0.8106583
2852022,0.9805,0.0,1,0,False,6.2783113,0.16362338,0.9218627
2852023,0.9816,0.0,1,0,False,6.2730136,0.31315288,0.95342696
2852026,0.9814,0.0,1,0,False,6.351833,0.14009716,0.80429476
2852028,0.9814,0.0,1,0,False,6.6390347,0.3200552,1.1105807
2852031,0.9794,0.0,1,0,False,6.4326763,0.10809794,0.79618484
2852114,0.4995,0.7015,0,0,False,7.015707,7.390349,6.123308
2852116,0.0,0.0,0,0,False,9.455268,5.307056,5.86591
2853091,1.0,0.0,1,0,False,6.34395,0.5902163,2.563673
2853105,0.0,0.0,0,0,True,8.809536,1.9694897,3.9597616
2853106,1.0,0.0,1,0,True,5.207041,-0.106151715,2.5139816
2853118,0.102,0.0301,0,0,True,9.863627,15.711037,7.265319
2853119,0.0261,0.0098,0,0,True,9.854503,15.401419,7.073823
2853120,0.0193,0.0102,0,0,True,10.012253,15.747815,7.3275423
2855314,0.0533,0.9289,0,1,False,5.852405,6.1139836,5.8933535
2856180,0.163,0.8934,0,0,False,8.778162,7.2917986,4.746427
2856824,0.995,0.0,1,0,False,5.7221804,0.9543381,2.8864567
2857501,0.1,0.9021,0,1,False,9.962472,3.4182959,3.1309528
2859072,1.0,0.0,1,0,False,5.7157745,-0.020510752,2.4907436
2859474,0.0,0.0,0,0,False,8.7290745,8.604715,6.8821373
2859476,0.0954,0.9778,0,1,False,11.08941,4.315473,4.277644
2859477,0.0,0.0,0,0,False,18.622433,11.759031,1.9665
2859488,0.0,0.0,0,0,False,13.796824,4.585742,2.2556632
2859527,0.999,0.0,1,0,False,6.6789618,0.01621331,2.4878185
2859528,0.9999,0.0,1,0,False,6.6728625,-0.21781863,2.5289886
2859563,0.9667,0.0,1,0,False,7.8370137,0.3522941,2.6097095
2859564,0.9715,0.0,1,0,False,7.4004855,0.020796904,2.8400185
2859632,0.0,0.0,0,0,False,18.615286,11.753439,1.976538
2859633,0.0,0.0,0,0,False,9.385074,3.750223,4.0641036
2859634,0.0,0.0,0,0,False,12.641508,5.0525312,1.6007285
2859653,0.401,0.9568,0,1,False,7.5122104,8.413172,5.9129233
2859655,0.0,0.0,0,0,False,7.7972746,2.983608,4.390146
2859656,0.1388,0.8623,0,0,False,6.921516,7.069771,5.7886915
2859658,0.0002,0.0,0,0,False,8.37163,1.6702807,3.846287
2859664,0.3394,0.9111,0,1,False,7.84559,7.1419754,5.6453414
2860269,0.2617,0.6602,0,0,False,7.853326,11.170139,6.977454
2860371,1.0,0.0,1,0,False,4.702259,0.1476642,2.677215
2860374,0.0001,0.0,0,0,False,7.5583653,5.3899174,3.0118463
2860375,0.9809,0.0,1,0,False,7.032755,0.61288023,2.700997
2860376,0.0,0.0,0,0,False,9.400908,2.1877515,3.8843565
2860377,0.0,0.0,0,0,False,8.97162,2.094465,4.0489454
2860997,0.0193,0.9825,0,1,False,10.389747,3.510562,3.9222689
2861002,0.0002,0.0,0,0,False,8.163048,0.92509085,3.0684435
2861003,1.0,0.0,1,0,False,6.0446653,0.07346443,2.1118476
2861008,0.0,0.0,0,0,False,9.272467,2.0566063,3.588676
2862735,0.0,0.0,0,0,False,11.578513,0.5417152,2.6796687
2862773,0.0141,0.0,0,0,False,8.242045,0.37845972,2.7737534
2862998,0.1864,0.8831,0,0,False,11.843073,3.4701757,3.2670245
2863149,0.3851,0.554,0,0,False,5.0337653,8.616077,6.5673895
2863152,1.0,0.0,1,0,False,5.9155016,-0.4272322,2.3820784
2863193,1.0,0.0,1,0,False,6.710317,-0.19240913,2.379027
2863194,0.9936,0.0,1,0,False,6.65604,0.05540484,2.3625174
2863195,0.6602,0.4448,0,0,False,6.5020065,10.987025,6.482129
2863265,0.9945,0.0,1,0,False,7.717634,0.12890717,2.6683812
2863267,0.0256,0.0,0,0,False,8.498361,0.6433371,3.0343397
2863271,0.9615,0.0,1,0,False,7.7494783,0.8012073,2.7167852
2863583,0.9935,0.0,1,0,False,7.073575,0.6341613,3.0935106
2863832,0.0033,0.0,0,0,False,7.7670536,1.9662229,3.3136394
2863847,0.0,0.0,0,0,False,10.1317215,7.318636,4.972598
2864361,0.0125,0.0,0,0,False,8.363365,0.61734724,3.1179812
2864362,0.004,0.0003,0,0,False,7.8687367,1.757967,3.456197
2864363,0.0003,0.0,0,0,False,8.300855,0.89970315,3.5568364
2864364,0.0067,0.0,0,0,False,8.779946,0.9088816,2.8655787
2864365,0.0075,0.0,0,0,False,8.134119,1.1627232,3.335509
2864366,0.9274,0.0,1,0,False,7.441942,0.2728043,2.7491577
2864368,0.6291,0.994,0,1,False,6.51698,1.8103402,2.903496
2864369,0.0231,0.0,0,0,False,8.010833,0.7372466,3.0759964
2865787,0.3643,0.0,0,0,False,8.383439,0.8183699,2.8905356
2865793,0.0,0.0,0,0,False,9.021627,1.4914377,3.6865861
2865794,0.9998,0.0,1,0,False,5.560447,-0.25943255,2.2809045
2865805,0.0004,0.9999,0,1,False,6.645509,1.1396313,2.5837362
2865806,0.0,0.0,0,0,False,8.882986,1.791012,3.7028022
2865825,0.0045,0.0,0,0,False,8.5236,0.97888017,3.1386209
2866663,0.0003,0.9999,0,1,False,6.441683,0.8928051,2.5791304
2866684,0.6611,0.0,0,0,False,7.531666,0.25452572,2.304641
2866695,0.2871,0.0,0,0,False,7.4394007,1.0108941,2.6161804
2866699,0.0002,0.0,0,0,False,8.346215,1.5769788,3.5230575
2866701,0.0109,0.0,0,0,False,8.089263,0.5147981,2.8093169
2866702,0.8942,0.0,0,0,False,8.069706,0.2231292,2.9027283
2867265,0.0215,0.0,0,0,False,7.8760343,0.44437402,2.647415
2867473,0.0,0.0,0,0,False,12.963895,7.4132056,6.43985
2867479,0.0,0.0,0,0,False,8.727545,8.388629,6.8458123
2869543,0.0189,0.0,0,0,False,7.9231386,1.0210409,2.5505922
2869544,0.0,0.0,0,0,False,10.72272,0.3884716,2.4764743
2869545,0.0,0.0,0,0,False,10.507225,0.36618525,2.406705
2869547,0.0,0.0,0,0,False,10.754924,0.2768711,2.4135084
2869549,0.0,0.0,0,0,False,10.642485,0.38834745,2.4542296
2869552,0.2595,0.0,0,0,False,7.858609,0.5020985,2.8335679
2869553,0.0085,0.0,0,0,False,7.892269,0.89475965,2.8884056
2869555,0.0263,0.0,0,0,False,7.985277,0.9289254,2.4803035
2869556,0.0266,0.0,0,0,False,7.9638267,0.7779643,2.414197
2869557,0.0,0.0,0,0,False,10.687799,0.3152546,2.4134007
2869568,1.0,0.0,1,0,False,3.93785,0.14089231,2.387983
2869569,0.8427,0.0,0,0,False,6.480285,1.2116073,2.6869578
2870348,0.8601,0.976,0,1,False,7.417573,7.633391,5.801949
2870349,0.2261,0.9959,0,1,False,8.084683,8.759599,5.780562
2870351,0.5789,0.0,0,0,False,7.3445024,0.27157682,2.612677
2870354,0.7198,0.0,0,0,False,7.6567187,0.558415,2.6146462
2870359,0.4781,0.5309,0,0,False,5.674434,8.395975,6.6856937
2870360,0.0191,0.0,0,0,False,7.7179027,1.6715256,2.9377632
2870363,0.6903,0.3314,0,0,False,5.5997314,8.299099,6.457252
2870364,0.0451,0.0,0,0,False,7.844049,2.1757145,3.02721
2870375,0.0028,0.0,0,0,False,8.439922,1.0990609,3.1565852
2870377,0.0002,0.0,0,0,False,7.158039,5.355759,4.541054
2870378,0.3316,0.9912,0,1,False,7.6580005,7.8236413,5.6747274
2870379,0.9934,0.0,1,0,False,6.30193,0.20761073,2.5215635
2871093,0.4715,0.9375,0,1,False,7.2375946,8.273727,5.9547644
2871160,0.8408,0.0,0,0,False,7.5160365,0.44487807,2.9329998
2871166,0.3604,0.5004,0,0,False,7.609005,11.7603855,7.1907907
2871520,0.0,0.0,0,0,False,10.169128,7.1696014,5.0027924
2871538,0.0,1.0,0,1,False,8.267337,4.8753495,4.7222958
2871539,0.0,0.0,0,0,False,12.969448,7.519361,6.4940505
2872567,1.0,0.0,1,0,False,4.304263,0.06561624,2.8911657
2872674,0.9996,0.0,1,0,False,6.3514066,-0.13456196,2.267655
2872675,0.0007,0.0,0,0,False,9.080191,1.4624817,3.7867486
2872676,0.0001,0.0,0,0,False,8.918136,1.7364227,3.608022
2873349,0.0,0.0,0,0,False,8.572477,1.32199,3.2143202
2873352,0.6753,0.0,0,0,False,7.1145673,0.7208938,2.617162
2873372,0.7658,0.9931,0,1,False,7.4696884,8.618974,5.8797827
2873373,0.0,0.0,0,0,False,11.285964,0.21336095,2.760869
2873413,0.0,0.0,0,0,False,8.693098,1.2389396,3.423765
2873460,0.0438,0.0,0,0,False,8.857215,0.8909154,3.2594876
2873534,0.1843,0.8854,0,0,False,11.874164,3.3988366,3.1478906
2873557,0.9925,0.0,1,0,False,5.272072,0.027541602,2.3273377
2873951,0.5837,0.4704,0,0,False,8.143751,12.510424,6.1134005
2873952,0.8669,0.9944,0,1,False,7.8305454,8.014457,5.6195107
2874141,0.9396,0.9978,1,1,False,7.3079085,8.138459,5.9232454
2874876,0.0086,0.0,0,0,False,8.790653,1.1642765,3.041755
2874877,0.0204,0.0,0,0,False,8.518229,0.9505656,3.0380614
2874878,0.0091,0.0,0,0,False,8.252624,1.3106915,3.1996195
2874879,0.0692,0.0,0,0,False,7.699254,1.4777498,3.0663347
2874884,0.0001,0.0,0,0,False,8.959086,2.1243556,3.9017925
2874885,0.6238,0.0,0,0,False,7.7017274,0.339882,2.0121608
2874886,0.0,0.0,0,0,False,8.721037,2.4923503,3.536527
2874887,0.0125,0.0,0,0,False,8.860653,0.7177246,2.9411087
2874888,0.0254,0.0,0,0,False,8.263978,0.67436546,2.3524868
2874889,0.0103,0.0,0,0,False,8.7941675,1.3229694,3.4339118
2874890,0.0709,0.0,0,0,False,8.302259,0.7731805,2.9069307
2875722,0.002,0.0,0,0,False,8.922526,1.8142933,3.7772868
2875723,0.0131,0.0,0,0,False,8.181615,0.7505803,2.7958336
2875839,0.0085,0.0,0,0,False,8.346325,0.7311749,2.896896
2875869,0.0008,0.0,0,0,False,8.366499,1.1004307,2.7648003
2876210,0.6275,0.0,0,0,False,7.1767845,0.42374983,2.3053753
2876597,0.1985,0.0,0,0,False,7.9807277,0.42150325,1.936808
2876728,0.0323,0.0,0,0,False,8.642238,0.81853694,2.6117148
2877504,0.2747,0.8371,0,0,False,8.021144,11.418005,6.91953
2877505,0.2033,0.806,0,0,False,7.4209843,10.265779,7.130844
2877507,0.0013,0.0,0,0,False,8.483894,2.346873,3.677407
2877511,0.0001,0.0,0,0,False,8.286902,0.87768334,2.8248122
2877512,0.9959,0.0,1,0,False,6.707448,0.7748836,2.5413983
2877945,0.0293,0.0,0,0,False,7.705216,1.169578,3.2743275
2877946,0.9949,0.0,1,0,False,5.0388937,0.46144807,2.5763931
2877986,0.0039,0.0,0,0,False,9.11243,2.600665,3.641187
2877989,0.0124,0.0,0,0,False,7.9787908,0.8764661,2.7477703
2877990,0.0059,0.0,0,0,False,8.800018,1.1787852,3.2314572
2877991,0.0041,0.0,0,0,False,8.99814,2.7463017,3.609704
2878006,0.0054,0.0,0,0,False,8.996096,1.0833011,3.1152537
2878008,0.6524,0.6427,0,0,False,8.705931,13.597419,6.3308043
2878009,0.0005,0.0001,0,0,False,9.793653,3.190077,3.9379709
2878010,0.3282,0.9472,0,1,False,11.003195,3.2667654,4.528346
2878013,0.1031,0.9734,0,1,False,9.041102,7.384012,5.044903
2878088,0.0057,0.0,0,0,False,8.265083,1.9536049,3.3412333
2878269,0.8669,0.0,0,0,False,7.0246534,0.43113005,1.9888065
2879287,0.9821,0.0,1,0,False,6.1044254,0.019918086,2.3033013
2879288,0.0861,0.9351,0,1,False,7.940199,6.715487,4.6255445
2879941,0.0038,0.0,0,0,False,9.031139,1.8081838,3.4110808
2880267,0.0059,0.9948,0,1,False,8.706293,5.4371986,4.4978423
2880361,0.0049,0.0,0,0,False,8.667781,3.2518559,3.0482588
2880362,0.2406,0.765,0,0,False,2.7740538,0.27939066,3.1116834
2880537,0.4438,0.6895,0,0,False,8.272729,13.618291,6.458565
2880538,0.6256,0.4655,0,0,False,5.9659595,8.747756,6.694551
2880539,0.7962,0.0,0,0,False,4.2364798,5.846701,5.3870254
2880540,0.3497,0.6366,0,0,False,8.2918825,13.190254,6.8948402
2880541,0.2207,0.7649,0,0,False,7.4321017,10.677713,6.5955234
2880542,0.4746,0.5946,0,0,False,8.044714,12.223371,6.660814
2880837,0.9999,0.0,1,0,False,4.5878906,-0.20097163,2.7342305
2880838,0.0397,0.0,0,0,False,8.2069235,0.98183495,2.9974344
2880839,0.4045,0.6266,0,0,False,5.8842626,7.878646,6.3056035
2880890,0.0002,0.0,0,0,False,8.241339,4.496024,3.983527
2880993,0.0086,0.0,0,0,False,8.756362,1.8012674,3.2260752
2880994,0.0095,0.0,0,0,False,8.7779255,1.3818384,3.184325
2881221,0.995,0.0052,1,0,False,6.932638,11.8635645,5.980866
2881391,0.9998,0.0,1,0,False,4.386127,0.11439972,2.6525006
2881392,0.0015,0.0,0,0,False,9.247321,2.0283878,3.90665
2881397,0.0045,0.0,0,0,False,8.964888,2.0681734,3.6464174
2881398,0.0203,0.9819,0,1,False,10.079406,3.7386642,4.3135986
2881399,0.0002,0.0,0,0,False,9.989299,2.6862345,3.430099
2881400,0.0007,0.0,0,0,False,9.929726,2.3768091,3.3467946
2881401,0.0183,0.9838,0,1,False,10.616946,3.3290136,3.7690635
2883936,0.267,0.733,0,0,False,3.5710573,0.1491804,2.8896503
2883940,0.0002,0.0,0,0,False,9.387629,2.253863,3.7485273
2883941,0.0177,0.9847,0,1,False,9.710645,3.6412885,4.0256476
2883942,0.8196,0.887,0,0,False,9.812398,4.663958,4.437392
2883943,0.5126,0.517,0,0,False,10.831949,2.9142032,3.3253098
2883944,0.0007,0.0,0,0,False,9.047701,2.701792,3.8943946
2883945,0.5931,0.4294,0,0,False,10.323572,2.4674857,3.3769712
2883946,0.6623,0.355,0,0,False,10.721378,2.3340383,3.3270707
2883949,0.0005,0.0,0,0,False,9.4613,2.1730542,3.510829
2884419,0.2985,0.9731,0,1,False,7.165937,9.263217,6.521385
2884420,1.0,0.0,1,0,False,4.265825,0.09601502,2.8705971
2884421,0.2496,0.7451,0,0,False,7.7001657,11.177386,6.613026
2884422,0.9006,0.0,1,0,False,6.645212,-0.07457043,2.4464123
2884423,0.9999,0.0,1,0,False,4.323197,0.07442012,2.5456948
2884424,0.8998,0.0,0,0,False,6.418964,0.7435817,3.018847
2884426,0.3382,0.9755,0,1,False,6.921951,8.962342,6.4294257
2884427,0.6566,0.414,0,0,False,5.8833575,7.840266,6.1983347
2884430,0.5101,0.5859,0,0,False,7.8925757,12.078067,6.597683
2884431,0.9984,0.0,1,0,False,5.677591,0.185549,2.3735552
2885086,0.2167,0.0,0,0,False,7.7290287,0.612161,2.711004
2885087,0.1475,0.0,0,0,False,8.050987,0.8744426,2.9434216
2885088,0.0048,0.0,0,0,False,8.788025,1.3424057,3.3235006
2885089,0.4525,0.0,0,0,False,7.878027,0.16503002,2.598737
2885090,0.5624,0.0,0,0,False,7.6247993,0.6825027,2.479169
2885152,0.0,0.0,0,0,False,11.964626,7.5235643,6.12868
2885687,0.001,0.0,0,0,False,8.515031,1.8561758,3.42155
2885715,0.0011,0.0,0,0,False,8.498833,1.9298773,3.2243283
2885846,0.0782,0.9231,0,1,False,8.372307,10.850303,6.5213356
2885908,0.0,0.0,0,0,False,1.8564526,1.0855958,1.5750499
2885909,0.0006,0.0,0,0,False,9.662039,2.221256,3.8042629
2885911,0.0748,0.919,0,1,False,4.1030393,7.5226793,6.2331586
2885915,0.3319,0.6284,0,0,False,2.1411502,0.34828177,3.1759229
2885922,0.1764,0.9911,0,1,False,4.284354,0.78316337,2.250104
2885973,0.1079,0.9499,0,1,False,11.396025,4.4587727,4.9045296
2885974,0.0403,0.9614,0,1,False,9.723616,2.913424,3.9215689
2885975,0.6504,0.3999,0,0,False,7.995431,10.777663,5.7994685
2885976,0.084,0.9522,0,1,False,10.71272,3.9975297,2.7841928
2885981,0.9645,0.8607,1,0,False,11.248262,4.0940576,4.678737
2885983,0.0008,0.0,0,0,False,9.153636,1.9662375,3.7405899
2886031,0.0176,0.9847,0,1,False,9.8134165,3.7702522,4.0710764
2886042,0.1169,0.0,0,0,False,8.103392,0.79296,2.3829525
2886209,0.9981,0.0,1,0,False,6.9647665,1.1948776,2.786601
2886211,0.9987,0.0,1,0,False,7.1414285,1.120803,2.6704786
2886397,0.2384,0.9217,0,1,False,6.559698,8.852518,6.430925
2886398,0.0178,0.0,0,0,False,8.663251,1.2678113,3.0752425
2886399,0.5652,0.0,0,0,False,8.485862,0.9799321,2.5613394
2886400,0.2468,0.0,0,0,False,7.700876,0.28783354,1.6200587
2886401,0.9909,0.0,1,0,False,5.3225794,0.08033646,2.363608
2886402,0.7434,0.0,0,0,False,7.0490956,0.36742723,2.5221963
2886406,0.9992,0.0,1,0,False,6.5056524,0.10920415,2.00663
2886897,0.0024,0.0,0,0,False,8.934533,1.4684216,3.3065403
2886898,0.0003,0.0003,0,0,False,10.323683,2.859217,3.6535256
2886899,0.0002,0.0001,0,0,False,10.294795,2.7141879,3.737563
2886901,0.3253,0.0,0,0,False,7.89527,0.49794117,2.390598
2886902,0.0,0.0,0,0,False,7.3306947,3.3780892,4.07477
2886918,0.144,0.0,0,0,False,7.716889,0.4949405,2.1878314
2886919,0.6972,0.3729,0,0,False,6.6320033,10.215393,6.473792
2886922,0.5321,0.0,0,0,False,7.6701097,0.41261742,2.2277856
2886925,0.8194,0.0,0,0,False,7.072524,0.51355827,2.299773
2886926,0.9078,0.0,1,0,False,6.4972744,1.3909622,2.245683
2886927,0.3575,0.0,0,0,False,7.404947,1.4508541,2.8239162
2886930,0.545,0.6543,0,0,False,7.7860894,19.664318,7.306306
2887182,0.5533,0.4024,0,0,False,4.91488,1.556229,3.7247689
2891955,0.0012,0.0,0,0,False,8.93659,1.6902502,2.7771106
2892035,0.0051,0.0,0,0,False,8.587341,0.99349195,2.9858296
2892339,0.9991,0.0,1,0,False,6.492846,0.4641271,2.4922173
2892340,0.176,0.0,0,0,False,8.182193,0.6722139,2.4431005
2892341,0.9915,0.0,1,0,False,5.42352,1.2894278,2.984442
2892342,0.5776,0.4079,0,0,False,4.836174,7.0281186,6.448189
2892343,0.9931,0.0001,1,0,False,5.057435,1.029689,3.1957495
2892344,0.7047,0.3749,0,0,False,5.6978455,7.7580805,6.226894
2892345,0.7857,0.0002,0,0,False,7.168283,1.0713801,2.4775915
2892346,0.0402,0.9902,0,1,False,3.426062,0.23892023,2.6120765
2892347,0.3634,0.793,0,0,False,2.7136695,0.46111995,1.7365688
2892348,0.9617,0.0,1,0,False,6.9941955,0.05442466,1.7581918
2892349,0.9994,0.0,1,0,False,4.818068,-0.0157324,2.3728812
2892350,0.3615,0.793,0,0,False,2.8073604,0.3754292,1.8297546
2892351,0.3615,0.792,0,0,False,2.7873952,0.32552254,1.8870252
2893954,0.953,0.0,1,0,False,5.9868293,0.14519858,2.0309484
2894293,0.4187,0.8833,0,0,False,9.54868,5.8642464,4.6787734
2894297,0.1217,0.0,0,0,False,8.443649,0.98021966,2.1860654
2894335,0.1328,0.9209,0,1,False,11.112462,3.5467057,3.7299676
2894344,0.7788,0.0,0,0,False,7.41195,0.71691483,1.9674498
2894356,0.0034,0.0,0,0,False,8.717549,1.4245738,3.4320183
2894367,0.0016,0.0,0,0,False,9.086032,1.840321,3.370166
2894393,0.0726,0.0,0,0,False,8.188616,1.1464247,2.5544434
2894395,0.0069,0.0,0,0,False,9.054404,1.9510001,3.2637248
2894397,0.8487,0.0,0,0,False,6.927953,0.76353717,2.468165
2894587,0.0019,0.0,0,0,False,9.144633,2.3589895,3.5350099
2894588,0.0001,0.9999,0,1,False,8.026243,2.2515388,3.2685297
2894593,0.0,0.0,0,0,False,11.817175,5.1773577,6.5378327
2894738,0.0817,0.2695,0,0,False,5.6662297,1.3118701,3.100825
2894742,0.2459,0.0,0,0,False,8.167934,0.8042032,2.3910282
2894747,0.0215,0.0,0,0,False,8.819761,1.6035637,3.0570636
2894749,0.7629,0.0,0,0,False,7.1401377,0.24910614,1.9864922
2894750,0.389,0.0,0,0,False,7.339391,0.28066176,2.0249238
2894751,0.167,0.0,0,0,False,8.43744,0.7469377,2.341528
2894753,0.0003,0.2648,0,0,False,8.260019,2.8030477,3.5140026
2894778,0.8692,0.9729,0,1,False,2.9480498,0.17152986,2.0200694
2894779,0.8737,0.0,0,0,False,6.617238,0.012978542,1.9614476
2894785,0.9927,0.0,1,0,False,5.1955576,0.018472223,2.3078911
2894786,0.9331,0.0191,1,0,False,6.047701,-0.009524651,1.669819
2894787,0.96,0.0072,1,0,False,6.0711164,0.4102677,1.7560377
2894788,0.8324,0.0,0,0,False,6.5839567,0.11198013,1.8536096
2894789,0.7662,0.0,0,0,False,7.2924976,0.30253083,1.8999177
2894790,0.8997,0.0125,0,0,False,5.7955775,-0.002866094,1.7849587
2894791,0.8525,0.0,0,0,False,6.6265316,0.07793184,2.0178401
2894792,0.1663,0.9886,0,1,False,4.095954,0.69783163,1.9940555
2894793,0.3485,0.6523,0,0,False,8.066676,3.2303805,3.230333
2894794,0.0095,0.0,0,0,False,9.105301,1.6051526,3.1608157
2894795,0.0003,0.1835,0,0,False,8.101422,2.9143891,3.3190732
2894796,0.0006,0.0,0,0,False,9.438436,1.8852394,3.299984
2894801,0.3642,0.0001,0,0,False,7.690342,1.7007416,2.9666426
2894809,0.0142,0.0,0,0,False,8.650011,1.953904,3.1109712
2897410,0.9828,0.0,1,0,False,5.2755504,0.49760073,2.5009186
2898538,0.9625,0.0329,1,0,False,3.9394047,0.3918655,3.0861995
2898539,0.0,0.0,0,0,False,21.488956,5.497004,0.35901445
2898540,0.977,0.0,1,0,False,6.008735,0.31137654,2.0139012
2898541,0.4321,0.5744,0,0,False,4.0921845,0.992967,1.6672348
2898542,0.2339,0.7724,0,0,False,3.9417515,0.5720966,2.0019984
2898543,0.2064,0.7999,0,0,False,4.3738327,0.45640007,1.8934609
2899887,0.9835,0.0,1,0,False,5.6229367,0.17954843,2.4509096
2900297,0.5405,0.0,0,0,False,7.721953,0.9089785,2.3301685
2900314,0.7892,0.0,0,0,False,7.630913,0.46717024,2.1635582
2900330,0.7157,0.0,0,0,False,8.150637,0.867232,2.3436148
2902660,0.9962,0.0,1,0,False,7.0610604,0.106394865,1.8821901
2902661,0.1711,0.9898,0,1,False,4.227625,0.7024744,2.2183466
2902662,0.1997,0.0,0,0,False,7.8351903,1.1822712,2.5859234
2902664,0.68,0.0,0,0,False,7.5998034,0.59199363,2.0523465
2902673,0.2401,0.0,0,0,False,7.1441045,0.47163787,1.9431485
2902680,0.2622,0.0001,0,0,False,8.807533,1.268815,2.7994428
2902681,0.0918,0.0,0,0,False,8.052301,0.8783325,2.7908328
2902690,0.0189,0.0002,0,0,False,8.720114,0.8473708,2.3946564
2902692,0.1788,0.0,0,0,False,8.196367,1.1456971,2.1450174
2902694,0.6983,0.2997,0,0,False,6.5265465,0.6126875,2.2169247
2902747,0.0054,0.0,0,0,False,8.937158,2.1952171,3.2720053
2902768,0.0229,0.0,0,0,False,8.623743,2.7377226,2.4879081
2902769,0.0042,0.005,0,0,False,9.116726,2.3467445,3.1954427
2902792,0.0976,0.9319,0,1,False,11.030427,9.686414,7.342377
2902794,0.9369,0.0638,1,0,False,11.93997,2.1953378,3.6588013
2902800,0.4423,0.8804,0,0,False,10.796251,4.7235394,3.0589707
2902837,0.0,0.0,0,0,False,14.574076,3.7809308,4.66295
2902838,0.0,0.0,0,0,False,24.456806,8.653789,7.6905527
2902839,0.0,0.0,0,0,False,10.828487,8.848274,5.4323044
2902840,0.0,0.0,0,0,False,11.608211,6.39785,2.5830564
2902841,0.691,0.9355,0,1,False,9.201888,4.58538,4.3116603
2902842,0.1661,0.9076,0,1,False,11.830299,3.7818918,3.164569
2902881,0.5481,0.91,0,1,False,10.719595,4.8591228,3.1006107
2902882,0.0,1.0,0,1,False,9.625181,2.8604336,3.593987
2902889,0.0,0.0,0,0,False,12.221814,9.920324,8.345413
2902890,0.5449,0.9028,0,1,False,10.7516985,4.887228,3.4360418
2902891,0.0,0.0,0,0,False,17.73348,7.990977,9.255287
2902892,0.0,0.0,0,0,False,17.621168,8.169144,9.439374
2902893,0.9732,0.0276,1,0,False,10.84026,2.819849,4.4804277
2902900,0.0,0.0,0,0,False,17.732931,8.007069,9.270049
2902904,0.1662,0.9069,0,1,False,11.692607,3.930739,3.3175998
2902905,0.0,0.0,0,0,False,17.542925,8.171494,9.427805
2902907,0.0,0.0,0,0,False,17.493431,7.752704,9.034629
2903266,0.8279,0.0005,0,0,False,7.391821,1.2436354,2.1176517
2904709,0.1603,0.0,0,0,False,8.643403,1.2341384,2.5808756
2905460,0.0073,0.0,0,0,False,8.811469,3.5766652,3.2956944
2905461,0.0051,0.0,0,0,False,9.248906,1.6664479,3.0267274
2905464,0.5349,0.1315,0,0,False,4.3011,6.0153337,5.463128
2905465,0.6071,0.2736,0,0,False,5.4776316,8.9299755,6.562303
2905508,0.6654,0.0004,0,0,False,7.4955263,0.61326355,2.0902615
2905509,0.8083,0.0011,0,0,False,8.395795,1.1003098,2.3529675
2905511,0.5445,0.0,0,0,False,7.669571,0.38885063,1.6296769
2905512,0.184,0.0,0,0,False,8.282969,0.7134689,2.1894748
2905564,0.9426,0.0006,1,0,False,6.471118,0.18706518,1.8440083
2905565,0.2978,0.0,0,0,False,7.7621145,0.81669444,1.983213
2905566,0.949,0.0208,1,0,False,6.0071287,0.09046725,1.9462919
2905567,0.8012,0.1966,0,0,False,4.810673,0.20350853,2.444616
2905569,0.6112,0.0132,0,0,False,6.7839923,0.88364774,2.0322
2905570,0.9436,0.0537,1,0,False,4.592993,-0.10610841,2.4817376
2905571,0.8739,0.0019,0,0,False,7.8990293,0.74456435,2.1592257
2905620,0.5075,0.5612,0,0,False,6.6561246,7.5093765,6.4084773
2905673,0.3281,0.7544,0,0,False,7.2939253,10.796583,6.626211
2905674,0.4396,0.6511,0,0,False,10.694538,4.047137,3.2780018
2905675,0.9246,0.0,1,0,False,6.72421,0.31651047,1.8104969
2905681,0.0,0.0,0,0,False,9.471614,5.1680994,5.833323
2905685,0.8692,0.0638,0,0,False,6.921978,0.35560122,1.6121205
2905688,0.8647,0.0001,0,0,False,6.5533857,0.22992083,1.926942
2905721,0.1997,0.7976,0,0,False,6.151008,0.5126779,1.9965556
2905727,0.9674,0.0026,1,0,False,5.8349967,0.14626624,2.1806908
2905728,0.6675,0.0122,0,0,False,7.2531023,0.04589796,1.7761046
2905867,0.04,0.9902,0,1,False,7.3298426,5.745008,4.613079
2905920,0.8304,0.0346,0,0,False,5.03629,-0.096004024,2.2451684
2905923,0.0611,0.9103,0,1,False,8.276203,10.119452,5.88089
2905945,0.8464,0.1083,0,0,False,5.4669824,9.238758,6.5395355
2905946,0.8415,0.1385,0,0,False,4.7154336,0.08185469,1.8619153
2905947,0.1063,0.8544,0,0,False,5.8851695,7.2860017,6.553497
2905959,0.007,0.0,0,0,False,8.768776,1.5565263,3.0309741
2905963,0.7318,0.0,0,0,False,2.213737,2.9798567,2.5506914
2905964,0.026,0.0,0,0,False,8.683298,1.4114503,2.691932
2906028,0.0,0.0,0,0,False,11.106479,0.39076728,2.89665
2906468,0.0038,0.0,0,0,False,9.688393,3.0041802,3.5336082
2906742,0.0076,0.0,0,0,False,8.87344,1.8218458,2.7760398
2906743,0.0092,0.0,0,0,False,9.014943,1.772947,3.1744971
2907287,0.2995,0.0002,0,0,False,8.027647,0.55459535,1.7641469
2907796,0.0093,0.0,0,0,False,8.783304,1.4895599,3.079734
2907829,0.0,0.0,0,0,False,25.669813,7.1201835,7.2228456
2907830,0.1006,0.9302,0,1,False,8.746103,11.018638,6.1046343
2907831,0.3105,0.9692,0,1,False,10.61992,6.501167,4.3122396
2907832,0.5953,0.9806,0,1,False,9.544858,4.2418404,4.309816
2907833,0.5751,0.4683,0,0,False,10.904771,4.046133,4.0137806
2907834,0.0064,0.9945,0,1,False,9.167989,3.6508152,4.1686
2907835,0.0043,0.0001,0,0,False,9.111261,2.6350374,3.531766
2907836,0.0,1.0,0,1,False,8.299557,3.0630088,4.1247354
2907837,0.4815,0.5297,0,0,False,5.9147983,8.348192,6.59092
2907838,0.737,0.2313,0,0,False,4.986398,0.11002117,2.711489
2907955,0.7165,0.3239,0,0,False,7.955044,6.367796,4.9447193
2907956,0.0323,0.0,0,0,False,8.81219,1.7036511,2.4004037
2907963,0.0044,0.9953,0,1,False,6.4501176,1.9191248,2.422917
2907964,0.0072,0.0,0,0,False,8.837685,2.0673015,3.2451117
2907992,0.0055,0.0,0,0,False,9.389419,2.3846543,3.1830223
2908011,0.2639,0.9017,0,1,False,7.149516,10.244611,6.1712623
2908018,0.1034,0.9807,0,1,False,7.183212,8.715818,6.182962
2908019,0.0305,0.9694,0,1,False,5.734109,0.3895292,1.8547848
2908095,0.7689,0.1387,0,0,False,8.539867,1.1732885,2.212944
2908096,0.0303,0.9698,0,1,False,4.3943014,-0.15693428,2.4269667
2908097,0.1534,0.8466,0,0,False,3.3716722,-0.07679677,2.5758774
2908098,0.8876,0.103,0,0,False,4.726094,0.008147484,2.323151
2908099,0.8919,0.0375,0,0,False,6.8544602,0.39620602,1.6926415
2908111,0.9702,0.0289,1,0,False,4.092385,0.15263614,2.5025704
2908113,0.8997,0.0966,0,0,False,5.3570924,1.315839,2.9914777
2908114,0.0246,0.9756,0,1,False,5.440678,0.07174286,1.8652654
2908115,0.001,0.9993,0,1,False,4.3796005,0.4926569,2.3957047
2908151,0.0007,0.9997,0,1,False,4.1400733,0.3105325,2.4113777
2908152,0.9925,0.0012,1,0,False,5.1891975,0.12401755,2.3473418
2908166,0.4438,0.3606,0,0,False,2.864865,0.54913825,3.0586286
2908167,0.0006,0.8324,0,0,False,3.7752311,0.076970786,2.8052874
2908168,0.0154,0.0,0,0,False,8.417731,1.7329146,3.2506354
2908169,0.037,0.463,0,0,False,2.768926,1.0219185,2.8276277
2908172,0.5367,0.4629,0,0,False,5.8939357,0.2571881,1.8564821
2908173,0.2077,0.792,0,0,False,6.1805177,-0.057395663,1.3181878
2908628,0.006,0.9942,0,1,False,6.0867724,0.6136728,1.3162719
2908630,0.7988,0.039,0,0,False,7.4820576,0.6956767,1.9358147
2908744,0.2174,0.0173,0,0,False,7.9287915,1.3245043,2.4517066
2908746,0.0337,0.0005,0,0,False,8.806673,1.5691143,2.5983832
2909205,0.0023,0.998,0,1,False,4.8379993,0.15402846,2.3035288
2909581,0.1085,0.9698,0,1,False,10.94721,3.850203,4.0739193
2909736,0.0091,0.0,0,0,False,9.269847,1.886347,2.98091
2909742,0.0004,1.0,0,1,False,7.2352943,1.6659971,1.8720216
2909744,0.4415,0.0152,0,0,False,7.5117316,1.4512562,2.4437242
2909745,0.0001,0.9999,0,1,False,7.22856,1.8131167,2.694832
2909746,0.4241,0.7249,0,0,False,7.155095,10.712967,6.5412207
2910155,0.2208,0.0025,0,0,False,8.088599,1.3767889,1.9979314
2910191,0.0,0.0,0,0,False,7.309639,2.3673966,4.341535
2910194,0.2069,0.0012,0,0,False,8.458061,1.0460491,2.3316453
2910195,0.0746,0.0009,0,0,False,8.437019,1.3171865,2.4764197
2910754,0.0884,0.9786,0,1,False,11.857527,3.510362,4.4784
2910755,0.0873,0.9688,0,1,False,11.58582,4.39119,4.860992
2910765,0.9335,0.0676,1,0,False,12.371469,2.4176877,3.3687668
2910948,0.0075,0.0,0,0,False,8.830539,1.7308487,3.0774288
2910949,0.0716,0.9282,0,1,False,6.0949183,0.17168632,1.8800296
2910950,0.6609,0.3591,0,0,False,4.8170724,1.3613765,0.43699428
2910951,0.0078,0.0027,0,0,False,9.171136,2.4162047,2.6174326
2910954,0.0,0.0,0,0,False,13.744068,4.4908924,2.3284159
2911430,0.0151,0.9849,0,1,False,5.946951,0.46834427,1.3266997
2911431,0.2858,0.6925,0,0,False,7.63314,0.7558869,1.4941484
2911432,0.0166,0.9852,0,1,False,10.35704,3.7050831,3.8098168
2911433,0.0823,0.9742,0,1,False,12.303327,4.3031406,4.625524
2911435,0.1376,0.9845,0,1,False,8.446005,9.195853,5.459239
2911439,0.0,0.0,0,0,False,24.560074,8.538203,7.7797694
2911440,0.0027,0.8515,0,0,False,3.85957,0.6485108,2.8830223
2911441,0.0005,0.9998,0,1,False,5.1090436,2.2292616,3.4549258
2911442,0.0012,0.9991,0,1,False,3.7862947,0.07242246,2.3724213
2911443,0.0088,0.9217,0,1,False,3.265377,0.64574146,2.5531836
2911444,0.3019,0.6822,0,0,False,1.527518,0.40194878,3.140477
2911487,0.2672,0.7095,0,0,False,7.380676,1.8919413,2.558081
2911488,0.2774,0.7084,0,0,False,7.7863173,11.390115,7.0998898
2911656,0.0469,0.5861,0,0,False,8.817993,1.1136678,1.9813373
2911661,0.3983,0.0437,0,0,False,8.61352,1.317903,2.2406845
2911664,0.0749,0.0188,0,0,False,8.355395,1.1814953,1.8901552
2911669,0.1851,0.0812,0,0,False,7.787896,1.1891412,2.4086344
2911954,0.6946,0.3316,0,0,False,5.6401534,8.322303,6.9028187
2911956,0.1096,0.9851,0,1,False,7.0409303,9.156334,6.408323
2911957,0.0007,1.0,0,1,False,9.137712,2.7934396,1.9885967
2911958,0.4407,0.9885,0,1,False,7.8042154,7.5669622,5.785065
2912287,0.0955,0.9043,0,1,False,5.1560245,0.42216867,2.3839374
2912296,0.2421,0.7668,0,0,False,7.345333,11.228324,6.7336583
2912606,0.7437,0.2958,0,0,False,6.3657703,9.145116,6.8142185
2912647,0.0721,0.9361,0,1,False,5.9855576,1.1122762,2.7020004
2912648,0.4878,0.077,0,0,False,8.057943,0.9657684,1.9130495
2912654,0.442,0.8113,0,0,False,9.793407,6.0111,4.7064
2913092,0.0542,0.0625,0,0,False,8.514859,1.6178325,2.156587
2913392,0.0006,0.9998,0,1,False,5.566963,1.0950972,1.497427
2913478,0.4149,0.7139,0,0,False,8.3030205,11.956022,6.8668365
2913600,1.0,0.0,1,0,False,5.701321,2.9108312,4.0903273
2913605,0.0977,0.2209,0,0,False,8.343263,1.5180439,2.618226
2913660,0.0099,0.9903,0,1,False,5.7701225,0.1790677,1.9556988
2913972,0.0007,0.8322,0,0,False,3.4481127,0.27538764,2.8446891
2913973,0.0,0.0,0,0,False,8.297286,3.2413783,3.7006998
2913974,0.1776,0.8932,0,0,False,8.149143,6.4250064,5.0215583
2913975,0.0119,0.0002,0,0,False,8.9599,1.8191173,2.4757786
2913976,0.0,0.9999,0,1,False,4.016318,0.357105,2.3408391
2913977,0.12,0.8798,0,0,False,5.6827507,0.43152127,2.1363673
2913978,0.0,0.0,0,0,False,8.100779,3.97181,3.5879316
2913979,0.324,0.7992,0,0,False,8.063189,9.695746,5.7583156
2913981,0.0025,0.9977,0,1,False,6.471886,0.3112662,1.9176918
2913982,0.0039,0.1071,0,0,False,9.361648,1.9236175,3.2328148
2914003,0.4629,0.544,0,0,False,8.372127,6.514219,4.910044
2914004,0.0251,0.9749,0,1,False,5.721118,0.41553786,1.82416
2914005,0.9389,0.9981,1,1,False,7.7009444,7.6025295,5.629969
2914006,0.0068,0.0036,0,0,False,8.514917,2.1527874,3.0091975
2914007,0.0044,0.9735,0,1,False,8.651703,2.1847057,2.9257681
2914008,0.0,0.0,0,0,False,8.172375,4.2607126,3.5345118
2914009,0.0,0.0,0,0,False,8.10079,3.8147998,3.5527496
2914010,0.0002,0.0001,0,0,False,9.492784,2.5046802,3.8902035
2914011,0.0,0.0,0,0,False,17.738602,8.005684,9.271298
2914012,0.0,0.0,0,0,False,17.697124,7.995561,9.238994
2914013,0.097,0.9221,0,1,False,10.652083,3.961177,3.1643455
2914014,0.0,0.0,0,0,False,17.784273,7.9453597,9.216687
2914015,0.0,0.0,0,0,False,11.853395,9.9103,8.029988
2914016,0.0,0.0,0,0,False,12.2965,9.830956,8.320581
2914017,0.0116,0.9886,0,1,False,5.7979264,0.37935597,1.5833572
2914018,0.0,0.0,0,0,False,25.33394,7.1364303,7.912601
2914019,0.0,0.0,0,0,False,26.312006,7.571978,7.6643863
2914020,0.0,0.0,0,0,False,20.117115,-0.60076964,5.067766
2914021,0.0157,0.1626,0,0,False,8.957983,1.9186893,2.8716068
2914024,0.0005,0.9998,0,1,False,6.079684,0.5169526,1.8385909
2914027,0.5326,0.4659,0,0,False,5.934305,0.4566008,2.2995887
2914028,0.0005,0.9998,0,1,False,6.754058,0.8380659,2.0679862
2914029,0.0005,0.9992,0,1,False,8.201127,5.634887,4.2543335
2914172,0.0067,0.1116,0,0,False,9.107474,2.6023536,3.1621058
2914173,0.0048,0.8252,0,0,False,8.59426,1.5171397,2.3576565
2914178,0.1086,0.1004,0,0,False,8.141799,1.1755,2.227745
2914443,0.2379,0.9331,0,1,False,6.6650605,8.763757,6.151772
2914450,0.0013,0.9889,0,1,False,9.325848,1.9543346,3.0644894
2914454,0.0009,1.0,0,1,False,9.314961,3.311531,2.088598
2914455,0.0014,1.0,0,1,False,8.162835,5.338727,3.5109766
2914456,0.0879,0.9312,0,1,False,8.198418,6.5934467,4.6807656
2914457,0.0009,1.0,0,1,False,9.122651,3.6429448,2.2301025
2914459,0.0007,0.9996,0,1,False,7.325325,0.40815344,1.7707645
2914460,0.0009,0.9931,0,1,False,8.508896,1.438676,2.1253395
2914461,0.001,1.0,0,1,False,7.7721524,0.9249698,1.4854544
2914474,0.2908,0.7646,0,0,False,8.547104,11.137781,5.9925666
2914477,0.0004,1.0,0,1,False,6.5069017,1.5711333,2.5665958
2914480,0.0104,0.0246,0,0,False,9.10261,2.1600442,2.642115
2914481,0.3988,0.8363,0,0,False,6.354075,8.273541,6.6522245
2914482,0.0012,0.9991,0,1,False,5.8424206,0.7746072,1.2654301
2914483,0.0009,0.9994,0,1,False,5.931819,1.1654929,2.1012597
2914484,0.0194,0.2566,0,0,False,8.809726,1.8153818,2.4006052
2914485,0.0008,1.0,0,1,False,7.3996468,1.3869861,2.136111
2914486,0.0,1.0,0,1,False,7.5897074,1.9953345,3.4564123
2914487,0.0006,0.9996,0,1,False,7.7913284,0.7734136,1.9962624
2914488,0.0032,0.9847,0,1,False,8.267323,1.2186759,2.0309577
2914863,0.0023,0.9717,0,1,False,7.902711,1.2269404,2.0852187
2914864,0.0118,0.5243,0,0,False,8.469586,1.1175894,2.1746137
2916986,0.8924,0.9969,0,1,False,7.15844,8.596815,6.1163764
2917160,0.007,0.9932,0,1,False,7.018365,0.9498115,1.3161306
2918650,0.0005,0.9999,0,1,False,5.5039597,0.6023217,2.0248222
2918879,0.0006,0.9997,0,1,False,6.6823874,0.4933172,1.6199269
2918880,0.6734,0.5165,0,0,False,5.7476172,8.03571,6.6121297
2918896,0.0,0.0,0,0,False,7.3421936,2.38397,4.2191772
2918920,0.0007,0.9996,0,1,False,7.7287846,0.9098823,1.4200699
2918921,0.0012,0.9989,0,1,False,7.2959094,0.80984527,1.7318181
2918926,0.0007,0.9993,0,1,False,8.121303,1.1281537,1.8226002
2918927,0.0007,0.9995,0,1,False,7.153047,0.62538797,1.4799227
2919398,1.0,0.9997,1,1,False,5.863902,2.541927,3.005082
2919543,0.9889,0.0,1,0,False,4.041761,0.83151764,3.7174773
2919544,0.0,0.0,0,0,False,1.9300562,-1.4960542,-0.9494813
2919545,0.0107,0.8952,0,0,False,5.074905,1.0049729,1.8175745
2919546,0.0,0.0,0,0,False,10.818281,8.859601,5.409264
2919547,0.0982,0.9315,0,1,False,9.129275,11.122881,6.29765
2919548,0.7588,0.9831,0,1,False,9.1414,8.951839,5.308946
2919549,0.0009,0.9997,0,1,False,2.865205,0.40488687,2.7623217
2919550,0.0006,0.9998,0,1,False,4.661947,0.2807786,2.2300525
2919551,0.0029,0.9966,0,1,False,7.9455066,1.2090254,1.7250035
2919552,0.5097,0.4229,0,0,False,6.9494286,1.0656875,1.9019133
2919553,0.0,0.0,0,0,False,8.55603,3.3221488,2.1194909
2919554,0.0,0.0,0,0,False,14.344066,3.7950268,4.708058
2919882,0.0006,0.9998,0,1,False,8.661027,1.322214,2.3234582
2920374,0.0005,1.0,0,1,False,7.111651,0.72671974,1.6507809
2920882,0.0,0.0,0,0,False,8.649666,3.549283,2.028873
2920883,0.0,0.0,0,0,False,11.530812,6.298471,2.6571698
2920884,0.3104,0.9693,0,1,False,10.68777,6.755462,4.2902656
2920885,0.3105,0.9692,0,1,False,10.645025,6.6133485,4.288688
2920886,0.0,0.0,0,0,False,11.559495,6.2989674,2.6021993
2920887,0.3105,0.9692,0,1,False,10.610051,6.122935,4.2241993
2920888,0.2954,0.984,0,1,False,9.428146,5.7842007,4.598742
2920889,0.0017,0.997,0,1,False,3.8875353,0.19047433,2.8758335
2920890,0.3679,0.8774,0,0,False,10.8018875,4.934829,3.0444992
2920892,0.0,0.0,0,0,False,20.117754,-0.60120326,5.0676055
2920893,0.0,0.0,0,0,False,9.015861,5.3208213,7.3210635
2920894,0.0029,0.9505,0,1,False,8.535899,1.9121739,2.4740024
2921215,0.0008,0.9984,0,1,False,8.162765,1.315827,2.192691
2922203,0.0,0.0,0,0,False,25.346167,7.0022097,8.041794
2922204,0.0,0.0,0,0,False,11.519754,6.2837977,2.547034
2922205,0.0,0.0,0,0,False,25.328508,7.102896,8.0827675
2922210,0.0,0.0,0,0,False,17.770325,8.021891,9.2712145
2922211,0.0,0.0,0,0,False,17.695175,7.9657407,9.242548
2922212,0.0009,0.9792,0,1,False,9.223333,2.3003402,2.6593115
2922213,0.973,0.0278,1,0,False,10.732675,2.9243684,4.5986266
2922214,0.0,0.0,0,0,False,17.89545,8.059983,9.281664
2922215,0.1192,0.9395,0,1,False,12.5768385,3.8318126,4.8467236
2922216,0.0,0.0,0,0,False,17.679386,7.9467626,9.21598
2922217,0.557,0.906,0,1,False,10.795494,5.4799213,3.209709
2922218,0.9906,0.01,1,0,False,8.6933155,3.9269552,3.9058075
2922219,0.0,0.0,0,0,False,24.500965,8.518923,7.691495
2922220,0.0,0.0,0,0,False,11.690477,6.7431498,2.403649
2922221,0.0008,0.9994,0,1,False,9.231773,3.0244892,3.3974066
2922222,0.0,0.0,0,0,False,17.524149,8.163286,9.391733
2922223,0.0,0.0,0,0,False,17.252722,7.8616705,9.235838
2922318,0.1737,0.8263,0,0,False,3.5171494,0.2634746,2.8126535
2922319,0.0004,0.9999,0,1,False,5.9405985,1.3200027,2.229491
2922321,0.1342,0.8575,0,0,False,3.5403848,0.11265453,2.8375683
2922322,0.0007,0.9998,0,1,False,4.7211833,0.32139394,1.9772134
2922323,0.0005,0.9999,0,1,False,5.3932676,0.304494,1.9608201
2922909,0.0009,1.0,0,1,False,8.657927,4.246873,2.9655266
2922987,0.0,0.0,0,0,False,14.390793,3.7608845,4.674978
2922988,0.0,0.9999,0,1,False,4.1887774,0.46726143,2.1369362
2922989,0.0,0.9999,0,1,False,4.1763754,0.38782585,2.3204975
2922990,0.1209,0.9379,0,1,False,12.642201,3.6840663,5.0143695
2922991,0.0,0.0,0,0,False,25.371029,7.0957,8.060297
2922992,0.0,0.0,0,0,False,11.606829,6.3984923,2.5746956
2922993,0.0,0.0,0,0,False,12.174116,9.923824,8.315448
2922994,0.0815,0.975,0,1,False,12.357141,4.1389956,4.6533566
2922995,0.0,0.0,0,0,False,20.040058,-0.5290662,5.0190463
2922996,0.0,0.0,0,0,False,17.651838,8.158928,9.405844
2922997,0.0,0.0,0,0,False,8.996178,5.3382516,7.276513
2922998,0.5896,0.4525,0,0,False,10.856908,4.0907397,4.0250115
2922999,0.0,0.0,0,0,False,24.723711,8.39276,7.93858
2923000,0.0,1.0,0,1,False,9.596734,2.9639122,3.381438
2923001,0.0,0.0,0,0,False,24.550814,8.554323,7.7722726
2923002,0.0,0.0,0,0,False,11.42084,6.3816314,2.806904
2923003,0.0,0.0,0,0,False,17.648817,8.07221,9.326146
2923004,0.0,0.0,0,0,False,11.962647,7.2496686,2.3055363
2923005,0.0008,1.0,0,1,False,8.507646,3.0598657,2.9324207
2923006,0.0787,0.977,0,1,False,12.235583,3.77359,4.854326
2923007,0.0,0.0,0,0,False,11.63733,6.343364,2.5519109
2923008,0.0,0.0,0,0,False,24.582138,8.552805,7.948571
2923009,0.0794,0.9999,0,1,False,8.457617,2.1435509,2.8437738
2923096,0.0008,0.9996,0,1,False,8.735352,2.0610812,3.0044446
2924880,0.0063,0.5832,0,0,False,8.868353,1.6793529,2.6838439
2924881,0.0007,0.9842,0,1,False,8.556005,2.1640186,2.672906
2924884,0.0006,0.9999,0,1,False,6.85825,0.97536296,1.8312838
2924885,0.0006,0.9999,0,1,False,5.5816445,0.7075638,1.8121002
2924887,0.0007,1.0,0,1,False,8.568935,3.1119885,2.8945649
2924888,0.0006,0.9999,0,1,False,5.3401856,0.30009001,2.085089
2924899,0.0007,0.9869,0,1,False,8.6019125,1.5202909,1.920045
2924900,0.6485,0.371,0,0,False,10.638219,2.5663784,3.4843593
2924901,0.0149,0.9871,0,1,False,10.1157875,4.0385313,3.9905348
2924902,0.3917,0.6468,0,0,False,10.940569,2.9985716,3.3373358
2924903,0.6107,0.4111,0,0,False,10.932269,2.7332892,3.1600316
2924904,0.0,0.0,0,0,False,8.962665,1.7920665,7.39805
2924906,0.0,0.0,0,0,False,8.9906435,1.8382053,7.432457
2924907,0.0,0.0,0,0,False,8.994441,1.8268652,7.426442
2926084,0.9331,0.068,1,0,False,12.27883,2.40655,3.4715173
2926097,0.788,0.2277,0,0,False,12.215032,2.748712,3.3848038
2926098,0.0,0.0,0,0,False,12.994431,7.454947,6.462101
2926099,0.0016,1.0,0,1,False,9.494507,3.7679455,3.5256166
2926108,0.9334,0.0677,1,0,False,12.441872,2.2326224,3.4847696
2926475,0.0005,1.0,0,1,False,7.4865065,0.9191626,1.6075116
2927008,0.0034,0.9634,0,1,False,4.495427,0.6857753,2.691634
2927243,0.0,0.0,0,0,False,12.978673,7.447176,6.4559755
2927268,0.0007,1.0,0,1,False,8.812307,2.3350055,2.867301
2927281,0.083,0.9792,0,1,False,10.989894,3.9185724,3.8210015
2927283,0.0,0.0,0,0,False,18.638313,11.777725,1.9526069
2927284,0.001,0.9141,0,1,False,10.188031,3.1780853,3.1762278
2927622,0.0015,1.0,0,1,False,10.226231,1.4767392,3.2146387
2927897,0.9999,0.0001,1,0,False,4.2855744,6.0404854,5.960439
2927981,0.0,0.0,0,0,False,17.6224,8.238986,9.476783
2927982,0.1207,0.9381,0,1,False,12.692976,3.6824265,5.017352
2927983,0.0009,0.9996,0,1,False,9.185846,2.3169577,2.9912488
2927984,0.9962,0.0089,1,0,False,9.680111,4.954026,3.5420265
2927985,0.9971,0.006,1,0,False,9.491121,4.8674164,3.7059455
2927986,0.0009,0.9992,0,1,False,9.655848,3.4030354,3.7624185
2927987,0.0017,0.9999,0,1,False,9.71112,3.2257793,3.3905392
2927988,0.0006,0.9998,0,1,False,6.263218,0.55593723,1.5077949
2927989,0.0,0.0,0,0,False,11.26069,6.319333,2.982247
2927990,0.445,0.6464,0,0,False,8.536612,10.47372,5.7415037
2927991,0.0,0.0,0,0,False,11.402232,6.1692452,2.784969
2927992,0.0,0.0,0,0,False,26.340778,7.5989547,7.625184
2928187,0.0761,0.9176,0,1,False,7.805882,10.388677,6.716495
2928256,0.0008,0.9998,0,1,False,4.687878,0.3423191,2.2577584
2928431,0.0018,1.0,0,1,False,8.660336,1.976403,3.1241078
2928680,0.0,1.0,0,1,False,8.238393,1.9797583,3.0191646
2928682,0.0008,0.9996,0,1,False,8.953732,1.7185943,2.5340111
2928683,0.0167,0.987,0,1,False,10.493563,3.6574466,4.046324
2928684,0.3041,0.9869,0,1,False,9.983446,5.776377,4.1342196
2928685,0.0,0.0,0,0,False,8.501245,1.4626844,11.39217
2928691,0.0011,0.9998,0,1,False,9.1783905,2.0892496,3.1144145
2928692,0.1318,0.9844,0,1,False,6.271434,8.215178,6.586876
2928746,0.0002,0.9999,0,1,False,5.8131814,3.0719585,1.4921693
2928831,0.0,0.0,0,0,False,7.220179,-1.7714348,6.2784753
2928836,0.7252,0.9958,0,1,False,7.939289,9.344025,5.726529
2928926,0.0006,0.9999,0,1,False,7.735158,1.375998,2.2572534
2929005,0.0005,0.9999,0,1,False,6.872045,2.194266,2.3868523
2929007,0.0005,1.0,0,1,False,7.8827596,1.2381147,1.8197579
2929011,0.0005,0.9999,0,1,False,6.2267733,0.70551944,2.3509614
2929248,0.0019,1.0,0,1,False,8.983867,2.4761846,2.2714915
2929250,0.4265,0.6103,0,0,False,8.350029,13.327763,6.412495
2929252,0.0912,0.9352,0,1,False,8.217886,6.765688,4.7328277
2929256,0.0005,1.0,0,1,False,7.3816705,1.1546693,1.4346511
2929258,0.0018,1.0,0,1,False,8.880254,3.3515644,3.315356
2929260,0.0005,1.0,0,1,False,6.5826497,0.9633386,1.5400478
2929262,0.001,0.9999,0,1,False,9.183177,2.1134164,2.886893
2929263,0.0008,0.9996,0,1,False,8.760586,2.3713307,2.9188046
2929265,0.0012,1.0,0,1,False,9.27014,2.2543674,2.9265745
2929266,0.9813,0.9995,1,1,False,7.833391,8.23052,5.460848
2929268,0.3822,0.8863,0,0,False,8.342422,7.380939,5.006347
2929271,0.0006,0.9997,0,1,False,5.2229424,0.31614327,2.1153288
2929287,0.0014,1.0,0,1,False,8.771819,2.7272642,2.569714
2929315,0.0009,1.0,0,1,False,9.049956,2.89989,2.9001327
2930315,0.0017,1.0,0,1,False,10.464989,3.0269568,3.6399286
2932672,0.6316,0.5943,0,0,False,8.85952,17.235586,6.926076
2932867,0.0014,1.0,0,1,False,9.076584,2.2608457,2.980927
2932878,0.0721,0.9662,0,1,False,3.7499695,0.2879943,2.7266078
2932879,0.0007,0.9998,0,1,False,5.2573366,0.831989,2.7302475
2932880,0.0016,1.0,0,1,False,9.118981,3.7732823,3.3408473
2932882,0.0007,0.9998,0,1,False,5.352588,0.5696111,1.8669318
2933796,0.0015,1.0,0,1,False,8.853807,2.2127824,2.7578564
2935708,0.0,0.0,0,0,False,11.33511,0.807826,2.7454407
2935709,0.0,0.0,0,0,False,11.3938875,0.77845925,2.7879922
2935866,0.0013,1.0,0,1,False,8.447642,1.5513428,1.9408966
2936812,0.0004,0.8878,0,0,False,3.9374073,0.68639356,2.8068316
2936813,0.0006,0.9998,0,1,False,6.3955927,0.62522316,1.8028749
2936814,0.0006,0.9999,0,1,False,7.1657205,1.174839,1.3286172
2936815,0.001,0.9996,0,1,False,4.8897314,0.20636725,2.352563
2936816,0.0007,0.9999,0,1,False,5.452107,0.29440033,1.7601953
2936817,0.0006,0.9999,0,1,False,5.661715,0.5128552,1.6278075
2936818,0.0008,0.9998,0,1,False,4.983899,0.22048965,1.8713744
2936906,0.0013,1.0,0,1,False,9.448543,2.3596613,2.8034534
2936912,0.2498,0.9843,0,1,False,9.735283,6.805896,4.7717924
2936914,0.0015,1.0,0,1,False,8.595688,1.8742163,2.3724778
2936919,0.0016,1.0,0,1,False,7.7438383,1.9507115,3.328155
2936943,0.0008,0.9999,0,1,False,6.6061187,0.93775755,1.6702843
2937408,0.0012,1.0,0,1,False,9.075699,2.3708363,2.6191747
2939039,0.0013,1.0,0,1,False,8.974383,2.4188573,1.758882
2939127,0.0021,1.0,0,1,False,9.732989,3.4975748,3.4464183
2939128,0.0012,1.0,0,1,False,7.7670226,1.8735456,1.4891226
2939129,0.0011,1.0,0,1,False,7.6766195,1.7739664,1.4221541
2939131,0.002,1.0,0,1,False,9.351332,3.394923,3.2019565
2939132,0.0,1.0,0,1,False,7.86044,2.1564517,3.0710227
2940985,0.4037,0.6439,0,0,False,8.163033,12.664988,6.985469
2942418,0.0007,0.9999,0,1,False,5.275811,0.59487104,2.037618
2943841,0.027,0.9859,0,1,False,10.637337,3.4563203,3.5930438
2944249,0.0117,0.9659,0,1,False,4.642497,1.8233588,2.816002
2944951,0.036,0.9658,0,1,False,10.323857,3.528213,3.8260953
2945916,0.0009,1.0,0,1,False,8.211491,1.3008615,1.7191807
2945982,0.0007,0.8301,0,0,False,4.085575,0.38757744,2.9788065
2948589,0.0009,0.9996,0,1,False,4.9568233,0.3076972,2.4286265
2948610,0.0131,0.9909,0,1,False,11.149803,4.2467012,4.4626794
2950458,0.0007,0.9999,0,1,False,6.3898606,1.1026324,1.147451
2950459,0.001,0.9996,0,1,False,5.20626,0.4763648,1.7873591
2950460,0.0017,1.0,0,1,False,9.047328,1.9195755,2.546542
2950724,0.0001,0.9999,0,1,False,3.5859575,0.21315357,2.4841216
2950726,0.3163,0.7031,0,0,False,4.2579412,1.33252,3.6757336
2950732,0.1912,0.9734,0,1,False,7.8455915,7.11675,5.204166
2950847,0.7162,0.4189,0,0,False,5.863155,8.626558,6.5803494
2950850,0.0013,1.0,0,1,False,7.945261,1.4566928,1.5264266
2950851,0.0009,1.0,0,1,False,7.999164,1.5994741,1.6761965
2950880,0.0527,1.0,0,1,False,7.6607585,5.5940313,2.806453
2950883,0.4292,0.5667,0,0,False,5.7855563,7.113183,6.4344764
2951068,0.0004,0.9999,0,1,False,3.8711512,7.041604,5.935678
2951185,0.0019,1.0,0,1,False,9.403338,2.278166,2.991993
2951256,0.0008,0.9998,0,1,False,5.7874846,0.42272243,1.7282193
2951259,0.1348,0.9947,0,1,False,4.832818,0.9868579,2.5465095
2951260,0.0012,1.0,0,1,False,8.135957,1.5698696,1.5159434
2951261,0.3192,0.7205,0,0,False,8.132773,11.947215,6.821774
2951390,0.0,0.0,0,0,False,18.627535,11.773514,1.9559467
2951391,0.0,0.0,0,0,False,18.664654,11.799053,1.9354765
2951618,0.5965,0.4912,0,0,False,7.9039783,19.78787,7.149494
2951733,0.0009,1.0,0,1,False,7.690082,1.4312603,1.5314878
2952367,0.0009,0.9997,0,1,False,5.3808427,0.39715004,2.1760435
2952374,0.0016,0.9993,0,1,False,5.408964,0.4563498,1.6198696
2952747,0.9809,0.9758,1,1,False,8.906633,13.561204,6.296447
2954191,0.0007,0.9998,0,1,False,6.3181615,1.2479345,2.048409
2955582,0.405,0.5257,0,0,False,4.170751,6.1373525,6.159755
2956630,0.0007,0.9999,0,1,False,7.022503,1.2092187,1.8392079
2956631,0.0007,0.9999,0,1,False,6.0594964,0.5193362,1.7475187
2959429,0.0019,1.0,0,1,False,8.524655,1.9954705,2.0355732
2959430,0.002,1.0,0,1,False,8.734012,1.921918,2.4893346
2959432,0.0008,0.9999,0,1,False,7.1538973,1.0064086,1.897858
2959664,0.0018,1.0,0,1,False,8.559623,1.4008261,2.200924
2960421,0.2683,0.736,0,0,False,6.8964844,10.022027,7.254871
2960825,0.0042,0.8699,0,0,False,5.050207,1.4887357,3.3348956
2961098,0.9902,0.0103,1,0,False,8.5553665,3.6833382,4.341477
2961687,0.002,1.0,0,1,False,8.827259,2.6422849,2.2524936
2961702,0.0008,0.9999,0,1,False,5.9456964,0.63007796,1.7989683
2961844,0.0019,1.0,0,1,False,8.961048,2.158735,2.0463405
2961985,0.0017,1.0,0,1,False,9.009482,1.7612318,2.3103123
2961988,0.002,1.0,0,1,False,9.488087,3.0140018,3.0885427
2962598,0.0007,0.9999,0,1,False,6.5612483,0.80306,1.2430446
2962599,0.0008,0.9999,0,1,False,6.789706,1.0998733,1.6167041
2963947,0.0011,0.9999,0,1,False,7.824825,1.3934524,1.7351294
2964312,0.074,0.91,0,1,False,7.466792,10.311086,6.660522
2967988,0.0012,1.0,0,1,False,8.376524,4.644495,3.1653678
2968248,0.0019,1.0,0,1,False,9.364085,2.4176018,2.8633134
2968433,0.0015,1.0,0,1,False,8.846152,2.0043793,2.1025403
2968613,0.3539,0.996,0,1,False,4.8664827,1.2069082,3.005048
2968665,0.0009,0.9999,0,1,False,7.2431073,1.2490278,1.4315454
2968666,0.0015,1.0,0,1,False,7.722775,1.7416326,2.3503613
2968677,0.0008,0.9999,0,1,False,5.764708,0.58934385,1.6804549
2968680,0.0009,0.9999,0,1,False,6.975037,1.1162057,1.4299439
2969597,0.7791,0.1664,0,0,False,4.5198646,7.278421,5.6221075
2969659,0.001,0.9998,0,1,False,5.7279415,0.64701074,1.563251
2970322,0.0008,0.9998,0,1,False,6.0064783,1.1155691,1.4595996
2970324,0.002,1.0,0,1,False,8.977043,2.9922094,2.8908093
2970333,0.0021,1.0,0,1,False,8.724445,2.2961335,2.733859
2970334,0.0008,0.9998,0,1,False,5.937347,0.74175376,1.9077759
2970490,0.0018,1.0,0,1,False,8.396058,1.9690912,2.3177133
2971765,0.1948,0.8983,0,0,False,6.978778,10.342075,7.1887393
2971904,0.0035,0.9978,0,1,False,4.7725782,0.26407433,2.127072
2972436,0.0008,0.9998,0,1,False,5.3180847,0.62284636,1.9671038
2972693,0.0017,1.0,0,1,False,8.795208,2.2918482,2.101008
2973661,0.0014,1.0,0,1,False,8.781005,1.79606,2.0787344
2975529,0.3795,0.7564,0,0,False,9.085756,7.1455345,4.560993
2975532,0.0554,0.9474,0,1,False,8.442689,7.3736277,5.0483775
2975533,0.3606,0.7977,0,0,False,9.2230425,6.707934,4.77827
2976460,0.7928,0.2693,0,0,False,8.614097,15.051903,6.215024
2977935,0.0008,0.9999,0,1,False,7.1436706,1.4291564,1.423613
2978980,0.0005,0.9999,0,1,False,7.8178473,2.4804354,2.2328904
2978984,0.448,0.1613,0,0,False,3.932424,6.220464,5.920193
2980089,0.001,0.9999,0,1,False,7.6744413,1.4976945,1.5981241
2980552,0.0013,0.9998,0,1,False,5.9276056,0.79941624,1.354134
2980578,0.6811,0.5199,0,0,False,6.428318,8.107954,6.5619574
2980584,0.0016,1.0,0,1,False,8.792295,2.1778128,1.4654804
2981543,0.0035,0.7776,0,0,False,4.337072,0.7172682,2.5557764
2981578,0.0641,0.9811,0,1,False,10.673234,4.3962736,4.0436897
2981580,0.0017,1.0,0,1,False,8.685771,1.6098078,1.965407
2982033,0.0007,0.9999,0,1,False,6.165224,1.0208794,1.8241009
2982171,0.002,1.0,0,1,False,8.696396,2.1810894,2.4016864
2982807,0.9671,0.0332,1,0,False,3.7854135,2.1663165,4.2872725
2982810,0.0012,1.0,0,1,False,7.117385,1.2144842,1.185865
2982811,0.5182,0.4912,0,0,False,5.2474346,8.060557,6.510555
2982812,0.4414,0.7907,0,0,False,6.412568,9.047203,6.6274943
2982871,0.0156,0.9873,0,1,False,10.7827835,3.6106486,3.7776165
2982892,0.0001,0.9999,0,1,False,7.6086955,2.2844832,3.0141199
2982898,0.1899,0.9592,0,1,False,4.085806,0.65822315,2.5422792
2982901,0.0024,1.0,0,1,False,9.083665,2.7662914,2.3093612
2982918,0.0007,0.9999,0,1,False,6.2590275,0.9645698,1.1480448
2982923,0.0,0.0,0,0,False,11.230757,0.15138716,2.7666893
2983915,0.0144,0.8619,0,0,False,4.813098,0.21619926,2.031741
2983974,0.0021,1.0,0,1,False,8.38212,2.4118447,3.0312662
2984978,0.0022,1.0,0,1,False,8.678199,1.9766941,2.0597174
2985286,0.001,1.0,0,1,False,9.701492,2.7129788,3.259751
2985323,0.0,0.0,0,0,False,12.989842,7.386434,6.4456134
2985324,0.9343,0.0667,1,0,False,12.212126,2.1847556,3.5079305
2985325,0.5373,0.9232,0,1,False,10.489349,4.878648,4.0312924
2985438,0.1134,0.913,0,1,False,7.216465,10.8070545,7.176997
2985561,0.0025,1.0,0,1,False,9.427876,2.3005002,2.671577
2985648,0.0032,1.0,0,1,False,9.440167,3.4784348,3.3133545
2985659,0.0014,1.0,0,1,False,8.066361,1.7429187,1.4915118
2985992,0.0012,1.0,0,1,False,8.045083,5.2947664,3.4893842
2986011,0.0001,1.0,0,1,False,7.764165,6.674243,4.514215
2986394,0.1426,0.6542,0,0,False,3.969573,0.26074,2.3361676
2986395,0.001,0.9997,0,1,False,4.9667454,0.76932085,1.9019727
2986396,0.0011,0.9998,0,1,False,6.531489,0.9927029,1.3595874
2986397,0.0012,0.9996,0,1,False,4.7706995,0.694719,1.9191508
2986398,0.001,0.9998,0,1,False,6.8022723,1.3403076,0.917019
2986399,0.0009,0.9998,0,1,False,6.6580887,0.84361154,1.482283
2986400,0.0003,0.9999,0,1,False,6.153385,1.8314162,1.2785629
2986401,0.302,0.6967,0,0,False,2.4484844,-0.45072225,2.9214082
2986402,0.0137,0.9804,0,1,False,5.287829,0.7397961,1.6097877
2986403,0.0017,0.9994,0,1,False,5.4792867,0.9886022,1.4040326
2986404,0.016,0.9411,0,1,False,4.7635074,0.33554474,1.9116877
2986405,0.0323,0.8867,0,0,False,4.5532117,0.56798697,2.248297
2986406,0.0,0.929,0,1,False,4.6811814,1.3588816,2.657603
2986407,0.0397,0.96,0,1,False,3.6076386,1.0231382,3.4052649
2986408,0.0095,0.9932,0,1,False,4.5649905,0.23477006,2.2076719
2986409,0.498,0.5157,0,0,False,6.308598,1.5576539,1.1395386
2986410,0.0011,0.9997,0,1,False,6.251663,0.6226573,1.3206553
2986411,0.0144,0.8309,0,0,False,4.75605,0.3505588,1.9361013
2986412,0.0168,0.9864,0,1,False,4.888774,0.44112512,1.8350323
2986413,0.0019,0.9993,0,1,False,5.891418,0.9497634,1.3020222
2986414,0.0153,0.7595,0,0,False,4.3443213,0.64584297,2.00369
2986415,0.0005,0.9999,0,1,False,7.126168,1.3933443,1.5636698
2986416,0.0031,0.9988,0,1,False,6.3403554,0.9515146,1.1277802
2986417,1.0,0.0,1,0,False,2.7297523,1.3222237,4.0899577
2986418,0.001,0.9997,0,1,False,6.168472,1.262048,1.6651142
2986419,0.0001,0.8196,0,0,False,4.7425895,0.27731922,2.0664508
2986420,0.0,0.9735,0,1,False,3.352182,0.49761936,2.432697
2986514,0.4575,0.4418,0,0,False,8.246492,13.68699,6.5596166
2987730,0.0576,0.9564,0,1,False,5.3669453,0.62773323,1.7311659
2987731,0.001,0.9999,0,1,False,7.7175927,1.51885,1.3850313
2989852,0.0013,0.9999,0,1,False,6.9061337,1.2547674,1.4422102
2989853,0.0297,0.9422,0,1,False,4.0569215,0.28681555,2.4521248
2989854,0.0023,0.9992,0,1,False,6.489303,1.4002706,1.2336327
2991282,0.0,1.0,0,1,False,5.742595,1.522917,2.5829074
2991283,0.003,1.0,0,1,False,8.077276,3.1470938,3.3243084
2991860,0.0793,0.9999,0,1,False,8.375939,2.2786832,2.7790952
2991861,0.9943,0.0114,1,0,False,7.1076746,12.008087,6.12012
2991862,0.0013,1.0,0,1,False,8.147545,1.5781844,1.3710171
2991863,0.0012,0.9996,0,1,False,6.110526,1.2154977,2.1437144
2991864,0.9295,0.1594,1,0,False,6.2947927,1.812178,1.9564164
2991865,0.9361,0.154,1,0,False,6.520021,1.8127339,2.0792372
2991866,0.0006,1.0,0,1,False,8.301815,1.8262775,1.9864532
2991867,0.3853,0.9739,0,1,False,9.522669,6.8881207,4.845292
2992576,0.0002,0.8211,0,0,False,5.100621,0.6019266,2.0919826
2992577,0.0084,0.996,0,1,False,5.259809,0.7162142,1.7395664
2992578,0.0,0.0,0,0,False,9.5060215,5.217157,5.8507066
2992639,0.0012,0.9998,0,1,False,7.278935,1.3902726,1.5143335
2992641,0.06,0.9303,0,1,False,4.7891316,0.4093543,1.5227886
2992645,0.0,1.0,0,1,False,3.5726888,0.48417997,2.3555899
2992785,0.0018,0.9995,0,1,False,6.5811296,0.78818744,1.3528873
2992787,0.0119,0.9939,0,1,False,5.7942004,0.655522,1.2737188
2992788,0.0012,0.9999,0,1,False,7.04587,1.5228965,1.92844
2992867,0.0031,1.0,0,1,False,8.558744,2.2264464,2.4116354
2992927,0.002,1.0,0,1,False,8.847114,2.6452942,3.186786
2992928,0.0,0.0,0,0,False,9.981367,7.3827963,4.974875
2992929,0.0,0.0,0,0,False,10.099172,7.2018995,4.9487023
2992931,0.0,0.0,0,0,False,10.158673,7.296071,4.9844856
2993654,0.0196,0.9838,0,1,False,9.81568,3.7612412,3.8818192
2993856,0.3621,0.9892,0,1,False,9.723658,5.767674,4.8526735
2993857,0.0027,1.0,0,1,False,9.071439,2.4975286,2.981239
2993858,0.2989,0.7752,0,0,False,1.7426872,0.81315875,2.9312494
2993859,0.0037,0.7798,0,0,False,3.3741748,0.18197028,2.6689332
2993860,0.2644,0.7477,0,0,False,2.0320737,0.68493587,2.8466558
2994038,0.2722,0.7762,0,0,False,1.8117455,0.7836528,2.786691
2994039,0.2898,0.7041,0,0,False,2.391978,0.3983848,2.820397
2994040,0.0858,0.9768,0,1,False,8.050394,7.3290143,5.035918
2994041,0.004,0.9992,0,1,False,6.484284,0.82247573,1.4987295
2994042,0.002,0.9997,0,1,False,6.6977262,1.2117292,1.1046891
2994044,0.1064,0.9045,0,1,False,4.837811,0.5111747,1.8284221
2994045,0.0932,0.9068,0,1,False,3.7681572,0.20361684,2.628001
2994055,0.0742,0.7456,0,0,False,7.858956,10.028001,5.9578056
2994057,0.0,0.0,0,0,False,18.169981,-2.9366295,2.431862
2995280,0.0016,0.9999,0,1,False,6.7974896,1.0270036,1.1039481
2996049,0.3637,0.6283,0,0,False,8.277545,12.916076,6.5654774
2996053,0.0016,1.0,0,1,False,8.600463,3.2446668,2.5241969
2996058,0.4727,0.5528,0,0,False,6.024501,7.49958,6.3652654
2996091,0.0,0.0,0,0,False,11.255736,0.23072729,2.809343
2999013,0.0014,1.0,0,1,False,9.284838,2.829159,3.0336776
2999280,0.2489,0.7579,0,0,False,3.5224237,0.9669545,3.0493927
2999281,0.2954,0.5178,0,0,False,5.0221076,1.1559372,2.373115
3002498,0.1637,0.9915,0,1,False,6.80111,1.4901532,1.4650532
3002891,0.0028,1.0,0,1,False,9.250082,2.5739565,2.4656932
3002892,0.0027,0.9999,0,1,False,7.5859427,1.8548661,2.1379373
3003233,0.0023,1.0,0,1,False,8.812708,2.0814576,2.323365
3003366,0.0005,1.0,0,1,False,7.2312493,1.8374314,1.9577456
3003559,0.0093,0.9973,0,1,False,6.6760864,1.3149117,1.7500259
3003719,0.0027,1.0,0,1,False,8.810451,1.8263344,2.1662757
3003720,0.0012,1.0,0,1,False,7.9091654,1.8897626,2.028708
3003728,0.0,0.9669,0,1,False,4.044701,0.33837402,2.4271765
3003729,0.002,1.0,0,1,False,7.802885,1.9179593,2.6340904
3003808,0.0029,1.0,0,1,False,8.962845,2.0784638,2.5691764
3003819,0.506,0.9923,0,1,False,6.8725896,2.9004261,0.8893307
3003943,0.0024,1.0,0,1,False,8.825209,2.5938396,1.7402112
3004219,0.1047,0.996,0,1,False,6.78727,1.4343946,1.0984812
3014888,0.0038,0.5773,0,0,False,6.0544634,0.8053326,2.4529245
3017169,0.0,1.0,0,1,False,5.6298084,1.1114649,2.031437
3017287,0.0855,0.9638,0,1,False,6.324676,1.0632672,1.0507977
3017288,0.0017,1.0,0,1,False,8.4245,2.486094,2.1245868
3017829,0.0003,1.0,0,1,False,8.497054,4.1158247,3.0178115
3017830,0.0039,0.9999,0,1,False,8.422702,2.7090838,2.1187146
3017831,0.0038,1.0,0,1,False,8.32941,1.8622227,1.9202534
3017832,0.0851,0.9251,0,1,False,8.266945,5.9453497,4.199877
3017833,0.0017,1.0,0,1,False,7.9461737,2.5563688,2.3528264
3017834,0.0039,1.0,0,1,False,8.278762,1.9024017,1.8879124
3017835,0.6481,0.9956,0,1,False,7.5997615,8.974683,5.653711
3017836,0.0027,1.0,0,1,False,7.927039,2.9489226,2.9606574
3018030,0.0024,1.0,0,1,False,7.9053597,2.3378758,1.993866
3018522,0.0,0.0,0,0,False,-0.6418298,2.9090064,5.952793
3018528,0.0,0.0,0,0,False,-0.46215853,2.989507,5.8436995
3018529,0.0,0.0,0,0,False,4.775673,5.0875397,8.933719
3018530,0.0,0.0,0,0,False,4.7644324,5.1167436,8.980237
3018531,0.0,0.0,0,0,False,-0.6186592,2.8124175,5.9660177
3018995,0.0038,0.9999,0,1,False,8.036123,2.190729,1.3950733
3019006,0.0009,1.0,0,1,False,8.139852,2.2464948,1.6983339
3019935,0.011,0.9996,0,1,False,7.762234,2.0898778,1.3460096
3020045,0.0008,1.0,0,1,False,8.746276,2.2329407,2.384319
3020389,0.0425,0.9776,0,1,False,5.7858,1.0230064,1.0876164
3020453,0.0034,0.9999,0,1,False,7.6214166,1.7016287,1.9056236
3022055,0.0033,1.0,0,1,False,8.643983,2.4162383,1.364802
3022056,0.0034,0.9999,0,1,False,7.749875,1.8506128,1.4517069
3022057,0.0036,1.0,0,1,False,8.724107,2.1570005,2.0574694
3025408,0.0959,0.9319,0,1,False,5.8055997,0.8140227,1.5456909
3025418,0.1153,0.9101,0,1,False,5.6090975,0.86878955,1.481558
3025422,0.023,0.9919,0,1,False,6.49691,1.2426174,1.3334311
3025624,0.4838,0.9976,0,1,False,6.9938703,1.7053182,1.6137689
3025750,0.2155,0.989,0,1,False,7.225681,5.4997153,2.9961772
3026463,0.0613,0.6775,0,0,False,4.3376946,0.41861445,2.7533035
3027007,0.2347,0.9857,0,1,False,7.228948,1.4138242,1.423204
3027325,0.1485,0.9073,0,1,False,6.2281194,1.1325669,1.9599645
3027684,0.9943,0.0056,1,0,False,6.944855,11.53648,5.8564806
3028143,0.0001,0.982,0,1,False,2.9619722,6.868849,5.1247025
3028471,0.2646,0.9505,0,1,False,8.257408,5.1331472,4.1209106
3028488,0.0047,0.9999,0,1,False,7.8188133,1.4233205,1.5958712
3028515,0.3097,0.4608,0,0,False,4.7754946,0.530805,2.0341034
3028904,0.0702,0.9814,0,1,False,7.096619,7.9393673,6.204472
3028905,0.0061,1.0,0,1,False,8.203514,2.1851225,1.7136708
3028908,0.0899,0.9587,0,1,False,6.017303,1.1656501,1.6041061
3028909,0.2757,0.988,0,1,False,7.157444,1.154573,1.1373425
3032420,0.0486,0.9872,0,1,False,5.056196,0.9931716,1.8515224
3032422,0.582,0.872,0,0,False,6.338308,1.4196489,2.1014957
3034284,0.0,0.0,0,0,False,9.049729,1.7843316,7.429884
3035369,0.0345,0.9695,0,1,False,10.367768,3.8689282,3.174872
3035804,0.0065,0.9999,0,1,False,8.729172,2.1779425,1.9879324
3035906,0.8563,0.3782,0,0,False,8.357084,19.272402,7.633357
3035954,0.1543,0.8812,0,0,False,5.805068,1.0600238,1.2883891
3038364,0.0049,1.0,0,1,False,8.874731,5.654127,4.1023636
3038367,0.0755,0.9804,0,1,False,10.912265,4.1437607,4.1277604
3038663,0.2828,0.9944,0,1,False,7.494575,8.174691,5.695552
3038664,0.2739,0.9904,0,1,False,7.5122066,8.0799465,5.920971
3041468,1.0,0.0927,1,0,False,10.027324,16.5601,2.1931973
3042095,0.5094,0.503,0,0,False,5.9782543,7.5219245,6.325899
3042444,0.0805,0.7943,0,0,False,4.9059496,0.28933078,1.8165842
3043599,0.7282,0.5432,0,0,False,7.956901,19.69881,7.658269
3044602,0.0796,0.9999,0,1,False,8.152515,4.042088,4.500525
3047527,0.3172,0.91,0,1,False,8.440351,7.912931,5.1587324
3048380,1.0,0.0011,1,0,False,9.26106,17.30308,1.0287571
3048382,1.0,0.002,1,0,False,9.17578,17.34436,1.0032716
3048384,1.0,0.0004,1,0,False,9.253717,17.314522,1.0106168
3048387,1.0,0.0014,1,0,False,9.235742,17.310915,1.029519
3048389,1.0,0.0019,1,0,False,9.271783,17.268238,1.0901802
3048390,1.0,0.0012,1,0,False,9.260308,17.295628,1.0395713
3048391,1.0,0.0011,1,0,False,9.266427,17.29024,1.0402212
3048392,1.0,0.0072,1,0,False,9.312875,17.233366,1.1166928
3048393,1.0,0.0023,1,0,False,9.294832,17.045837,1.3849717
3048395,1.0,0.1172,1,0,False,9.793489,16.42267,2.3380108
3048396,1.0,0.0098,1,0,False,10.148399,16.701107,2.1077085
3048397,1.0,0.0183,1,0,False,10.014811,16.475458,2.2638803
3048398,1.0,0.1907,1,0,False,9.608039,16.414835,2.189465
3048399,1.0,0.1149,1,0,False,9.896808,16.44603,2.456984
3048400,1.0,0.1592,1,0,False,9.671767,16.205757,2.6435754
3048403,1.0,0.0964,1,0,False,9.903977,16.37264,2.3675234
3048404,1.0,0.111,1,0,False,9.498649,16.327082,2.1688812
3048407,1.0,0.2656,1,0,False,9.612782,15.997917,2.6573446
3048413,0.8541,0.2479,0,0,False,9.844795,15.82278,7.3377957
3048415,0.8639,0.2418,0,0,False,9.987706,16.025904,7.3873057
3048417,0.8637,0.2432,0,0,False,9.880458,15.617876,7.0965
3048418,0.8656,0.2468,0,0,False,10.027865,15.730583,7.2885222
3048419,0.8601,0.2653,0,0,False,9.721186,15.5052185,7.1382103
3048420,0.7504,0.2661,0,0,False,9.858342,15.514594,7.0855637
3048422,0.8648,0.2467,0,0,False,9.913521,15.92644,7.3635654
3048423,0.8468,0.2693,0,0,False,9.676737,15.35845,6.965668
3048427,0.2296,0.1285,0,0,False,9.972737,15.615488,7.2710347
3048428,0.1799,0.0814,0,0,False,9.480701,14.904651,6.860011
3048430,0.8534,0.2637,0,0,False,9.763388,15.457227,7.1880836
3048431,0.4069,0.3565,0,0,False,9.56663,14.908898,6.7707186
3048432,0.8723,0.1612,0,0,False,9.928022,15.859538,7.1833124
3048433,0.8471,0.2688,0,0,False,9.979966,15.365367,7.125859
3049952,0.8428,0.3809,0,0,False,7.9878864,19.304482,7.4229865
3049953,0.6864,0.6626,0,0,False,7.769487,19.642254,7.467897
3050296,0.4041,0.5221,0,0,False,8.41457,14.621782,6.68521
3050299,0.5154,0.591,0,0,False,8.947447,17.783575,7.0530725
3050355,0.8527,0.9573,0,1,False,8.831302,9.069709,5.339219
3050361,1.0,0.0856,1,0,False,9.961168,16.472574,2.2683399
3051623,0.8232,0.2428,0,0,False,9.962316,15.558848,7.1829643
3051624,0.0001,1.0,0,1,True,6.672363,2.505233,2.0623677
3051985,0.0427,0.9756,0,1,False,6.488753,7.1531434,5.80749
3051989,0.0279,0.9773,0,1,True,6.9598913,10.612538,7.1908665
3051992,0.0267,0.9762,0,1,True,7.3087993,10.965071,6.843313
3051996,1.0,0.5011,1,0,False,6.1034336,11.755324,5.6594663
3052001,1.0,0.194,1,0,False,9.5003395,16.009151,2.5871296
3052003,1.0,0.0813,1,0,False,10.14594,16.613245,2.1198235
3052006,1.0,0.0856,1,0,False,10.045159,16.494835,2.2561774
3052007,1.0,0.1731,1,0,False,9.564634,15.812985,2.6947746
3052010,1.0,0.1089,1,0,False,9.951093,16.450392,2.2510402
3052011,0.1024,0.9815,0,1,False,5.983972,9.2312765,7.1121593
3052014,1.0,0.117,1,0,False,9.716618,16.523968,2.1600258
3052015,1.0,0.0768,1,0,False,10.066981,16.520964,2.3424144
3052019,0.183,0.8515,0,0,False,5.8221354,1.2603502,1.134794
3052020,1.0,0.1842,1,0,False,9.476216,15.734082,2.6939952
3052021,1.0,0.1342,1,0,False,9.513986,15.720815,2.7393644
3052022,1.0,0.0855,1,0,False,10.217826,16.662977,2.129551
3052023,1.0,0.1165,1,0,False,9.793132,16.269194,2.4333158
3052024,1.0,0.1282,1,0,False,9.479914,15.790675,2.694817
3052037,0.9739,0.0268,1,0,False,10.054528,3.0289075,3.5210664
3052040,0.194,0.83,0,0,True,7.8856893,19.706982,7.616384
3052042,0.0846,0.9992,0,1,False,7.3550344,1.6942942,1.2508131
3052109,0.2463,0.8643,0,0,False,6.6503334,1.0314496,1.0581201
3052121,0.9931,0.0071,1,0,True,5.6187797,0.91871816,1.63953
3052128,0.3876,0.7664,0,0,False,8.375682,11.2559395,6.0055885
3052148,0.2041,0.8127,0,0,False,5.4291215,7.911098,6.6227684
3052164,0.0022,1.0,0,1,False,8.6893,2.4367254,2.2467318
3052181,0.0152,0.9974,0,1,True,6.5797234,1.8365796,1.1258925
3052189,0.9786,0.9998,1,1,True,6.2697787,6.323848,5.0988693
3052221,0.0009,1.0,0,1,True,6.7619424,1.5780196,1.5100871
3052223,0.0057,0.9954,0,1,True,7.5176816,10.886616,7.1203923
3052224,0.0289,0.9541,0,1,True,5.1272273,8.26096,6.71497
3052225,0.9629,0.9894,1,1,True,7.055848,10.736171,7.3971753
3052226,0.0564,0.9918,0,1,False,6.9111986,9.570958,6.080939
3052230,0.9558,0.9882,1,1,True,7.9829073,18.56675,7.1418853
3052231,0.0038,1.0,0,1,False,8.625871,6.238479,4.3447227
3052232,0.8894,0.8813,0,0,False,8.656027,9.188031,5.4532104
3052236,0.0,1.0,0,1,True,8.933437,2.9234536,2.2358122
3052238,0.0732,0.9299,0,1,False,8.350536,6.7281265,4.924525
3052239,0.1353,0.8939,0,0,False,8.08707,7.368064,4.966056
3052244,1.0,0.0575,1,0,False,10.002044,16.423801,2.3403833
3052299,0.9599,0.0448,1,0,True,5.916321,7.614381,6.475035
3052300,0.062,0.9999,0,1,True,6.5422072,8.523656,7.2361436
3052302,0.039,0.0984,0,0,True,5.4083996,6.9146314,6.0546813
3052303,0.0079,0.9923,0,1,True,7.754747,10.786086,7.229095
3052305,0.054,0.9999,0,1,True,6.484083,8.116113,7.1537194
3052307,0.0733,0.9755,0,1,True,5.8701124,6.5884304,6.0592513
3052310,0.8307,1.0,0,1,True,6.66861,8.485218,7.2482796
3052314,0.9799,0.9946,1,1,True,6.8666334,8.6896515,6.5331383
3052315,0.406,0.9998,0,1,False,7.384279,9.792404,7.297019
3052317,0.8163,0.9685,0,1,True,5.7561216,6.5032005,6.0048194
3052324,0.2029,0.5992,0,0,False,5.599151,7.161159,6.3516164
3052328,0.021,0.9812,0,1,True,6.4045773,7.3866777,6.561434
3052329,0.0541,1.0,0,1,True,6.5315537,8.152164,6.9685445
3052330,0.0056,0.9925,0,1,True,7.7248125,10.370738,6.761855
3052331,0.0196,0.9752,0,1,True,5.0877213,6.517312,6.0887723
3052342,0.0904,0.944,0,1,True,8.216455,19.235804,7.5226417
3052343,0.626,0.743,0,0,False,7.8302236,19.371887,7.333602
3052370,0.0,0.9864,0,1,True,4.463622,2.9240832,3.7064416
3052371,0.0004,0.9739,0,1,True,3.0805914,7.139794,6.2992544
3052381,0.0003,0.9743,0,1,True,3.1708105,7.4138675,6.3837204
3052384,0.0013,0.8601,0,0,False,3.1551096,7.163782,6.250145
3052385,0.0002,0.9765,0,1,True,2.80208,6.9104195,6.3619623
3052387,0.0142,0.9597,0,1,True,3.238672,0.929659,2.8517056
3052390,0.0155,0.9559,0,1,True,4.20287,8.445446,6.566051
3052391,0.0005,0.0094,0,0,True,2.9415417,0.7003961,2.8053162
3052397,0.0003,0.9747,0,1,True,3.2494555,7.1079173,6.146862
3052399,0.0002,0.1497,0,0,True,3.1619756,7.34459,6.370715
3052400,0.0,0.9489,0,1,False,2.9282174,4.461671,4.8047605
3052401,0.0002,0.9759,0,1,True,3.066416,7.1489544,6.277071
3052402,0.0004,0.9743,0,1,True,3.3663805,7.3884234,6.4439807
3052404,0.0001,0.9848,0,1,True,2.9127343,7.0435314,6.268712
3052406,0.0003,0.9742,0,1,True,3.0724301,7.410213,6.4141707
3052407,0.0235,0.9763,0,1,True,3.7998352,1.0724571,2.96214
3052409,0.0002,0.9758,0,1,True,2.9956706,7.3403544,6.3742833
3052413,0.0,0.9766,0,1,True,3.9996557,0.745256,2.7734137
3052414,0.0003,0.1511,0,0,True,3.1248968,7.1807556,6.3071847
3052418,0.0046,0.9953,0,1,True,4.1226163,6.7489023,5.7742753
3052420,0.0002,0.9757,0,1,True,3.173019,7.2593694,6.312452
3052424,0.0001,0.9999,0,1,True,4.081913,1.4215086,3.2731395
3052428,0.0,0.9038,0,1,True,4.152162,2.5138972,3.5842474
3052429,0.0447,0.976,0,1,True,8.577198,18.151897,7.2137327
3052431,0.0235,0.9705,0,1,True,4.9988,8.960781,6.5401106
3052439,0.0004,0.9736,0,1,True,3.2808793,7.403221,6.356958
3052440,0.0037,0.9665,0,1,True,3.690587,7.8434787,6.4334807
3052441,0.243,0.1764,0,0,False,4.9737267,9.369741,6.413896
3052444,0.0,0.9917,0,1,True,4.108753,1.832267,3.4151413
3052445,0.0024,0.9818,0,1,True,3.3353176,7.335114,6.300248
3052446,0.0,0.139,0,0,True,4.8527617,1.9719132,3.0640342
3052456,0.0039,0.994,0,1,True,4.6052494,8.86215,6.629642
3052466,0.1462,0.9625,0,1,False,7.564474,9.560805,6.0496454
3052468,0.3462,0.7877,0,0,False,8.190247,11.523614,6.808636
3052470,0.2895,0.9997,0,1,False,4.8134747,8.63627,7.246231
3052474,0.0287,1.0,0,1,True,4.891371,9.352704,8.068556
3052477,0.0276,1.0,0,1,True,4.9185266,9.274377,7.9117923
3052480,0.0272,1.0,0,1,True,5.675312,10.113087,7.8447604
3052489,0.2384,1.0,0,1,False,4.8908343,9.316949,8.008409
3052490,0.2715,0.9999,0,1,False,4.5100384,8.656523,7.2089057
3052492,0.2856,0.9984,0,1,False,5.647025,9.481377,7.3971133
3052493,0.9138,1.0,1,1,True,4.7188134,9.064963,7.8144574
3052496,0.2371,1.0,0,1,False,4.7391796,9.191934,7.9566045
3052498,0.0874,0.9532,0,1,True,7.5280366,19.275793,7.4567127
3052499,0.0056,1.0,0,1,True,5.0451427,9.254454,7.7541566
3052501,0.2424,1.0,0,1,False,4.6516914,9.03131,7.8287506
3052503,0.0277,1.0,0,1,True,4.689516,9.040577,7.8458652
3052505,0.0117,0.9959,0,1,True,6.2393384,2.0916767,0.8896964
3052510,0.0132,0.0211,0,0,True,6.7776256,10.607349,7.14564
3052514,0.0094,0.9907,0,1,True,6.5545597,9.727363,7.078554
3052518,0.9593,0.9771,1,1,True,8.412761,13.746808,6.8941383
3052523,0.0292,0.9706,0,1,True,5.84538,7.6803174,6.021059
3052525,0.0193,0.9697,0,1,True,5.7003016,8.670561,6.5796742
3052537,0.2945,0.7188,0,0,False,6.118003,8.564047,6.198013
3052557,0.7567,0.4769,0,0,False,8.131514,19.078186,7.4944954
3052559,0.2539,0.9959,0,1,False,7.5640607,1.8326635,1.3804221
3052561,0.0216,0.9838,0,1,True,6.5421114,7.7822413,6.417895
3052562,0.0005,1.0,0,1,False,8.773977,3.2178483,2.5927055
3052594,0.0521,0.9969,0,1,False,6.7890463,9.013499,6.47123
3052599,0.0082,0.9996,0,1,True,7.3932447,9.005394,6.049838
3052600,0.0248,0.977,0,1,True,8.306674,10.887432,6.5027266
3052602,0.0012,0.9993,0,1,True,6.9375734,7.1707754,5.7491074
3052608,0.0802,0.9233,0,1,False,8.8284445,7.337707,4.8378496
3052610,0.0003,1.0,0,1,False,8.84807,3.7913013,2.9807692
3052637,0.0034,0.9979,0,1,True,7.6191854,12.012113,7.220282
3052640,0.0004,0.0263,0,0,True,5.243523,9.017863,6.995951
3052641,0.0003,0.0275,0,0,True,5.3509946,9.239648,7.272088
3052647,0.0005,0.0309,0,0,True,4.948151,8.672751,7.0813694
3052660,0.0221,0.0262,0,0,True,4.1342463,6.380972,5.340625
3052665,0.0033,0.0343,0,0,True,4.834313,7.8617415,6.7646937
3052676,0.0998,0.9483,0,1,True,7.6647086,19.643011,7.436628
3052684,0.0002,0.8868,0,0,True,5.2225547,9.064408,7.202011
3052686,0.0094,0.9926,0,1,True,7.7329645,10.550346,7.1748624
3052701,0.5605,0.9913,0,1,False,7.563802,1.6877834,1.3385259
3052703,0.3007,0.977,0,1,False,7.107737,2.1428008,1.430318
3052706,0.2948,0.967,0,1,False,7.272331,1.9129541,1.3325961
3052713,0.0672,0.9304,0,1,False,3.936791,6.7176723,6.0386324
3052714,0.2418,0.534,0,0,False,7.880223,12.2168865,7.2014685
3052729,0.3198,0.7485,0,0,False,7.7970495,11.149005,7.2707233
3052731,0.9172,0.0827,1,0,False,8.617238,15.626228,6.8596473
3052733,0.4163,0.8672,0,0,False,6.8836865,10.422072,7.445757
3052771,0.0027,1.0,0,1,False,8.66388,2.4542465,2.2255008
3052773,0.4488,0.8623,0,0,False,8.868463,18.105032,7.1967897
3052789,0.0281,1.0,0,1,True,4.6024327,8.854417,7.6332693
3052801,0.0176,0.9695,0,1,True,7.772077,12.078127,7.1174297
3052811,0.0197,0.9803,0,1,True,8.26605,13.178341,6.7107472
3052813,0.5712,0.9968,0,1,False,7.0748205,1.5968498,1.0720922
3060506,0.3211,0.7057,0,0,False,7.817626,11.043193,6.965116
3067642,0.6063,0.3659,0,0,False,4.9771166,7.927661,6.5321383
3070156,0.5566,0.9531,0,1,False,7.2713795,1.7422134,1.4748462
3070170,0.5907,0.4354,0,0,False,5.9091377,1.1532499,1.1726563
3070171,0.8053,0.2073,0,0,False,5.809052,0.8930062,1.4485734
3070172,0.7326,0.2994,0,0,False,4.7232976,0.72540003,1.5700907
3070179,0.4266,0.991,0,1,False,7.208483,1.8545496,1.1883364
3070189,0.0975,0.981,0,1,False,11.053446,4.415668,4.5034304
3070616,0.0242,0.9822,0,1,False,9.944937,4.832716,4.1572638
3070820,0.3107,0.6355,0,0,False,4.664807,0.66370904,1.8659552
3070917,0.2289,0.7224,0,0,False,7.6583505,9.829809,6.3293266
3071005,0.0087,0.9291,0,1,False,4.8552732,0.43632257,1.2957715
3071007,0.0019,1.0,0,1,False,9.142229,2.4224308,2.4535456
3071210,0.7428,0.2774,0,0,False,5.4544954,0.7948812,1.5055504
3071212,0.9527,0.0474,1,0,False,5.34368,0.81630445,1.423164
3071214,0.7826,0.252,0,0,False,5.8199987,1.120293,1.3128139
3071215,0.8195,0.1955,0,0,False,4.8915443,0.69387144,1.9371092
3071225,0.3561,0.758,0,0,False,6.297527,1.7452778,1.6062852
3071279,0.0007,0.5608,0,0,False,5.3842344,2.5909917,1.9330851
3071280,0.3497,0.8689,0,0,False,6.985675,1.9767044,1.2085415
3071296,0.0,0.9765,0,1,False,4.0935373,0.25748444,2.2666962
3071307,0.584,0.5244,0,0,False,6.2586694,2.0424466,1.2675406
3071308,0.3986,0.9833,0,1,False,7.1569858,1.7785028,1.8897214
3071309,0.5837,0.4659,0,0,False,6.25744,1.0357975,1.0212195
3071310,0.7946,0.2336,0,0,False,5.2784443,0.91987056,1.4727335
3071313,0.5575,0.501,0,0,False,6.0494766,8.629054,6.4362
3071317,0.0006,1.0,0,1,False,9.013635,2.7833078,2.4967315
3071324,0.7945,0.2406,0,0,False,5.5114093,1.0441657,1.1176146
3085316,0.8097,0.4548,0,0,False,8.027856,19.359997,7.525306
3103131,0.0454,0.9999,0,1,False,7.877944,2.1148617,3.4761004
3115662,0.9039,0.1418,1,0,False,1.9700373,-2.1007514,4.9601126
3115878,0.7911,0.6101,0,0,False,8.113958,19.610134,7.7977204
3115910,0.0701,0.9712,0,1,False,6.6318264,7.514592,6.2416353
3115911,0.4316,0.9788,0,1,False,7.1843214,2.0588806,1.2452658
3115912,0.4478,0.8558,0,0,False,7.282831,1.8746889,1.3832065
3115913,0.916,0.0959,1,0,False,6.181713,1.451929,0.98115903
3115914,0.5815,0.6705,0,0,False,7.24377,2.0426812,1.2915847
3115915,0.8381,0.1898,0,0,False,5.519095,1.1315473,1.4197592
3115916,0.7759,0.2489,0,0,False,5.012151,0.74474674,1.4910152
3115917,0.7163,0.3399,0,0,False,5.533802,1.0463471,1.2038848
3115990,1.0,0.0861,1,0,False,9.959825,16.406048,2.3510306
3115991,1.0,0.1113,1,0,False,9.980332,16.45315,2.289405
3115992,1.0,0.0788,1,0,False,9.980436,16.511797,2.4066415
3115993,1.0,0.0195,1,0,False,9.978928,16.284637,2.4369264
3116674,0.0859,0.9994,0,1,False,8.449805,4.1492014,2.7639399
3116675,0.0235,0.9178,0,1,False,3.9530692,0.41611066,1.8119338
3116676,0.7442,0.2758,0,0,False,5.5949225,0.99542177,1.0728481
3116700,0.0003,1.0,0,1,False,9.156949,2.772633,2.9446342
3116729,0.7612,0.2641,0,0,False,4.6868377,0.6631873,1.9559652
3116878,0.0183,0.9801,0,1,False,3.1279104,0.44642994,2.8891017
3116880,0.2289,1.0,0,1,False,5.5557456,9.667066,7.764731
3116967,0.6924,0.3561,0,0,False,6.480062,1.4869989,1.2078874
3116968,0.0027,0.9396,0,1,False,4.796011,0.8132024,1.6559318
3116969,0.0,1.0,0,1,False,3.2255821,0.015137518,2.776754
3116970,0.0,0.9764,0,1,False,3.9350476,0.36300948,2.308476
3116971,0.0065,0.9241,0,1,False,4.783431,0.87897485,1.6415727
3116972,0.0,0.9824,0,1,False,3.5092707,0.49872345,2.3607438
3116973,0.0259,0.9028,0,1,False,4.5300093,0.8746848,2.181225
3116974,0.0135,0.9134,0,1,False,4.96692,0.73668337,1.7117208
3116975,0.0004,0.9563,0,1,False,4.270677,0.32986656,2.2421834
3117104,0.7774,0.9905,0,1,False,7.4561567,2.0071764,1.637937
3117105,0.3016,0.8319,0,0,False,8.335332,12.167979,6.556603
3117106,0.0728,0.9999,0,1,False,8.419191,2.4569643,1.7092267
3117107,0.2586,0.8947,0,0,False,6.529686,8.905477,6.4387326
3117108,0.2732,0.5028,0,0,False,5.7508245,1.7891732,1.3487953
3117109,0.0,0.9769,0,1,False,4.336902,0.42537934,1.8943166
3117234,0.0002,0.9755,0,1,False,5.2411337,1.7052622,2.1660821
3117235,0.0001,0.9761,0,1,False,5.172717,1.527781,2.1564686
3117316,0.7673,0.2737,0,0,False,6.020827,1.301523,1.1537898
3117321,0.0001,0.976,0,1,False,4.181197,0.53883797,2.017709
3117322,0.73,0.3405,0,0,False,6.0158696,1.9141937,1.3679068
3118716,0.1671,0.9989,0,1,False,10.225739,5.3128014,4.2142096
3121209,0.2063,0.884,0,0,False,6.818277,7.6941457,6.4760976
3126011,0.4091,0.5933,0,0,False,7.159473,2.0343373,1.7177539
3136119,0.4724,0.6046,0,0,False,7.8316627,13.038548,7.0481305
3158377,0.846,0.4828,0,0,False,6.612685,10.355085,5.6350126
3158378,0.7487,0.3083,0,0,False,6.3800135,1.5822854,1.2095232
3160822,1.0,0.118,1,0,False,9.632563,16.44126,2.243261
3160823,1.0,0.1088,1,0,False,9.644082,16.433191,2.2963154
3160824,1.0,0.257,1,0,False,9.731993,16.526497,2.1526644
3160827,1.0,0.3313,1,0,False,9.340639,16.914879,1.660231
3160828,1.0,0.2955,1,0,False,9.4921255,16.80966,1.7834264
3160829,1.0,0.1122,1,0,False,9.792585,16.46788,2.2524893
3163396,1.0,0.0851,1,0,False,9.914467,16.518215,2.2316153
3229048,0.0,0.0,0,0,False,1.2800215,-4.3767705,5.0649357
3229049,0.0,0.0,0,0,False,1.3795247,-4.2661147,5.150332
3229050,0.0,0.0,0,0,False,1.2197299,-4.446526,5.0242953
3229051,0.0,0.0,0,0,False,1.3247979,-4.3489194,5.140559
3229052,0.0,0.0,0,0,False,1.2600697,-4.4233932,5.066072
3229053,0.0,0.0,0,0,False,1.1968981,-4.4988413,5.0125923
3229054,0.0,0.0,0,0,False,1.2976193,-4.4541516,5.111203
3229055,0.0,0.0,0,0,False,1.26945,-4.4047594,5.071341
3229056,0.0,0.0,0,0,False,1.2931981,-4.354421,5.092369
3229057,0.0,0.0,0,0,False,1.2898237,-4.3893876,5.0779557
3239073,0.0814,0.5952,0,0,False,4.195474,5.4970794,5.170176
3240218,0.484,0.8729,0,0,False,7.5320563,2.4231284,2.1384697
3240620,0.9798,0.125,1,0,False,3.7661946,6.2962947,5.7251773
3240745,0.6428,0.8926,0,0,False,6.6272345,2.2117276,1.343333
3241188,0.0079,0.3722,0,0,False,6.704991,2.2057045,1.5641671
3241439,0.0117,1.0,0,1,False,8.684169,2.633609,2.32878
3241440,0.5987,0.4829,0,0,False,7.779908,12.278055,6.1249676
3243314,0.2191,0.0928,0,0,False,5.0781145,9.531146,6.383719
3298505,0.1836,0.9926,0,1,False,7.3645387,6.157753,3.3589146
3366332,0.2463,0.8088,0,0,False,8.154702,11.2225065,6.460593
3402313,1.0,0.1475,1,0,False,9.632481,15.99018,2.6909258
3402314,1.0,0.2288,1,0,False,9.523173,15.748814,2.7623644
3402315,0.8605,0.2374,0,0,False,9.836787,16.079737,7.285165
3402316,0.6264,0.2226,0,0,False,9.9113245,15.669823,7.2346683
3402317,0.8554,0.2514,0,0,False,10.134927,15.57703,7.2286515
3402318,0.8674,0.2632,0,0,False,9.702455,15.241078,6.9710093
3402319,1.0,0.0113,1,0,False,10.021569,16.347599,2.4106343
3402320,1.0,0.1148,1,0,False,9.678246,16.416374,2.1813273
3402321,1.0,0.261,1,0,False,9.413083,16.225555,2.2731075
3402322,1.0,0.1271,1,0,False,9.1073675,14.968548,3.2886243
3402323,1.0,0.0711,1,0,False,9.704976,16.402016,2.3379788
3402324,1.0,0.1155,1,0,False,9.869311,16.433628,2.308834
3402325,1.0,0.1191,1,0,False,9.839796,16.289265,2.4268954
3402326,1.0,0.0691,1,0,False,10.045452,16.262333,2.4773157
3402327,1.0,0.0611,1,0,False,10.121466,16.275257,2.487233
3402328,1.0,0.2741,1,0,False,9.466101,15.888666,2.7122512
3402329,1.0,0.1154,1,0,False,9.510239,16.292309,2.4085116
3402330,1.0,0.0203,1,0,False,10.046449,16.188406,2.473368
3402331,1.0,0.0517,1,0,False,10.187345,16.485508,2.2933462
3402332,1.0,0.1122,1,0,False,9.656277,16.475027,2.1301274
3402333,1.0,0.1268,1,0,False,9.404282,16.078804,2.7365892
3402334,1.0,0.1287,1,0,False,9.497702,16.095793,2.5670507
3402335,1.0,0.1153,1,0,False,9.438244,16.00491,2.615783
3402336,1.0,0.0307,1,0,False,10.095115,16.59191,2.227361
3402337,1.0,0.1128,1,0,False,10.083076,16.427368,2.309522
3402338,0.335,0.7254,0,0,False,5.701599,8.90959,6.983437
3402339,0.6342,0.5774,0,0,False,6.9218125,10.708259,7.5581803
3402340,1.0,0.2175,1,0,False,9.324378,15.390245,2.986314
3402341,1.0,0.2768,1,0,False,9.444937,16.008738,2.7134893
3402342,1.0,0.1169,1,0,False,9.942276,16.499945,2.1637716
3402343,1.0,0.1261,1,0,False,9.407055,16.069365,2.6385624
3402344,1.0,0.0799,1,0,False,9.961159,16.488636,2.2413003
3402345,0.8054,0.7858,0,0,False,9.683309,15.266256,6.058839
3402346,1.0,0.1174,1,0,False,9.612436,16.31423,2.3793454
3402347,1.0,0.0293,1,0,False,10.023109,16.45727,2.2908974
3402348,1.0,0.0315,1,0,False,10.182368,16.495173,2.284507
3402349,1.0,0.0106,1,0,False,9.890028,16.384918,2.3562279
3402350,1.0,0.1128,1,0,False,10.07876,16.393242,2.558765
3402351,1.0,0.2352,1,0,False,9.875016,16.293432,2.453971
3402352,1.0,0.1551,1,0,False,10.021075,16.361322,2.2563896
3402353,1.0,0.2763,1,0,False,9.552491,16.2724,2.4088347
3402354,1.0,0.0559,1,0,False,10.058474,16.485464,2.2443712
3402355,1.0,0.118,1,0,False,9.584154,16.2884,2.3780444
3402356,1.0,0.027,1,0,False,10.251847,16.631453,2.127137
3402359,1.0,0.0021,1,0,False,9.342391,17.362045,1.0939711
3402360,1.0,0.0011,1,0,False,9.390774,17.160414,1.1906015
3402361,1.0,0.0011,1,0,False,9.274925,17.281963,1.0541297
3402362,1.0,0.0709,1,0,False,9.318,17.221865,1.1396552
3402363,1.0,0.0276,1,0,False,9.337423,17.132048,1.3011324
3402364,1.0,0.0005,1,0,False,9.38295,17.128027,1.2071809
3402365,1.0,0.0016,1,0,False,9.278529,17.25886,1.0896862
3402366,1.0,0.2689,1,0,False,9.318573,16.777096,1.8581501
3402367,1.0,0.0007,1,0,False,9.312952,17.227419,1.1208076
3402368,1.0,0.0011,1,0,False,9.320522,17.245476,1.0297238
3402369,1.0,0.001,1,0,False,9.269305,17.268969,1.0776179
3402370,1.0,0.001,1,0,False,9.475892,17.080683,1.2483015
3409856,0.0689,0.5696,0,0,False,5.611015,3.4321725,3.8680153
3415720,0.0973,0.9762,0,1,False,11.584024,3.2061732,4.2818356
3425776,1.0,0.1459,1,0,False,9.642972,16.205454,2.5061502
3425777,1.0,0.1166,1,0,False,9.923065,16.549244,2.1774056
3425778,1.0,0.1169,1,0,False,9.594746,16.13381,2.554219
3425779,1.0,0.001,1,0,False,9.290199,17.249758,1.0999323
3425967,0.7292,0.9692,0,1,False,7.112729,2.5254447,1.8077391
3425968,0.1789,0.9883,0,1,False,7.4077506,9.397445,6.217741
3425970,0.1953,0.7423,0,0,False,5.8085017,1.4395958,1.3765693
3425995,0.556,0.702,0,0,False,6.893561,1.7697098,1.608632
3426018,0.0101,1.0,0,1,False,8.457479,4.896952,3.5280852
3426021,0.0292,0.9999,0,1,False,8.539233,3.3771348,2.3132694
3426022,0.0674,0.9999,0,1,False,8.343694,2.7347684,2.2206595
3426023,0.6051,0.8049,0,0,False,6.928546,1.8568709,2.0352302
3426024,0.307,0.9961,0,1,False,7.965098,2.2672625,1.6589053
3426025,0.0027,1.0,0,1,False,8.800599,2.9825695,2.447822
3426026,0.0005,1.0,0,1,False,8.831957,3.28031,2.6512394
3426027,0.0197,1.0,0,1,False,8.355909,3.3636575,2.4430912
3426030,0.0794,0.9322,0,1,False,7.9236455,6.5955396,4.58786
3426031,0.0587,0.9997,0,1,False,8.598578,3.2197804,2.0591006
3426032,0.5362,0.9991,0,1,False,8.706877,3.0336657,2.3964298
3426033,0.0596,0.9999,0,1,False,8.651344,2.7032166,2.1021187
3426034,0.0202,1.0,0,1,False,8.513469,3.0461648,2.1142893
3426035,0.1559,0.9999,0,1,False,8.432494,2.438639,1.9298775
3426036,0.0359,0.9999,0,1,False,8.303741,2.284707,1.744043
3426038,0.0577,0.9996,0,1,False,8.439442,3.0135221,2.1823874
3426039,0.0423,0.9999,0,1,False,8.178242,2.5289695,1.8085063
3426040,0.2695,0.9942,0,1,False,8.343178,2.4787273,2.0988355
3426044,0.4968,0.9891,0,1,False,8.43392,2.233128,1.3871189
3426049,0.6603,0.9917,0,1,False,8.267184,2.449904,1.2230473
3426050,0.0597,0.9995,0,1,False,8.438808,3.3587105,2.3673687
3426051,0.0294,0.9999,0,1,False,8.464745,2.3429089,1.3110367
3426052,0.072,0.9994,0,1,False,8.816336,2.520593,2.169765
3426059,0.2192,0.9892,0,1,False,7.6994944,2.2320766,2.9931104
3426062,0.3257,0.996,0,1,False,7.7743926,2.4834116,1.893243
3426105,0.4622,0.9827,0,1,False,7.54361,2.2501228,1.5171745
3426159,0.6745,0.9306,0,1,False,6.926268,2.5967715,1.698743
3426161,0.9238,0.9994,1,1,False,7.662131,3.0599694,2.5551546
3426220,0.0725,0.9996,0,1,False,8.284392,3.0849984,2.2893012
3426274,0.0471,0.9996,0,1,False,8.462678,4.6791277,2.641838
3426305,0.066,0.9997,0,1,False,8.436301,3.0490158,1.9994729
3426391,0.1238,0.9975,0,1,False,8.809019,3.3572092,2.4927282
3426395,0.2398,0.9952,0,1,False,8.039665,2.433128,1.7822922
3426397,0.4832,0.9741,0,1,False,7.762068,1.9550197,1.4859462
3426438,0.0076,0.932,0,1,False,2.899882,0.37547782,2.6768854
3426491,0.2982,0.987,0,1,False,7.4084845,2.2599032,1.1178683
3426492,0.005,0.9289,0,1,False,5.8051276,1.0610331,1.3555367
3426497,0.3626,0.6331,0,0,False,4.4295135,0.62495536,1.971715
3426499,0.0,1.0,0,1,False,3.7253208,0.34842193,2.440506
3426519,0.0107,0.9128,0,1,False,6.4413266,1.8032601,0.8475665
3427244,0.6154,0.8118,0,0,False,6.811589,1.9254775,1.068606
3427245,0.6326,0.7313,0,0,False,6.112413,1.7710364,1.0859352
3427530,0.3656,0.9881,0,1,False,7.883861,2.7356486,1.5151974
3427531,0.2334,0.9922,0,1,False,8.334638,3.092259,2.028156
3427593,0.4386,0.9195,0,1,False,7.958275,2.0855224,1.5266333
3427595,0.6077,0.9782,0,1,False,7.9259763,1.9966284,1.5740595
3427694,0.6888,0.4953,0,0,False,7.0808244,2.0234048,1.0272183
3427707,0.2851,0.9949,0,1,False,7.542619,8.808935,5.9476137
3427920,0.618,0.7853,0,0,False,7.1931596,2.3545258,1.3987103
3427921,0.1363,0.9983,0,1,False,8.493313,2.639963,2.0738828
3427952,0.3295,0.7153,0,0,False,8.282911,11.291626,6.227955
3427959,0.0128,0.9194,0,1,False,4.2798815,0.44655147,1.9616416
3427961,0.5795,0.5119,0,0,False,5.8645916,8.427364,6.6437716
3427962,0.0148,0.9161,0,1,False,4.3845816,0.5806704,1.7617579
3428150,0.9663,0.9508,1,1,False,8.248186,6.1252933,4.1119847
3428151,0.562,0.8199,0,0,False,7.8602276,2.4842744,1.2073718
3428153,0.1978,0.9964,0,1,False,7.9463573,2.7528613,2.2958484
3428227,0.265,0.9578,0,1,False,7.5111127,8.780267,5.530655
3428301,0.6243,0.7485,0,0,False,6.6638713,1.9057441,1.0466069
3428313,0.3766,0.9856,0,1,False,8.656336,2.4693887,1.4617124
3428315,0.3007,0.6919,0,0,False,5.7385354,1.3301904,1.1310513
3428497,0.2718,0.9904,0,1,False,8.27378,3.1326668,1.7147024
3428499,0.2802,0.7111,0,0,False,5.8099356,1.493831,1.0044947
3428578,0.0086,0.9267,0,1,False,4.604794,0.7344569,2.3490324
3428632,0.9166,0.2161,1,0,False,7.6753387,2.484525,1.3786035
3428635,0.3926,0.9758,0,1,False,7.8750596,2.8058934,1.0845683
3428657,0.4619,0.9653,0,1,False,7.7977605,2.2691817,1.4502301
3428658,0.2184,0.9949,0,1,False,8.473341,2.9533646,1.8990514
3428675,0.598,0.7886,0,0,False,8.027269,2.9301825,1.5995657
3428761,0.0,0.9765,0,1,False,3.986647,0.37817693,2.249839
3428871,0.055,0.8859,0,0,False,4.710872,0.78796196,1.4904106
3428872,0.0355,0.9063,0,1,False,4.685819,1.0160266,1.6164176
3428947,0.4099,0.6495,0,0,False,8.5318985,12.713481,6.593528
3429261,0.2449,0.9375,0,1,False,7.864488,4.943183,2.845704
3429262,0.2959,0.9887,0,1,False,8.294254,2.99061,1.9093479
3429808,0.4643,0.9001,0,1,False,7.983407,2.6370835,1.3942351
3429948,0.461,0.5696,0,0,False,6.2408366,1.5347879,1.6406122
3429986,0.985,0.1161,1,0,False,8.147543,3.4486651,1.4328305
3429998,0.3781,0.6867,0,0,False,8.578838,13.575515,6.740021
3430102,0.4264,0.6272,0,0,False,5.687605,1.6450644,1.0544789
3430105,0.2046,0.9837,0,1,False,8.220752,2.960176,1.9817715
3430106,0.5027,0.8722,0,0,False,7.5104513,2.0770538,1.2547975
3430282,0.5908,0.7642,0,0,False,7.189561,2.0001278,0.8879004
3430336,0.8003,0.3653,0,0,False,7.401044,2.5475206,1.5190893
3430573,0.508,0.3806,0,0,False,7.0561914,12.24061,6.482906
3430574,0.599,0.5738,0,0,False,6.7183714,2.097374,1.5788574
3430986,0.0745,0.8452,0,0,False,8.445241,10.62172,5.9920187
3430987,0.3362,0.9762,0,1,False,8.201681,2.5660193,1.9478718
3430988,0.2871,0.9852,0,1,False,8.30739,3.299436,2.05523
3431088,0.3165,0.9787,0,1,False,7.7163744,3.056505,1.5823771
3431119,0.1145,0.9627,0,1,False,6.420704,7.6373434,6.532414
3431125,0.6076,0.6933,0,0,False,7.301665,2.2077022,1.1107739
3431128,0.1811,0.9879,0,1,False,6.404395,8.576598,6.657157
3431129,0.3353,0.6193,0,0,False,6.549825,4.1781926,1.5500969
3431130,0.9315,0.1999,1,0,False,7.6830482,2.854372,1.5076238
3431134,0.7384,0.4309,0,0,False,7.011507,2.1179738,0.8655447
3431138,0.9858,0.1172,1,0,False,7.700597,2.714393,1.1749766
3431157,0.4435,0.9036,0,1,False,8.007053,2.910318,1.5325503
3431171,0.9945,0.1154,1,0,False,7.484989,2.6605484,1.4906224
3431258,0.0118,0.9079,0,1,False,4.263818,0.73273134,2.6278098
3431299,0.043,0.9906,0,1,False,6.7813673,7.2906756,6.0146217
3431306,1.0,0.7321,1,0,False,6.801474,11.906096,6.433898
3431409,0.2361,0.9935,0,1,False,8.288148,2.8152359,1.51089
3431480,0.4807,0.5724,0,0,False,7.7698646,12.597678,6.8974977
3431576,0.2803,0.9884,0,1,False,8.138839,3.429224,1.7518226
3431577,0.3265,0.9816,0,1,False,8.714961,3.112723,1.7455369
3431578,0.3654,0.9583,0,1,False,8.104836,2.9331226,1.5223534
3431579,0.211,0.9951,0,1,False,8.434343,2.945573,1.5376259
3431580,0.1138,0.8901,0,0,False,8.151596,6.770209,4.8572683
3431589,0.9938,0.115,1,0,False,8.354395,4.124978,2.1241884
3431594,0.2801,0.9906,0,1,False,8.395375,2.7086947,1.9173288
3431598,0.4044,0.9244,0,1,False,8.0197,2.64384,1.2598743
3431599,0.5354,0.8124,0,0,False,7.984513,1.9352735,1.9019134
3431600,0.9886,0.1153,1,0,False,7.2642417,2.538382,0.8511538
3431605,0.9977,0.1134,1,0,False,7.607352,2.0415008,1.7545308
3431606,0.9467,0.1758,1,0,False,7.1776934,2.418639,1.0288707
3431607,0.9947,0.113,1,0,False,7.8129783,2.5278587,1.3516078
3431800,0.6917,0.3604,0,0,False,4.3948402,0.7775088,1.6104555
3431830,0.8849,0.258,0,0,False,7.9534,2.7396529,1.4586325
3431834,0.9979,0.1129,1,0,False,7.8937516,3.250623,2.1441584
3431839,0.9914,0.1182,1,0,False,8.337773,3.561941,1.8224717
3431840,0.9988,0.1128,1,0,False,8.459943,3.7829912,2.269919
3431846,0.9965,0.1131,1,0,False,7.8964734,2.9673512,0.9723351
3431866,0.9806,0.1248,1,0,False,7.0028424,2.5786963,1.2861015
3431899,0.0869,0.8461,0,0,False,5.468892,1.4425532,1.5337287
3431900,0.1013,0.8332,0,0,False,5.2281632,1.5225788,1.1874883
3431906,0.9969,0.1127,1,0,False,8.442178,3.236497,1.5942324
3431908,0.958,0.1587,1,0,False,7.3199763,2.9430132,1.1988487
3432036,0.9961,0.1139,1,0,False,8.028331,3.135377,1.5076671
3432089,0.9962,0.1129,1,0,False,7.8858805,3.4520235,1.5407149
3432170,0.982,0.1173,1,0,False,6.446193,1.9833422,0.8455041
3432171,0.9871,0.1163,1,0,False,6.8989067,1.98332,1.6683542
3432225,0.997,0.1128,1,0,False,8.118654,3.0611975,1.3123035
3432230,0.9915,0.1141,1,0,False,6.4938016,2.2000995,0.8426471
3432233,0.9955,0.1129,1,0,False,7.8298006,2.9763422,1.3411134
3432241,0.6518,0.9512,0,1,False,8.841367,8.361746,5.01472
3432250,0.2129,0.9079,0,1,False,6.639043,9.116432,6.5784416
3432257,0.0352,0.9779,0,1,False,7.0715485,7.577987,5.729818
3432268,0.9288,0.1598,1,0,False,4.0089626,0.50920796,1.9176253
3432369,0.4315,0.9639,0,1,False,6.9507914,2.9457688,0.8537783
3432379,0.6844,0.526,0,0,False,7.594789,3.6683354,1.8183254
3432398,0.1374,0.9915,0,1,False,7.4823356,8.916173,5.9792233
3432444,0.0509,0.9881,0,1,False,6.8492694,9.577623,6.4827642
3432455,0.558,0.5195,0,0,False,6.079437,8.338214,6.591401
3432591,0.9974,0.1129,1,0,False,7.8344,3.751954,1.6038659
3432593,0.988,0.1159,1,0,False,7.0384874,2.4812942,0.7523133
3432605,0.9807,0.1176,1,0,False,6.0334067,2.299227,0.9349202
3432606,0.9824,0.1174,1,0,False,6.5311675,2.149413,0.91483283
3432658,0.318,0.9712,0,1,False,8.146954,2.9144573,1.5250934
3432659,0.9975,0.1127,1,0,False,7.9738474,3.0282125,1.4944077
3432711,0.0001,1.0,0,1,False,6.4266396,1.6158111,2.6933577
3432786,0.996,0.1129,1,0,False,7.990509,3.034967,0.8708282
3432804,0.9974,0.1117,1,0,False,8.243166,4.5294213,2.2182891
3432848,0.9807,0.1178,1,0,False,6.7865577,2.2904983,0.962543
3432913,0.1239,0.982,0,1,False,7.276078,8.903599,6.052849
3432914,0.9955,0.1119,1,0,False,8.269522,4.114365,2.1052706
3432919,0.9976,0.1129,1,0,False,7.5213447,3.070407,1.1034616
3432961,0.9936,0.114,1,0,False,7.2346864,2.7639413,1.0403101
3432974,0.9762,0.1215,1,0,False,5.185705,1.5232832,1.250918
3433034,0.9968,0.1133,1,0,False,7.4559755,3.1249297,1.2597057
3433048,0.952,0.1429,1,0,False,4.7725177,1.1087667,1.4189432
3433147,0.8702,0.216,0,0,False,5.9009814,1.7705646,0.86588085
3433149,0.977,0.121,1,0,False,5.453645,1.7752203,1.0571663
3433161,0.9614,0.1345,1,0,False,4.9629893,1.1334935,1.4962083
3433245,0.1586,0.9752,0,1,False,5.9832454,10.067567,5.2850084
3433246,0.9801,0.1177,1,0,False,5.5605125,4.723117,1.1530348
3433292,0.9952,0.1137,1,0,False,7.430483,3.0461767,0.96360844
3433542,0.9695,0.116,1,0,False,7.9002724,5.9364815,2.9724958
3433582,0.9959,0.1134,1,0,False,7.7811728,2.9966793,1.0641326
3433583,0.0894,0.9892,0,1,False,7.814585,9.5884905,6.1843786
3433622,0.122,0.9874,0,1,False,7.7527704,8.269915,5.578375
3433792,0.9226,0.1764,1,0,False,4.918583,5.6825323,4.758787
3434943,0.9812,0.1177,1,0,False,6.7039275,2.412104,0.74536365
3446381,0.9725,0.1247,1,0,False,6.1535993,2.0050259,0.6707974
3458742,0.9856,0.015,1,0,False,10.083829,3.1906557,3.6477375
3591861,0.9579,0.1377,1,0,False,5.4888554,1.4294311,0.9965818
3683780,0.2777,0.8042,0,0,False,7.611953,9.654334,6.7245545
3683781,0.4126,0.644,0,0,False,8.433255,12.430052,6.6194286
3683782,0.1546,0.9769,0,1,False,7.3200593,9.229442,6.731689
3683783,0.1782,0.9978,0,1,False,6.320906,7.4933805,6.4692097
3683880,0.0881,0.9253,0,1,False,8.817557,8.264279,5.1790333
3683881,0.9987,0.1135,1,0,False,9.388021,3.2942126,2.5241892
3683883,0.9982,0.113,1,0,False,8.24549,2.7119582,1.6347436
3683888,0.9987,0.1133,1,0,False,8.660087,3.135772,1.8978091
