accession,taxid
NC_139533.1,2760987
NC_139532.1,2760984
NC_139531.1,2760983
NC_139478.1,2596880
NC_139477.1,2596879
NC_117090.1,3431306
NC_116885.1,3431299
NC_116972.1,3240620
NC_117432.1,3019935
NC_139456.1,336639
NC_117233.1,2951733
NC_105787.1,692069
NC_116743.1,3426519
NC_139445.1,1516115
NC_105837.1,3428578
NC_115876.1,2716914
NC_139440.1,3432804
NC_116500.1,3431589
NC_139403.1,2952747
NC_038235.1,11250
NC_001803.1,208893
NC_117253.1,2964312
NC_139379.1,2978984
NC_116975.1,2911488
NC_139378.1,3004219
NC_139377.1,2950880
NC_117182.1,3426161
NC_117269.1,2971904
NC_117394.1,3426159
NC_117321.1,3426105
NC_139376.1,2950847
NC_117252.1,2963947
NC_139375.1,576352
NC_117410.1,3002498
NC_116974.1,2911487
NC_139374.1,3427245
NC_139373.1,3427244
NC_139372.1,2950851
NC_139371.1,2950850
NC_139369.1,3426220
NC_025412.1,1560514
NC_139368.1,2950883
NC_139361.1,3042095
NC_116599.1,3433034
NC_115547.1,2575429
NC_117424.1,3018030
NC_115477.1,2527960
NC_115422.1,2491943
NC_117431.1,3035804
NC_117028.1,2914864
NC_139356.1,2914863
NC_139355.1,1862685
NC_116890.1,2885089
NC_115511.1,2562543
NC_117245.1,2959664
NC_117050.1,2919398
NC_115668.1,2590571
NC_116587.1,2805088
NC_131370.1,2885087
NC_116889.1,2885088
NC_116799.1,2871160
NC_115371.1,2420235
NC_115733.1,2653665
NC_116528.1,2777538
NC_117310.1,2977935
NC_116888.1,2885086
NC_139284.1,3025624
NC_139283.1,2696999
NC_115946.1,2735399
NC_116651.1,2824965
NC_115506.1,2561873
NC_116530.1,2778517
NC_139278.1,2989852
NC_117428.1,3019006
NC_116313.1,2754871
NC_116971.1,2910195
NC_116970.1,2910194
NC_139276.1,2480685
NC_116609.1,2812730
NC_115690.1,2593979
NC_115720.1,2605950
NC_139275.1,2301724
NC_116026.1,2738918
NC_116580.1,2802551
NC_116891.1,2885090
NC_117053.1,2919882
NC_139271.1,2992867
NC_116297.1,2749299
NC_139267.1,2980584
NC_139266.1,2980578
NC_139264.1,2042174
NC_131414.1,2985438
NC_115481.1,2547302
NC_117368.1,2983974
NC_117164.1,2940985
NC_116857.1,2877504
NC_117243.1,3426274
NC_116560.1,2791004
NC_117229.1,2951068
NC_116862.1,2877512
NC_116858.1,2877505
NC_139212.1,2686046
NC_116338.1,2760898
NC_116337.1,2760897
NC_131270.1,2729341
NC_116726.1,2838154
NC_116725.1,2838153
NC_115871.1,2716559
NC_139204.1,2735964
NC_139203.1,2801159
NC_116094.1,2741656
NC_116093.1,2741441
NC_116875.1,2880267
NC_116288.1,2747491
NC_139199.1,3426062
NC_139198.1,3426059
NC_139197.1,3426052
NC_139196.1,3426051
NC_139195.1,3426050
NC_139194.1,3426049
NC_139193.1,3426044
NC_139192.1,3426040
NC_139191.1,3426039
NC_139190.1,3426038
NC_139189.1,3426036
NC_139188.1,3426035
NC_139187.1,3426034
NC_116680.1,2829560
NC_116679.1,2829526
NC_139182.1,3426033
NC_139181.1,3426032
NC_139180.1,3426031
NC_139179.1,3426030
NC_139178.1,3426027
NC_139177.1,3426026
NC_139176.1,3426025
NC_116497.1,2766745
NC_115780.1,2687248
NC_115918.1,3432961
NC_115781.1,2687249
NC_115782.1,2687250
NC_116608.1,2811342
NC_116558.1,2787045
NC_115783.1,2687251
NC_116874.1,2879941
NC_116531.1,2778518
NC_116894.1,2885715
NC_116689.1,2831243
NC_115699.1,2594856
NC_139136.1,3426024
NC_139133.1,3426023
NC_139132.1,3426022
NC_139131.1,3426021
NC_139130.1,3426018
NC_139127.1,2905461
NC_105446.1,2894393
NC_107940.1,2874878
NC_107939.1,2874877
NC_107938.1,2874876
NC_105154.1,2866702
NC_110358.1,2866701
NC_130273.1,2961844
NC_105792.1,2914021
NC_110359.1,2866699
NC_104627.1,2864361
NC_104633.1,2864368
NC_104632.1,2864366
NC_104631.1,2864365
NC_104630.1,2864364
NC_104629.1,2864363
NC_104628.1,2864362
NC_104395.1,2864369
NC_103145.1,2767583
NC_105644.1,2863271
NC_105640.1,2863267
NC_105638.1,2863265
NC_109729.1,2984978
NC_105721.1,2911656
NC_105494.1,2902681
NC_100761.1,2591377
NC_103329.1,2777348
NC_129957.1,2862735
NC_129888.1,2820397
NC_106517.1,2935708
NC_105496.1,2902680
NC_103089.1,2776814
NC_109368.1,2985561
NC_138488.1,2794827
NC_105611.1,2900330
NC_130765.1,3017288
NC_111480.1,3028471
NC_138487.1,2985659
NC_100756.1,2591376
NC_105155.1,2880890
NC_129956.1,2860375
NC_105416.1,2902662
NC_107953.1,2912648
NC_107952.1,2912647
NC_106494.1,2928431
NC_106229.1,2924899
NC_106518.1,2935709
NC_104812.1,2823852
NC_116322.1,2755407
NC_131310.1,2755408
NC_115608.1,2585038
NC_138463.1,2851443
NC_097205.1,1796011
NC_138462.1,3431906
NC_138460.1,3428635
NC_138441.1,3428497
NC_115647.1,2586179
NC_138440.1,3426395
NC_138439.1,1590154
NC_138421.1,3425995
NC_138420.1,1618249
NC_138419.1,2851442
NZ_CP045110.1,470
NC_138415.1,3428301
NC_138414.1,2905511
NC_138413.1,2905508
NC_138412.1,2905512
NC_138411.1,3426397
NC_138410.1,3433048
NC_097195.1,1796012
NC_116632.1,2817834
NC_116474.1,3433292
NC_138409.1,1592119
NC_138406.1,3433149
NC_138408.1,3433246
NC_138407.1,3433245
NC_138405.1,3433161
NC_115156.1,1788453
NC_096726.1,3433147
NC_116395.1,3432919
NC_138404.1,3432914
NC_116419.1,3432913
NC_138402.1,3432606
NC_138401.1,3432605
NC_138400.1,1618243
NC_094196.1,3432171
NC_138399.1,3432170
NC_098658.1,3431900
NC_138398.1,3431899
NC_129154.1,3431866
NC_099378.1,3431800
NC_096798.1,3431171
NC_096708.1,3431088
NC_138397.1,3429948
NC_138396.1,3428872
NC_098694.1,3428871
NC_099376.1,3428761
NC_115144.1,1592121
NC_138393.1,3427962
NC_098679.1,3427961
NC_138392.1,3426499
NC_129432.1,3426497
NC_138390.1,1618255
NC_096034.1,2094725
NC_138388.1,3432786
NC_138387.1,3432711
NC_138386.1,3432659
NC_137532.1,3428150
NC_138366.1,3431600
NC_138365.1,3431599
NC_138364.1,3431598
NC_138363.1,3431580
NC_138362.1,3431579
NC_138361.1,3431578
NC_138360.1,3431576
NC_138359.1,3431577
NC_138333.1,3432658
NC_138290.1,2950732
NC_138336.1,1618254
NC_138334.1,3432225
NC_115643.1,3427920
NC_099384.1,3432591
NC_138331.1,3432036
NC_138330.1,3431908
NC_138329.1,3431607
NC_138328.1,3431606
NC_138327.1,3431605
NC_138326.1,3431594
NC_115653.1,2586186
NC_098669.1,3431409
NC_138325.1,2656676
NC_106277.1,3430988
NC_106276.1,3430987
NC_106272.1,3430986
NC_106275.1,3430336
NC_138323.1,3430282
NC_138321.1,2851491
NC_138100.1,3428632
NC_138099.1,3428313
NC_138098.1,3428227
NC_137951.1,3427531
NC_137887.1,3431258
NC_137861.1,3431846
NC_137539.1,3432593
NC_137538.1,2656686
NC_137537.1,3426491
NC_137536.1,2905509
NC_137535.1,2905460
NC_137533.1,3428151
NZ_CP011102.1,1006155
NC_137526.1,3425970
NC_115651.1,2586184
NC_137525.1,3425968
NC_099379.1,3425967
NC_137524.1,3433622
NC_137523.1,2985992
NC_106287.1,3432444
NC_115621.1,2585053
NC_096653.1,3432398
NC_137453.1,2851475
NC_137452.1,2851430
NC_116084.1,3432379
NC_137451.1,2851401
NC_137450.1,2851456
NC_137449.1,3432257
NC_115838.1,3432250
NC_137448.1,2851465
NC_137447.1,2656687
NC_137446.1,3432233
NC_129370.1,3432230
NC_137445.1,2656673
NC_137444.1,3432089
NC_115630.1,2585062
NC_096645.1,3431157
NZ_CP016318.1,1496
NZ_CP010905.2,272563
NC_097183.1,1519396
NC_137421.1,2851402
NC_129433.1,3431138
NC_137420.1,2656682
NC_097182.1,1519395
NC_137419.1,3431134
NC_137418.1,3431130
NC_115646.1,3431129
NC_117001.1,3431128
NC_099383.1,3431125
NC_137417.1,2851458
NC_137416.1,2656684
NC_137415.1,3431119
NC_137414.1,2656680
NC_097170.1,3430106
NC_137413.1,3430105
NC_137412.1,2851451
NC_115754.1,2664242
NC_137411.1,3430102
NC_137410.1,2656683
NC_097184.1,1519397
NC_098687.1,3427921
NC_137323.1,3433583
NC_137322.1,3433582
NC_075434.1,3432455
NC_111513.1,3027007
NC_105433.1,2902673
NC_136443.1,3035954
NC_116571.1,2794421
NC_117364.1,2982810
NC_117366.1,2982812
NC_117258.1,2967988
NC_116567.1,2792879
NC_117365.1,2982811
NC_131357.1,2855314
NC_116760.1,2859664
NC_116642.1,2822449
NC_103859.1,2849097
NC_103120.1,2777397
NC_105724.1,2911661
NC_105619.1,2909746
NC_105618.1,2909745
NC_105617.1,2909744
NC_109358.1,2982898
NC_107631.1,2972436
NC_105106.1,2851977
NC_105788.1,2911669
NC_129764.1,2750856
NC_105105.1,2851976
NC_116749.1,3430574
NC_131356.1,3430573
NC_101840.1,2696437
NC_105436.1,2894742
NC_105507.1,2894738
NC_101820.1,2696410
NC_130781.1,3028905
NC_111484.1,3028904
NC_103567.1,2812882
NC_102605.1,2743843
NC_105505.1,2902664
NC_130088.1,2894792
NC_112025.1,2962599
NC_108349.1,2982033
NC_105482.1,2894791
NC_105102.1,2851972
NC_105492.1,2902661
NC_105503.1,2902660
NC_096934.1,3427959
NC_116839.1,2876210
NC_136440.1,3429986
NC_097188.1,1673637
NC_116676.1,2829140
NC_097196.1,1796013
NC_097199.1,1796015
NC_129902.1,2831174
NC_096938.1,3428315
NC_136439.1,3432848
NC_115887.1,2720905
NC_136438.1,2929256
NC_136437.1,2929260
NC_136436.1,2929271
NC_096949.1,3433542
NC_131267.1,2720912
NC_136435.1,3427707
NC_115480.1,3428675
NC_116670.1,3428658
NC_131212.1,3428657
NC_100201.1,3427595
NC_136092.1,2929265
NC_102106.1,2713298
NC_115889.1,2720908
NC_115886.1,2720904
NC_105113.1,2851990
NC_105760.1,2913092
NC_100129.1,2562601
NC_105104.1,2851975
NC_130051.1,2851974
NC_104808.1,2692510
NC_105100.1,2851970
NC_105513.1,2894750
NC_105101.1,2851971
NC_111505.1,3020453
NC_105137.1,2852023
NC_129898.1,2829846
NC_104726.1,2836106
NC_135731.1,2992788
NC_135730.1,2992787
NC_135729.1,2992785
NC_094493.1,2099658
NC_101842.1,2696439
NC_101838.1,2696435
NC_101837.1,2696434
NC_101835.1,2696430
NC_105138.1,2852026
NC_135728.1,2233993
NC_103192.1,2759218
NC_100327.1,2508197
NC_102531.1,2750849
NC_105135.1,2852021
NC_105143.1,2852031
NC_100372.1,2576874
NC_100371.1,2576873
NC_105136.1,2852022
NC_135687.1,2928926
NC_116488.1,3429998
NC_135685.1,3429262
NC_135684.1,3429261
NC_135683.1,2929266
NC_135682.1,2929268
NC_135681.1,2929315
NC_135680.1,2929248
NC_135678.1,2929258
NC_135677.1,2929263
NC_135676.1,2929262
NC_135675.1,2914474
NC_131255.1,3427694
NC_100200.1,3427593
NC_115650.1,2586183
NC_115607.1,2585037
NC_135653.1,3428499
NC_135652.1,2851486
NC_131242.1,2585066
NC_135651.1,3428153
NC_111749.1,3032420
NC_109869.1,3002892
NC_130602.1,3002891
NC_107026.1,2951185
NC_106233.1,2924903
NC_106232.1,2924902
NC_106231.1,2924901
NC_106230.1,2924900
NC_135496.1,2795667
NC_135495.1,2795668
NC_105696.1,3426438
NC_095599.1,2202247
NC_112206.1,3003559
NC_106835.1,2942418
NC_109808.1,3432974
NC_102382.1,2736258
NC_102606.1,2743970
NC_104637.1,2869568
NC_007558.1,1348384
NC_007557.1,1348384
NC_007556.1,1348384
NC_007555.1,335103
NC_007554.1,335103
NC_007553.1,335103
NC_007552.1,335103
NC_007551.1,335103
NC_007550.1,335103
NC_007549.1,335103
NC_007548.1,335103
NC_006317.1,3052299
NC_005219.1,3052480
NC_005218.1,3052480
NC_135465.1,3426391
NC_135464.1,2986011
NC_115652.1,2586185
NC_116671.1,3431834
NC_116669.1,3431840
NC_116668.1,3431839
NC_117020.1,2913392
NC_117303.1,2976460
NC_117060.1,3427952
NC_117061.1,2922909
NC_135461.1,3038664
NC_135460.1,3038663
NC_129518.1,3431830
NC_135457.1,3003943
NC_129209.1,3429808
NC_117242.1,2954191
NC_116732.1,3052109
NC_135454.1,3025750
NC_130177.1,3427530
NC_130755.1,3017169
NC_109362.1,2985286
NC_135452.1,3432268
NC_105858.1,2918650
NC_129615.1,2601638
NC_102779.1,2765371
NC_104495.1,2859564
NC_100732.1,2591055
NC_105140.1,2852028
NC_106924.1,2950726
NC_130866.1,3432369
NC_112204.1,3003819
NC_130827.1,3034284
NC_104266.1,3426492
NC_104263.1,2772518
NC_104262.1,2772517
NC_104265.1,2772520
NC_104264.1,2772519
NC_104261.1,2772516
NC_112270.1,2996058
NC_111369.1,2950459
NC_105863.1,2923096
NC_107013.1,2865825
NC_104876.1,2876728
NC_093713.1,1933115
NC_093712.1,1933114
NC_093711.1,1933113
NC_135368.1,2763103
NC_129999.1,2859527
NC_102127.1,2719179
NC_093432.1,1718594
NC_096890.1,2315619
NC_116928.1,3428947
NC_105334.1,2897410
NC_109830.1,2995280
NC_104953.1,2729570
NC_104952.1,2729569
NC_103785.1,2729382
NC_104951.1,2729568
NC_104950.1,2729567
NC_104949.1,2729566
NC_103327.1,2776771
NC_128954.1,1775249
NC_104613.1,2859528
NC_096909.1,2315705
NC_112203.1,2982918
NC_107482.1,2970334
NC_101653.1,2683673
NC_107481.1,2969659
NC_111529.1,2996053
NC_109586.1,2928836
NC_107959.1,2970324
NC_111528.1,2996049
NC_107196.1,2961687
NC_103008.1,2736280
NC_129410.1,2419745
NC_129838.1,2777301
NC_106557.1,2922323
NC_135192.1,2922321
NC_130243.1,2950724
NC_101774.1,2696337
NC_135191.1,2922322
NC_100383.1,2587819
NC_102781.1,2767513
NC_104811.1,2816459
NC_111478.1,3028143
NC_135190.1,2785386
NC_135148.1,2546634
NC_106555.1,2922319
NC_106554.1,2922318
NC_110339.1,3003728
NC_108347.1,2981543
NC_110374.1,2863152
NC_110375.1,2863149
NC_107625.1,2970322
NC_103756.1,2834252
NC_112015.1,3042444
NC_111671.1,3018529
NC_111672.1,3018530
NC_134824.1,38018
NC_134823.1,38018
NC_134822.1,38018
NC_134821.1,38018
NC_134744.1,38018
NC_111375.1,3020389
NC_111368.1,2950458
NC_108342.1,2932672
NC_108593.1,2980552
NC_103213.1,2777378
NC_104259.1,2749424
NC_134264.1,2872674
NC_110934.1,3017287
NC_105512.1,2894751
NC_105514.1,2894749
NC_130053.1,2852004
NC_104190.1,2860371
NC_105119.1,2852005
NC_100331.1,2508175
NC_108329.1,2980089
NC_106514.1,2918880
NC_106513.1,2918879
NC_105825.1,2713223
NC_106721.1,2936943
NC_105587.1,2894397
NC_134262.1,2768772
NC_105118.1,2852003
NC_111488.1,3028909
NC_111487.1,3028908
NC_133303.1,3027684
NC_133119.1,2881221
NC_106597.1,2747781
NC_103220.1,2789812
NC_103219.1,2789811
NC_103563.1,2797309
NC_111751.1,3032422
NZ_CP008698.1,1221328
NZ_CP007800.1,1232554
NC_102116.1,2713325
NC_105117.1,2851994
NC_105114.1,2851991
NC_103484.1,2801536
NC_105116.1,2851993
NC_103481.1,2801510
NC_103643.1,2815768
NC_103216.1,2785525
NC_102114.1,2713322
NC_100739.1,2575327
NZ_CP029707.1,287
NC_001608.4,33727
NC_101270.1,2591134
NC_100567.1,2588125
NC_102113.1,2713318
NC_001526.4,333760
NC_102110.1,2713313
NC_102109.1,2713311
NC_102108.1,2713305
NC_107033.1,2959432
NC_105115.1,2851992
NC_111398.1,3025422
NC_109292.1,2962598
NC_104194.1,2861003
NC_106733.1,2948589
NC_133255.1,2576478
NC_111353.1,3025418
NC_103215.1,2777380
NC_103212.1,2777377
NC_092681.1,2912287
NC_092900.1,2713296
NC_092684.1,2713288
NC_027026.1,95342
NZ_CP139039.1,1314835
NZ_CP019649.1,1331664
NC_092683.1,2713284
NC_092682.1,2713280
NC_092457.1,3018531
NC_092456.1,3018528
NC_092455.1,3018522
NC_091965.1,3028515
NC_091964.1,2608368
NC_026314.1,2773293
NC_083851.1,2283315
NZ_CP110845.1,2993654
NC_047837.1,2023716
NC_024625.1,1346829
NC_023861.2,1755588
NC_079188.1,2822864
NC_079187.1,2849625
NC_079186.1,2911664
NC_079185.1,2978980
NC_079184.1,3003366
NC_079183.1,2909742
NC_079182.1,2593324
NC_079181.1,2593331
NC_079180.1,2910155
NC_079179.1,2801354
NC_079178.1,2801356
NC_079177.1,2801357
NC_079176.1,2875839
NC_079175.1,2961702
NC_079174.1,2876597
NC_005859.1,2695836
NC_073071.1,2045373
NC_070779.1,2797303
NC_061437.1,1928621
NC_079146.1,3038364
NC_079145.1,2859476
NC_079144.1,2571250
NC_079143.1,3038367
NC_079142.1,2927281
NC_079141.1,2652405
NC_079140.1,3035369
NC_055052.1,2848047
NC_027399.1,1439894
NC_025824.1,2847073
NC_025440.1,1541821
NC_079139.1,2811091
NC_075033.1,10863
NC_075032.1,10863
NC_075031.1,10863
NC_075030.1,10863
NC_075029.1,10863
NC_075028.1,10863
NC_075026.1,10863
NC_075025.1,10863
NC_074765.1,1977402
NC_074763.1,10872
NC_074762.1,1463607
NC_055055.1,1979540
NC_055054.1,1497850
NC_055053.1,1685501
NC_055051.1,867695
NC_047872.1,1486419
NC_047871.1,1486414
NC_047853.1,947379
NC_047745.1,1173765
NC_047744.1,1445811
NC_047736.1,1126949
NC_047735.1,1126951
NC_047732.1,1673874
NC_047731.1,1673884
NC_047730.1,1610831
NC_047729.1,1610830
NC_047728.1,516541
NC_047727.1,1195080
NC_047726.1,1195079
NC_047725.1,1195078
NC_047724.1,1195081
NC_047723.1,1195077
NC_047722.1,1195076
NC_047721.1,1239385
NC_047720.1,1028375
NC_028944.1,1690431
NC_025823.1,10863
NC_025417.1,1262512
NC_021781.2,1173766
NC_020877.1,1235660
NC_019548.1,1150992
NC_012757.1,642111
NC_005949.1,127511
NC_003311.2,180503
NC_002363.1,127508
NC_077216.1,698400
NC_044935.1,35265
NC_078647.1,2812802
NC_017918.2,1381007
NC_047778.1,1897743
NC_018667.1,2340870
NC_018617.1,2170116
NC_017829.1,134386
NC_014955.1,1513257
NC_001612.1,138948
NC_001472.1,138949
NC_079028.1,2905465
NC_079027.1,2905465
NC_079026.1,2905465
NC_079025.1,2905464
NC_079024.1,2905464
NC_079023.1,2905464
NC_077712.1,228897
NC_077711.1,228897
NC_076332.1,2202565
NC_077215.1,2986514
NC_077214.1,3071324
NC_077213.1,2969597
NC_077212.1,2969597
NC_077211.1,2969597
NC_077210.1,2969597
NC_077209.1,2951261
NC_077208.1,2951260
NC_077207.1,2951259
NC_077206.1,2951256
NC_077205.1,3017836
NC_077204.1,3017835
NC_077203.1,3017836
NC_077202.1,3017833
NC_077201.1,3017832
NC_077200.1,3017829
NC_077199.1,3017830
NC_077198.1,3017834
NC_077197.1,3017831
NC_077196.1,2929287
NC_077195.1,2929250
NC_077194.1,2929252
NC_077193.1,2912606
NC_077191.1,2914460
NC_077190.1,2914455
NC_077189.1,2914459
NC_077188.1,2914457
NC_077187.1,2914461
NC_077186.1,2914456
NC_077185.1,2914454
NC_077184.1,2914485
NC_077183.1,2914482
NC_077182.1,2914481
NC_077181.1,2914480
NC_077180.1,2914487
NC_077179.1,2914484
NC_077178.1,2914483
NC_077177.1,2914488
NC_077176.1,2914486
NC_077175.1,2914477
NC_077174.1,2928187
NC_077173.1,2929011
NC_077172.1,2929005
NC_077171.1,2929007
NC_077170.1,2741801
NC_077169.1,2911954
NC_077168.1,2911958
NC_077167.1,2911957
NC_077166.1,2911956
NC_077165.1,2908099
NC_077164.1,2909205
NC_077163.1,2945982
NC_077162.1,3071210
NC_077159.1,2872567
NC_077155.1,2913600
NC_077153.1,2928256
NC_077152.1,2913660
NC_077151.1,2903266
NC_077150.1,2921215
NC_077149.1,2873557
NC_077148.1,2880839
NC_077147.1,2933796
NC_077145.1,2873952
NC_077144.1,2873951
NC_077142.1,2879288
NC_077141.1,2879288
NC_077140.1,2879287
NC_077139.1,2874141
NC_077137.1,2886406
NC_077136.1,2886402
NC_077135.1,2886401
NC_077134.1,2886400
NC_077133.1,2886399
NC_077132.1,2886398
NC_077131.1,2886397
NC_077130.1,2877507
NC_077129.1,2877511
NC_077128.1,2905564
NC_077127.1,2905620
NC_077126.1,2905571
NC_077125.1,2905570
NC_077124.1,2905566
NC_077123.1,3070917
NC_077122.1,2905565
NC_077121.1,2905567
NC_077120.1,2905569
NC_077118.1,2871166
NC_077115.1,2834422
NC_077112.1,2860269
NC_077109.1,2817738
NC_077108.1,2878269
NC_077106.1,2863583
NC_077105.1,2839003
NC_077104.1,2820912
NC_077103.1,2899887
NC_077102.1,2827438
NC_077101.1,2827437
NC_077100.1,2827439
NC_077097.1,2810799
NC_077096.1,2838076
NC_077089.1,2909736
NC_077087.1,2778671
NC_077086.1,2878088
NC_077085.1,2878088
NC_077084.1,2875869
NC_077083.1,2781641
NC_077082.1,2781641
NC_077081.1,2781641
NC_077080.1,2781641
NC_077079.1,2781641
NC_077078.1,2771212
NC_077076.1,2771381
NC_077075.1,2771380
NC_077070.1,2838078
NC_077069.1,2755147
NC_077068.1,2777710
NC_077065.1,2767029
NC_077056.1,2791164
NC_077052.1,2764701
NC_077048.1,2713208
NC_077047.1,2801326
NC_077046.1,2755482
NC_077040.1,2763538
NC_077034.1,2714177
NC_077031.1,3071313
NC_077029.1,3070156
NC_077024.1,2713211
NC_076993.1,2983915
NC_076968.1,2762721
NC_076951.1,2748342
NC_076946.1,2880837
NC_076945.1,2880838
NC_076944.1,2848910
NC_076943.1,2848909
NC_076942.1,2834153
NC_076941.1,2811341
NC_076939.1,2892035
NC_076917.1,2796532
NC_076914.1,2813545
NC_076913.1,2829853
NC_076909.1,2805917
NC_076908.1,2783683
NC_076907.1,2778520
NC_076905.1,2760664
NC_076904.1,3071225
NC_076903.1,2760745
NC_076902.1,2753665
NC_076901.1,2716759
NC_076900.1,2793953
NC_076899.1,2768771
NC_076898.1,2730538
NC_076897.1,2755404
NC_076896.1,2749300
NC_076894.1,2766568
NC_076893.1,2766566
NC_076892.1,2766566
NC_076891.1,2766565
NC_076890.1,2766564
NC_076889.1,2766563
NC_076888.1,2766562
NC_076887.1,2766561
NC_076886.1,2766561
NC_076885.1,2781948
NC_076883.1,2775266
NC_076882.1,2732256
NC_076881.1,2767013
NC_076873.1,2763129
NC_076865.1,2754817
NC_076864.1,3071215
NC_076863.1,2810133
NC_076862.1,2740120
NC_076851.1,2735923
NC_076850.1,2735921
NC_076849.1,2735920
NC_076848.1,2735919
NC_076847.1,2735927
NC_076846.1,2735925
NC_076845.1,2735940
NC_076844.1,2735939
NC_076843.1,2735938
NC_076842.1,2716754
NC_076841.1,2716753
NC_076840.1,2735951
NC_076839.1,2735950
NC_076838.1,2735949
NC_076837.1,2735948
NC_076836.1,2735947
NC_076835.1,2735946
NC_076834.1,2735945
NC_076833.1,2735944
NC_076832.1,2735957
NC_076831.1,2735956
NC_076830.1,2735955
NC_076829.1,2735954
NC_076828.1,2735953
NC_076827.1,2735952
NC_076826.1,2735943
NC_076823.1,2698667
NC_076730.1,2720907
NC_076729.1,2716764
NC_076726.1,2698666
NC_076711.1,2716617
NC_076710.1,2705123
NC_076709.1,2714166
NC_076708.1,2714165
NC_076707.1,2714167
NC_076706.1,2714164
NC_076613.1,2801155
NC_076612.1,2776808
NC_076610.1,2760003
NC_076609.1,2715689
NC_076534.1,2772344
NC_076533.1,2817571
NC_076532.1,2813288
NC_076531.1,2813287
NC_076495.1,2771210
NC_076492.1,2732257
NC_076486.1,2729647
NC_076485.1,2740451
NC_076484.1,2716316
NC_076483.1,2716318
NC_076482.1,2715094
NC_076481.1,2715094
NC_076477.1,2739880
NC_076476.1,2739876
NC_076475.1,2739875
NC_076474.1,2739874
NC_076472.1,2713499
NC_076471.1,2697494
NC_076470.1,2705538
NC_076469.1,2705543
NC_076465.1,2738470
NC_076464.1,2738469
NC_076448.1,2721273
NC_076447.1,2718722
NC_076446.1,2736647
NC_076444.1,2720966
NC_076443.1,2720962
NC_076442.1,2720961
NC_076441.1,2720960
NC_076440.1,2720959
NC_076439.1,2720958
NC_076438.1,2720952
NC_076437.1,2720951
NC_076436.1,2720949
NC_076435.1,2720946
NC_076434.1,2720945
NC_076433.1,2720942
NC_076432.1,2720941
NC_076431.1,2736692
NC_076430.1,2738555
NC_076429.1,2695302
NC_076427.1,2714894
NC_076417.1,2849697
NC_076415.1,2704630
NC_076411.1,2849699
NC_076399.1,2714170
NC_076395.1,2751480
NC_076349.1,2802539
NC_076244.1,2802554
NC_076022.1,2849741
NC_075992.1,2870379
NC_075445.1,2870377
NC_075284.1,2956631
NC_075283.1,2956630
NC_075282.1,2870360
NC_075281.1,2870359
NC_059682.1,2847174
NC_059681.1,2847173
NC_077220.1,2509152
NC_077219.1,2847092
NC_077092.1,2080449
NC_077051.1,2050976
NC_077050.1,2050976
NC_077038.1,3070179
NC_077036.1,748192
NC_077035.1,2653508
NC_077030.1,2682467
NC_077028.1,2972693
NC_077027.1,2683823
NC_077026.1,2653709
NC_077025.1,1207438
NC_077018.1,2672571
NC_077017.1,2304463
NC_077016.1,2547312
NC_077014.1,2219873
NC_077008.1,2073044
NC_077007.1,2170423
NC_077005.1,459305
NC_077004.1,2204155
NC_076997.1,12204
NC_076995.1,1295080
NC_076967.1,2597325
NC_076966.1,2604840
NC_076965.1,3118716
NC_076964.1,173566
NC_076963.1,2341050
NC_076948.1,11041
NC_076938.1,1272948
NC_076937.1,2686073
NC_076936.1,864692
NC_076935.1,380436
NC_076934.1,864694
NC_076933.1,864695
NC_076932.1,380432
NC_076931.1,864698
NC_076918.1,1216472
NC_076910.1,870588
NC_076884.1,2283237
NC_076869.1,2315721
NC_076867.1,1256869
NC_076854.1,1569061
NC_076852.1,2748378
NC_076825.1,33761
NC_076728.1,307466
NC_076725.1,2664558
NC_076720.1,2598784
NC_076716.1,2650000
NC_076715.1,3071279
NC_076713.1,2596746
NC_076712.1,3071214
NC_076692.1,2594175
NC_076687.1,2562808
NC_076686.1,2571313
NC_076685.1,1906673
NC_076684.1,1906673
NC_076683.1,2605718
NC_076682.1,2605775
NC_076668.1,2501222
NC_076667.1,2501221
NC_076666.1,2501220
NC_076665.1,2501219
NC_076664.1,2501216
NC_076663.1,2501280
NC_076662.1,2501273
NC_076661.1,2501272
NC_076660.1,2501271
NC_076659.1,1284208
NC_076657.1,2016400
NC_076655.1,2606569
NC_076654.1,2501658
NC_076653.1,2597809
NC_076652.1,307448
NC_076651.1,2497445
NC_076650.1,2497444
NC_076649.1,2546225
NC_076648.1,2546224
NC_076638.1,2248769
NC_076637.1,1705352
NC_076636.1,1423347
NC_076635.1,2315578
NC_076634.1,2511840
NC_076633.1,2586033
NC_076631.1,2358294
NC_076630.1,1908380
NC_076625.1,1300978
NC_076624.1,1300978
NC_076623.1,1678145
NC_076622.1,2086643
NC_076607.1,2590572
NC_076606.1,2599303
NC_076605.1,2486281
NC_076604.1,2364128
NC_076603.1,2108357
NC_076599.1,1849538
NC_076598.1,1985188
NC_076597.1,1497434
NC_076592.1,1678143
NC_076588.1,1859166
NC_076587.1,1859165
NC_076575.1,1676469
NC_076555.1,1133727
NC_076513.1,83440
NC_076512.1,10295
NC_076510.1,2358214
NC_076509.1,39944
NC_076504.1,1955137
NC_076496.1,1983771
NC_076493.1,2202565
NC_076480.1,2202565
NC_076479.1,1329650
NC_076466.1,2678334
NC_076463.1,2656740
NC_076451.1,2652756
NC_076450.1,2652755
NC_076426.1,2604336
NC_076425.1,2604335
NC_076423.1,2598785
NC_076419.1,742819
NC_076418.1,2596902
NC_076414.1,2668087
NC_076413.1,2668086
NC_076412.1,2596788
NC_076410.1,2596899
NC_076409.1,2683043
NC_076408.1,2604910
NC_076407.1,2604907
NC_076406.1,2604906
NC_076405.1,2604905
NC_076403.1,2592416
NC_076402.1,2592415
NC_076401.1,2592414
NC_076398.1,2499624
NC_076397.1,2613793
NC_076378.1,2582878
NC_076377.1,2582874
NC_076376.1,2582871
NC_076375.1,2582892
NC_076374.1,2585076
NC_076373.1,2596882
NC_076367.1,2600101
NC_076366.1,2582939
NC_076365.1,2582937
NC_076364.1,2582947
NC_076363.1,2582945
NC_076362.1,2582944
NC_076361.1,2582943
NC_076360.1,2582942
NC_076359.1,2582941
NC_076358.1,2582936
NC_076356.1,2586199
NC_076355.1,2586208
NC_076354.1,2586207
NC_076353.1,2586206
NC_076352.1,2586204
NC_076351.1,2586203
NC_076350.1,2586201
NC_076348.1,2501288
NC_076347.1,2576455
NC_076346.1,2576453
NC_076345.1,2576460
NC_076344.1,2576458
NC_076343.1,2576456
NC_076342.1,2576454
NC_076341.1,2576457
NC_076340.1,2848040
NC_076339.1,93678
NC_076338.1,693419
NC_076337.1,2579707
NC_076335.1,2202565
NC_076334.1,2202565
NC_076333.1,2202565
NC_076331.1,2202565
NC_076330.1,2202565
NC_076329.1,2202565
NC_076328.1,2202565
NC_076327.1,2202565
NC_076326.1,2202565
NC_076325.1,2202565
NC_076324.1,2202565
NC_076323.1,2202565
NC_076322.1,2202565
NC_076321.1,2202565
NC_076320.1,2202565
NC_076319.1,2202565
NC_076318.1,2202565
NC_076317.1,2202565
NC_076316.1,2202565
NC_076315.1,2202565
NC_076314.1,2202565
NC_076313.1,2202565
NC_076312.1,2202565
NC_076311.1,2202565
NC_076310.1,2202565
NC_076309.1,2202565
NC_076308.1,2202565
NC_076307.1,2202565
NC_076306.1,2202565
NC_076305.1,2202565
NC_076304.1,2202565
NC_076303.1,2202565
NC_076302.1,2202565
NC_076301.1,2202565
NC_076300.1,2202565
NC_076299.1,2202565
NC_076298.1,2202565
NC_076297.1,2202565
NC_076296.1,2202565
NC_076293.1,2597326
NC_076287.1,2563838
NC_076286.1,2584390
NC_076285.1,2584394
NC_076284.1,2584397
NC_076283.1,2584393
NC_076282.1,2584396
NC_076281.1,2584392
NC_076280.1,2584384
NC_076279.1,2584399
NC_076278.1,2584388
NC_076277.1,2584395
NC_076276.1,2584382
NC_076275.1,2584403
NC_076274.1,2584386
NC_076273.1,2584401
NC_076272.1,2584398
NC_076271.1,2584391
NC_076270.1,2584380
NC_076269.1,381543
NC_076267.1,2563012
NC_076265.1,2306887
NC_076264.1,2547963
NC_076261.1,2602440
NC_076260.1,1272955
NC_076259.1,2530493
NC_076258.1,2496634
NC_076257.1,2496634
NC_076256.1,2496634
NC_076255.1,2496634
NC_076254.1,2496634
NC_076253.1,2496634
NC_076252.1,2496634
NC_076251.1,2530494
NC_076250.1,2170211
NC_076249.1,2018499
NC_076248.1,2518602
NC_076247.1,2518008
NC_076246.1,10454
NC_076245.1,2563826
NC_076243.1,2490442
NC_076242.1,2575832
NC_076241.1,2304485
NC_076240.1,2304484
NC_076239.1,1985706
NC_076238.1,2496634
NC_076237.1,2496634
NC_076236.1,2496634
NC_076235.1,2496633
NC_076234.1,2065036
NC_076233.1,2065036
NC_076232.1,2486603
NC_076231.1,2304214
NC_076230.1,2293881
NC_076225.1,2249933
NC_076224.1,2249932
NC_076213.1,2060142
NC_076211.1,2315722
NC_076210.1,2116536
NC_076208.1,2079603
NC_076207.1,2054615
NC_076206.1,2054619
NC_076205.1,1874738
NC_076201.1,2079605
NC_076200.1,2079604
NC_076198.1,2016460
NC_076197.1,2016460
NC_076196.1,2016460
NC_076195.1,2016460
NC_076194.1,2016460
NC_076193.1,2016460
NC_076192.1,2016460
NC_076191.1,2016460
NC_076190.1,2016460
NC_076189.1,2016460
NC_076188.1,2016460
NC_076186.1,1955137
NC_076184.1,2025480
NC_076178.1,2219036
NC_076177.1,2219036
NC_076176.1,2219036
NC_076175.1,2219036
NC_076174.1,2219036
NC_076173.1,2213168
NC_076172.1,2213167
NC_076171.1,2213167
NC_076170.1,2213168
NC_076169.1,2213167
NC_076168.1,68887
NC_076166.1,93678
NC_076165.1,10325
NC_076164.1,10325
NC_076163.1,195060
NC_076162.1,2057931
NC_076156.1,93678
NC_076155.1,93678
NC_076153.1,1861840
NC_076144.1,1671380
NC_076141.1,1514665
NC_076140.1,1514664
NC_076139.1,1514665
NC_076138.1,68887
NC_076135.1,93678
NC_076131.1,93678
NC_076129.1,3070189
NC_076127.1,1128423
NC_076125.1,393034
NC_076124.1,1138484
NC_076123.1,1138485
NC_076122.1,1034792
NC_076121.1,2847851
NC_076118.1,377611
NC_076111.1,2597808
NC_076105.1,221036
NC_076104.1,417194
NC_076102.1,109981
NC_076048.1,1960254
NC_076038.1,1564115
NC_076037.1,1564115
NC_076032.1,54315
NC_076031.1,447897
NC_076028.1,2575764
NC_076027.1,2562517
NC_076026.1,2557875
NC_076025.1,2547430
NC_076024.1,2518374
NC_076023.1,2510980
NC_076020.1,2231646
NC_076018.1,2734354
NC_076017.1,2161809
NC_076003.1,2094282
NC_076002.1,2080823
NC_076000.1,2079521
NC_075997.1,2003308
NC_075996.1,1965018
NC_075994.1,1914568
NC_075973.1,47901
NC_075972.1,1806636
NC_075965.1,3241439
NC_075725.1,10366
NC_075724.1,515176
NC_075702.1,35250
NC_075689.1,10345
NC_075687.1,104388
NC_075683.1,10386
NC_075569.1,11978
NC_075566.1,39637
NC_075564.1,79891
NC_075563.1,365327
NC_075546.1,2565304
NC_075538.1,2501771
NC_075488.1,190063
NC_075454.1,1967296
NC_075453.1,2039267
NC_075452.1,318592
NC_075450.1,740971
NC_075448.1,2580388
NC_075447.1,2055263
NC_075446.1,11216
NC_075437.1,2025352
NC_075436.1,2025388
NC_075432.1,2012856
NC_075431.1,52996
NC_075430.1,52996
NC_075427.1,2012676
NC_075422.1,909827
NC_075421.1,100755
NC_075420.1,114871
NC_075418.1,2560614
NC_075417.1,1654930
NC_075416.1,909827
NC_075412.1,944994
NC_075411.1,889389
NC_075404.1,2560319
NC_075392.1,3052731
NC_075391.1,1329650
NC_075390.1,2055263
NC_075389.1,2055263
NC_075388.1,2055263
NC_075387.1,2748378
NC_075386.1,2055263
NC_075385.1,2055263
NC_075384.1,2055263
NC_075383.1,2055263
NC_075382.1,2055263
NC_075381.1,2055263
NC_075380.1,2055263
NC_075379.1,2055263
NC_075378.1,2055263
NC_075377.1,2055263
NC_075376.1,2055263
NC_075375.1,2055263
NC_075374.1,2055263
NC_075373.1,2055263
NC_075372.1,2055263
NC_075371.1,2055263
NC_075370.1,2055263
NC_075369.1,2055263
NC_075368.1,2109587
NC_075367.1,2496520
NC_075342.1,1932006
NC_075341.1,1820159
NC_075339.1,2017709
NC_075338.1,2017710
NC_075337.1,2016461
NC_075336.1,2016461
NC_075335.1,2016461
NC_075334.1,2016461
NC_075333.1,2016461
NC_075332.1,2016461
NC_075331.1,2016461
NC_075330.1,2016461
NC_075329.1,2016461
NC_075328.1,2025477
NC_075327.1,2025478
NC_075326.1,2025479
NC_075325.1,1983771
NC_075324.1,2077296
NC_075323.1,1983771
NC_075322.1,2219124
NC_075321.1,2219127
NC_075320.1,2219132
NC_075319.1,2219114
NC_075318.1,2219115
NC_075317.1,2219116
NC_075316.1,2219111
NC_075315.1,2219113
NC_075314.1,2219121
NC_075313.1,2230897
NC_075312.1,2230898
NC_075311.1,2230899
NC_075310.1,2291613
NC_075306.1,2202565
NC_075305.1,2202565
NC_075304.1,2010277
NC_075303.1,2010272
NC_075302.1,1074214
NC_075301.1,1074214
NC_075300.1,1074214
NC_075295.1,2499225
NC_075293.1,2499229
NC_075291.1,2499232
NC_075290.1,2202647
NC_075289.1,1954248
NC_075288.1,2202565
NC_075287.1,2202647
NC_075286.1,2499233
NC_075285.1,340016
NC_075280.1,1530251
NC_075279.1,1940570
NC_075278.1,1940570
NC_075277.1,1940570
NC_075276.1,1940570
NC_075274.1,2230910
NC_075251.1,333924
NC_075235.1,10580
NC_075233.1,10586
NC_075191.1,10585
NC_075136.1,2060617
NC_075121.1,1919247
NC_075120.1,3052040
NC_075118.1,185639
NC_075110.1,603333
NC_075108.1,1856642
NC_075107.1,1868659
NC_075106.1,1249648
NC_075105.1,92652
NC_075102.1,278069
NC_075080.1,1853865
NC_075038.1,2126984
NC_075037.1,1247379
NC_075036.1,2024608
NC_075035.1,212035
NC_075034.1,1842663
NC_075022.1,11036
NC_075016.1,11029
NC_075015.1,11039
NC_075011.1,1440170
NC_075006.1,2169701
NC_074971.1,1891770
NC_074969.1,29250
NC_074954.1,1508712
NC_074953.1,1508710
NC_074893.1,664980
NC_074776.1,1234879
NC_074775.1,72149
NC_074772.1,11263
NC_074766.1,28274
NC_055953.1,2419667
NC_054015.1,2586420
NC_054004.1,2691598
NC_054003.1,1906673
NC_006232.1,85708
NC_005946.1,10493
NC_004544.1,278069
NC_004323.1,80366
NC_001557.1,12881
NC_001896.1,68416
NC_001412.1,10840
NC_076947.1,11665
NC_076868.1,2793718
NC_076857.1,2726182
NC_076621.1,2029516
NC_076590.1,1980986
NC_076336.1,2576222
NC_076103.1,12475
NC_074758.1,2902690
NC_074757.1,2894809
NC_074756.1,2562181
NC_074755.1,2777364
NC_074754.1,2902694
NC_074753.1,2902692
NC_074752.1,2914027
NC_074751.1,2777363
NC_074749.1,2660689
NC_074748.1,2301640
NC_074747.1,2580353
NC_074746.1,2301636
NC_074745.1,2301637
NC_074744.1,2301634
NC_074743.1,2301639
NC_074742.1,2301635
NC_027992.1,1225792
NC_074664.1,2829367
NC_074663.1,2961988
NC_074662.1,2914450
NC_074661.1,2875722
NC_074660.1,2711179
NC_074659.1,1805958
NC_074658.1,2834256
NC_074655.1,3071307
NC_074654.1,2713157
NC_074653.1,2730632
NC_074652.1,2766529
NC_074651.1,2766528
NC_074650.1,3071309
NC_074649.1,3071310
PV574450.2,3415720
NC_074648.1,3071308
NC_074647.1,2811386
NC_074646.1,2847286
NC_074645.1,3070171
NC_074644.1,3070170
NC_074643.1,3070172
NC_074642.1,2856180
NC_074641.1,2759191
NC_074640.1,2999281
NC_074639.1,2999280
NC_074638.1,2987730
NC_074637.1,2730621
NC_074636.1,2987731
NC_074635.1,2493121
NC_074634.1,2730619
NC_074633.1,2730618
NC_074632.1,2730617
NC_074561.1,1260287
NC_074560.1,1260286
NC_073761.1,3071296
NC_073760.1,2675159
NC_073759.1,2682965
NC_073758.1,2601671
NC_073757.1,2750264
NC_073756.1,2686285
NC_073755.1,2201472
NC_073754.1,126989
NC_073753.1,3071317
NC_073752.1,2530114
NC_073751.1,2776820
NC_073750.1,2652757
NC_073749.1,689414
NC_073748.1,689414
NC_073747.1,2939039
NC_041925.1,1969841
NC_073690.1,2782564
NC_073689.1,2696355
NC_073688.1,1460363
NC_073687.1,1460362
NC_073686.1,1460361
NC_073685.1,1460364
NC_073684.1,1460366
NC_073683.1,1460367
NC_073682.1,2875723
NC_073681.1,2859563
NC_073680.1,2873460
NC_073679.1,2928831
NC_073678.1,2041350
NC_073677.1,2867265
NC_073676.1,2719194
NC_073675.1,1327940
NC_073673.1,2034343
NC_073672.1,2860997
NC_073623.1,2924906
NC_073622.1,2924907
NC_073621.1,2924904
NC_073620.1,2894297
NC_073619.1,2656517
NC_073618.1,3022057
NC_073617.1,2036050
NC_073616.1,3022056
NC_073615.1,3018995
NC_073614.1,3022055
NC_073613.1,2488595
NC_073612.1,3028488
NC_073611.1,2937408
NC_073610.1,2812900
NC_073609.1,2587493
NC_073608.1,2499902
NC_073607.1,2419747
NC_073606.1,3003808
NC_073605.1,2544984
NC_073604.1,3003720
NC_073603.1,2419748
NC_073602.1,3003719
NC_073601.1,2936914
NC_073600.1,2776857
NC_073599.1,2713260
NC_073598.1,2713258
NC_073597.1,2565509
NC_073596.1,2419952
NC_073595.1,2419964
NC_054898.2,1480731
NC_073594.1,2985648
NC_073593.1,2510522
NC_073592.1,2859633
NC_073591.1,2836041
NC_073590.1,2944951
NC_073589.1,2419968
NC_073588.1,2419963
NC_073490.1,2926097
NC_073489.1,2910765
NC_073488.1,2736271
NC_073487.1,2926108
NC_073486.1,2736273
NC_073485.1,2926084
NC_073484.1,2743999
NC_073483.1,2736272
NC_073482.1,2968677
NC_073481.1,2968680
NC_073480.1,2509748
NC_073479.1,2891955
NC_073478.1,2968613
NC_073477.1,2851069
NC_073476.1,2851068
NC_073475.1,2936912
NC_073474.1,2845816
NC_073473.1,2793708
NC_073472.1,2999013
NC_073471.1,2483661
NC_073470.1,2805839
NC_073469.1,2927284
NC_073468.1,2885983
NC_073467.1,2927268
NC_073466.1,2985324
NC_073465.1,2599870
NC_073464.1,2588512
NC_073463.1,2599866
NC_073462.1,2182397
NC_073461.1,2599890
NC_073460.1,2836048
NC_073459.1,2926099
NC_073458.1,2565372
NC_073457.1,1821728
NC_073456.1,1887657
NC_073455.1,2772023
NC_073454.1,2653275
NC_073453.1,2836011
NC_073452.1,2572529
NC_073451.1,2985323
NC_073450.1,2867473
NC_073449.1,2985325
NC_073448.1,2926098
NC_073447.1,2927243
NC_073446.1,2725651
NC_073445.1,2851101
NC_073444.1,2776864
NC_073443.1,2776866
NC_073442.1,2762415
NC_073441.1,2871539
NC_073440.1,2816467
NC_073439.1,2885152
NC_073438.1,2126928
NC_073437.1,2776867
NC_073436.1,2591213
NC_073435.1,2713263
NC_073434.1,2590932
NC_073433.1,2829393
NC_073432.1,2126929
NC_073431.1,2725619
NC_073430.1,2912654
NC_073429.1,2591214
NC_073428.1,2776868
NC_073427.1,2894293
NC_073376.1,2656554
NC_073375.1,2656550
NC_073374.1,2656546
NC_073373.1,2596974
NC_073372.1,2813165
NC_073371.1,2743404
NC_073370.1,2863847
NC_073369.1,2871520
NC_073368.1,2656551
NC_073367.1,2686229
NC_073366.1,2591217
NC_073365.1,2591215
NC_073364.1,2686228
NC_073363.1,2591216
NC_073362.1,2885981
NC_073336.1,2927283
NC_073335.1,2859477
NC_073334.1,2951390
NC_073333.1,2951391
NC_073332.1,2250368
NC_073331.1,2859632
NC_073330.1,2250389
NC_073329.1,2250409
NC_073328.1,2015864
NC_073327.1,2014347
NC_073326.1,2015871
NC_073325.1,2681674
NC_073324.1,2865787
NC_073323.1,2863832
NC_073322.1,2144178
NC_073321.1,2530021
NC_073320.1,2873413
NC_073319.1,2945916
NC_073318.1,2885687
NC_073317.1,2762429
NC_073316.1,2762426
NC_073315.1,2762427
NC_073314.1,2900297
NC_013420.1,2570911
NC_070951.1,3071007
NC_071039.1,2163605
NC_071001.1,2783549
NC_071000.1,2783546
NC_070970.1,2592193
NC_047702.1,2741075
NC_073046.1,2894778
NC_011097.2,549205
NC_001653.2,12475
NC_062748.1,2745673
NC_069146.1,2024312
NC_073219.1,2713319
NC_073218.1,2713291
NC_073217.1,2713312
NC_073216.1,1914788
NC_073215.1,2877945
NC_073214.1,2801553
NC_073213.1,2562176
NC_073212.1,2996091
NC_073211.1,2968433
NC_073210.1,2849081
NC_073209.1,2959430
NC_073208.1,2795238
NC_073207.1,2759195
NC_073206.1,2950460
NC_073205.1,2894344
NC_073204.1,1929963
NC_073203.1,2982923
NC_073202.1,2713289
NC_073201.1,2713293
NC_073200.1,2231334
NC_073199.1,2231336
NC_073198.1,2801566
NC_073197.1,2801568
NC_073196.1,2749668
NC_073195.1,2580409
NC_073194.1,2982171
NC_073193.1,2906742
NC_073192.1,2914178
NC_073191.1,2603849
NC_073190.1,2886211
NC_073189.1,2831178
NC_073188.1,2886209
NC_073187.1,2603848
NC_073186.1,2024214
NC_073185.1,2914173
NC_073184.1,3003233
NC_073183.1,2749412
NC_073182.1,2301720
NC_073181.1,2762669
NC_073180.1,2713323
NC_073179.1,2873373
NC_073178.1,2906028
NC_073177.1,2664131
NC_073176.1,2653660
NC_073175.1,2301722
NC_073174.1,2713326
NC_073173.1,2713283
NC_073172.1,2713320
NC_073171.1,2713302
NC_073170.1,1897529
NC_073169.1,2592216
NC_073095.1,2939132
NC_073094.1,2939129
NC_073093.1,2939128
NC_073091.1,3025408
NC_073090.1,2894785
NC_073089.1,2851982
NC_073088.1,2936919
NC_073086.1,2924880
NC_073085.1,2735301
NC_073084.1,2763527
NC_073083.1,2835936
NC_073082.1,2902747
NC_073081.1,2836105
NC_073080.1,2936906
NC_073079.1,2894795
NC_073078.1,2696462
NC_073076.1,2696411
NC_073075.1,2894588
NC_073074.1,2823683
NC_073073.1,2696416
NC_073072.1,2696386
NC_073070.1,2565596
NC_073069.1,2060112
NC_073068.1,2894793
NC_073067.1,2851979
NC_073066.1,2851980
NC_073065.1,2924881
NC_073064.1,2508185
NC_073063.1,2488596
NC_073062.1,2851978
NC_073061.1,2865793
NC_073060.1,2508186
NC_073059.1,2865806
NC_073058.1,2508187
NC_073057.1,2851981
NC_073056.1,2696442
NC_073055.1,2906743
NC_073054.1,2894747
NC_073053.1,2894796
NC_073052.1,2894753
NC_073051.1,2970333
NC_073050.1,2917160
NC_073049.1,2767196
NC_073048.1,2767195
NC_073047.1,1983581
NC_073045.1,2894779
NC_073044.1,1983579
NC_073043.1,2767194
NC_073042.1,1983578
NC_073041.1,347962
NC_073040.1,2483609
NC_073039.1,2982871
NC_073038.1,1775248
NC_073037.1,2981578
NC_073036.1,2975529
NC_073035.1,2975533
NC_073034.1,2909581
NC_073033.1,2746072
NC_073032.1,2886031
NC_073031.1,2948610
NC_073030.1,2939131
NC_073029.1,2939127
NC_073028.1,2943841
NC_073027.1,2930315
NC_073026.1,2975532
NC_073025.1,2686313
NC_073024.1,2686312
NC_073023.1,2686311
NC_073022.1,2719181
NC_007457.1,347966
NC_002030.1,12892
NC_072811.1,2234092
NC_072810.1,3020045
NC_072809.1,2382122
NC_022054.2,1340829
NC_071149.1,2981580
NC_051641.1,2182394
NC_072504.1,2894587
NC_072503.1,2686378
NC_072502.1,3003729
NC_072501.1,2660687
NC_072500.1,2822848
NC_072499.1,2968248
NC_072498.1,1970800
NC_070971.1,2588096
NC_003310.1,10244
NC_005265.1,244590
NC_001706.1,2681624
NC_004680.2,2907829
NC_071157.1,2874887
NC_071156.1,2912296
NC_071155.1,2874886
NC_071154.1,2873352
NC_071153.1,2834265
NC_071152.1,2874885
NC_071151.1,2982901
NC_071150.1,2852114
NC_071148.1,2968666
NC_071147.1,2968665
NC_071146.1,2783667
NC_071145.1,2874889
NC_071144.1,2874890
NC_071143.1,2907287
NC_071142.1,2874888
NC_071141.1,2973661
NC_071140.1,2935866
NC_071139.1,2759197
NC_071138.1,2047786
NC_071137.1,2562174
NC_071136.1,2961985
NC_071135.1,2776813
NC_071134.1,2894801
NC_071133.1,2530028
NC_071132.1,2861002
NC_071131.1,2874879
NC_071130.1,2849972
NC_071129.1,2849971
NC_071128.1,2686208
NC_071086.1,2184051
NC_071085.1,2419638
NC_071084.1,2419635
NC_071083.1,2419634
NC_071082.1,2419633
NC_071081.1,2419631
NC_071080.1,1971445
NC_071079.1,1971440
NC_071078.1,1971439
NC_071077.1,1971438
NC_071076.1,1971437
NC_071075.1,1971436
NC_071074.1,1971427
NC_071073.1,1971417
NC_071072.1,2365056
NC_071071.1,2365055
NC_071070.1,2365052
NC_071069.1,2365041
NC_071068.1,2365037
NC_071067.1,2365034
NC_071066.1,2365033
NC_071065.1,2365032
NC_071064.1,2365031
NC_071063.1,2365029
NC_071062.1,2365027
NC_071061.1,2365016
NC_071060.1,2419639
NC_071059.1,1971414
NC_071058.1,2492468
NC_071057.1,1913083
NC_071056.1,1971411
NC_071055.1,2483877
NC_071054.1,1971412
NC_071053.1,2492466
NC_071052.1,2419647
NC_071051.1,2419654
NC_071050.1,2920374
NC_071049.1,2419619
NC_071048.1,2894786
NC_071047.1,2894787
NC_071046.1,2894789
NC_071045.1,2724322
NC_071044.1,2894788
NC_071043.1,2500559
NC_071042.1,2894790
NC_071041.1,2783539
NC_071040.1,1675029
NC_071038.1,2910950
NC_071037.1,2910951
NC_071036.1,2740427
NC_071035.1,2768133
NC_071034.1,2704034
NC_071033.1,2832317
NC_071032.1,2910755
NC_071031.1,2885973
NC_071030.1,2835951
NC_071029.1,2762410
NC_071028.1,2776851
NC_071027.1,2832322
NC_071026.1,2790983
NC_071025.1,2832315
NC_071024.1,2776856
NC_071023.1,2832319
NC_071022.1,2910754
NC_071021.1,2860377
NC_071020.1,2860376
NC_071019.1,2712941
NC_071018.1,2859658
NC_071017.1,2801524
NC_071016.1,2576871
NC_071015.1,2863194
NC_071014.1,2338395
NC_071013.1,2849246
NC_071012.1,2849244
NC_071011.1,2900314
NC_071010.1,2910949
NC_071009.1,2910948
NC_071008.1,2894356
NC_071007.1,2924888
NC_071006.1,2871538
NC_071005.1,2656530
NC_071004.1,2743910
NC_071003.1,2894794
NC_071002.1,2816460
NC_070999.1,2908744
NC_070998.1,2591406
NC_070997.1,3070616
NC_070996.1,2079570
NC_070995.1,2201427
NC_070994.1,2571246
NC_070993.1,2866663
NC_070992.1,2589659
NC_070991.1,2508203
NC_070990.1,2711183
NC_070989.1,2865805
NC_070988.1,2601630
NC_070987.1,2711185
NC_070986.1,2686238
NC_070984.1,2662277
NC_070983.1,2860374
NC_070982.1,2865794
NC_070980.1,2849626
NC_070979.1,2070199
NC_070978.1,2059867
NC_070977.1,2908630
NC_070976.1,2772448
NC_070975.1,2754975
NC_070974.1,2081631
NC_070973.1,2795745
NC_070972.1,2924884
NC_070969.1,2805750
NC_070968.1,2894593
NC_070967.1,2509785
NC_070966.1,2509764
NC_070965.1,2718942
NC_070964.1,2783673
NC_070963.1,2781608
NC_070962.1,2588487
NC_070961.1,2783674
NC_070960.1,2783669
NC_070959.1,2718943
NC_070958.1,2593322
NC_070957.1,2593327
NC_070956.1,2591025
NC_070955.1,2894335
NC_070954.1,2767577
NC_070953.1,2492447
NC_070952.1,2869569
NC_070950.1,2767581
NC_070949.1,2663326
NC_070948.1,2590895
NC_070947.1,2250412
NC_070946.1,2867479
NC_070945.1,2859474
NC_070944.1,2591110
NC_070943.1,2024277
NC_070942.1,2591069
NC_070941.1,2024275
NC_070940.1,2015816
NC_070939.1,2024279
NC_070938.1,2024274
NC_070937.1,2924885
NC_070936.1,2664939
NC_070935.1,1920305
NC_070934.1,2108123
NC_070933.1,2712957
NC_070932.1,1932118
NC_070931.1,1897640
NC_070930.1,1916202
NC_070929.1,1916190
NC_070928.1,1916186
NC_070927.1,1897555
NC_070926.1,1916178
NC_070925.1,1916154
NC_070924.1,1916193
NC_070923.1,1916192
NC_070922.1,1916201
NC_070921.1,2267655
NC_070920.1,2866684
NC_070919.1,2894367
NC_070918.1,2914028
NC_070917.1,2914024
NC_070916.1,2918920
NC_070915.1,2918927
NC_070914.1,2918921
NC_070913.1,2918926
NC_070912.1,2914172
NC_070911.1,2861008
NC_070910.1,2906468
NC_070909.1,2904709
NC_070908.1,2852116
NC_070907.1,2724352
NC_070901.1,1913081
NC_070900.1,1913082
NC_070899.1,2419636
NC_070898.1,2419643
NC_070897.1,2857501
NC_070896.1,2762389
NC_070895.1,2591117
NC_070894.1,2656538
NC_070893.1,2652411
NC_070892.1,2590931
NC_070891.1,2885976
NC_070890.1,2024263
NC_070889.1,103371
NC_070888.1,2663232
NC_070887.1,2763529
NC_070886.1,2763531
NC_070885.1,2509729
NC_070884.1,2509586
NC_070883.1,2509787
NC_070882.1,2601632
NC_070881.1,2927622
NC_070880.1,2835941
NC_070879.1,3071005
NC_070878.1,2851077
NC_070877.1,2603260
NC_070876.1,2024265
NC_070875.1,2282409
NC_070874.1,2810370
NC_070873.1,2047765
NC_070872.1,2853091
NC_070871.1,2315696
NC_070870.1,2234086
NC_070869.1,2750853
NC_070868.1,2859656
NC_070867.1,2859653
NC_070866.1,2163965
NC_070865.1,1868829
NC_070864.1,2713224
NC_070863.1,2873372
NC_070862.1,2894395
NC_070861.1,2863195
NC_070860.1,2686301
NC_070859.1,2873349
NC_070858.1,2914029
NC_070857.1,2836086
NC_070856.1,2836132
NC_070855.1,2836135
NC_070854.1,2509576
NC_070853.1,2509781
NC_070852.1,2509728
NC_070851.1,2509750
NC_070850.1,2886042
NC_070849.1,2877946
NC_070848.1,2859072
NC_070847.1,2859655
NC_070846.1,3071280
NC_070845.1,2801506
NC_070844.1,2500560
NC_070843.1,1675028
NC_070842.1,2094736
NC_070841.1,1296654
NC_070840.1,2924887
NC_070839.1,2926475
NC_070838.1,2836091
NC_070837.1,2419957
NC_070836.1,2419611
NC_070835.1,2419610
NC_070834.1,2836007
NC_070833.1,2419609
NC_070832.1,2419948
NC_070831.1,2419967
NC_070830.1,2848886
NC_070829.1,2601695
NC_070828.1,2591226
NC_070827.1,2006671
NC_070826.1,1357707
NC_070825.1,1357709
NC_070824.1,2510494
NC_070823.1,1856120
NC_070822.1,1366055
NC_070821.1,2065202
NC_070820.1,1357710
NC_070819.1,2591118
NC_070818.1,2652881
NC_070817.1,1777061
NC_070816.1,2652879
NC_070815.1,2652883
NC_070814.1,2182395
NC_070813.1,2759395
NC_070812.1,2862998
NC_070811.1,2588133
NC_070810.1,2652880
NC_070809.1,2499023
NC_070808.1,2873534
NC_070807.1,2591209
NC_070806.1,2079397
NC_070805.1,2599847
NC_070804.1,2201426
NC_070803.1,2047832
NC_070802.1,2859488
NC_070801.1,2790987
NC_070800.1,2836044
NC_070799.1,2910954
NC_070798.1,2759392
NC_070797.1,2502431
NC_070796.1,2762412
NC_070795.1,2836009
NC_070794.1,2488957
NC_070793.1,2575355
NC_070792.1,2859634
NC_070791.1,2776861
NC_070790.1,2776839
NC_070789.1,2571252
NC_070788.1,2591189
NC_070787.1,2762398
NC_070786.1,2713269
NC_070785.1,2713267
NC_070784.1,2848887
NC_070783.1,2767565
NC_070782.1,2739834
NC_070781.1,2914443
NC_070780.1,2893954
NC_070778.1,2908628
NC_070777.1,2596709
NC_070776.1,2863193
NC_070775.1,2848881
NC_070774.1,2799672
NC_070773.1,2686202
NC_070772.1,2662136
NC_070771.1,2704035
NC_070770.1,2885974
NC_070769.1,2250414
NC_070768.1,2588498
NC_070767.1,2419947
NC_070766.1,2419945
NC_070765.1,2686235
NC_070764.1,2593335
NC_070763.1,2571247
NC_070762.1,2653271
NC_070761.1,1647283
NC_070760.1,2790985
NC_070759.1,2908746
NC_070758.1,2862773
NC_070727.1,3070820
NC_070726.1,2069609
NC_070725.1,2069608
NC_070724.1,2419663
NC_070723.1,2419660
NC_070722.1,2419656
NC_070721.1,2483879
NC_070720.1,2419655
NC_070719.1,2483878
NC_070718.1,2419649
NC_070717.1,2419640
NC_070716.1,2419632
NC_070715.1,2419630
NC_070714.1,2419628
NC_070713.1,2041508
NC_070712.1,1971449
NC_070711.1,1971448
NC_070710.1,1971447
NC_070709.1,1971446
NC_070708.1,1971443
NC_070707.1,1971435
NC_070706.1,1971434
NC_070705.1,1971433
NC_070704.1,1971432
NC_070703.1,1971431
NC_070702.1,1971430
NC_070701.1,1971429
NC_070700.1,1971426
NC_070699.1,1971425
NC_070698.1,1971424
NC_070697.1,1971423
NC_070696.1,1971422
NC_070695.1,1971421
NC_070694.1,1971419
NC_070693.1,1971418
NC_070692.1,1971416
NC_070691.1,1971415
NC_070690.1,1971410
NC_070689.1,2041506
NC_070688.1,2041505
NC_070687.1,2041504
NC_070686.1,2006928
NC_070685.1,2108111
NC_070684.1,2108109
NC_070683.1,2365058
NC_070682.1,2365054
NC_070681.1,2365051
NC_070680.1,2365049
NC_070679.1,2365048
NC_070678.1,2365047
NC_070677.1,2365046
NC_070676.1,2365045
NC_070675.1,2365044
NC_070674.1,2365043
NC_070673.1,2365042
NC_070672.1,2365039
NC_070671.1,2365038
NC_070670.1,2365036
NC_070669.1,2365035
NC_070668.1,2365030
NC_070667.1,2365028
NC_070666.1,2365026
NC_070665.1,2365022
NC_070664.1,2365021
NC_070663.1,2365018
NC_070662.1,2365017
NC_070661.1,2365015
NC_070660.1,2365012
NC_070659.1,2365010
NC_070658.1,2365009
NC_070657.1,2365008
NC_070656.1,2365005
NC_070655.1,2041501
NC_070654.1,2041496
NC_070653.1,1718279
NC_070652.1,1718280
NC_070651.1,1718281
NC_070625.1,2601660
NC_070624.1,2601652
NC_070623.1,2591379
NC_070622.1,2315627
NC_069751.1,1642588
NC_069750.1,2982892
NC_069749.1,2099649
NC_069748.1,2880994
NC_069747.1,2719198
NC_069746.1,2880993
NC_069745.1,2970490
NC_069744.1,2596676
NC_069743.1,2872676
NC_069742.1,2746928
NC_069741.1,2872675
NC_021333.1,1335638
NC_061450.1,2797313
NC_062780.1,2986396
NC_062779.1,2986394
NC_062778.1,2986404
NC_062777.1,2986395
NC_062776.1,2986400
NC_062775.1,2986407
NC_062774.1,2986398
NC_062773.1,2986405
NC_062772.1,2986410
NC_062771.1,2986399
NC_062770.1,2986403
NC_062769.1,2986397
NC_062768.1,2986406
NC_062767.1,2986412
NC_062766.1,2986401
NC_062765.1,2986411
NC_062764.1,2986402
NC_001895.1,2905681
NC_068555.1,2801837
NC_067270.1,2994057
NC_067218.1,2986419
NC_067217.1,2986408
NC_067216.1,2986414
NC_067215.1,2986418
NC_067214.1,2986416
NC_067213.1,2986413
NC_067212.1,2986420
NC_067211.1,2986415
NC_067210.1,2986409
NC_067209.1,2986417
NC_067194.1,2955582
NC_055917.2,2801480
NC_062763.1,2878013
NC_062762.1,2878010
NC_062761.1,2878009
NC_062760.1,2878008
NC_062759.1,2878006
NC_062758.1,2877991
NC_062757.1,2877990
NC_062756.1,2877989
NC_062755.1,2877986
NC_062754.1,2745699
NC_062753.1,2745692
NC_062752.1,2745691
NC_062751.1,2745685
NC_062750.1,2745684
NC_062749.1,2745674
NC_062747.1,2745672
NC_062746.1,2745662
NC_062745.1,2745646
NC_062744.1,2745643
NC_062743.1,2743803
NC_062742.1,2793345
NC_062741.1,2743804
NC_062740.1,2721757
NC_062737.1,2651918
NC_061451.1,2866695
NC_061449.1,2869545
NC_061448.1,2869543
NC_061447.1,2869556
NC_061446.1,2869553
NC_061445.1,2869552
NC_061444.1,2869555
NC_061443.1,2869547
NC_061442.1,2869557
NC_061441.1,2869544
NC_061440.1,2869549
NC_061436.1,2801525
NC_061421.1,2801834
NC_061418.1,2698923
NC_060137.1,2653718
NC_060136.1,2885975
NC_060135.1,2767553
NC_060133.1,2762280
NC_055956.1,2831671
NC_052978.1,2596672
NC_052974.1,2796514
NC_001900.2,2905674
NC_049466.2,2601675
NC_055921.1,2812854
NC_055920.1,2805836
NC_055919.1,2806547
NC_055918.1,2801895
NC_055916.1,2797417
NC_055915.1,2801477
NC_055914.1,2795746
NC_055913.1,2801534
NC_055912.1,2793696
NC_055911.1,2781364
NC_055910.1,2783547
NC_055909.1,2790994
NC_055908.1,2777318
NC_055907.1,2763102
NC_055906.1,2776836
NC_055905.1,2756144
NC_055904.1,2772095
NC_055903.1,2772094
NC_055902.1,2772093
NC_055901.1,2772092
NC_055900.1,2772091
NC_055899.1,2772090
NC_055898.1,2772089
NC_055897.1,2772088
NC_055896.1,2772087
NC_055895.1,2772086
NC_055894.1,2772085
NC_055893.1,2772084
NC_055892.1,2772083
NC_055891.1,2772082
NC_055890.1,2772081
NC_055889.1,2772080
NC_055888.1,2772079
NC_055887.1,2772078
NC_055886.1,2772077
NC_055885.1,2772076
NC_055884.1,2772075
NC_055883.1,2772074
NC_055882.1,2772073
NC_055881.1,2772072
NC_055880.1,2772071
NC_055879.1,2772070
NC_055878.1,2772069
NC_055877.1,2772068
NC_055876.1,2772067
NC_055875.1,2772066
NC_055874.1,2772065
NC_055873.1,2772064
NC_055872.1,2772063
NC_055871.1,2772062
NC_055870.1,2772061
NC_055869.1,2772060
NC_055868.1,2772059
NC_055867.1,2759393
NC_055866.1,2759198
NC_055865.1,2762397
NC_055864.1,2762401
NC_055863.1,2767578
NC_055862.1,2759177
NC_055861.1,2762414
NC_055860.1,2762421
NC_055859.1,2762413
NC_055858.1,2743994
NC_055857.1,2743985
NC_055856.1,2743907
NC_055852.1,2743781
NC_055851.1,2736262
NC_055850.1,2736265
NC_055849.1,2736263
NC_055848.1,2736261
NC_055847.1,2736288
NC_055846.1,2736202
NC_055845.1,2736200
NC_055844.1,2736197
NC_055843.1,2725634
NC_055842.1,2725629
NC_055841.1,2723773
NC_055840.1,2723769
NC_055839.1,2723900
NC_055838.1,2723901
NC_055837.1,2723899
NC_055836.1,2723898
NC_055835.1,2723897
NC_055834.1,2719594
NC_055833.1,2719593
NC_055832.1,2710495
NC_055831.1,2712972
NC_055830.1,2712961
NC_055829.1,2735171
NC_055828.1,2709317
NC_055827.1,2664225
NC_055826.1,2664196
NC_055825.1,2656590
NC_055824.1,2654972
NC_055823.1,2655002
NC_055822.1,2653725
NC_055821.1,2652882
NC_055820.1,2653747
NC_055819.1,2653274
NC_055818.1,2653273
NC_055817.1,2652402
NC_055816.1,2652412
NC_055815.1,2599884
NC_055814.1,2650876
NC_055813.1,2593356
NC_055812.1,2593350
NC_055760.1,2989854
NC_055756.1,2989853
NC_055729.1,2992576
NC_055722.1,2716322
NC_055040.1,2726708
NC_055026.1,2759732
NC_055025.1,2596715
NC_055020.1,2024213
NC_055018.1,2675265
NC_055017.1,2675263
NC_055016.1,2608369
NC_055014.1,2675243
NC_055013.1,2675242
NC_055012.1,2675240
NC_055011.1,2675237
NC_055010.1,2675260
NC_055009.1,2675259
NC_055007.1,2675244
NC_055006.1,2675238
NC_054995.1,2675235
NC_054987.1,2662299
NC_054981.1,2696345
NC_054979.1,2848096
NC_054975.1,2681195
NC_054973.1,2848097
NC_054965.1,2723758
NC_054963.1,2759728
NC_054962.1,2759721
NC_054961.1,2759725
NC_054960.1,2759730
NC_054959.1,2759727
NC_054958.1,2759726
NC_054957.1,2759724
NC_054956.1,2759720
NC_054955.1,2759715
NC_054953.1,2847105
NC_054946.1,2759710
NC_054945.1,2691085
NC_054938.1,2716729
NC_054937.1,2656520
NC_054934.1,2697539
NC_054933.1,2697537
NC_054932.1,2697536
NC_054927.1,2750851
NC_054924.1,2750850
NC_054921.1,2724310
NC_054913.1,2696339
NC_054912.1,2750846
NC_054901.1,2716727
NC_054900.1,2716728
NC_054897.1,2849700
NC_054896.1,2696449
NC_054891.1,2759719
NC_054890.1,2749426
NC_054815.1,2686088
NC_054810.1,2743928
NC_054807.1,2656567
NC_054797.1,2686232
NC_054793.1,2024295
NC_054790.1,2599857
NC_054789.1,2744011
NC_054783.1,2656617
NC_054779.1,2656562
NC_054777.1,2664224
NC_054776.1,2593355
NC_054771.1,2725640
NC_054762.1,2793705
NC_054726.1,2656541
NC_054725.1,2704033
NC_054721.1,2762409
NC_054718.1,2686471
NC_054679.1,2801898
NC_054678.1,2593360
NC_054676.1,2767587
NC_054675.1,2601693
NC_054673.1,2740182
NC_054672.1,2740181
NC_054669.1,2599888
NC_054667.1,2725628
NC_054659.1,2767588
NC_054658.1,2767584
NC_054657.1,2767576
NC_054654.1,2820395
NC_054653.1,2759464
NC_054649.1,2769808
NC_054648.1,2749381
NC_054646.1,2686071
NC_054463.1,2759709
NC_054462.1,2759711
NC_054461.1,2653651
NC_054456.1,2743929
NC_054454.1,2743932
NC_054448.1,2743931
NC_054446.1,2599868
NC_054438.1,2744004
NC_054437.1,2797324
NC_054433.1,2601610
NC_054432.1,2775045
NC_054425.1,2743906
NC_054423.1,2794944
NC_054419.1,2743905
NC_054392.1,2759389
NC_054149.1,2749430
NC_054148.1,2767579
NC_054147.1,2767570
NC_053516.1,2762283
NC_053514.1,2759459
NC_053513.1,2762281
NC_053511.1,2599860
NC_053509.1,2599882
NC_053506.1,2769359
NC_053247.1,2743909
NC_053246.1,2794947
NC_053244.1,2656540
NC_053243.1,2656534
NC_053242.1,2656539
NC_053236.1,2762402
NC_053235.1,2762400
NC_053210.1,2794946
NC_053209.1,2696373
NC_053173.1,2599852
NC_053172.1,2713262
NC_053015.1,2686474
NC_053013.1,2660688
NC_053011.1,2593268
NC_053010.1,2761110
NC_053009.1,2761109
NC_052999.1,2801569
NC_052991.1,2698927
NC_052989.1,2729575
NC_052986.1,2776735
NC_052984.1,2608321
NC_052983.1,2663325
NC_052980.1,2753656
NC_052979.1,2783540
NC_052977.1,2662138
NC_052964.1,2719575
NC_052938.1,2743924
NC_052936.1,2725614
NC_052935.1,2653750
NC_052934.1,2743990
NC_052933.1,2656547
NC_052663.1,2776821
NC_052662.1,2743961
NC_052661.1,2696458
NC_052660.1,2696455
NC_052659.1,2696432
NC_052658.1,2696431
NC_052657.1,2696426
NC_052656.1,2696383
NC_052655.1,2696379
NC_051739.1,2593351
NC_051738.1,2599880
NC_051730.1,2742107
NC_051729.1,2656556
NC_051728.1,2686098
NC_051727.1,2713268
NC_051723.1,2743996
NC_051716.1,2719209
NC_051705.1,2768139
NC_051690.1,2652404
NC_051687.1,2767561
NC_051685.1,2653764
NC_051684.1,2653763
NC_051668.1,2767559
NC_051662.1,2767557
NC_051658.1,2776877
NC_051651.1,2656575
NC_051650.1,2725612
NC_051649.1,2592659
NC_051648.1,2656572
NC_051642.1,2656569
NC_051637.1,2708630
NC_051635.1,2656561
NC_051631.1,2599887
NC_051630.1,2599886
NC_051629.1,2599885
NC_051623.1,2652423
NC_051622.1,2725625
NC_051618.1,2599859
NC_051617.1,2725626
NC_051609.1,2762405
NC_051608.1,2599862
NC_051603.1,2708633
NC_051600.1,2653755
NC_051590.1,2708631
NC_051586.1,2686233
NC_051584.1,2664226
NC_051582.1,2652422
NC_051581.1,2686231
NC_049456.2,2604899
NC_050151.1,2719600
NC_050150.1,2719595
NC_050149.1,2743936
NC_050147.1,2719185
NC_050146.1,2719200
NC_050144.1,2719186
NC_050143.1,2719601
NC_049976.1,2992639
NC_049974.1,2736266
NC_049973.1,2847044
NC_049972.1,2662128
NC_049971.1,2662127
NC_049900.1,2744802
NC_049857.1,2662295
NC_049853.1,2596677
NC_049852.1,2696393
NC_049848.1,2678563
NC_049845.1,2689114
NC_049842.1,2686209
NC_049838.1,2608376
NC_049832.1,2697005
NC_049831.1,2848075
NC_049830.1,2714735
NC_049829.1,2696375
NC_049828.1,2696402
NC_049827.1,2696389
NC_049826.1,2696376
NC_049825.1,2696401
NC_049824.1,2696460
NC_049823.1,2696404
NC_049821.1,2713321
NC_049820.1,2848074
NC_049819.1,2696385
NC_049818.1,2696450
NC_049817.1,2696452
NC_049816.1,2696456
NC_049815.1,2696451
NC_049812.1,2662293
NC_049808.1,2656515
NC_049509.1,2712940
NC_049508.1,2713304
NC_049507.1,2713310
NC_049506.1,2713306
NC_049505.1,2713278
NC_049504.1,2713292
NC_049503.1,2713273
NC_049502.1,2713281
NC_049501.1,2713274
NC_049500.1,2713301
NC_049499.1,2713314
NC_049498.1,2713256
NC_049497.1,2698910
NC_049496.1,2698907
NC_049495.1,2700089
NC_049494.1,2690230
NC_049493.1,2686289
NC_049492.1,2686303
NC_049491.1,2686308
NC_049490.1,2686290
NC_049489.1,2686080
NC_049488.1,2675257
NC_049487.1,2675256
NC_049486.1,2675255
NC_049485.1,2675254
NC_049484.1,2675252
NC_049483.1,2675251
NC_049482.1,2675250
NC_049481.1,2675249
NC_049480.1,2675246
NC_049479.1,2666257
NC_049478.1,2656526
NC_049477.1,2660715
NC_049476.1,2662297
NC_049475.1,2662298
NC_049474.1,2662296
NC_049473.1,2653270
NC_049472.1,2847816
NC_049471.1,2599828
NC_049470.1,2599838
NC_049469.1,2599764
NC_049468.1,2603257
NC_049467.1,2596966
NC_049465.1,2593333
NC_049464.1,2601678
NC_049463.1,2596674
NC_049459.1,2592223
NC_049432.1,2991867
NC_049344.1,2716354
NC_049343.1,2716352
NC_049342.1,2716351
NC_049341.1,2716350
NC_048878.1,2729541
NC_048877.1,2725606
NC_048876.1,2725616
NC_048875.1,2721760
NC_048874.1,2720215
NC_048873.1,2847815
NC_048872.1,2713277
NC_048871.1,2713309
NC_048870.1,2713279
NC_048869.1,2713299
NC_048868.1,2713317
NC_048867.1,2713297
NC_048866.1,2713285
NC_048865.1,2713308
NC_048864.1,2713282
NC_048863.1,2713327
NC_048862.1,2713276
NC_048861.1,2712958
NC_048860.1,2713257
NC_048859.1,2713242
NC_048858.1,2713243
NC_048857.1,2991865
NC_048856.1,2991864
NC_048855.1,2991863
NC_048854.1,2708562
NC_048853.1,2991862
NC_048852.1,2713222
NC_048851.1,2708629
NC_048850.1,2704043
NC_048849.1,2696340
NC_048848.1,2724180
NC_048847.1,2704031
NC_048845.1,2696397
NC_048844.1,2686279
NC_048843.1,2686278
NC_048842.1,2686277
NC_048841.1,2686273
NC_048840.1,2686270
NC_048839.1,2686268
NC_048838.1,2686266
NC_048837.1,2686263
NC_048836.1,2686258
NC_048835.1,2686251
NC_048834.1,2686250
NC_048833.1,2686247
NC_048832.1,2686246
NC_048831.1,2686245
NC_048830.1,2686244
NC_048829.1,2686242
NC_048828.1,2678601
NC_048827.1,2686437
NC_048826.1,2656545
NC_048825.1,2656532
NC_048824.1,2656582
NC_048823.1,2656542
NC_048822.1,2656529
NC_048821.1,2664246
NC_048820.1,2653716
NC_048819.1,2653652
NC_048818.1,2847072
NC_048817.1,2652415
NC_048816.1,2652414
NC_048815.1,2599849
NC_048814.1,2599845
NC_048813.1,2599848
NC_048812.1,2599843
NC_048811.1,2601628
NC_048810.1,2601686
NC_048809.1,2601697
NC_048807.1,2601643
NC_048806.1,2848039
NC_048805.1,2601626
NC_048804.1,2650877
NC_048803.1,2650874
NC_048802.1,2601680
NC_048800.1,2596673
NC_048797.1,2593638
NC_048794.1,2847284
NC_048779.1,2592615
NC_048672.1,2847822
NC_048671.1,2847823
NC_048664.1,2699738
NC_048191.1,2849598
NC_048188.1,2849600
NC_048187.1,2849599
NC_048147.1,2785027
NC_048051.1,2740799
NC_048050.1,2740798
NC_048023.1,2783859
NC_048020.1,2992931
NC_047993.1,2992929
NC_047976.1,2992928
NC_047971.1,2790307
NC_047970.1,2790306
NC_047969.1,2790305
NC_047968.1,2790304
NC_047899.1,2783801
NC_047889.1,2783800
NC_047874.1,2761363
NC_047834.1,2928692
NC_047827.1,2783802
NC_047826.1,2783803
NC_047800.1,2783867
NC_047769.1,2886901
NC_047717.1,2790660
NC_047716.1,2790659
NC_047715.1,2790347
NC_047714.1,2790346
NC_047713.1,2790336
NC_047712.1,2790345
NC_047711.1,2741077
NC_047710.1,2740802
NC_047709.1,2740801
NC_047708.1,2740805
NC_047707.1,2740803
NC_047706.1,2740800
NC_047705.1,2741074
NC_047704.1,2741072
NC_047703.1,2741076
NC_047701.1,2741073
NC_047700.1,2740804
NC_004927.2,2847106
NC_043767.1,2928684
NC_043027.1,2884423
NC_042307.1,2886919
NC_042353.1,2684227
NC_042352.1,2681614
NC_042351.1,2681612
NC_042350.1,2681615
NC_042349.1,2681613
NC_042348.1,2681616
NC_042342.1,2928683
NC_042341.1,2927991
NC_042340.1,2927989
NC_042339.1,2902839
NC_042338.1,2927982
NC_042337.1,2902840
NC_042336.1,2923008
NC_042335.1,2923007
NC_042334.1,2923004
NC_042333.1,2922992
NC_042332.1,2922987
NC_042331.1,2902890
NC_042330.1,2922220
NC_042329.1,2847995
NC_042328.1,2922217
NC_042327.1,2902900
NC_042326.1,2922216
NC_042325.1,2922215
NC_042324.1,2922214
PX963125.1,3683881
NC_042323.1,2922213
NC_042322.1,2922212
NC_042321.1,2922211
NC_042320.1,2922210
NC_042319.1,2922205
NC_042318.1,2922204
NC_042317.1,2922203
NC_042316.1,2902882
NC_042315.1,2920892
NC_042314.1,2920890
NC_042313.1,2920882
NC_042312.1,2920883
NC_042311.1,2920884
NC_042310.1,2920885
NC_042309.1,2920886
NC_042308.1,2902881
NC_042112.1,2927008
NC_042058.1,2920887
NC_042038.1,2886927
NC_042027.1,2919547
NC_042014.1,2024282
NC_042005.1,2678937
NC_041878.1,2772511
NC_041858.1,2884430
NC_041855.1,2927992
NC_041853.1,2927990
NC_041852.1,2927981
NC_041851.1,2923005
NC_041850.1,2922993
NC_041848.1,2681594
NC_041847.1,2922219
NC_041846.1,2902889
NC_041844.1,2922218
NC_004686.2,2907834
NC_004682.2,2907831
NC_014459.2,2919554
NC_030652.1,2913981
NC_024329.1,2784187
NC_029024.1,2880539
NC_028913.1,2911443
NC_028900.1,2919545
NC_028864.1,2911444
NC_002484.2,2932880
NC_008202.2,2911433
NC_005262.3,2883944
NC_003390.2,2905923
NC_027997.1,2994044
NC_027996.1,2994045
NC_027989.1,2920889
NC_027365.1,2923006
NC_027356.1,2681606
NC_027350.1,2885922
NC_027297.1,2991861
NC_005880.2,2928685
NC_023746.1,2922991
NC_023745.1,2923002
NC_023739.1,2902892
NC_023732.1,2922997
NC_023728.1,2922999
NC_023726.1,2922223
NC_023724.1,2922990
NC_023721.1,2922995
NC_023720.1,2922996
NC_023719.1,2884420
NC_023716.1,2902800
NC_023712.1,2922998
NC_023705.1,2922994
NC_023704.1,2922222
NC_023702.1,2923003
NC_023701.1,2902794
NC_023700.1,2920888
NC_023699.1,2923001
NC_023698.1,2902841
NC_023697.1,2902842
NC_023690.1,2923000
NC_023687.1,2902905
NC_022773.1,2880540
NC_022766.1,2884421
NC_022765.1,2884426
NC_012223.2,2681619
NC_022989.1,2892343
NC_022343.1,2991282
NC_021783.1,2991860
NC_021780.1,2928680
NC_021779.1,2928682
NC_021335.1,2847108
NC_021321.1,2847109
NC_021320.1,2847107
NC_021315.1,2927983
NC_019933.2,2994055
NC_019419.2,2681620
NC_020480.1,2884419
NC_020479.1,2880541
NC_020478.1,2880537
NC_020477.1,2880542
NC_019925.1,2678590
NC_019917.1,2886899
NC_019916.1,2892340
NC_019912.1,2884431
NC_019511.1,2927988
NC_019509.1,2920894
NC_019507.1,2881391
NC_019449.1,2892341
NC_019417.1,2923009
NC_019411.1,2927984
NC_019408.1,2927986
NC_019405.1,2927985
NC_018853.1,2927987
NC_018452.1,2881398
NC_018284.1,2922989
NC_018281.1,2922988
NC_017969.1,2681605
NC_006882.2,2908095
NC_017702.1,2892349
NC_017698.1,2892350
NC_017696.1,2892351
NC_017695.1,2892348
NC_017688.1,2892347
NC_016765.1,2992927
NC_016650.1,2922221
NC_016570.1,2886902
NC_016562.1,2885911
NC_016161.1,2681621
NC_012743.2,2886898
NC_015584.1,2920893
NC_015464.1,2885915
NC_015209.1,2785247
NC_015456.1,2919551
NC_015296.1,2991283
NC_015269.1,2991866
NC_015251.1,2919549
NC_015250.1,2919552
NC_014460.1,2919550
NC_014467.1,2681599
NC_014461.1,2919553
NC_014458.1,2902837
NC_013936.1,2902838
NC_013694.1,2919546
NC_013645.1,2919544
NC_013598.1,2919543
NC_013197.1,2919548
NC_013152.1,2898542
NC_013155.1,2898541
NC_013153.1,2898543
NC_012638.1,2681597
NC_012530.1,2892342
NC_011613.1,2914008
NC_011611.1,2914009
NC_011614.1,2681608
NC_011612.1,2914017
NC_011523.1,2880538
NC_011421.1,2884427
NC_011398.1,2849704
NC_011289.1,2914020
NC_011287.1,2914019
NC_011288.1,2914018
NC_011291.1,2902904
NC_009811.2,2908169
NC_011167.1,2884422
NC_011055.1,2914015
NC_011056.1,2914016
NC_011054.1,2902893
NC_011048.1,2884424
NC_011046.1,2898538
NC_009737.2,2785079
NC_011023.1,2914013
NC_011021.1,2914012
NC_011019.1,2914011
NC_011020.1,2914014
NC_010808.1,2993859
NC_010583.1,2886918
NC_010353.1,2914004
NC_010342.1,2914010
NC_010324.1,2679905
NC_010147.1,2994039
NC_009542.2,2913974
NC_009818.1,2913978
NC_009878.1,2902891
NC_009817.1,2913972
NC_009804.1,2914007
NC_009803.1,2914006
NC_009643.1,2880361
NC_009604.1,2881397
NC_009551.1,2914005
NC_009235.2,2881400
NC_009540.1,2892339
NC_009543.1,2913975
NC_009531.1,2914003
NC_009526.1,2911440
NC_009382.1,2993856
NC_009237.1,2883942
NC_009234.1,2883941
NC_009236.1,2881401
NC_009231.1,2849703
NC_009015.1,2886897
NC_009016.1,2913982
NC_008799.1,2994038
NC_008798.1,2993858
NC_008723.1,2913977
PX866598.1,3591861
OM418627.1,2918896
OL657228.1,2910191
OL657227.1,1541872
OL657226.1,1541872
PV714129.1,3434943
NC_008717.1,2913973
NC_008720.1,2886925
NC_008583.1,2911442
NC_007145.2,2681592
NC_008515.1,2681602
NC_008370.1,2892346
NC_008367.1,2913979
NC_008363.1,2908173
NC_008205.1,2911439
NC_008203.1,2911435
NC_008196.1,2681623
NC_008193.1,2911430
NC_008194.1,2902792
NC_008208.1,2911441
NC_008201.1,2681596
NC_008152.1,2681604
NC_007917.1,2883936
NC_007809.1,2911432
NC_007807.1,2911431
NC_007734.1,2885908
NC_007709.1,2994040
NC_007637.1,2679891
NC_007610.1,2908172
NC_007603.1,2994041
NC_007291.1,2886922
NC_007064.1,2908151
NC_007063.1,2908115
NC_007062.1,2908114
NC_007061.1,2936818
NC_007060.1,2936817
NC_007059.1,2936816
NC_007057.1,2936815
NC_007056.1,2936814
NC_007055.1,2936813
NC_007054.1,2936812
NC_007053.1,2952374
NC_007052.1,2908113
NC_007049.1,2908098
NC_007048.1,2908097
NC_007047.1,2908096
NC_007066.1,2908166
NC_007050.1,2908111
NC_007065.1,2908152
NC_007019.1,2908019
NC_007023.1,2887182
NC_007021.1,2908167
NC_006938.1,2681607
NC_006936.1,2892345
NC_006565.1,2892344
NC_006552.1,2679904
NC_002371.2,2908168
NC_005887.1,2883949
NC_005882.1,2881392
NC_005342.2,2883945
NC_004333.2,2883946
NC_005263.2,2883943
NC_002661.2,2952367
NC_005856.1,2886926
NC_005356.1,2992641
NC_005357.1,2885909
NC_005340.1,2907836
NC_005344.1,2905959
NC_004466.2,2905964
NC_005284.1,2881399
NC_005260.1,2880362
NC_005178.1,2907964
NC_005135.1,2907963
NC_005056.1,2681595
NC_004902.1,2907956
NC_004831.2,2907955
NC_004814.1,2907838
NC_004745.1,2992578
NC_004688.1,2907835
NC_004685.1,2907833
NC_004683.1,2907832
NC_004681.1,2907830
NC_004678.1,2679897
NC_000866.4,2681598
NC_002072.2,2932879
NC_004629.1,2905945
NC_004617.1,2992645
NC_004616.1,2905946
NC_004615.1,2681609
NC_003907.2,2907796
NC_004348.1,2905963
NC_004303.1,2681626
NC_004165.1,2994042
NC_003438.1,2928746
NC_003315.1,2932882
NC_003309.1,2883940
NC_003313.1,2905721
NC_003288.1,2993860
NC_003278.1,2993857
NC_002656.1,2902907
NC_002649.1,2679898
NC_002519.1,2905867
NC_002515.1,2905920
NC_002214.1,2681625
NC_002185.1,2905727
NC_002167.1,2681617
NC_002166.1,2681618
NC_001317.1,2681630
NC_000935.1,2682836
NC_000929.1,2681603
NC_000872.1,2905688
NC_000871.1,2905685
NC_000867.1,2905728
NC_001909.1,2898539
NC_001890.1,2789016
NC_001884.1,2932878
NC_001835.1,2905675
NC_001697.1,2992577
NC_001629.1,2898540
NC_001422.1,2886930
NC_001416.1,2681611
NC_001396.1,2928691
NC_069156.1,2932867
NC_069155.1,2787014
NC_069154.1,2874884
NC_069153.1,2301721
NC_069152.1,2596714
NC_069151.1,2530161
NC_069150.1,2834247
NC_069149.1,2732254
NC_069148.1,2491323
NC_069147.1,2959429
NC_062739.1,2507575
NC_062581.1,2530023
NC_061434.1,2283027
NC_061433.1,2486665
NC_061432.1,2283028
NC_060134.1,2483673
NC_060132.1,2591121
NC_060131.1,2301693
NC_048048.2,2283272
NC_055811.1,2590929
NC_055810.1,2588492
NC_055809.1,2588514
NC_055808.1,2588507
NC_055807.1,2588503
NC_055806.1,2588505
NC_055805.1,2591116
NC_055804.1,2591205
NC_055803.1,2591208
NC_055802.1,2591106
NC_055801.1,2590874
NC_055800.1,2590896
NC_055799.1,2588130
NC_055798.1,2588127
NC_055797.1,2588128
NC_055796.1,2588131
NC_055795.1,2572528
NC_055794.1,2576872
NC_055792.1,2517927
NC_055791.1,2517973
NC_055790.1,2517969
NC_055789.1,2510506
NC_055788.1,2507863
NC_055787.1,2502425
NC_055786.1,2500799
NC_055785.1,2500789
NC_055784.1,2500581
NC_055783.1,2500761
NC_055782.1,2499909
NC_055781.1,2479933
NC_055779.1,2483675
NC_055778.1,2483674
NC_055777.1,2483672
NC_055776.1,2483670
NC_055775.1,2483668
NC_055774.1,2483666
NC_055773.1,2483665
NC_055772.1,2483719
NC_055771.1,2315530
NC_055770.1,2315529
NC_055769.1,2315610
NC_055768.1,2315700
NC_055767.1,2301603
NC_055766.1,2301602
NC_055765.1,2301560
NC_055764.1,2301559
NC_055763.1,2301558
NC_055762.1,2301695
NC_055761.1,2100130
NC_055759.1,2283292
NC_055758.1,2283246
NC_055757.1,2250214
NC_055755.1,2250322
NC_055754.1,2250320
NC_055753.1,2250396
NC_055752.1,2250394
NC_055751.1,2250390
NC_055750.1,2250422
NC_055742.1,2163891
NC_055741.1,2163889
NC_055740.1,2163887
NC_055739.1,2108137
NC_055738.1,2079415
NC_055737.1,2065203
NC_055734.1,2340715
NC_055733.1,2053701
NC_055732.1,2041515
NC_055731.1,2041511
NC_055730.1,2027894
NC_055707.1,2077135
NC_055231.1,2478919
NC_055230.1,2200830
NC_055229.1,2042482
NC_055165.1,2039780
NC_055116.1,2493125
NC_055060.1,2500797
NC_055059.1,2562185
NC_055049.1,2060948
NC_055048.1,2060954
NC_055047.1,2060950
NC_055046.1,2060951
NC_055045.1,2029064
NC_055044.1,2588088
NC_055043.1,2268608
NC_055039.1,2510149
NC_055038.1,2066503
NC_055035.1,2530024
NC_055031.1,2282396
NC_055028.1,2249773
NC_055027.1,2575255
NC_055023.1,2495555
NC_055022.1,2495554
NC_055021.1,2495553
NC_055019.1,2491321
NC_055005.1,2305483
NC_055004.1,2305489
NC_055003.1,2847818
NC_055002.1,2305487
NC_055001.1,2305485
NC_055000.1,2305484
NC_054999.1,2305480
NC_054998.1,2024340
NC_054997.1,2024339
NC_054996.1,2024338
NC_054994.1,2024337
NC_054993.1,2024336
NC_054992.1,2024335
NC_054991.1,2500815
NC_054990.1,2024334
NC_054989.1,2591411
NC_054985.1,2249779
NC_054984.1,2070190
NC_054983.1,2029631
NC_054982.1,2557555
NC_054980.1,2492948
NC_054976.1,2588090
NC_054974.1,2059858
NC_054972.1,2591042
NC_054971.1,2591041
NC_054970.1,2048976
NC_054969.1,2591048
NC_054968.1,2591043
NC_054967.1,2591039
NC_054966.1,2026944
NC_054964.1,2282904
NC_054944.1,2321390
NC_054941.1,2024321
NC_054940.1,2591063
NC_054939.1,2591056
NC_054928.1,2315580
NC_054926.1,2508177
NC_054925.1,2184699
NC_054922.1,2508180
NC_054920.1,2508181
NC_054919.1,2502306
NC_054918.1,2502301
NC_054917.1,2502303
NC_054916.1,2081604
NC_054915.1,2508179
NC_054914.1,2079315
NC_054910.1,2576882
NC_054908.1,2420240
NC_054904.1,2163890
NC_054899.1,2079276
NC_054894.1,2589652
NC_054893.1,2575323
NC_054892.1,2591407
NC_054814.1,2499042
NC_054813.1,2500574
NC_054812.1,2024294
NC_054809.1,2126943
NC_054808.1,2488784
NC_054806.1,2591074
NC_054805.1,2041517
NC_054804.1,2041524
NC_054802.1,2517961
NC_054801.1,2572317
NC_054798.1,2301608
NC_054795.1,2041522
NC_054792.1,2077134
NC_054791.1,2024303
NC_054788.1,2077150
NC_054787.1,2250309
NC_054786.1,2517967
NC_054784.1,2530140
NC_054782.1,2047840
NC_054781.1,2182403
NC_054780.1,2502450
NC_054778.1,2047836
NC_054775.1,2517968
NC_054774.1,2126816
NC_054773.1,2126722
NC_054770.1,2530154
NC_054761.1,2499071
NC_054760.1,2590944
NC_054727.1,2591223
NC_054724.1,2094144
NC_054723.1,2571249
NC_054722.1,2419614
NC_054720.1,2502469
NC_054719.1,2502470
NC_054717.1,2301609
NC_054716.1,2301548
NC_054715.1,2041521
NC_054714.1,2027899
NC_054680.1,2182319
NC_054677.1,2053672
NC_054671.1,2108134
NC_054670.1,2301715
NC_054668.1,2041206
NC_054666.1,2530160
NC_054665.1,2041209
NC_054664.1,2041205
NC_054663.1,2041207
NC_054662.1,2059882
NC_054661.1,2301573
NC_054660.1,2510525
NC_054656.1,2201421
NC_054655.1,2590946
NC_054652.1,2500166
NC_054651.1,2340716
NC_054650.1,2565502
NC_054647.1,2562461
NC_054644.1,2301723
NC_054643.1,2419753
NC_054642.1,2479482
NC_054641.1,2583286
NC_054640.1,2419756
NC_054639.1,2234035
NC_054638.1,2591136
NC_054637.1,2126819
NC_054636.1,2282196
NC_054466.1,2588099
NC_054465.1,2588098
NC_054464.1,2419942
NC_054459.1,2099860
NC_054458.1,2099853
NC_054455.1,2301545
NC_054453.1,2588511
NC_054452.1,2047834
NC_054451.1,2530132
NC_054450.1,2301547
NC_054449.1,2047843
NC_054447.1,2517965
NC_054445.1,2575612
NC_054444.1,2575610
NC_054443.1,2024302
NC_054442.1,2315539
NC_054441.1,2530143
NC_054439.1,2315544
NC_054436.1,2301697
NC_054435.1,2588489
NC_054434.1,2301538
NC_054431.1,2283249
NC_054430.1,2499021
NC_054429.1,2047867
NC_054428.1,2250416
NC_054424.1,2499008
NC_054422.1,2047760
NC_054420.1,2499003
NC_054418.1,2488953
NC_054393.1,2517971
NC_054146.1,2201420
NC_053512.1,2041344
NC_053510.1,2283252
NC_053249.1,2591211
NC_053248.1,2591212
NC_053245.1,2301561
NC_053241.1,2250417
NC_053240.1,2591120
NC_053239.1,2483667
NC_053238.1,2483669
NC_053237.1,2301692
NC_053234.1,2483671
NC_053211.1,2510508
NC_053174.1,2571253
NC_053012.1,2315217
NC_053000.1,2419754
NC_052988.1,2024241
NC_052987.1,2079340
NC_052985.1,2591031
NC_052981.1,2048007
NC_052975.1,2026102
NC_052972.1,2218620
NC_052971.1,2218617
NC_052970.1,2218619
NC_052969.1,2218618
NC_052941.1,2315704
NC_052940.1,2126925
NC_052939.1,2250352
NC_052937.1,2250371
NC_052932.1,2126933
NC_052654.1,2144176
NC_052653.1,2315527
NC_052652.1,2041347
NC_051740.1,2178923
NC_051737.1,2024296
NC_051736.1,2041518
NC_051735.1,2572533
NC_051733.1,2575357
NC_051731.1,2517951
NC_051726.1,2099637
NC_051725.1,2079285
NC_051722.1,2041528
NC_051721.1,2108127
NC_051720.1,2488980
NC_051718.1,2484216
NC_051717.1,2027903
NC_051714.1,2517970
NC_051710.1,2301571
NC_051706.1,2250367
NC_051704.1,2027900
NC_051703.1,2301570
NC_051702.1,2081627
NC_051700.1,2584498
NC_051699.1,2500793
NC_051696.1,2041544
NC_051695.1,2126954
NC_051694.1,2250364
NC_051693.1,2079284
NC_051691.1,2301710
NC_051683.1,2315711
NC_051682.1,2163593
NC_051681.1,2182398
NC_051680.1,2283297
NC_051679.1,2591129
NC_051678.1,2419980
NC_051676.1,2301700
NC_051675.1,2283296
NC_051669.1,2301566
NC_051665.1,2282909
NC_051664.1,2283295
NC_051663.1,2301565
NC_051661.1,2301612
NC_051657.1,2484209
NC_051656.1,2530128
NC_051653.1,2027893
NC_051652.1,2301563
NC_051647.1,2163591
NC_051639.1,2301702
NC_051636.1,2182393
NC_051634.1,2126812
NC_051633.1,2315613
NC_051626.1,2484215
NC_051625.1,2517936
NC_051624.1,2510585
NC_051621.1,2094136
NC_051619.1,2507856
NC_051616.1,2024005
NC_051615.1,2250355
NC_051614.1,2027890
NC_051612.1,2163590
NC_051611.1,2108121
NC_051597.1,2283261
NC_051596.1,2301556
NC_051595.1,2094139
NC_051594.1,2126952
NC_051593.1,2301704
NC_051592.1,2530139
NC_051589.1,2492961
NC_051588.1,2250291
NC_051587.1,2301619
NC_051585.1,2483623
NC_051583.1,2315616
NC_051580.1,2282910
NC_050153.1,2178932
NC_050148.1,2590837
NC_050145.1,2203191
NC_049977.1,2301731
NC_049970.1,2591398
NC_049969.1,2500810
NC_049968.1,2500809
NC_049967.1,2500808
NC_049966.1,2315470
NC_049951.1,2282412
NC_049940.1,2546620
NC_049939.1,2546619
NC_049938.1,2546625
NC_049936.1,2546623
NC_049935.1,2546626
NC_049934.1,2546618
NC_049933.1,2546622
NC_049932.1,2546621
NC_049930.1,2501743
NC_049929.1,2182358
NC_049928.1,2590880
NC_049927.1,2590936
NC_049919.1,2108115
NC_049917.1,2590400
NC_049847.1,2580406
NC_049839.1,2580408
NC_049851.1,2530033
NC_049850.1,2530032
NC_049849.1,2591403
NC_049846.1,2580405
NC_049844.1,2488573
NC_049843.1,2099585
NC_049841.1,2580407
NC_049840.1,2530029
NC_049837.1,2591370
NC_049836.1,2591371
NC_049835.1,2591369
NC_049834.1,2591375
NC_049833.1,2591374
NC_049822.1,2508189
NC_049814.1,2591057
NC_049813.1,2576500
NC_049805.1,2488571
NC_049512.1,2592196
NC_049511.1,2178927
NC_049510.1,2178928
NC_049462.1,2589660
NC_049461.1,2592161
NC_049460.1,2592212
NC_049458.1,2592220
NC_049457.1,2576484
NC_049455.1,2530042
NC_049454.1,2510455
NC_049453.1,2510464
NC_049452.1,2510470
NC_049451.1,2510480
NC_049450.1,2510483
NC_049449.1,2510487
NC_049448.1,2510486
NC_049447.1,2500819
NC_049446.1,2500816
NC_049445.1,2500827
NC_049444.1,2419682
NC_049443.1,2419752
NC_049442.1,2315608
NC_049441.1,2301662
NC_049440.1,2301647
NC_049439.1,2301648
NC_049438.1,2269366
NC_049437.1,2231347
NC_049436.1,2218612
NC_049435.1,2218611
NC_049434.1,2079278
NC_049433.1,2070200
NC_049429.1,2340712
NC_049428.1,2054274
NC_049427.1,2053671
NC_049426.1,2053708
NC_049425.1,2053705
NC_049424.1,2027277
NC_049423.1,2027272
NC_049422.1,2027267
NC_049421.1,2027260
NC_049420.1,2027259
NC_049419.1,2027256
NC_049418.1,2027252
NC_049417.1,2027250
NC_049416.1,2026814
NC_049415.1,2029676
NC_049414.1,2029675
NC_049413.1,2029674
NC_049412.1,2029673
NC_049411.1,2029672
NC_049410.1,2029671
NC_049409.1,2029670
NC_049408.1,2029669
NC_049407.1,2029668
NC_049406.1,2029667
NC_049405.1,2029666
NC_049404.1,2029665
NC_049403.1,2029664
NC_049402.1,2029663
NC_049401.1,2029662
NC_049400.1,2029661
NC_049399.1,2029660
NC_049398.1,2029659
NC_049397.1,2029658
NC_049384.1,2137745
NC_049340.1,2547425
NC_048625.1,2036055
NC_048627.1,2184265
NC_048626.1,2498591
NC_048801.1,2590948
NC_048799.1,2589658
NC_048798.1,2587809
NC_048796.1,2589665
NC_048795.1,2589656
NC_048793.1,2588490
NC_048792.1,2587814
NC_048791.1,2588499
NC_048790.1,2588502
NC_048789.1,2588504
NC_048788.1,2588513
NC_048787.1,2588501
NC_048786.1,2592195
NC_048784.1,2591132
NC_048783.1,2591111
NC_048782.1,2591131
NC_048781.1,2591135
NC_048780.1,2591204
NC_048778.1,2590877
NC_048777.1,2583039
NC_048776.1,2591033
NC_048775.1,2591032
NC_048774.1,2591030
NC_048773.1,2588517
NC_048772.1,2588520
NC_048771.1,2588518
NC_048770.1,2588515
NC_048769.1,2588097
NC_048768.1,2588132
NC_048767.1,2588094
NC_048766.1,2588093
NC_048765.1,2584487
NC_048764.1,2575328
NC_048763.1,2575325
NC_048762.1,2565501
NC_048761.1,2565510
NC_048760.1,2565517
NC_048758.1,2557554
NC_048757.1,2557582
NC_048756.1,2557579
NC_048755.1,2555548
NC_048754.1,2510941
NC_048753.1,2510943
NC_048752.1,2510942
NC_048751.1,2508071
NC_048750.1,2507858
NC_048749.1,2507854
NC_048748.1,2508174
NC_048747.1,2508172
NC_048746.1,2502420
NC_048745.1,2508865
NC_048744.1,2307269
NC_048743.1,2499037
NC_048742.1,2488789
NC_048741.1,2483610
NC_048740.1,2484218
NC_048739.1,2484217
NC_048738.1,2420237
NC_048736.1,2419930
NC_048735.1,2419618
NC_048734.1,2419978
NC_048733.1,2315703
NC_048732.1,2315475
NC_048731.1,2315695
NC_048730.1,2301621
NC_048729.1,2301701
NC_048728.1,2301714
NC_048727.1,2316013
NC_048726.1,2283013
NC_048725.1,2283012
NC_048724.1,2283303
NC_048723.1,2283304
NC_048722.1,2283267
NC_048721.1,2283265
NC_048720.1,2250336
NC_048719.1,2250335
NC_048718.1,2249767
NC_048717.1,2249765
NC_048716.1,2249778
NC_048715.1,2249777
NC_048714.1,2249780
NC_048713.1,2268621
NC_048712.1,2316154
NC_048711.1,2268609
NC_048710.1,2268607
NC_048709.1,2267403
NC_048708.1,2201455
NC_048707.1,2175605
NC_048706.1,2182408
NC_048705.1,2163598
NC_048704.1,2163635
NC_048703.1,2108116
NC_048702.1,2099338
NC_048701.1,2099336
NC_048700.1,2099850
NC_048699.1,2099648
NC_048698.1,2072797
NC_048697.1,2079289
NC_048696.1,2079417
NC_048695.1,2079413
NC_048694.1,2070028
NC_048693.1,2070193
NC_048692.1,2070192
NC_048691.1,2070196
NC_048690.1,2070195
NC_048689.1,2070194
NC_048688.1,2070189
NC_048687.1,2059855
NC_048686.1,2053813
NC_048685.1,2053812
NC_048684.1,2053723
NC_048683.1,2048975
NC_048682.1,2053702
NC_048681.1,2060949
NC_048680.1,2041454
NC_048679.1,2041383
NC_048678.1,2041382
NC_048677.1,2041210
NC_048676.1,2041215
NC_048675.1,2029635
NC_048673.1,2024208
NC_048670.1,2024238
NC_048668.1,2024252
NC_048663.1,2562636
NC_048662.1,2562635
NC_048024.1,2268610
NC_048208.1,2507711
NC_048207.1,2079281
NC_048198.1,2283025
NC_048197.1,2283026
NC_048196.1,2508195
NC_048195.1,2508193
NC_048194.1,2508192
NC_048193.1,2508206
NC_048192.1,2510452
NC_048190.1,2565658
NC_048189.1,2565657
NC_048186.1,2508194
NC_048185.1,2572526
NC_048182.1,2562142
NC_048181.1,2565500
NC_048180.1,2562138
NC_048179.1,2562175
NC_048178.1,2562456
NC_048177.1,2562235
NC_048176.1,2562192
NC_048175.1,2562178
NC_048174.1,2530183
NC_048173.1,2530027
NC_048172.1,2547246
NC_048171.1,2545435
NC_048170.1,2502409
NC_048169.1,2530116
NC_048168.1,2483418
NC_048167.1,2419783
NC_048166.1,2530172
NC_048165.1,2530118
NC_048163.1,2528528
NC_048162.1,2419608
NC_048161.1,2200756
NC_048160.1,2126525
NC_048159.1,2108359
NC_048158.1,2507577
NC_048157.1,2507576
NC_048156.1,2507578
NC_048155.1,2510571
NC_048154.1,2510568
NC_048153.1,2500795
NC_048152.1,2510495
NC_048151.1,2484249
NC_048149.1,2508061
NC_048148.1,2848038
NC_048146.1,2507862
NC_048145.1,2508069
NC_048144.1,2500787
NC_048143.1,2500828
NC_048142.1,2500826
NC_048141.1,2499025
NC_048140.1,2499009
NC_048139.1,2499072
NC_048138.1,2492437
NC_048137.1,2499073
NC_048136.1,2498616
NC_048135.1,2483604
NC_048134.1,2059850
NC_048133.1,2420320
NC_048132.1,2026130
NC_048131.1,2282630
NC_048130.1,2282631
NC_048129.1,2282629
NC_048126.1,2301532
NC_048120.1,2489635
NC_048119.1,2489634
NC_048118.1,2489628
NC_048117.1,2489627
NC_048116.1,2489618
NC_048115.1,2488780
NC_048114.1,2488949
NC_048113.1,2488859
NC_048112.1,2488654
NC_048111.1,2488835
NC_048110.1,2483612
NC_048109.1,2483611
NC_048108.1,2321391
NC_048107.1,2483713
NC_048106.1,2053653
NC_048105.1,2053015
NC_048103.1,2153295
NC_048101.1,2484206
NC_048100.1,2419959
NC_048099.1,2419951
NC_048098.1,2419946
NC_048097.1,2419970
NC_048096.1,2419965
NC_048095.1,2419958
NC_048094.1,2419956
NC_048093.1,2419955
NC_048092.1,2419950
NC_048091.1,2419949
NC_048090.1,2419971
NC_048089.1,2480623
NC_048088.1,2496544
NC_048087.1,2315766
NC_048086.1,2315597
NC_048085.1,2315485
NC_048084.1,2315483
NC_048083.1,2315531
NC_048082.1,2315471
NC_048081.1,2315601
NC_048080.1,2315458
NC_048079.1,2340717
NC_048078.1,2340719
NC_048077.1,2382310
NC_048076.1,2315468
NC_048075.1,2315467
NC_048074.1,2315466
NC_048073.1,2315486
NC_048072.1,2315716
NC_048071.1,2041760
NC_048070.1,2301600
NC_048069.1,2301601
NC_048068.1,2301604
NC_048067.1,2234093
NC_048065.1,2315629
NC_048064.1,2315628
NC_048063.1,2301650
NC_048062.1,2316014
NC_048061.1,2320197
NC_048060.1,2320193
NC_048059.1,2320192
NC_048058.1,2320195
NC_048057.1,2320191
NC_048056.1,2320194
NC_048054.1,2283029
NC_048053.1,2283031
NC_048052.1,2283033
NC_048049.1,2268578
NC_048047.1,2283270
NC_048046.1,2283271
NC_048045.1,2283269
NC_048044.1,2301687
NC_048043.1,2301688
NC_048042.1,2301690
NC_048041.1,2301664
NC_048040.1,2301694
NC_048039.1,2301696
NC_048038.1,2301539
NC_048037.1,2304198
NC_048036.1,2041473
NC_048035.1,2041472
NC_048029.1,2282912
NC_048028.1,2250397
NC_048027.1,2250392
NC_048025.1,2269380
NC_048022.1,2283015
NC_048021.1,2283286
NC_048019.1,2250323
NC_048018.1,2250319
NC_048017.1,2250289
NC_048016.1,2267653
NC_048014.1,2268396
NC_048013.1,2231351
NC_048012.1,2231362
NC_048011.1,2231356
NC_048010.1,2231355
NC_048009.1,2231354
NC_048008.1,2231352
NC_048007.1,2231345
NC_048006.1,2231343
NC_048005.1,2231342
NC_048004.1,2268591
NC_048003.1,2268587
NC_048002.1,2268589
NC_047998.1,2024314
NC_047997.1,2201462
NC_047996.1,2175169
NC_047995.1,2201424
NC_047994.1,2201417
NC_047992.1,2201444
NC_047991.1,2201431
NC_047990.1,2201430
NC_047989.1,2201442
NC_047988.1,2201437
NC_047987.1,2201436
NC_047986.1,2201435
NC_047985.1,2233992
NC_047984.1,2233775
NC_047983.1,2048517
NC_047982.1,2041351
NC_047979.1,2182345
NC_047978.1,2182346
NC_047977.1,2182341
NC_047975.1,2182357
NC_047974.1,2182360
NC_047973.1,2182354
NC_047972.1,2182350
NC_047966.1,2163976
NC_047965.1,2163970
NC_047964.1,2163631
NC_047963.1,2163634
NC_047962.1,2163636
NC_047961.1,2163630
NC_047960.1,2496546
NC_047959.1,2163886
NC_047958.1,2115967
NC_047957.1,2163983
NC_047956.1,2163982
NC_047955.1,2163984
NC_047954.1,2163985
NC_047953.1,2161784
NC_047950.1,2138299
NC_047948.1,2126724
NC_047947.1,2136179
NC_047946.1,2070026
NC_047945.1,2126734
NC_047944.1,2099390
NC_047942.1,2099356
NC_047941.1,2081603
NC_047938.1,2496550
NC_047937.1,2052753
NC_047936.1,2052752
NC_047935.1,2052754
NC_047934.1,2052746
NC_047933.1,2079544
NC_047932.1,2079262
NC_047931.1,2079431
NC_047930.1,2060091
NC_047927.1,2079534
NC_047926.1,2079433
NC_047925.1,2079432
NC_047924.1,2079429
NC_047923.1,2079317
NC_047922.1,2079287
NC_047921.1,2079280
NC_047920.1,2079275
NC_047919.1,2074138
NC_047918.1,2070201
NC_047917.1,2070198
NC_047916.1,2070188
NC_047915.1,2070187
NC_047914.1,2070186
NC_047913.1,2070185
NC_047912.1,2070184
NC_047911.1,2070183
NC_047910.1,2070182
NC_047909.1,2070181
NC_047908.1,2066504
NC_047907.1,2060945
NC_047906.1,2059883
NC_047905.1,2059881
NC_047904.1,2059880
NC_047903.1,2059879
NC_047902.1,2059856
NC_047901.1,2054273
NC_047900.1,2054272
NC_047898.1,2053686
NC_047897.1,2053682
NC_047896.1,2053604
NC_047895.1,2053563
NC_047894.1,2048979
NC_047893.1,2048061
NC_047892.1,2047831
NC_047891.1,2047830
NC_047890.1,2047782
NC_047888.1,2041493
NC_047887.1,2041492
NC_047886.1,2041489
NC_047885.1,2024330
NC_047884.1,2024325
NC_047883.1,2059857
NC_047865.1,2507411
NC_047863.1,2048005
NC_047862.1,2041211
NC_047861.1,2029657
NC_047860.1,2024607
NC_047851.1,2027888
NC_047850.1,2026950
NC_047849.1,2026943
NC_047848.1,2024315
NC_047847.1,2024313
NC_047846.1,2024262
NC_047845.1,2024261
NC_047844.1,2024251
NC_047843.1,2024248
NC_047842.1,2024247
NC_047841.1,2024239
NC_047840.1,2024237
NC_047839.1,2023998
NC_047838.1,2023996
NC_047823.1,2267237
NC_047820.1,2496547
NC_044940.1,2053078
NC_042355.1,2052822
NC_042354.1,2052821
NC_042347.1,2056194
NC_042132.1,2182349
NC_042127.1,2175688
NC_042126.1,2175687
NC_042125.1,2172042
NC_042124.1,2126803
NC_042123.1,2108120
NC_042122.1,2070180
NC_042121.1,2099852
NC_042120.1,2099652
NC_042119.1,2099444
NC_042118.1,2099625
NC_042117.1,2099624
NC_042116.1,2052742
NC_042111.1,2079584
NC_042110.1,2079583
NC_042109.1,2079581
NC_042108.1,2079564
NC_042107.1,2079543
NC_042106.1,2079427
NC_042105.1,2079426
NC_042104.1,2079290
NC_042103.1,2079288
NC_042102.1,2079282
NC_042101.1,2070197
NC_042100.1,2070057
NC_042099.1,2065199
NC_042098.1,2060127
NC_042097.1,2060124
NC_042096.1,2060122
NC_042095.1,2570301
NC_042094.1,2570300
NC_042093.1,2053603
NC_042092.1,2048978
NC_042091.1,2048977
NC_042090.1,2048008
NC_042089.1,2047873
NC_042088.1,2047872
NC_042087.1,2047871
NC_042086.1,2047869
NC_042085.1,2047868
NC_042084.1,2047801
NC_042083.1,2047788
NC_042082.1,2044561
NC_042081.1,2041345
NC_042080.1,2034347
NC_042079.1,2034346
NC_042078.1,2024309
NC_042077.1,2024308
NC_042076.1,2024305
NC_042075.1,2024304
NC_042067.1,2267236
NC_042045.1,2041512
NC_042044.1,2041413
NC_042043.1,2496545
NC_042042.1,2041354
NC_042041.1,2041212
NC_042040.1,2027905
NC_042039.1,2024320
NC_042025.1,2115848
NC_042023.1,2030924
NC_042022.1,2030923
NC_042021.1,2030922
NC_042020.1,2027883
NC_042019.1,2026082
NC_042018.1,2026080
NC_042017.1,2024316
NC_042016.1,2024284
NC_042015.1,2024283
NC_042013.1,2024264
NC_042012.1,2023995
NC_042011.1,2023994
NC_042010.1,2023993
NC_040612.1,2035708
NC_037667.1,2107709
NC_037666.1,2107708
NC_037665.1,2107707
NC_037057.1,2079134
NC_036582.1,2059380
NC_035469.1,2025360
NC_035468.1,2025359
NC_026608.1,2494563
NC_021331.1,2496551
NC_005833.1,2492962
NC_031030.2,1837867
NC_047776.2,1897495
NC_062582.1,2006668
NC_041918.2,1965361
NC_031121.2,1874000
NC_031015.2,1874001
NC_054935.2,1932889
NC_055728.1,2006942
NC_055720.1,1983556
NC_055719.1,1983572
NC_055718.1,1970776
NC_055717.1,1965485
NC_055716.1,1965363
NC_055715.1,1913572
NC_055714.1,1882439
NC_055711.1,1815976
NC_055710.1,1883365
NC_055709.1,1777059
NC_055061.1,1975614
NC_055050.1,1983536
NC_055042.1,1920379
NC_055036.1,1965489
NC_055034.1,2015873
NC_055033.1,1772314
NC_055032.1,2015860
NC_055024.1,1913446
NC_054988.1,1897736
NC_054986.1,1897539
NC_054942.1,1913049
NC_054929.1,1837875
NC_054811.1,1983575
NC_054803.1,1897540
NC_054799.1,1927024
NC_054796.1,1916120
NC_054794.1,1897548
NC_054785.1,1912975
NC_054772.1,1897486
NC_054759.1,1983577
NC_054681.1,1873996
NC_054674.1,1913034
NC_054645.1,1973454
NC_054460.1,1927017
NC_054440.1,1897549
NC_054427.1,1897429
NC_054426.1,2015865
NC_054421.1,1897428
NC_053515.1,1927020
NC_053508.1,2015819
NC_053507.1,2015844
NC_053505.1,2015885
NC_053503.1,1874015
NC_052976.1,1983555
NC_052968.1,1964565
NC_052966.1,1852622
NC_051734.1,2015875
NC_051732.1,2015833
NC_051719.1,1897769
NC_051713.1,1913038
NC_051711.1,2023953
NC_051672.1,1897501
NC_051654.1,1913118
NC_051638.1,1932895
NC_051628.1,1912978
NC_051627.1,2015824
NC_051620.1,2015886
NC_051613.1,1913035
NC_051607.1,2015879
NC_051606.1,2015874
NC_051605.1,2015817
NC_051604.1,2015810
NC_051602.1,1983447
NC_051601.1,2015820
NC_051599.1,2015825
NC_051598.1,2015882
NC_051591.1,1897500
NC_047801.2,1932882
NC_047797.2,1927014
NC_050154.1,2014434
NC_049975.1,1807511
NC_049965.1,2022474
NC_049964.1,2023950
NC_049963.1,2023949
NC_049962.1,1983413
NC_049961.1,1983461
NC_049960.1,1981931
NC_049959.1,1909400
NC_049931.1,1747351
NC_049926.1,2015807
NC_049925.1,1792287
NC_049922.1,1792289
NC_049921.1,1855816
NC_049920.1,1855815
NC_049918.1,1983463
NC_049856.1,1965472
NC_049855.1,1965482
NC_049854.1,1965467
NC_049811.1,1868853
NC_049810.1,1868848
NC_049807.1,1965474
NC_049806.1,1965478
NC_049383.1,1880590
NC_049382.1,1958914
NC_049380.1,1916111
NC_049379.1,1913109
NC_049378.1,1897742
NC_049377.1,1874587
NC_049376.1,1874589
NC_049375.1,1874593
NC_049374.1,1874585
NC_049373.1,1874572
NC_048656.1,1907784
NC_048650.1,1913591
NC_048658.1,1969736
NC_048737.1,1932007
NC_048669.1,2015828
NC_048667.1,1873341
NC_048661.1,1983541
NC_048660.1,1978922
NC_048659.1,1965354
NC_048657.1,1965490
NC_048655.1,1958913
NC_048654.1,1958919
NC_048653.1,1958917
NC_048652.1,1933063
NC_048651.1,1913112
NC_048649.1,1913047
NC_048648.1,1897739
NC_048646.1,1873954
NC_048645.1,1885242
NC_048644.1,1934428
NC_048643.1,1868595
NC_048642.1,1868594
NC_048641.1,1868598
NC_048640.1,1868826
NC_048637.1,1777122
NC_048636.1,1840236
NC_042139.2,2015851
NC_048055.1,1983784
NC_047981.1,1983557
NC_047980.1,1958964
NC_047952.1,1962679
NC_047943.1,1980140
NC_047929.1,1785176
NC_047928.1,1879051
NC_047882.1,1983595
NC_047881.1,1983588
NC_047880.1,1983553
NC_047879.1,1916126
NC_047878.1,1916125
NC_047877.1,1916124
NC_047876.1,1916123
NC_047875.1,1912492
NC_047873.1,1873993
NC_047866.1,1747286
NC_047859.1,1920294
NC_047858.1,1837877
NC_047857.1,1897515
NC_047852.1,1815956
NC_047836.1,2022859
NC_047835.1,2020879
NC_047833.1,2014586
NC_047832.1,2006930
NC_047831.1,2005054
NC_047830.1,2005048
NC_047829.1,1983789
NC_047828.1,1983554
NC_047825.1,1970798
NC_047824.1,1970795
NC_047822.1,1965465
NC_047821.1,1965370
NC_047819.1,1961914
NC_047818.1,1960658
NC_047817.1,1960657
NC_047816.1,1958965
NC_047815.1,1958956
NC_047814.1,1958922
NC_047813.1,1958907
NC_047812.1,1933774
NC_047811.1,1933773
NC_047810.1,1933412
NC_047809.1,1933111
NC_047808.1,1933110
NC_047807.1,1933108
NC_047806.1,1933107
NC_047805.1,1932893
NC_047804.1,1932892
NC_047803.1,1932890
NC_047802.1,1932883
NC_047799.1,1932362
NC_047798.1,1932361
NC_047796.1,1926594
NC_047795.1,1920312
NC_047794.1,1920311
NC_047793.1,1920310
NC_047792.1,1920308
NC_047791.1,1916414
NC_047790.1,1916107
NC_047789.1,1916101
NC_047788.1,1913581
NC_047787.1,1913574
NC_047786.1,1913114
NC_047785.1,1913048
NC_047784.1,1912320
NC_047783.1,1912319
NC_047782.1,1907783
NC_047781.1,1907782
NC_047780.1,1907781
NC_047779.1,1904925
NC_047777.1,1897641
NC_047775.1,1897436
NC_047774.1,1897434
NC_047773.1,1897431
NC_047772.1,1897430
NC_047771.1,1882400
NC_047770.1,1881104
NC_047768.1,1871314
NC_047767.1,1868844
NC_047766.1,1852630
NC_047764.1,1846168
NC_047763.1,1814959
NC_047762.1,1775250
NC_047761.1,1770232
NC_047760.1,1755697
NC_042140.1,1755680
NC_042138.1,1880822
NC_042137.1,1970374
NC_042131.1,1983582
NC_042074.1,1983593
NC_042056.1,1883375
NC_042055.1,1821540
NC_042054.1,1777069
NC_042053.1,1772328
NC_042047.1,1852640
NC_042009.1,2023992
NC_042008.1,2023959
NC_042007.1,2016053
NC_042006.1,2016052
NC_042004.1,2016050
NC_042003.1,2016049
NC_042002.1,2015853
NC_042001.1,2015839
NC_042000.1,2015834
NC_041999.1,2015815
NC_041998.1,2015804
NC_041997.1,2010329
NC_041996.1,2006941
NC_041995.1,2006922
NC_041994.1,2006684
NC_041990.1,2005047
NC_041975.1,1815989
NC_041974.1,1815988
NC_041973.1,1815987
NC_041972.1,1815986
NC_041968.1,1983539
NC_041967.1,1983525
NC_041966.1,1983409
NC_041964.1,1752027
NC_041961.1,1772319
NC_041952.1,1772298
NC_041951.1,1772294
NC_041950.1,1821555
NC_041949.1,1772291
NC_041948.1,1772295
NC_041947.1,1772305
NC_041946.1,1772322
NC_041945.1,1772311
NC_041944.1,1772310
NC_041943.1,1772304
NC_041942.1,1772303
NC_041941.1,1772300
NC_041940.1,1772297
NC_041939.1,1772296
NC_041938.1,1772293
NC_041937.1,1981500
NC_041936.1,1981499
NC_041933.1,1772315
NC_041932.1,1772307
NC_041931.1,1772327
NC_041927.1,1980139
NC_041926.1,1970797
NC_041924.1,1965454
NC_041922.1,1965374
NC_041921.1,1965368
NC_041919.1,1965367
NC_041917.1,1962671
NC_041916.1,1938577
NC_041915.1,1932886
NC_041914.1,1932885
NC_041913.1,1931407
NC_041912.1,1927013
NC_041911.1,1923889
NC_041905.1,1916127
NC_041904.1,1916099
NC_041903.1,1913575
NC_041902.1,1913570
NC_041901.1,1913044
NC_041900.1,1912321
NC_041899.1,1912318
NC_041896.1,1904491
NC_041895.1,1897537
NC_041894.1,1897536
NC_041893.1,1897534
NC_041892.1,1897533
NC_041891.1,1897532
NC_041890.1,1897531
NC_041889.1,1897525
NC_041888.1,1897497
NC_041887.1,1897437
NC_041886.1,1887653
NC_041885.1,1852562
NC_041884.1,1837876
NC_041883.1,1821548
NC_041882.1,1821539
NC_041881.1,1815630
NC_041880.1,1815582
NC_041879.1,1796993
NC_041877.1,1772332
NC_041876.1,1772326
NC_041875.1,1772302
NC_041874.1,1772219
NC_041873.1,1772218
NC_041872.1,1740108
NC_041859.1,1814279
NC_031107.2,1883370
NC_030937.1,1784981
NC_030928.1,1784979
NC_028693.2,1747288
NC_031068.2,1873958
NC_029005.2,1755682
NC_038017.1,1982658
NC_028671.2,1747326
NC_031224.2,1796997
NC_031255.2,1821561
NC_036595.1,1932713
NC_036594.1,2023057
NC_035072.1,1986506
NC_035464.1,2023155
NC_031062.2,1852641
NC_034626.1,1986505
NC_034383.1,1932881
NC_034249.1,1859492
NC_033775.1,1955558
NC_033423.1,1898060
NC_032001.1,1917232
NC_031045.1,1868169
NC_031021.1,1868170
NC_029548.1,1805492
NC_031933.1,1813782
NC_031925.1,1857099
NC_031918.1,1813769
NC_031946.1,1813779
NC_031944.1,1815521
NC_031943.1,1755695
NC_031940.1,1813771
NC_031939.1,1857100
NC_031938.1,1814286
NC_031935.1,1815522
NC_031934.1,1837930
NC_031932.1,1814280
NC_031931.1,1814282
NC_031930.1,1813781
NC_031928.1,1837931
NC_031927.1,1883368
NC_031926.1,1792273
NC_031924.1,1873985
NC_031922.1,1883369
NC_031919.1,1814288
NC_031917.1,1874539
NC_031914.1,1792274
NC_031912.1,1814283
NC_031911.1,1792272
NC_031908.1,1874540
NC_031906.1,1883366
NC_031905.1,1814287
NC_031904.1,1814284
NC_031903.1,1883365
NC_031902.1,1813783
NC_031945.1,1814281
NC_031921.1,1814285
NC_031900.1,1883367
NC_031279.1,1784956
NC_031277.1,1815972
NC_031274.1,1784982
NC_031269.1,1821565
NC_031266.1,1821541
NC_031265.1,1821553
NC_031263.1,1821723
NC_031262.1,1815608
NC_031261.1,1821727
NC_031256.1,1815969
NC_031253.1,1805457
NC_031252.1,1796994
NC_031247.1,1821551
NC_031245.1,1792032
NC_031243.1,1821538
NC_031239.1,1821564
NC_031233.1,1821556
NC_031230.1,1821566
NC_031251.1,1821562
NC_031249.1,1821563
NC_031246.1,1796998
NC_031237.1,1821559
NC_031234.1,1821552
NC_031231.1,1796995
NC_031229.1,1821554
NC_031226.1,1821549
NC_031281.1,1821537
NC_031267.1,1821557
NC_031257.1,1805459
NC_031254.1,1796996
NC_031241.1,1792269
NC_031238.1,1792253
NC_031056.1,1792245
NC_031129.1,1815968
NC_031128.1,1868654
NC_031127.1,1883373
NC_031124.1,1873696
NC_031122.1,1887646
NC_031120.1,1883379
NC_031118.1,1887644
NC_031117.1,1792222
NC_031115.1,1852627
NC_031114.1,1837842
NC_031112.1,1821560
NC_031110.1,1815957
NC_031109.1,1887650
NC_031108.1,1838138
NC_031103.1,1815590
NC_031102.1,1873887
NC_031101.1,1837862
NC_031100.1,1805953
NC_031098.1,1852629
NC_031097.1,1887656
NC_031096.1,1873959
NC_031092.1,1805465
NC_031090.1,1863011
NC_031087.1,1852625
NC_031082.1,1873990
NC_031081.1,1883200
NC_031080.1,1891703
NC_031078.1,1873777
NC_031077.1,1864623
NC_031076.1,1838137
NC_031075.1,1862960
NC_031074.1,1887641
NC_031072.1,1887643
NC_031071.1,1862958
NC_031070.1,1805950
NC_031067.1,1873889
NC_031066.1,1805464
NC_031064.1,1871690
NC_031063.1,1837850
NC_031061.1,1821558
NC_031060.1,1887649
NC_031059.1,1873452
NC_031058.1,1844477
NC_031057.1,1871313
NC_031055.1,1868599
NC_031054.1,1873999
NC_031052.1,1887655
NC_031050.1,1852563
NC_031049.1,1805952
NC_031048.1,1864622
NC_031044.1,1862962
NC_031043.1,1883377
NC_031040.1,1871681
NC_031037.1,1805951
NC_031036.1,1815511
NC_031032.1,1874002
NC_031031.1,1887652
NC_031029.1,1887645
NC_031028.1,1887647
NC_031027.1,1805954
NC_031026.1,1837218
NC_031025.1,1852657
NC_031022.1,1863010
NC_031018.1,1805467
NC_031017.1,1871687
NC_031014.1,1873949
NC_031013.1,1871678
NC_031012.1,1873998
NC_031011.1,1863009
NC_031010.1,1883374
NC_031009.1,1862959
NC_031008.1,1821228
NC_031007.1,1883372
NC_031004.1,1887651
NC_031001.1,1887654
NC_031113.1,1883202
NC_031091.1,1868596
NC_031051.1,1871692
NC_031035.1,1891963
NC_031111.1,1873895
NC_031085.1,2560754
NC_031065.1,1815631
NC_031041.1,1873891
NC_031034.1,1837830
NC_031024.1,1852564
NC_031020.1,1852628
NC_031016.1,1815955
NC_031002.1,1862961
NC_031123.1,1805466
NC_031039.1,1815509
NC_031006.1,1805948
NC_031126.1,1883371
NC_031125.1,1815510
NC_031116.1,1805956
NC_031099.1,1887648
NC_031094.1,1814958
NC_031069.1,1814957
NC_031023.1,1814960
NC_030953.1,1863008
NC_030944.1,1838067
NC_030943.1,1838062
NC_030942.1,1838064
NC_030941.1,1838066
NC_030936.1,1838061
NC_030934.1,1777065
NC_030929.1,1777052
NC_030924.1,1838073
NC_030923.1,1777063
NC_030921.1,1838081
NC_030920.1,1776293
NC_030914.1,1838071
NC_030912.1,1838072
NC_030910.1,1777072
NC_030905.1,1838084
NC_030904.1,1775140
NC_030901.1,1838065
NC_030948.1,1785960
NC_030940.1,1754217
NC_030930.1,1838063
NC_030927.1,1838080
NC_030925.1,1796992
NC_030919.1,1810705
NC_030918.1,1777054
NC_030917.1,1838074
NC_030915.1,1838075
NC_030913.1,1838083
NC_030911.1,1838082
NC_030909.1,1777064
NC_030908.1,1777053
NC_030884.1,1895333
NC_030842.1,1887314
NC_030698.1,1838079
NC_030696.1,1838078
NC_030695.1,1838070
NC_030694.1,1838077
NC_030656.1,1873698
NC_030230.1,1826170
NC_029692.1,1813599
NC_029316.1,1797140
NC_010191.2,1785753
NC_029016.1,1747287
NC_028990.1,1747289
NC_028694.1,1747271
NC_028687.1,1755681
NC_028678.1,1739967
NC_028670.1,1747282
NC_028661.1,1755692
NC_028657.1,1755689
NC_010811.2,1980924
NC_027335.2,1498168
NC_066642.1,397342
NC_019516.2,1137745
NC_062738.1,1430441
NC_062736.1,1493510
NC_062735.1,1493514
NC_062734.1,1493509
NC_061438.1,1542103
NC_061435.1,1093672
NC_020414.2,979726
NC_055708.1,1651196
NC_055228.1,1566307
NC_055041.1,1296641
NC_055030.1,1636259
NC_055029.1,1636256
NC_054977.1,1211285
NC_054954.1,114777
NC_054952.1,1654717
NC_054905.1,1651198
NC_054903.1,1651199
NC_054902.1,1651202
NC_054800.1,1176425
NC_053504.1,1701852
NC_052965.1,1622114
NC_052650.1,169684
NC_051724.1,1486474
NC_049978.1,1450749
NC_049945.1,1226262
NC_049944.1,1226263
NC_049943.1,254397
NC_049941.1,1226260
NC_049924.1,1226255
NC_049923.1,1226258
NC_049809.1,254253
NC_023601.2,1458843
NC_049370.1,1636587
NC_049369.1,1636583
NC_049368.1,1636586
NC_049367.1,1636576
NC_049366.1,1636560
NC_049365.1,1636580
NC_049364.1,1636571
NC_049363.1,1636569
NC_049362.1,1636566
NC_049361.1,1636582
NC_049360.1,1636556
NC_049359.1,1636581
NC_049358.1,1636578
NC_049357.1,1636570
NC_049356.1,1636564
NC_049355.1,1636573
NC_049354.1,1636724
NC_049353.1,1527692
NC_049352.1,1527693
NC_049351.1,1289467
NC_049350.1,1283073
NC_049349.1,213774
NC_049348.1,213777
NC_049347.1,213782
NC_048624.1,874268
NC_048630.1,1357706
NC_048628.1,1118064
NC_048785.1,1647454
NC_048639.1,1622116
NC_048638.1,1622115
NC_048635.1,1735646
NC_048634.1,1735645
NC_048632.1,1654888
NC_047757.1,1675601
NC_048184.1,756276
NC_048026.1,1332145
NC_048015.1,1048189
NC_047967.1,1548908
NC_047951.1,1206556
NC_047870.1,1220716
NC_047869.1,1220715
NC_047868.1,1220602
NC_047867.1,1075774
NC_047854.1,947842
NC_047759.1,1698708
NC_047758.1,1685500
NC_047756.1,1675600
NC_047755.1,1662463
NC_047754.1,1655307
NC_047753.1,1647468
NC_047752.1,1636201
NC_047751.1,1597967
NC_047750.1,1572746
NC_047749.1,1567007
NC_047748.1,1555207
NC_047747.1,1629654
NC_047746.1,1480731
NC_047743.1,1432428
NC_047742.1,1414766
NC_047741.1,1292086
NC_047740.1,1273706
NC_047739.1,1225795
NC_047738.1,1220601
NC_047737.1,1434127
NC_047734.1,1278485
NC_047733.1,756278
NC_047719.1,1493508
NC_047718.1,1493508
NC_007636.1,344021
NC_044958.1,686262
NC_044957.1,443878
NC_044956.1,443876
NC_044939.1,1246651
NC_044938.1,328614
NC_031005.2,1654782
NC_027623.2,1655018
NC_043129.1,373996
NC_019524.2,1150990
NC_042345.1,1415147
NC_042344.1,1415148
NC_042343.1,1273709
NC_042130.1,1720497
NC_042129.1,1720496
NC_042128.1,1590550
NC_042115.1,1548912
NC_042113.1,1548900
NC_042057.1,482822
NC_042052.1,1690428
NC_042051.1,1690426
NC_042050.1,1675551
NC_042049.1,1662333
NC_042048.1,1486397
NC_042046.1,1735565
NC_042036.1,1034144
NC_042029.1,945083
NC_042028.1,889876
NC_042024.1,254252
NC_041993.1,1052672
NC_041992.1,1204541
NC_041991.1,1211279
NC_041989.1,1036615
NC_041988.1,1036616
NC_041987.1,1034116
NC_041986.1,1147141
NC_041985.1,1034118
NC_041984.1,1161934
NC_041983.1,1032895
NC_041982.1,1161933
NC_041981.1,1675608
NC_041980.1,1682394
NC_041979.1,1508671
NC_041978.1,1051674
NC_041977.1,1701846
NC_041976.1,1296658
NC_041971.1,1034115
NC_041970.1,1088864
NC_041969.1,1076631
NC_041965.1,1089113
NC_041963.1,1662331
NC_041962.1,1636547
NC_041960.1,1073766
NC_041959.1,1351735
NC_041958.1,1682380
NC_041957.1,1500824
NC_041956.1,1500819
NC_041955.1,1500810
NC_041954.1,1655013
NC_041953.1,1175654
NC_041935.1,1660368
NC_041934.1,1308899
NC_041930.1,1701798
NC_041929.1,1647403
NC_041928.1,1340769
NC_041923.1,1572716
NC_041910.1,1161928
NC_041909.1,1589754
NC_041908.1,1220604
NC_041907.1,1204542
NC_041906.1,1258572
NC_041898.1,698489
NC_041897.1,698488
NC_041871.1,1675606
NC_041870.1,1675014
NC_041869.1,1655314
NC_041868.1,1647282
NC_041867.1,1636262
NC_041866.1,1628721
NC_041865.1,1597972
NC_041864.1,1508681
NC_041863.1,1508678
NC_041862.1,1458853
NC_041861.1,1458851
NC_041860.1,1690427
NC_041857.1,1243183
NC_041856.1,1239386
NC_041854.1,1211386
NC_041849.1,1211278
NC_041845.1,1033977
NC_009552.3,447909
NC_039034.1,540070
NC_038511.1,1421067
NC_038507.1,100220
NC_038332.1,172862
NC_037656.1,1416741
NC_028808.2,1718606
NC_019911.2,1206559
NC_004775.2,215158
NC_028935.2,1718669
NC_011269.2,546807
NC_029043.2,1555235
NC_029018.2,1354511
NC_028960.2,1718172
NC_028876.2,1541824
NC_021306.2,1327764
NC_028987.2,1735582
NC_035460.1,1329402
NC_029048.2,1582152
NC_035188.1,187984
NC_028908.2,1664247
NC_034248.1,1220717
NC_027348.2,1563661
NC_029003.2,1647455
NC_028696.2,1647458
NC_029015.2,1647465
NC_028701.2,1647466
NC_031942.1,1701826
NC_031941.1,1701814
NC_031936.1,1647469
NC_031929.1,1701827
NC_031923.1,1701828
NC_031920.1,1701811
NC_031915.1,1701830
NC_031913.1,1701824
NC_031910.1,1701812
NC_031909.1,1541686
NC_031907.1,1701837
NC_031901.1,1701813
NC_031465.1,1720526
NC_022331.2,1354508
NC_030394.2,638660
NC_031264.1,1718278
NC_031228.1,1543203
NC_031250.1,1543205
NC_031242.1,687803
NC_031280.1,1605379
NC_031271.1,1543201
NC_031260.1,1647400
NC_031258.1,1543199
NC_031235.1,1278479
NC_023594.2,1445859
NC_031119.1,1654780
NC_031104.1,1639814
NC_031095.1,1654928
NC_031084.1,1654740
NC_031053.1,1654927
NC_031047.1,1654926
NC_031046.1,1543206
NC_031042.1,1647411
NC_031019.1,876449
NC_031086.1,1698439
NC_031003.1,1654781
NC_031073.1,1639815
NC_031038.1,160796
NC_030951.1,1567016
NC_030949.1,1567015
NC_030946.1,1701842
NC_030945.1,1567487
NC_030935.1,1647473
NC_030933.1,1200862
NC_030916.1,1647476
NC_030906.1,1647285
NC_030939.1,1647471
NC_030932.1,1622193
NC_030931.1,1450169
NC_030907.1,1647472
NC_030902.1,1647470
NC_030950.1,1567009
NC_030947.1,1567010
NC_030848.1,1735722
NC_028748.2,1445809
NC_028695.2,1701257
NC_019919.2,1206557
NC_029314.1,1732175
NC_029106.1,1664246
NC_029083.1,1716042
NC_029121.1,1445810
NC_029120.1,1416032
NC_029119.1,1732063
NC_029118.1,1698369
NC_029116.1,1437363
NC_029107.1,1483485
NC_029104.1,1296659
NC_029103.1,1732177
NC_029102.1,1636313
NC_029101.1,1636189
NC_029100.1,1667322
NC_029099.1,1129191
NC_029098.1,1556290
NC_029097.1,1662330
NC_029094.1,1654919
NC_029093.1,1647311
NC_029092.1,1701809
NC_029091.1,1655305
NC_029084.1,1589752
NC_029081.1,1654601
NC_029080.1,307898
NC_029079.1,1679524
NC_029078.1,1675317
NC_029077.1,1542912
NC_029075.1,1589748
NC_029074.1,1622192
NC_029073.1,1572712
NC_029071.1,1654889
NC_029068.1,1567453
NC_029061.1,1636270
NC_029060.1,1622191
NC_029059.1,1567468
NC_029058.1,1567484
NC_029047.1,1636271
NC_029046.1,1524882
NC_029045.1,1654890
NC_029044.1,1340712
NC_029042.1,1654891
NC_024206.1,1416334
NC_028777.1,1610833
NC_029032.1,1391455
NC_028998.1,1391456
NC_029033.1,1610509
NC_029022.1,1567014
NC_029008.1,1643326
NC_029006.1,1567011
NC_029004.1,1567013
NC_028991.1,1567012
NC_028886.1,1643324
NC_028880.1,1610508
NC_028857.1,1675602
NC_028856.1,1610832
NC_028772.1,1587520
NC_028755.1,1701810
NC_028959.1,1582157
NC_028958.1,1582151
NC_028951.1,1582153
NC_028905.1,1582150
NC_028883.1,1582156
NC_028838.1,1582155
NC_028764.1,1582154
NC_029031.1,461711
NC_029030.1,1647391
NC_029029.1,1296661
NC_029028.1,1610837
NC_029027.1,1732179
NC_029026.1,1640885
NC_029025.1,1610872
NC_029023.1,1340750
NC_029021.1,1610836
NC_029020.1,1580591
NC_029019.1,1642663
NC_029017.1,1678082
NC_029013.1,1673887
NC_029011.1,1732178
NC_029010.1,1498171
NC_029009.1,1597976
NC_029007.1,1538364
NC_029002.1,1357715
NC_029000.1,1211280
NC_028999.1,998086
NC_028997.1,1610838
NC_028996.1,1522092
NC_028995.1,1229760
NC_028992.1,1732180
NC_028988.1,1481785
NC_028984.1,1587907
NC_028983.1,1296656
NC_028982.1,1296655
NC_028980.1,1718273
NC_028979.1,1506716
NC_028978.1,1560286
NC_028977.1,1671396
NC_028976.1,1674926
NC_028974.1,1636183
NC_028972.1,1622190
NC_028971.1,1640974
NC_028969.1,1691955
NC_028968.1,1698252
NC_028967.1,1690805
NC_028966.1,1636546
NC_028965.1,1698417
NC_028962.1,1572704
NC_028961.1,1698712
NC_028957.1,1567029
NC_028956.1,1572747
NC_028955.1,1542477
NC_028954.1,1662332
NC_028953.1,1567005
NC_028952.1,1690818
NC_028947.1,1606763
NC_028946.1,1698357
NC_028945.1,1647405
NC_028943.1,1649240
NC_028941.1,1701849
NC_028940.1,1429794
NC_028939.1,1542090
NC_028938.1,1732173
NC_028937.1,1673889
NC_028936.1,1698709
NC_028934.1,1647301
NC_028933.1,1589273
NC_028932.1,1701853
NC_028930.1,1718161
NC_028929.1,1591073
NC_028928.1,1647308
NC_028927.1,1720494
NC_028926.1,1597966
NC_028925.1,1567028
NC_028924.1,1647386
NC_028923.1,1541823
NC_028922.1,1647305
NC_028920.1,1551710
NC_028919.1,1640969
NC_028917.1,1505026
NC_028916.1,1636249
NC_028915.1,1636205
NC_028914.1,1589274
NC_028912.1,1527534
NC_028911.1,1739611
NC_028910.1,1698715
NC_028907.1,1089127
NC_028906.1,1035485
NC_028904.1,1673877
NC_028903.1,1598146
NC_028901.1,1720498
NC_028899.1,1689679
NC_028898.1,1572744
NC_028897.1,1698366
NC_028896.1,1649239
NC_028895.1,1589298
NC_028894.1,1567027
NC_028892.1,1690425
NC_028890.1,1690456
NC_028889.1,1675549
NC_028888.1,1739607
NC_028887.1,1698451
NC_028885.1,1640973
NC_028882.1,1542092
NC_028881.1,1567026
NC_028879.1,1175662
NC_028878.1,1718599
NC_028877.1,1560285
NC_028874.1,1718171
NC_028872.1,1527531
NC_028871.1,1591072
NC_028870.1,1610835
NC_028869.1,1698710
NC_028865.1,1636545
NC_028863.1,1572754
NC_028862.1,1674930
NC_028861.1,1647304
NC_028860.1,1673873
NC_028859.1,1636204
NC_028855.1,1628720
NC_028854.1,1589755
NC_028853.1,1572743
NC_028852.1,1555201
NC_028851.1,1636255
NC_028850.1,1675027
NC_028849.1,1647300
NC_028848.1,1647373
NC_028847.1,1673871
NC_028846.1,1647313
NC_028844.1,1698356
NC_028843.1,1698711
NC_028842.1,1556289
NC_028841.1,1589751
NC_028837.1,1636263
NC_028836.1,1640972
NC_028835.1,1739608
NC_028834.1,1589747
NC_028832.1,1541819
NC_028831.1,1720493
NC_028830.1,1739609
NC_028829.1,1610855
NC_028828.1,1701845
NC_028827.1,1674927
NC_028826.1,1718158
NC_028825.1,1636202
NC_028823.1,1551711
NC_028822.1,1572753
NC_028821.1,1732064
NC_028820.1,1589265
NC_028819.1,1636200
NC_028818.1,1636184
NC_028817.1,1716041
NC_028816.1,1610834
NC_028815.1,1675553
NC_028813.1,1698713
NC_028812.1,1567485
NC_028810.1,1698441
NC_028807.1,1690817
NC_028805.1,1691954
NC_028804.1,1675548
NC_028803.1,1035482
NC_028802.1,1673876
NC_028800.1,1647374
NC_028799.1,1589297
NC_028798.1,1527516
NC_028796.1,1647302
NC_028795.1,1636314
NC_028794.1,1527520
NC_028792.1,1662284
NC_028791.1,1647309
NC_028789.1,1734382
NC_028788.1,1589750
NC_028787.1,1732174
NC_028786.1,1610829
NC_028785.1,1679530
NC_028784.1,1698420
NC_028783.1,1739610
NC_028782.1,1675598
NC_028780.1,1720500
NC_028779.1,1555233
NC_028778.1,1698714
NC_028776.1,1610828
NC_028775.1,1505027
NC_028774.1,1675609
NC_028773.1,1327935
NC_028770.1,1175657
NC_028768.1,1589746
NC_028767.1,1636261
NC_028766.1,1572750
NC_028765.1,1572703
NC_028763.1,1647387
NC_028762.1,1636250
NC_028760.1,1647408
NC_028759.1,1718600
NC_028758.1,1589749
NC_028757.1,1527535
NC_028754.1,1572715
NC_028751.1,1675555
NC_028750.1,1675607
NC_028749.1,1691958
NC_028747.1,1698358
NC_028746.1,1636257
NC_028745.1,1640970
NC_028247.1,1675603
NC_028744.1,1718166
NC_028743.1,1572745
NC_028742.1,1647306
NC_028698.1,1611545
NC_028672.1,1684115
NC_028659.1,1719140
NC_028702.1,1647385
NC_028699.1,1647463
NC_028697.1,1701850
NC_028692.1,1698361
NC_028691.1,1673886
NC_028690.1,1527494
NC_028689.1,663553
NC_028688.1,1701804
NC_028686.1,1698360
NC_028685.1,1675531
NC_028684.1,1701807
NC_028682.1,1458710
NC_028681.1,1675554
NC_028680.1,1735466
NC_028679.1,1701808
NC_028677.1,1701851
NC_028676.1,1636182
NC_028675.1,691318
NC_028674.1,1296647
NC_028673.1,1647286
NC_028669.1,1698421
NC_028668.1,1647284
NC_028666.1,1589270
NC_028665.1,1647474
NC_028664.1,1701805
NC_028663.1,1589733
NC_028662.1,1690684
NC_028660.1,1458706
NC_028658.1,1458715
NC_028655.1,1735591
NC_028654.1,1739966
NC_028653.1,1647475
NC_028652.1,1735586
NC_028651.1,1732176
NC_028461.1,100217
NC_028449.1,1660365
NC_028448.1,1720504
NC_028270.1,1557034
NC_028269.1,1557033
NC_028268.1,1032473
NC_028257.1,1557035
NC_028256.1,1032474
NC_028248.1,1720495
NC_028112.1,1586713
NC_028110.1,1586714
NC_028108.1,1586715
NC_028104.1,1586712
NC_027988.2,1622234
NC_026610.2,1538804
NC_024142.2,1458848
NC_021529.2,115992
NC_020490.2,1147042
NC_018087.3,1049283
NC_010275.2,493906
NC_005964.2,280702
NC_004914.3,194949
NC_004913.3,194948
NC_003157.5,173707
NC_002628.3,173824
NC_011085.3,526118
NC_008206.2,373415
NC_028093.1,1663209
NC_028092.1,1663210
NC_028094.1,455364
NC_028091.1,1663208
NC_027995.1,669875
NC_027986.1,1225791
NC_027987.1,745088
NC_027994.1,698487
NC_027993.1,698486
NC_027990.1,755164
NC_027985.1,663560
NC_027984.1,866553
NC_027982.1,438780
NC_027981.1,631719
NC_027980.1,1147139
NC_027867.1,1678078
NC_027707.1,1680908
NC_027630.1,1655017
NC_027629.1,1655012
NC_027628.1,1655015
NC_027627.1,1655021
NC_027626.1,1655019
NC_027625.1,1655014
NC_027624.1,1655020
NC_027622.1,1655022
NC_027621.1,1655023
NC_027620.1,1655016
NC_024124.2,1430444
NC_026607.2,1445860
NC_027397.1,1558469
NC_027396.1,1566990
NC_027395.1,1519788
NC_027393.1,1558467
NC_027392.1,1500829
NC_027391.1,1500801
NC_027390.1,1560284
NC_027389.1,1500821
NC_027388.1,1566995
NC_027386.1,1500825
NC_027385.1,1500813
NC_027384.1,1536596
NC_027383.1,1567004
NC_027382.1,1567022
NC_027381.1,1540097
NC_027380.1,1500805
NC_027379.1,1560283
NC_027377.1,1536604
NC_027376.1,1500832
NC_027375.1,1527525
NC_027373.1,1500800
NC_027370.1,1500828
NC_027367.1,1500820
NC_027363.1,1560282
NC_027362.1,1500816
NC_027361.1,1500812
NC_027360.1,1197935
NC_027358.1,1536605
NC_027357.1,1500799
NC_027355.1,1129192
NC_027354.1,1500831
NC_027352.1,1498212
NC_027349.1,1434323
NC_027347.1,1500823
NC_027346.1,1500827
NC_027342.1,1357704
NC_027341.1,1560313
NC_027339.1,1225789
NC_027337.1,1555238
NC_027336.1,1500798
NC_027333.1,1500807
NC_027332.1,1560342
NC_027331.1,1540095
NC_027329.1,1567025
NC_027405.1,1500826
NC_027404.1,1351740
NC_027403.1,1500818
NC_027402.1,1090134
NC_027401.1,1500814
NC_027400.1,1500802
NC_027398.1,1524881
NC_027387.1,1527506
NC_027371.1,1498188
NC_027369.1,1229757
NC_027368.1,1451050
NC_027364.1,1273738
NC_027353.1,1206560
NC_027351.1,1204529
NC_027345.1,1530400
NC_027344.1,1204531
NC_027340.1,1564096
NC_027330.1,1498172
NC_027394.1,1540093
NC_027378.1,1540098
NC_027374.1,1540091
NC_027372.1,1540092
NC_027366.1,1540090
NC_027295.1,1500830
NC_027299.1,1526550
NC_027296.1,1220714
NC_027294.1,1500822
NC_027292.1,1562076
NC_027293.1,1540094
NC_027204.1,1357423
NC_027130.1,1493508
NC_027132.1,1493513
NC_027125.1,908819
NC_027119.1,454798
NC_027118.1,1076759
NC_026928.1,1493510
NC_026927.1,1493511
NC_026924.1,1493512
NC_026923.1,1493509
NC_026926.1,1493514
NC_026609.1,1552735
NC_026606.1,1566993
NC_026605.1,1567472
NC_026604.1,1527463
NC_026603.1,1567471
NC_026602.1,1548902
NC_026601.1,1548918
NC_026600.1,1548917
NC_026599.1,1548906
NC_026598.1,1567473
NC_026597.1,1527493
NC_026596.1,1527580
NC_026595.1,1527511
NC_026594.1,1548905
NC_026593.1,1536598
NC_026591.1,1527536
NC_026590.1,1486472
NC_026589.1,1567475
NC_026588.1,1527512
NC_026587.1,1548901
NC_026586.1,1548907
PX223409.1,3458742
NC_026585.1,1536603
NC_026584.1,1527513
NC_026583.1,1567466
NC_026440.1,1605721
NC_026017.1,1540823
NC_026016.1,1519999
NC_026014.1,1567486
NC_026010.1,1572702
NC_025963.1,1579460
NC_025830.1,1527519
NC_025829.1,1551641
NC_025822.1,1151014
NC_023693.1,948870
NC_025453.1,1486428
NC_025446.1,1204523
NC_025445.1,1536597
NC_025441.1,1204521
NC_025437.1,1541825
NC_025434.1,1498227
NC_025423.1,1391188
NC_025422.1,1357714
NC_025418.1,1194091
NC_025416.1,1524910
NC_025460.1,1498220
NC_025471.1,1527515
NC_025470.1,1458860
NC_025452.1,1477406
NC_025425.1,1222338
NC_025414.1,1527524
NC_025467.1,1161939
NC_025466.1,1458863
NC_025465.1,1204540
NC_025464.1,754059
NC_025463.1,1458862
NC_025462.1,1481186
NC_025461.1,756276
NC_025459.1,1505227
NC_025458.1,1458861
NC_025457.1,1481187
NC_025456.1,1273711
NC_025455.1,756277
NC_025451.1,1536611
NC_025450.1,1542498
NC_025449.1,1204522
NC_025447.1,1555202
NC_025444.1,711470
NC_025443.1,1113547
NC_025442.1,1541887
NC_025439.1,1536592
NC_025438.1,1458725
NC_025436.1,1458859
NC_025433.1,1204515
NC_025431.1,1527771
NC_025430.1,1541883
NC_025429.1,1527770
NC_025428.1,1555208
NC_025427.1,1498228
NC_025426.1,1526408
NC_025424.1,1510440
NC_025421.1,1500735
NC_025420.1,1500733
NC_025415.1,1500734
NC_025375.1,537009
NC_024125.2,1495285
NC_024369.2,1500713
NC_025115.1,1530085
NC_024794.1,1391224
NC_024793.1,1416028
NC_024792.1,1527469
NC_024791.1,1529058
NC_024790.1,1391223
NC_024789.1,1416031
NC_024788.1,1486662
NC_024787.1,1486413
NC_024786.1,1395983
NC_024785.1,1505225
NC_024784.1,1416030
NC_024783.1,1527514
NC_024782.1,1391190
NC_024697.1,1474867
NC_024486.1,1520006
NC_020858.2,754045
NC_020856.2,754043
NC_024446.1,648998
NC_024392.1,1458857
NC_024391.1,1464127
NC_024390.1,1262515
NC_024389.1,1262523
NC_024388.1,1262519
NC_024387.1,1458856
NC_024386.1,1262518
NC_024385.1,1262517
NC_024384.1,1458852
NC_024383.1,1458855
NC_024380.1,1262520
NC_024379.1,1498170
NC_024378.1,1262521
NC_024381.1,1476390
NC_024375.1,1173745
NC_024371.1,1486469
NC_024368.1,1498204
NC_024367.1,1477404
NC_024366.1,1486473
NC_024363.1,1486403
NC_024362.1,1500756
NC_024359.1,1173764
NC_024358.1,1357732
NC_024356.1,1445858
NC_024355.1,1500386
NC_024354.1,1327934
NC_024365.1,1500757
NC_024364.1,1486422
NC_024360.1,1486421
NC_024330.1,1481224
NC_023863.2,1458716
NC_015272.2,582345
NC_023558.1,1410331
NC_023595.2,1416012
NC_024217.1,1472912
NC_024215.1,1476886
NC_024214.1,1476889
NC_024209.1,1458711
NC_024208.1,1476888
NC_024203.1,1476887
NC_024212.1,1458851
NC_024216.1,1486657
NC_024213.1,1486659
NC_024211.1,1486661
NC_024210.1,1495286
NC_024207.1,1486658
NC_024205.1,1486660
NC_024204.1,1465613
NC_024149.1,1486423
NC_024148.1,1486426
NC_024147.1,1486427
NC_024146.1,1468411
NC_024145.1,1463811
NC_024144.1,1411095
NC_024143.1,1468169
NC_024141.1,1486425
NC_024140.1,1476391
NC_024139.1,1446489
NC_024138.1,1471542
NC_024137.1,584892
NC_024136.1,1458714
NC_024135.1,1486424
NC_024134.1,1446490
NC_024121.1,1481112
NC_024122.1,1446492
NC_023567.2,1416011
NC_022088.2,1382932
NC_021342.2,1325372
NC_023748.1,701456
NC_023747.1,1084722
NC_023742.1,1089110
NC_023741.1,1089137
NC_022980.1,1296662
NC_022774.1,1406790
NC_022768.1,1406795
NC_022972.2,1414742
NC_023865.1,1399915
NC_023862.1,1458724
NC_023859.1,1458670
NC_023856.1,1458849
NC_023848.1,1465751
NC_023743.1,1048207
NC_023740.1,1089136
NC_023738.1,1052673
NC_023737.1,1079895
NC_023736.1,913183
NC_023735.1,691965
NC_023734.1,1071177
NC_023733.1,1088865
NC_023731.1,1071503
NC_023730.1,1079894
NC_023729.1,1056830
NC_023727.1,1089108
NC_023725.1,1088866
NC_023723.1,1168595
NC_023722.1,691963
NC_023717.1,1162290
NC_023715.1,928293
NC_023714.1,1074307
NC_023713.1,1089117
NC_023711.1,1052671
NC_023710.1,1071506
NC_023709.1,1056833
NC_023708.1,1086749
NC_023707.1,1071504
NC_023706.1,691966
NC_023703.1,1089121
NC_023696.1,1074305
NC_023695.1,1086800
NC_023694.1,691964
NC_023692.1,1074309
NC_023691.1,1074308
NC_023689.1,1070990
NC_023688.1,926067
PX963132.1,3683888
NC_023612.1,1458842
NC_023609.1,1458846
NC_023607.1,1458717
NC_023605.1,1461743
NC_023604.1,1458831
NC_023603.1,1463809
NC_023602.1,1445729
NC_023600.1,1463812
NC_023553.1,1437839
NC_023552.1,1429793
NC_023551.1,1432658
NC_023550.1,1453367
NC_023549.1,1406793
NC_023606.1,1458841
NC_023599.1,1357713
NC_023597.1,1458726
NC_023593.1,1436889
NC_023590.1,1458669
NC_023589.1,1414738
NC_023588.1,1168563
NC_023587.1,1340810
NC_023584.1,1340812
NC_023582.1,1434319
NC_023581.1,1406780
NC_023580.1,1445728
NC_023579.1,1429767
NC_023578.1,1445727
NC_023577.1,1445715
NC_023574.1,1412875
NC_023572.1,1445726
NC_023570.1,1406779
NC_023569.1,1414739
NC_023566.1,1458697
NC_023565.1,1445714
NC_023564.1,1429759
NC_023563.1,1414748
NC_023562.1,1429791
NC_023561.1,1455074
NC_023557.1,1429768
NC_023556.1,1416009
NC_023555.1,1391659
NC_023554.1,1429905
NC_023615.1,345198
NC_023613.1,1301280
NC_023611.1,345585
NC_023610.1,1401669
NC_023608.1,1465618
NC_023592.1,1442594
NC_023585.1,1351702
NC_023583.1,1406974
NC_023576.1,1455075
NC_023573.1,1450142
NC_023571.1,1432847
NC_023568.1,1262539
NC_023560.1,1432848
NC_023559.1,1435411
NC_023548.1,1455076
NC_023502.1,1414737
NC_023501.1,1277886
NC_023500.1,1308897
NC_023499.1,1308896
NC_023498.1,1414747
NC_023423.1,1450746
NC_021539.2,1173743
NC_021787.2,1173747
NC_022764.1,1406786
NC_022762.1,1399942
NC_022775.1,1399941
NC_022772.1,1406794
NC_022771.1,1406785
NC_022770.1,1406789
NC_022769.1,1406781
NC_022767.1,1406792
NC_022763.1,1406791
NC_020081.2,1204533
NC_023009.1,1007127
NC_023007.1,1308863
NC_009232.2,424944
NC_015294.2,743813
NC_022990.1,1411887
NC_022988.1,1391179
NC_022987.1,1415146
NC_022986.1,1327966
NC_022985.1,1391433
NC_022984.1,1429912
NC_022983.1,1429903
NC_022982.1,1415145
NC_022981.1,1430411
NC_022979.1,1391432
NC_022977.1,1391429
NC_022976.1,1391180
NC_022975.1,1429904
NC_022974.1,1327965
NC_022973.1,1391431
NC_022971.1,1429758
NC_022970.1,981431
NC_022969.1,1391181
NC_022968.1,1391428
NC_022967.1,1348912
NC_022966.1,1327964
NC_022965.1,1391430
NC_022920.1,1041526
NC_022918.1,1041527
NC_022917.1,1402875
NC_022916.1,1401297
NC_022915.1,1417599
NC_022914.1,1403390
NC_022791.1,1267169
NC_022761.1,1406783
NC_022776.1,1385385
NC_022758.1,1399949
NC_022756.1,1414736
NC_022754.1,424947
NC_022753.1,1354510
NC_022752.1,424949
NC_022751.1,434346
NC_022750.1,1357825
NC_022749.1,1407493
NC_022747.1,1341101
NC_022746.1,1262514
NC_022744.1,1407608
NC_022613.1,1408258
NC_022612.1,1408257
NC_022342.1,1235653
NC_022341.1,1235655
NC_022340.1,1235656
NC_022339.1,1235646
NC_022338.1,1235647
NC_022337.1,1235650
NC_022336.1,1235645
NC_022335.1,1235649
NC_022334.1,1235654
NC_022330.1,1354514
NC_022329.1,1354512
NC_022328.1,1354507
NC_022325.1,1340831
NC_022324.1,1340827
NC_022323.1,1327956
NC_021773.2,1273712
NC_022098.1,1349410
NC_022096.1,1335230
NC_022094.1,663237
NC_022091.1,1225790
NC_022090.1,1235659
NC_022087.1,1076630
NC_022086.1,1340818
NC_022085.1,1383057
NC_022071.1,1340836
NC_022070.1,1383054
NC_022069.1,1340820
NC_022068.1,1340822
NC_022067.1,1340713
NC_022066.1,1340709
NC_022065.1,1340833
NC_022064.1,1340828
NC_022063.1,1383055
NC_022062.1,1340825
NC_022061.1,1340830
NC_022060.1,1340821
NC_022059.1,1357669
NC_022058.1,1383059
NC_022057.1,1340819
NC_022056.1,1340824
NC_022055.1,1340708
NC_022053.1,1383056
NC_022052.1,1340826
NC_021901.1,345198
NC_021868.1,1208587
NC_021865.1,1337877
NC_021864.1,948071
NC_021863.1,1195086
NC_021861.1,1229751
NC_021860.1,1262535
NC_021855.1,1262538
NC_021854.1,1262536
NC_021853.1,1262533
NC_021852.1,1262537
NC_021806.1,1327990
NC_021804.1,1327993
NC_021803.1,1328030
NC_021802.1,1327981
NC_021801.1,1347760
NC_021800.1,1327974
NC_021799.1,1327970
NC_021798.1,1327972
NC_021796.1,1327977
NC_021795.1,1327980
NC_021794.1,1327983
NC_021793.1,1327968
NC_021792.1,1327985
NC_021791.1,1327976
NC_021790.1,1327982
NC_021789.1,1327971
NC_021788.1,1328029
NC_021785.1,1173748
NC_021867.1,1325731
NC_021858.1,1349409
NC_021856.1,207656
NC_021784.1,1352230
NC_021772.1,1173761
NC_021782.1,1173762
NC_021777.1,1340534
NC_021776.1,1233488
NC_021775.1,1173749
NC_021563.1,1282995
NC_021556.1,1327952
NC_021540.1,1283071
NC_021538.1,1327771
NC_021535.1,1327772
NC_021533.1,1262532
NC_021532.1,1300004
NC_021531.1,1195085
NC_021530.1,754038
NC_021471.1,1262530
NC_021344.2,1307804
NC_021349.1,1327762
NC_021348.1,1327938
NC_021347.1,1007869
NC_021346.1,1327936
NC_021343.1,1282994
NC_021340.1,1273751
NC_021339.1,1327760
NC_021338.1,1327947
NC_021337.1,1273713
NC_021336.1,1309583
NC_021334.1,1327036
NC_021332.1,1195071
NC_021330.1,1273746
NC_021329.1,1273752
NC_021328.1,1273749
NC_021327.1,1273748
NC_021326.1,1195068
NC_021325.1,1305708
NC_021324.1,1327035
NC_021323.1,1277672
NC_021322.1,1273750
NC_021319.1,1273747
NC_021318.1,1327948
NC_021316.1,1235824
NC_021312.1,251749
NC_021311.1,1327937
NC_021310.1,1327766
NC_021309.1,1327774
NC_021308.1,1327770
NC_021307.1,1327776
NC_021305.1,1327939
NC_021304.1,1327759
NC_021302.1,1327765
NC_021301.1,1327777
NC_021300.1,1316739
NC_021299.1,1325953
NC_021298.1,1327758
NC_021297.1,1327773
NC_021249.1,1293539
NC_021247.1,1293540
NC_021246.1,1293572
NC_021221.1,172861
NC_018850.2,1235661
NC_021073.1,573174
NC_021063.1,1305710
NC_021062.1,1204538
NC_021061.1,1296646
NC_020998.1,1282967
NC_020883.1,547228
NC_020882.1,1298531
NC_020880.1,1262522
NC_020879.1,1198014
NC_020876.1,1245814
NC_020873.1,1195072
NC_020871.1,1168744
NC_020870.1,1262516
NC_020859.1,869662
NC_020845.1,889956
NC_020489.1,1131316
NC_020488.1,1168281
NC_020486.1,869724
NC_020484.1,1283076
NC_020483.1,1283079
NC_020482.1,1283078
NC_020481.1,1283077
NC_020416.1,1087482
NC_016989.1,1154689
NC_020082.1,1264700
NC_020080.1,1129147
NC_020079.1,1229753
NC_020078.1,1264737
NC_020077.1,1123964
NC_020205.1,1188795
NC_020204.1,1236000
NC_020203.1,1223259
NC_020202.1,1223261
NC_020201.1,1116482
NC_020200.1,1223262
NC_020199.1,1165702
NC_020198.1,1223260
NC_019782.1,1206110
NC_020159.1,1262527
NC_020158.1,1262528
NC_020104.1,1269028
NC_020083.1,1262513
NC_019521.1,1150991
NC_019519.1,1161931
NC_019704.1,1147151
NC_019935.1,763998
NC_019934.1,984175
NC_019932.1,947843
NC_019931.1,1204178
NC_019930.1,981335
NC_019929.1,1029988
NC_019928.1,1208236
NC_019927.1,984186
NC_019926.1,925983
NC_019924.1,1147137
NC_019923.1,1235689
NC_019921.1,874267
NC_019918.1,1231048
NC_019915.1,1147043
NC_019914.1,1147044
NC_019913.1,685892
NC_019910.1,1204528
NC_019909.1,1206558
NC_019813.1,1234701
NC_019769.1,432200
NC_019768.1,432198
NC_019767.1,432201
NC_019726.1,1239383
NC_019725.1,1216926
NC_019724.1,1147142
NC_019723.1,1147146
NC_019722.1,1229754
NC_019721.1,1147158
NC_019720.1,1147156
NC_019719.1,1147147
NC_019718.1,1147155
NC_019717.1,1147144
NC_019716.1,1147152
NC_019715.1,1147157
NC_019714.1,1147145
NC_019713.1,1229755
NC_019711.1,1147148
NC_019710.1,1147143
NC_019709.1,1147153
NC_019708.1,1147150
NC_019706.1,1147149
NC_019705.1,1147154
NC_019550.1,941970
NC_019549.1,941969
NC_019545.1,1147140
NC_019544.1,749413
NC_019543.1,1198013
NC_019542.1,1217810
NC_019541.1,1221835
NC_019540.1,1161935
NC_019539.1,1163482
NC_019538.1,1204516
NC_019530.1,1108865
NC_019529.1,1150989
NC_019528.1,1141132
NC_019527.1,1127514
NC_019526.1,1147094
NC_019525.1,1127515
NC_019523.1,1128071
NC_019522.1,1127516
NC_019520.1,1141519
NC_019518.1,1127518
NC_019517.1,1131317
NC_019515.1,1136534
NC_019514.1,1051675
NC_019513.1,1168612
NC_019512.1,1154995
NC_019510.1,1051673
NC_019508.1,1042123
NC_019506.1,1042122
NC_019505.1,1054480
NC_019504.1,1051676
NC_019503.1,1054834
NC_019502.1,1124578
NC_019501.1,1090133
NC_019500.1,1052121
NC_019496.1,673376
NC_019490.1,936152
NC_019489.1,947981
NC_019488.1,929814
NC_019487.1,941058
NC_019486.1,947980
NC_019485.1,942016
NC_019455.1,483266
NC_019454.1,881915
NC_019452.1,926589
NC_019451.1,1158680
NC_019450.1,757342
NC_019448.1,760530
NC_019447.1,1133293
NC_019446.1,1133292
NC_019445.1,1124654
NC_019444.1,3126011
NC_019443.1,1079999
NC_019442.1,1124655
MN692191.1,2704521
NC_019423.1,1239384
NC_019422.1,1204535
NC_019421.1,1204534
NC_019420.1,1244856
NC_019418.1,1239381
NC_019416.1,1239382
NC_019413.1,1245909
NC_019410.1,1211641
NC_019407.1,1211642
NC_019406.1,1211640
NC_019404.1,1141140
NC_019403.1,1141139
NC_019402.1,1141137
NC_019401.1,1141136
NC_019400.1,1141135
NC_019399.1,1141141
NC_019398.1,1141138
NC_018863.1,1141133
NC_018861.1,1229752
NC_018860.1,1126950
NC_018859.1,1604355
NC_018857.1,1136731
NC_018855.1,1237364
NC_018854.1,1604356
NC_018852.1,1229789
NC_018851.1,1229794
NC_018849.1,1229788
NC_018848.1,1204525
NC_018847.1,1229793
NC_018846.1,1150869
NC_018845.1,1229787
NC_018843.1,1177632
NC_018842.1,1229792
NC_018841.1,1229786
NC_018840.1,1229791
NC_018839.1,1229784
NC_018838.1,1229790
NC_018837.1,1204539
NC_018836.1,1204524
NC_018835.1,1237159
NC_018834.1,1229782
NC_018832.1,1235559
NC_018831.1,1225800
NC_017971.2,1114179
NC_018454.1,1168280
NC_018283.1,1133022
NC_018282.1,1204517
NC_018280.1,1197951
NC_018279.1,1168549
NC_018278.1,1132026
NC_018276.1,1176422
NC_018274.1,1161903
NC_018273.1,1161930
NC_018272.1,1168479
NC_018271.1,1168478
NC_018270.1,1161906
NC_018269.1,1176423
NC_018277.1,1118063
NC_018275.1,1168548
NC_018285.1,1051631
NC_018264.1,1126885
NC_017090.1,1156722
NC_017089.1,1156721
NC_017088.1,1156720
NC_017087.1,1156719
NC_008721.2,413066
NC_018088.1,765765
NC_018086.1,1173135
NC_018085.1,1194641
NC_018084.1,1162306
NC_018083.1,1162305
NC_017985.1,1127357
NC_017981.1,1129194
NC_017980.1,1162304
NC_017976.1,1161901
NC_017975.1,1173297
NC_017974.1,1162295
NC_017972.1,1161927
NC_017984.1,1187128
NC_017983.1,1183239
NC_017979.1,1193422
NC_017978.1,1187894
NC_017973.1,1175504
NC_017968.1,1168613
NC_017864.1,1141526
NC_017865.1,1141525
NC_017732.1,977801
NC_016899.1,1115696
NC_016924.1,930275
NC_016763.1,1115478
NC_016770.1,1105171
NC_016767.1,1131315
NC_016766.1,756275
NC_016764.1,1100790
NC_016762.1,1129145
NC_016761.1,1125653
NC_006940.2,293644
NC_016655.1,1109712
NC_016654.1,1109714
NC_016653.1,1109715
NC_016652.1,1109713
NC_016651.1,1109717
NC_016659.1,445692
NC_016658.1,445693
NC_016657.1,444875
NC_016656.1,444876
NC_016569.1,1109711
NC_016571.1,1124849
NC_016568.1,1069378
NC_016565.1,1010614
NC_016563.1,764595
NC_016567.1,700512
NC_016566.1,1109721
NC_016564.1,994601
NC_014564.2,878329
NC_016072.1,1094892
NC_016071.1,889338
NC_016435.1,1109710
NC_016434.1,319522
NC_016166.1,1100814
NC_016163.1,331278
NC_009993.2,480808
NC_016165.1,1105286
NC_016164.1,909297
NC_016160.1,906668
NC_016158.1,906669
NC_016073.1,1080800
NC_015933.1,1054461
NC_015938.1,1054968
NC_015960.1,1076255
NC_015937.1,699370
NC_015585.1,943335
NC_015721.1,1035662
NC_015720.1,981323
NC_015719.1,1041524
NC_015569.1,1026955
NC_015568.1,1032362
NC_015466.1,562742
NC_015465.1,753085
NC_015463.1,753084
NC_015457.1,1002725
NC_015454.1,504501
NC_015453.1,504553
NC_015326.1,999883
NC_015323.1,190063
NC_015254.1,764562
NC_015295.1,925984
NC_015293.1,877240
NC_015292.1,925986
NC_015273.1,910475
NC_015270.1,767806
NC_015266.1,910474
NC_015265.1,910473
NC_015263.1,881953
NC_015253.1,857312
NC_015252.1,764561
NC_015290.1,445688
NC_015289.1,445685
NC_015288.1,444861
NC_015287.1,445686
NC_015286.1,445684
NC_015285.1,444878
NC_015284.1,445696
NC_015283.1,444862
NC_015282.1,444859
NC_015281.1,445683
NC_015280.1,445700
NC_015279.1,444860
NC_015264.1,942165
NC_015262.1,864178
NC_015249.1,669008
NC_015210.1,981330
NC_015208.1,988656
NC_015159.1,979535
NC_015158.1,979533
NC_015157.1,979525
NC_014969.1,190065
NC_014900.1,714583
NC_014901.1,938131
NC_014792.1,700939
NC_014789.1,696472
NC_014766.1,880162
NC_014767.1,880161
NC_014765.1,880159
NC_006884.2,268747
NC_006883.2,268746
NC_014663.1,760939
NC_014662.1,709484
NC_014661.1,760732
NC_014660.1,762660
NC_014649.1,212035
NC_014637.1,693272
NC_014636.1,879630
NC_014635.1,879628
NC_014595.1,645664
NC_014457.1,871584
NC_014322.1,762905
NC_014321.1,762906
NC_014260.1,698728
NC_014099.1,754004
NC_014036.1,707757
NC_013649.2,674081
NC_013758.1,710112
NC_013756.1,694581
NC_013691.1,655097
NC_013693.1,637730
NC_013697.1,665032
NC_013692.1,655098
NC_013698.1,686439
NC_013696.1,663241
NC_013643.1,673835
NC_013644.1,673839
NC_013646.1,673832
NC_013647.1,674082
NC_013648.1,673837
NC_013651.1,644563
NC_013650.1,663554
NC_013638.1,1450169
NC_013594.1,665033
NC_013600.1,673375
NC_013599.1,670252
NC_013588.1,693628
NC_013587.1,693627
NC_013585.1,693629
NC_013288.1,642926
NC_013195.1,668618
NC_013154.1,665887
NC_013085.1,555387
NC_013059.1,590739
NC_013055.1,335797
NC_013021.1,658401
NC_012884.1,372457
NC_012788.1,649688
NC_012784.1,648017
NC_012756.1,644007
NC_012753.1,646413
NC_012749.1,576791
NC_012742.1,538979
NC_012741.1,576790
NC_012740.1,576789
NC_012697.1,490912
NC_012696.1,490913
NC_012663.1,641487
NC_012662.1,641832
NC_004462.2,1714273
NC_012558.1,634168
NC_012419.1,627087
NC_012418.1,627480
NC_012027.1,591487
NC_011976.1,348058
NC_011811.1,557393
NC_011802.1,329864
NC_011801.1,578234
NC_011810.1,538398
NC_011756.1,582382
NC_011703.1,581037
NC_011646.1,491893
NC_011645.1,565140
NC_011589.1,573591
NC_011551.1,340054
NC_011373.1,504346
NC_011344.1,430796
NC_011318.1,541865
NC_011308.1,560178
NC_011292.1,563121
NC_011285.1,561999
NC_011290.1,561998
NC_011271.1,546803
NC_011267.1,555603
NC_011270.1,546808
NC_011272.1,546806
NC_011273.1,546805
NC_011216.1,557289
NC_011217.1,459291
NC_011201.1,551790
NC_011166.1,549446
NC_011165.1,549445
NC_011142.1,551895
NC_011132.1,543939
NC_011104.1,496874
NC_011107.1,496396
NC_011105.1,476523
NC_011057.1,546184
NC_011039.1,543153
NC_011044.1,543152
NC_011038.1,532078
NC_011043.1,532077
NC_011045.1,532076
NC_011042.1,532075
NC_011040.1,532074
NC_011022.1,540064
NC_010945.1,537874
NC_010821.1,198110
NC_010807.1,529929
NC_010576.1,475178
NC_010537.1,512792
NC_010237.1,489779
NC_010495.1,424716
NC_010179.2,139871
NC_010363.1,503388
NC_010355.1,467481
NC_010326.1,484896
NC_010325.1,484895
NC_004037.2,114430
NC_010154.1,346884
NC_010153.1,346883
NC_010152.1,346882
NC_008296.2,382359
NC_010116.1,462590
NC_010105.1,293178
NC_010106.1,451705
NC_009990.1,469660
NC_009986.1,459290
NC_009965.1,309181
NC_009936.1,386793
NC_009935.1,386792
NC_003214.2,176106
NC_009904.1,442493
NC_009899.1,380598
NC_009884.1,300186
NC_009877.1,260120
NC_009875.1,470865
NC_009815.1,330399
NC_009814.1,330398
NC_009813.1,330397
NC_009812.1,330396
NC_009821.1,448384
NC_009820.1,439809
NC_009819.1,403905
NC_009816.1,384848
NC_009760.1,458639
NC_007804.2,343516
NC_009603.1,446529
NC_009597.1,425386
NC_009541.1,376758
NC_009514.1,414970
NC_009452.1,437444
NC_009447.1,437329
NC_009233.1,260797
NC_009018.1,423476
NC_009014.1,418443
NC_008376.2,365048
NC_008724.1,411359
NC_008695.1,416419
NC_008694.1,369257
NC_008689.1,360398
NC_008617.1,387909
NC_008603.1,399781
NC_008584.1,407392
NC_008562.1,2856824
NC_008518.1,328615
NC_008464.1,379329
NC_008371.1,213775
NC_008364.1,382685
NC_008361.1,113370
NC_008265.1,396359
NC_008198.1,373410
NC_008200.1,373411
NC_008199.1,373413
NC_008204.1,373414
NC_008207.1,373404
NC_008195.1,373406
NC_008197.1,373409
NC_008030.1,1285600
NC_007967.1,370623
NC_005091.2,242861
NC_007924.1,363555
NC_007918.1,128710
NC_007914.1,128708
NC_007902.1,373126
NC_007810.1,347329
NC_007808.1,347327
NC_007806.1,347325
NC_007805.1,347324
NC_007814.1,345922
NC_007710.1,331627
NC_007623.1,273133
NC_007501.1,146269
NC_007497.1,348137
NC_007451.1,318595
NC_007456.1,344021
NC_007458.1,347962
NC_006356.2,294631
NC_007409.1,315953
NC_007346.1,181082
NC_005886.2,279530
NC_007217.1,326574
NC_007149.1,329886
NC_007058.1,320843
NC_007051.1,320836
NC_007046.1,320832
NC_007024.1,322855
NC_007022.1,321023
NC_006966.1,305674
NC_006953.1,310539
NC_006949.1,101570
NC_006945.1,307240
NC_006820.1,238854
PX963127.1,3683883
PX963124.1,3683880
NZ_JARCHF000000000.1,90371
NZ_CP074095.1,90371
NZ_CP074094.1,90371
NZ_CP074099.1,90371
NZ_CP074098.1,90371
NZ_CP074097.1,90371
NZ_CP074096.1,90371
NZ_CP074093.1,90371
NZ_CP074092.1,90371
NZ_CP060507.1,90371
JARCHF000000000.1,90371
NC_006556.1,292639
NC_006549.1,262968
NC_006548.1,151599
NC_006268.1,285013
NC_005902.1,256729
NC_005885.1,279303
NC_005893.1,279281
NC_005884.1,270673
NC_005892.1,269145
NC_005891.1,260827
NC_005879.1,260372
NC_005872.1,270161
NC_005857.1,255431
NC_005841.1,221029
NC_005832.1,265294
NC_005830.1,235266
NC_005361.1,248496
NC_005360.1,256994
NC_005354.1,139872
NC_005355.1,139870
NC_005337.1,129727
NC_004664.2,3047527
NC_005258.1,236750
NC_005259.1,213236
NC_005069.1,172667
NC_005045.1,204270
NC_004996.1,157924
NC_004827.1,230158
NC_004813.1,196242
NC_004777.1,227720
NC_004746.1,201847
NC_004735.1,148943
NC_003291.2,171618
NC_004689.1,205880
NC_004687.1,205877
NC_004684.1,205874
NC_004679.1,204090
NC_004665.1,197783
NC_004456.1,207597
NC_003050.2,120574
NC_004313.1,175950
NC_004086.1,157899
NC_004087.1,157898
NC_004084.1,114777
NC_004066.1,114416
NC_004003.1,376852
NC_003524.1,190478
NC_003494.1,180170
NC_003356.1,103807
NC_003324.1,179237
NC_003038.1,176652
NC_003027.1,376849
NC_002730.1,155148
NC_002668.1,151537
NC_002667.1,151536
NC_002666.1,151535
NC_002642.1,99000
NC_002486.1,129009
NC_001271.1,110457
NC_000899.1,190064
NC_001901.1,1604876
NC_001720.1,190061
NC_001338.1,244589
NC_056724.1,31754
NC_054907.1,10666
NC_054906.1,10692
NC_044959.2,10497
NC_050152.1,10682
NC_049346.1,39838
NC_048631.1,10717
NC_047864.1,10759
NC_003345.2,33771
NC_044955.1,10497
NC_044947.1,10497
NC_044946.1,10497
NC_044945.1,10497
NC_044943.1,10497
NC_044942.1,10497
NC_044941.1,10497
NC_042114.1,10748
NC_038553.1,97195
NC_032111.1,67082
NC_031033.1,28874
NC_028700.1,35344
NC_001978.3,10719
NC_027983.1,66711
NC_027979.1,36339
NC_027213.1,10256
NC_021190.1,10713
NC_001659.2,10497
NC_025448.1,69609
NC_025419.1,31533
NC_024451.1,72201
NC_024447.1,10264
NC_023744.1,45764
NC_023426.1,62099
NC_022757.1,39103
NC_021857.1,66284
NC_021248.1,10288
NC_020197.1,73422
NC_019457.1,10689
NC_019456.1,37105
NC_019414.1,10732
NC_018856.1,57477
NC_017940.1,84739
NC_000852.5,10506
NC_015780.1,68347
NC_015274.1,59241
NC_012635.1,10693
NC_011534.1,47049
NC_011222.1,99179
NC_011183.1,39420
NC_011103.1,10704
NC_001421.2,10658
NC_009898.1,46021
NC_009810.1,40522
NC_009554.1,12348
NC_008291.1,28871
NC_008187.1,345201
NC_005083.2,75320
NC_007581.1,12336
NC_005345.2,10702
NC_005822.1,12390
NC_005336.1,10258
NC_005309.1,44088
NC_005294.1,12402
NC_005282.1,77775
NC_005179.1,38804
NC_005066.1,50948
NC_004928.1,12353
NC_003663.2,10243
NC_004305.1,52979
NC_004302.1,43685
NC_004112.1,51369
NC_004105.1,12643
NC_004002.1,10266
NC_003444.1,55884
NC_003391.1,28873
NC_003389.1,10276
NC_003387.1,88870
NC_001132.2,10273
NC_003298.1,10759
NC_003216.1,40521
NC_003085.1,49964
NC_002796.1,31754
NC_002747.1,35345
NC_002703.1,35241
NC_002687.1,37665
NC_002520.1,28321
NC_001824.1,36363
NC_002188.1,10261
NC_001266.1,10271
NC_000902.1,97081
NC_000896.1,12417
NC_000924.1,10730
NC_001993.1,83191
NC_001902.1,77048
NC_001825.1,10747
NC_001731.1,10279
NC_001611.1,10255
NC_001609.1,10680
NC_001604.1,10760
NC_001447.1,46014
NC_001423.1,10757
NC_001335.1,31757
NC_003158.2,2847285
NC_001364.1,2170203
NC_038500.1,2004966
NC_038375.1,1916701
NC_029992.1,1737586
NC_044948.1,10497
NC_035797.1,2029293
NC_010810.1,1425211
NC_039023.1,2170139
NC_063383.1,10244
NC_003197.2,99287
NC_034273.1,73423
NC_001426.1,12018
NC_055128.1,2560285
NC_055127.1,2560285
NC_063268.1,79889
NC_028460.3,1985413
NC_016895.2,2758098
NC_033793.1,2902769
NC_025733.1,1985386
NC_024769.1,2847848
ON131096.1,32630
NC_039200.1,1972684
NC_048214.1,694014
NC_046965.1,2569586
NC_046964.1,2492658
NC_032730.1,1508224
NC_030292.1,1264898
NC_018871.1,1241933
NC_016992.1,1159906
NC_016996.1,1159902
NC_016995.1,1159908
NC_016993.1,1159903
NC_014470.1,864596
NC_010438.1,694001
NC_009988.1,693998
NC_009657.1,693999
NC_028752.1,1699095
NC_005831.2,277944
NC_028123.1,2758136
NC_028120.1,2758138
NC_025737.1,1985383
NC_025736.1,1985380
NC_025735.1,1985382
NC_025734.1,1985381
NC_021168.1,1298385
NC_027921.1,1712387
NC_026760.1,2843704
NC_006553.1,2870363
NC_001524.1,2885846
NC_030116.1,1434088
NC_024909.1,1985417
NC_001942.1,75590
NC_039208.1,1965089
NC_016991.1,1159907
NC_002645.1,11137
NC_033829.1,1654582
NC_003801.1,46618
NC_055604.1,2731270
NC_055598.1,2697535
NC_055562.1,2528410
NC_055538.1,2509395
NC_055527.1,2662396
NC_055526.1,2601527
NC_055523.1,2571082
NC_055520.1,2562807
NC_055519.1,2557970
NC_055518.1,2555547
NC_055511.1,2496575
NC_055510.1,3052181
NC_055508.1,2495433
NC_055507.1,2494552
NC_055506.1,2491019
NC_055503.1,2320870
NC_055502.1,2315721
NC_055501.1,2306727
NC_055500.1,2304025
NC_055498.1,2303151
NC_055497.1,2294149
NC_055494.1,2282485
NC_055493.1,2212477
NC_055492.1,2182585
NC_055491.1,2175329
NC_055488.1,2171394
NC_055482.1,2093224
NC_055481.1,2052838
NC_055476.1,2030909
NC_055470.1,1972994
NC_055467.1,1906244
NC_055455.1,1242863
NC_055453.1,1070315
NC_055236.1,1512278
NC_055233.1,432370
NC_055177.1,2491018
NC_055168.1,2116604
NC_055167.1,2756244
NC_055166.1,1434720
NC_055164.1,2560771
NC_055163.1,2560770
NC_055162.1,2560769
NC_055161.1,2016447
NC_055142.1,2560569
NC_055141.1,123630
NC_055136.1,2560380
NC_055135.1,111469
NC_055132.1,2560350
NC_055131.1,2560381
NC_055124.1,435487
NC_055123.1,3052128
NC_055121.1,2305270
NC_040794.1,1883104
NC_023421.1,1420600
NC_016154.1,944969
NC_007016.1,272551
NC_055603.1,2704413
NC_055600.1,2730579
NC_055599.1,2664236
NC_055595.1,2662314
NC_055590.1,2676049
NC_055588.1,2713640
NC_055585.1,2608606
NC_055584.1,2706523
NC_055583.1,3052042
NC_055580.1,2686039
NC_055579.1,2588671
NC_055578.1,2721749
NC_055577.1,2607629
NC_055576.1,2721750
NC_055575.1,2721748
NC_055574.1,2586645
NC_055573.1,2596883
NC_055572.1,2596881
NC_055571.1,2509616
NC_055568.1,2591696
NC_055567.1,2676436
NC_055566.1,2558066
NC_055565.1,2558065
NC_055564.1,2518104
NC_055546.1,2510428
NC_055513.1,2518373
NC_055129.1,2560636
NC_055601.1,588752
NC_055569.1,2499242
NC_055559.1,2170403
NC_055558.1,2182467
NC_055557.1,2170409
NC_055556.1,2170408
NC_055545.1,1960887
NC_055541.1,938277
NC_055529.1,758677
NC_055505.1,2487100
NC_055504.1,2364291
NC_055495.1,2283388
NC_055479.1,2051550
NC_055477.1,2040592
NC_055474.1,2026129
NC_055473.1,2021721
NC_055466.1,1905830
NC_055454.1,1168550
NC_034974.1,1239566
NC_028793.2,1756832
NC_002200.1,2560602
NC_044936.1,47680
NC_040811.1,2250215
NC_040356.1,1519393
NC_040355.1,1519392
NC_040354.1,1519387
NC_040353.1,1519386
NC_040352.1,1034806
NC_040316.1,2109373
NC_040315.1,2109374
NC_040314.1,2137352
NC_040313.1,2056385
NC_040312.1,1519385
NC_040311.1,1297894
NC_040310.1,1678176
NC_040309.1,1904876
NC_040308.1,1519389
NC_040307.1,1133557
NC_040306.1,1820160
NC_040305.1,1519388
NC_039032.1,2169709
NC_037060.1,2077300
NC_035619.1,78522
NC_035475.1,2021738
NC_035223.1,2010269
NC_035222.1,2010269
NC_035217.1,2010269
NC_035216.1,2010269
NC_035133.1,2010272
NC_035131.1,2010266
NC_035130.1,2010265
NC_035129.1,2010275
NC_035128.1,2010268
NC_035126.1,2010280
NC_035125.1,2010278
NC_035124.1,2010273
NC_035123.1,2010274
NC_035122.1,2010283
NC_035121.1,2010279
NC_035120.1,2010281
NC_035119.1,2010284
NC_034834.1,2170000
NC_034441.1,1981916
NC_034382.1,507488
NC_034244.1,1920989
NC_034241.1,1920988
NC_034209.1,1808960
NC_033276.1,1504733
NC_033272.1,1930302
NC_032479.1,1930508
NC_032458.1,1930507
NC_032412.1,1930510
NC_032105.1,2848082
NC_031948.1,2015376
NC_031748.1,1911102
NC_031693.1,1916647
NC_031689.1,1911438
NC_031686.1,1911439
NC_031503.1,1907767
NC_030874.1,1788435
MQ250826.1,694009
NC_030792.1,46916
NC_030453.1,1868621
NC_030461.1,1676185
NC_029902.1,1788433
NC_029899.1,1788432
NC_029898.1,1788436
NC_029310.1,1804157
NC_029308.1,1804155
NC_029056.1,1766767
NC_028489.1,1758882
NC_028487.1,1758881
NC_028258.1,1519391
NC_028238.1,336486
NC_028113.1,413258
NC_028107.1,38416
NC_028105.1,1715778
NC_028103.1,38432
NC_027708.1,1641642
NC_027705.1,67603
NC_027529.1,1678208
NC_026137.1,1580607
NC_025962.1,1580497
NC_025678.1,1560346
NC_024907.1,1542745
NC_024684.1,874272
NC_024474.1,764030
NC_024150.1,943083
NC_024071.1,1489714
NC_022563.1,240426
NC_022266.1,909210
NC_020487.1,994672
NC_020485.1,585059
NC_017825.1,1123958
NC_016437.1,1520004
NC_015932.1,696069
NC_015455.1,1520002
NC_015225.1,995022
NC_015230.1,1932931
NC_015123.1,712037
NC_014899.1,931972
NC_013804.1,129726
NC_012959.1,651580
NC_012584.1,573199
NC_011202.1,108098
NC_011203.1,108098
NC_010956.1,130310
NC_009989.1,189830
NC_006879.1,536079
NC_003266.2,130308
NC_006144.1,38420
NC_002685.2,130499
NC_003220.1,159252
NC_003219.1,159252
NC_002702.1,45370
NC_002513.1,114429
NC_002501.1,114102
NC_001958.1,41678
NC_001876.1,10510
NC_001813.1,130328
NC_001734.1,10537
NC_001460.1,129875
NC_001454.1,130309
NC_000942.1,129956
NC_035132.1,2010277
NC_030204.1,1844927
NC_028484.1,1758878
NC_020074.1,111167
NC_038272.1,11247
NC_025344.1,2482952
NC_006579.1,270473
NC_001989.1,3136119
NC_001781.1,11250
NC_048212.1,1508220
NC_038294.1,1263720
NC_009021.1,694006
NC_035207.1,2773314
NC_034440.1,1508220
NC_009020.1,694008
NC_009019.1,694007
NC_006577.2,290028
NC_004718.3,694009
NC_003973.1,2773288
NC_002232.1,2772507
NC_026011.1,1590370
NC_017083.1,1160968
NC_001846.1,11138
NC_046954.1,2050018
NC_032126.1,2779843
NC_002786.2,59749
NC_024770.1,2764087
NC_018400.1,2764087
NC_012936.1,502102
NC_028380.1,2773315
AC_000192.1,11144
NC_003045.1,694003
NC_048217.1,11138
NC_006213.1,694003
NC_025379.2,1239567
NC_028122.1,2758131
NC_028121.1,2758132
NC_020236.1,881944
NC_010354.1,2758977
NC_030886.1,1892416
NC_025217.1,1541205
NC_019843.3,1335626
NC_039207.1,1385427
NC_026767.1,2758139
NC_045512.2,2697049
NC_031959.2,1917013
NC_010463.1,194701
NC_004740.1,225979
NC_004589.1,198543
NC_004588.1,198542
NC_004587.1,198541
NC_004585.1,198539
NC_004584.1,198538
NC_010393.1,129862
NC_035450.1,2018501
NC_035456.1,2018503
NC_035455.1,2018500
NC_035457.1,2018502
NC_048216.1,1920748
NC_048215.1,96029
NC_048213.1,694014
NC_048210.1,1806636
NC_047765.1,1852598
NC_028234.1,1552661
NC_046956.1,2301728
NC_025897.1,1286214
NC_045425.1,1640445
NC_028379.1,548914
NC_036579.1,508441
NC_040831.2,2517212
NC_040685.2,2200716
NC_040815.1,2202225
NC_019559.2,1261657
NC_025892.1,1236395
NC_019858.1,1891739
NC_019857.1,1891738
NC_019856.1,1891737
NC_019855.1,1891736
NC_019850.1,1236407
NC_044856.1,11983
NC_044855.1,11983
NC_044854.1,122928
NC_044853.1,122928
NC_044954.1,10497
NC_044953.1,10497
NC_044952.1,10497
NC_044951.1,10497
NC_044950.1,10497
NC_044949.1,10497
NC_044944.1,10497
NC_040839.1,2282643
NC_040838.1,2282642
NC_040830.1,2303160
NC_040801.1,2054611
NC_040795.1,2006394
NC_040783.1,1592110
NC_040782.1,1592116
NC_040781.1,1592118
NC_040780.1,1592113
NC_040779.1,1592127
NC_040723.1,2079148
NC_040721.1,2282644
NC_040708.1,2219873
NC_040667.1,1592124
NC_040666.1,1592117
NC_040665.1,1592111
NC_040651.1,2282645
NC_040618.1,2054613
NC_040597.1,1592123
NC_040596.1,1592120
NC_040595.1,1592109
NC_040594.1,1224515
NC_040581.1,2282646
NC_040547.1,2054611
NC_040527.1,1592119
NC_040526.1,1592118
NC_040525.1,1592115
NC_040524.1,1592114
NC_040523.1,1592129
NC_040522.1,1592128
NC_040378.1,2108552
NC_040377.1,2108549
NC_040376.1,2108551
NC_040331.1,2041419
NC_040845.1,2364132
NC_040843.1,2316143
NC_040842.1,2283800
NC_040841.1,2267679
NC_040840.1,2292426
NC_040837.1,2338396
NC_040836.1,2306623
NC_040835.1,2185281
NC_040834.1,2338394
NC_040833.1,2304514
NC_040832.1,2304480
NC_040827.1,2294151
NC_040825.1,2340808
NC_040822.1,2170405
NC_040821.1,2170404
NC_040820.1,2099352
NC_040819.1,2163916
NC_040818.1,2077307
NC_040817.1,2122733
NC_040816.1,2082666
NC_040813.1,2094259
NC_040810.1,2077298
NC_040809.1,2056878
NC_040808.1,2056881
NC_040807.1,2056880
NC_040806.1,2049444
NC_040805.1,2049444
NC_040804.1,2049444
NC_040803.1,2049444
NC_040802.1,2136283
NC_040800.1,2560282
NC_040799.1,2184469
NC_040798.1,2108204
NC_040797.1,1569057
NC_040793.1,1728964
NC_040792.1,2012856
NC_040791.1,1985188
NC_040790.1,1965225
NC_040789.1,2053981
NC_040787.1,1959848
NC_040786.1,1931356
NC_040785.1,1905556
NC_040784.1,1809243
NC_040775.1,1678172
NC_040774.1,1678166
NC_040773.1,1678161
NC_040729.1,2419666
NC_040728.1,2364644
NC_040727.1,2364646
NC_040724.1,2358449
NC_040722.1,2292426
NC_040720.1,2249930
NC_040719.1,2107574
NC_040717.1,2304512
NC_040716.1,2304480
NC_040715.1,2163422
NC_040714.1,2126099
NC_040712.1,2303485
NC_040711.1,2283236
NC_040710.1,2152923
NC_040709.1,2294150
NC_040706.1,2162638
NC_040705.1,2170411
NC_040704.1,2082586
NC_040703.1,2116736
NC_040702.1,2082665
NC_040699.1,2057187
NC_040698.1,2175118
NC_040695.1,2053082
NC_040694.1,2053080
NC_040693.1,2056886
NC_040692.1,2056879
NC_040691.1,2049444
NC_040690.1,2419805
NC_040689.1,2419804
NC_040688.1,2049444
NC_040687.1,2054614
NC_040686.1,2054610
NC_040684.1,2079465
NC_040681.1,2282206
NC_040680.1,2170544
NC_040679.1,2294094
NC_040678.1,2137354
NC_040677.1,2029306
NC_040676.1,2029305
NC_040675.1,2099521
NC_040674.1,2161807
NC_040673.1,2058161
NC_040672.1,2079601
NC_040671.1,272636
NC_040670.1,1870981
NC_040669.1,1803263
NC_040668.1,1673633
NC_040664.1,1620507
NC_040661.1,1678180
NC_040660.1,1678171
NC_040659.1,1678170
NC_040658.1,1678165
NC_040657.1,1678164
NC_040656.1,758866
NC_040655.1,2364645
NC_040653.1,2268743
NC_040650.1,1403565
NC_040649.1,2219092
NC_040647.1,2304505
NC_040646.1,2304477
NC_040645.1,2304510
NC_040644.1,2292642
NC_040643.1,2303411
NC_040642.1,2218594
NC_040640.1,2093789
NC_040639.1,2109365
NC_040638.1,2218588
NC_040636.1,2479372
NC_040635.1,2057979
NC_040634.1,2170410
NC_040633.1,2082585
NC_040632.1,2082658
NC_040631.1,2316144
NC_040630.1,2185086
NC_040627.1,2200955
NC_040626.1,2094261
NC_040625.1,2175117
NC_040623.1,2053079
NC_040622.1,2056884
NC_040621.1,1046267
NC_040620.1,2049444
NC_040619.1,2049444
NC_040617.1,2054610
NC_040616.1,2022475
NC_040615.1,2035399
NC_040614.1,2108201
NC_040613.1,2108200
NC_040611.1,3121209
NC_040609.1,2162642
NC_040608.1,2137353
NC_040607.1,2029304
NC_040606.1,38012
NC_040605.1,2161803
NC_040604.1,2050020
NC_040603.1,2079601
NC_040602.1,1919071
NC_040601.1,2056384
NC_040600.1,1221637
NC_040599.1,1803034
NC_040598.1,1680894
NC_040589.1,1678179
NC_040588.1,1678175
NC_040586.1,2419797
NC_040583.1,2294156
NC_040582.1,2292426
NC_040580.1,2268125
NC_040579.1,2304620
NC_040578.1,2304619
NC_040576.1,2304514
NC_040575.1,2304516
NC_040574.1,2304480
NC_040573.1,2304056
NC_040572.1,2316740
NC_040570.1,2201042
NC_040569.1,2294152
NC_040568.1,2137858
NC_040566.1,2170402
NC_040565.1,2170538
NC_040564.1,2093496
NC_040562.1,1820046
NC_040561.1,2074132
NC_040560.1,2082668
NC_040559.1,2082667
NC_040558.1,2268393
NC_040556.1,2094260
NC_040555.1,2050971
NC_040554.1,2022475
NC_040553.1,2077298
NC_040552.1,2056882
NC_040551.1,2248770
NC_040550.1,2049444
NC_040549.1,2054409
NC_040548.1,2094713
NC_040546.1,2054610
NC_040545.1,2045345
NC_040543.1,2185087
NC_040542.1,2108205
NC_040541.1,2025388
NC_040540.1,2109380
NC_040539.1,2054179
NC_040538.1,2029303
NC_040537.1,2012857
NC_040536.1,2072209
NC_040535.1,1806636
NC_040534.1,2053026
NC_040533.1,2017714
NC_040532.1,1969830
NC_040531.1,2012640
NC_040530.1,1898175
NC_040529.1,1917080
NC_040528.1,1634476
NC_040468.1,1678168
NC_040467.1,1678163
NC_040434.1,1133728
NC_040431.1,1678173
NC_040430.1,1678167
NC_040429.1,1678162
NC_040386.1,1959845
NC_040383.1,1959842
NC_040382.1,1959843
NC_040381.1,2249941
NC_040380.1,1959844
NC_040379.1,1983771
NC_040375.1,2219139
NC_040374.1,2219136
NC_038882.1,3052230
NC_040372.1,2219125
NC_040371.1,2219123
NC_040370.1,2230900
NC_040363.1,1380894
NC_040362.1,1128073
NC_040361.1,2100419
NC_040359.1,2219142
NC_040351.1,2077296
NC_040350.1,2219133
NC_040349.1,2219138
NC_040348.1,2219118
NC_040347.1,2230896
NC_040342.1,2219134
NC_040341.1,2219217
NC_040340.1,2219120
NC_040339.1,2291614
NC_040330.1,2108550
NC_040329.1,2219141
NC_040328.1,2219135
NC_040327.1,2219143
NC_040317.1,2041417
NC_040876.1,122929
NC_039477.1,122929
NC_025349.3,862945
NC_039475.1,552592
NC_021153.1,1281454
NC_012532.1,64320
NC_009942.1,11082
NC_001563.2,11082
NC_044046.1,1529924
NC_044045.1,1529918
NC_039897.1,1529909
NC_038432.1,3052226
NC_038430.1,3052231
NC_038428.1,3052238
NC_038427.1,3052232
NC_031916.1,3052239
NC_031324.1,1903318
NC_001475.2,12637
NC_001474.2,12637
NC_004102.1,3052230
NC_002640.1,12637
NC_043487.1,11049
NC_043540.1,2116560
NC_043539.1,2116559
NC_043537.1,3240745
NC_043536.1,2058620
NC_043535.1,2056885
NC_043534.1,2056883
NC_043533.1,2022321
NC_043532.1,2058396
NC_043531.1,1038082
NC_043530.1,447897
NC_043529.1,2083176
NC_043528.1,2163996
NC_043523.1,1808970
NC_043520.1,134394
NC_043505.1,96029
NC_043445.1,2170197
NC_043433.1,2169736
NC_043432.1,1290581
NC_043427.1,1157339
NC_043418.1,223276
NC_043204.1,1149880
NC_043202.1,1149883
NC_043201.1,1149875
NC_043200.1,1150019
NC_043121.1,519350
NC_043120.1,436246
NC_043119.1,269095
NC_043054.1,202910
NC_043029.1,1346893
NC_043028.1,1852597
NC_007823.1,338106
NC_007827.1,338110
NC_007825.1,338108
NC_007824.1,338107
NC_007822.1,338105
NC_007820.1,338103
NC_007819.1,338102
NC_007818.1,338101
NC_001654.1,36370
NC_013699.1,459770
NC_039210.1,12118
NC_038559.1,1236410
NC_038504.1,879096
NC_038395.1,2050587
NC_038394.1,2050586
NC_038393.1,2050585
NC_038312.1,147712
NC_038309.1,442851
NC_038306.1,33757
NC_035213.1,2017082
NC_035212.1,2017081
NC_035211.1,2017083
NC_034615.1,2560851
NC_034614.1,1985202
NC_024018.2,188938
NC_022619.1,1408133
NC_014952.1,1513258
NC_014953.1,1175851
NC_014954.1,1513259
NC_014956.1,1175849
NC_013590.2,10334
NC_012735.1,164416
NC_012534.1,64290
NC_012533.1,64311
NC_012213.1,1175848
NC_011829.1,569195
NC_011399.1,520962
NC_010236.1,436243
NC_009530.1,436447
NC_009333.1,37296
NC_007461.1,313629
NC_001669.1,1891767
NC_040788.1,2045186
NC_040776.1,64315
NC_040682.1,1244563
NC_040610.1,1254420
NC_030791.1,3052230
NC_035889.1,64320
NC_034151.1,577122
NC_034007.1,64894
NC_027819.1,1708574
NC_027817.1,1708654
NC_017086.1,631267
NC_016997.1,985683
NC_009028.2,59563
NC_009029.2,44024
NC_012932.1,390845
NC_012671.1,643132
NC_008604.2,390844
NC_007580.2,11080
NC_005064.1,218849
NC_027999.1,1566298
NC_027709.1,1691889
NC_026624.1,64317
NC_026620.1,64299
NC_021069.1,673515
NC_008718.1,64283
NC_008719.1,44026
NC_005062.1,12542
NC_004119.1,64312
NC_003690.1,11085
NC_003687.1,11083
NC_003635.1,64300
NC_000943.1,11079
NC_001809.1,11086
NC_001672.1,11084
NC_001655.1,3052236
NC_002031.1,11089
NC_009824.1,356114
NC_009827.1,42182
NC_009823.1,40271
NC_009826.1,33746
NC_009825.1,33745
NC_027632.1,1628899
NC_001477.1,11053
NC_040385.1,1678177
NC_040384.1,1678178
NC_040360.1,1148496
NC_040358.1,1678160
NC_040357.1,2094187
NC_040796.1,2560314
NC_033780.2,3051996
NC_015782.2,1051792
NC_016038.2,1046403
NC_028237.2,998864
NC_007733.2,352882
NC_028459.1,1985415
NC_028963.1,1734441
NC_039476.1,490039
NC_014373.1,565995
NC_039345.1,2010960
NC_031755.1,2169856
NC_004162.2,37124
NC_032681.1,1930825
NC_023162.1,2870354
NC_039241.1,219174
NC_002654.2,148363
NC_039199.1,162145
NC_038369.1,10456
NC_034569.1,1969351
NC_034568.1,1983535
NC_034551.1,1775456
NC_034509.1,1979541
NC_034456.1,1980633
NC_034445.1,1961072
NC_034444.1,1960046
NC_034208.1,1963260
NC_034207.1,1963256
NC_034206.1,2870349
NC_034205.1,204933
NC_034204.1,1963247
NC_030452.1,35280
NC_030478.1,1788446
NC_030477.1,1788452
NC_030476.1,1676182
NC_030475.1,1788455
NC_030469.1,1788441
NC_030468.1,1788440
NC_030467.1,1788443
NC_030466.1,1676184
NC_030465.1,1788442
NC_030464.1,1788439
NC_030463.1,1788437
NC_030460.1,1788438
NC_030459.1,1788449
NC_030457.1,1788448
NC_030456.1,1788454
NC_030455.1,1788447
NC_030451.1,1585246
NC_030446.1,2169919
NC_030449.1,2805939
NC_030445.1,2746927
NC_039242.1,53182
NC_039238.1,2170199
NC_039236.1,439491
NC_039235.1,1477515
NC_039231.1,38525
NC_039230.1,2560313
NC_039223.1,2560319
NC_039216.1,354328
NC_039215.1,1348500
NC_039214.1,1234882
NC_039213.1,10464
NC_039212.1,1401263
NC_039209.1,47000
NC_039198.1,1554501
NC_039197.1,3052599
NC_039196.1,1170234
NC_039195.1,2560318
NC_039194.1,2560316
NC_039089.1,120686
NC_039088.1,104637
NC_039086.1,1961683
NC_039082.1,2169733
NC_039071.1,2170120
NC_039070.1,1820158
NC_039069.1,2170110
NC_039068.1,2170109
NC_039067.1,2170108
NC_039066.1,2170107
NC_039065.1,2170106
NC_039064.1,2170105
NC_039063.1,2169936
NC_039062.1,2169935
NC_039061.1,2169934
NC_039060.1,2169933
NC_039059.1,2169932
NC_039058.1,2169877
NC_039057.1,2169876
NC_039056.1,1592125
NC_039055.1,1592122
NC_039054.1,1127491
NC_039053.1,2169904
NC_039052.1,2169903
NC_039051.1,1236406
NC_039045.1,1195367
NC_039044.1,2259807
NC_039042.1,1747359
NC_039041.1,2847277
NC_039040.1,1195370
NC_039039.1,1074206
NC_039038.1,1338506
NC_039037.1,1747360
NC_039036.1,1922325
NC_039033.1,2169823
NC_039031.1,2170206
NC_039030.1,2170205
NC_039029.1,2170204
NC_039028.1,2170201
NC_039027.1,2170200
NC_039026.1,2170198
NC_039025.1,2170195
NC_039024.1,2170194
NC_039022.1,2169894
NC_039021.1,1819301
NC_039019.1,2006074
NC_039018.1,2006073
NC_039017.1,2006072
NC_039016.1,2560322
NC_039015.1,1928005
NC_039014.1,2016402
NC_039013.1,2016401
NC_039004.1,2079598
NC_039002.1,1982660
NC_038995.1,2169728
NC_038987.1,2011125
NC_038986.1,2169727
NC_038985.1,1881630
NC_038984.1,282712
NC_038976.1,1578825
NC_038966.1,1702121
NC_038963.1,1608257
NC_038962.1,2169734
NC_038929.1,1685109
NC_038914.1,1961682
NC_038912.1,358769
NC_038895.1,2839036
NC_038886.1,529680
NC_038885.1,529680
NC_038884.1,163655
NC_038881.1,412688
NC_038879.1,335404
NC_038875.1,577124
NC_038861.1,11149
NC_038700.1,1008292
NC_038697.1,1300323
NC_038685.1,2010332
NC_038682.1,1418029
NC_038677.1,2010319
NC_038675.1,60877
NC_038674.1,332097
NC_038673.1,60876
NC_038672.1,60875
NC_038670.1,60879
NC_038561.1,596957
NC_038560.1,1987403
NC_038558.1,1606497
NC_038557.1,1606500
NC_038556.1,1606499
NC_038555.1,1606498
NC_038554.1,1623684
NC_038534.1,740934
NC_038531.1,1163709
NC_038527.1,1464074
NC_038526.1,2848316
NC_038525.1,1961783
NC_038524.1,1961680
NC_038523.1,1961679
NC_038522.1,1513264
NC_038520.1,568209
NC_038519.1,1195364
NC_038518.1,1464071
NC_038517.1,1464072
NC_038516.1,634772
NC_038502.1,1795999
NC_038501.1,1795998
NC_038499.1,2004965
NC_038498.1,1795991
NC_038497.1,2004961
NC_038495.1,1795988
NC_038493.1,1985404
NC_038492.1,1985403
NC_038491.1,1985402
NC_038490.1,1985401
NC_038489.1,1985400
NC_038488.1,1985399
NC_038487.1,1985398
NC_038486.1,1985397
NC_038485.1,1795994
NC_038484.1,1795989
NC_038483.1,1985391
NC_038482.1,1985390
NC_038481.1,1034805
NC_038480.1,1985387
NC_038479.1,1367218
NC_038478.1,1162557
NC_038477.1,1830242
NC_038470.1,2050583
NC_038466.1,1513529
NC_038465.1,2026196
NC_038460.1,223318
NC_038458.1,929767
NC_038444.1,222460
NC_038440.1,1032478
NC_038433.1,1307119
NC_038421.1,937809
NC_038418.1,1987745
NC_038417.1,2038725
NC_038416.1,2038724
NC_038415.1,2038723
NC_038414.1,742924
NC_038413.1,2038721
NC_038412.1,2038719
NC_038411.1,1673638
NC_038410.1,1574362
NC_038409.1,1574361
NC_038408.1,1574360
NC_038407.1,742920
NC_038406.1,942036
NC_038405.1,942032
NC_038404.1,1795985
NC_038403.1,1795984
NC_038402.1,1795983
NC_038401.1,1987738
NC_038400.1,1987736
NC_038399.1,1987734
NC_038398.1,1987733
NC_038397.1,1987732
NC_038396.1,1987731
NC_038392.1,3052121
NC_038391.1,743290
NC_038390.1,2003313
NC_038389.1,2003312
NC_038388.1,2003311
NC_038387.1,2003310
NC_038386.1,1868220
NC_038385.1,1868218
NC_038382.1,1960252
NC_038381.1,1619899
NC_038380.1,419782
NC_038379.1,1960254
NC_038378.1,1960255
NC_038371.1,1986290
NC_038363.1,1239832
NC_038362.1,2065056
NC_038361.1,2065055
NC_038360.1,2065054
NC_038359.1,2065053
NC_038358.1,2065052
NC_038357.1,2065051
NC_038356.1,2065050
NC_038355.1,2065049
NC_038354.1,2065048
NC_038353.1,2065047
NC_038352.1,2065046
NC_038331.1,2065033
NC_038325.1,1667230
NC_038324.1,255255
NC_038320.1,680112
NC_038317.1,1755590
NC_038311.1,573824
NC_038310.1,1637527
NC_038308.1,42789
NC_038307.1,12072
NC_038304.1,1293536
NC_038302.1,1267585
NC_038301.1,1072333
NC_038297.1,1238455
NC_038296.1,1332248
NC_038293.1,1965068
NC_038291.1,1965067
NC_038286.1,1972575
NC_038281.1,666961
NC_038271.1,1112597
NC_038270.1,929831
NC_038269.1,1926633
NC_011547.1,572288
NC_038236.1,1972577
NC_003346.1,46253
NC_026439.1,1965064
NC_036389.1,2054920
NC_004821.1,225726
NC_004820.1,225725
NC_004586.1,198540
NC_005261.3,35244
NC_037664.1,2219110
NC_037663.1,2219109
NC_037662.1,2219108
NC_037661.1,2219107
NC_037660.1,2219106
NC_037659.1,2219105
NC_037655.1,2220003
NC_037654.1,2220002
NC_030398.2,1874267
NC_001497.2,10641
NC_037069.1,2077304
NC_037068.1,2093274
NC_037067.1,2077303
NC_037066.1,2093273
NC_037065.1,2093275
NC_037064.1,2077305
NC_037063.1,2093276
NC_037062.1,2077299
NC_037061.1,2077302
NC_037059.1,2077306
NC_037058.1,2052157
NC_037051.1,421013
NC_036877.1,2038720
NC_036803.1,1965355
NC_036802.1,2070152
NC_036592.1,2057942
NC_036591.1,2060142
NC_036590.1,2032989
NC_036588.1,2065211
NC_036587.1,2060511
NC_036586.1,2060479
NC_036583.1,1914442
NC_036581.1,2058779
NC_036580.1,2058778
NC_036390.1,348823
NC_026811.2,1118369
NC_023874.2,2038728
NC_001615.3,11307
NC_032682.2,2169855
NC_033737.1,1885565
NC_035799.1,1329650
NC_035798.1,2029771
NC_035779.1,1964370
NC_035758.1,1803394
NC_035674.1,2026601
NC_035676.1,2027645
NC_035481.1,2021667
NC_035480.1,2025352
NC_035478.1,2025338
NC_035477.1,2017712
NC_035476.1,2017724
NC_035474.1,1820159
NC_035472.1,2020956
NC_035470.1,2025595
NC_035465.1,2016400
NC_035459.1,2018312
NC_035458.1,2018313
NC_035453.1,2024724
NC_035452.1,2021212
NC_035451.1,2019445
NC_035479.1,2025339
NC_035432.1,2014960
NC_035179.1,1868659
NC_035210.1,2018685
NC_035209.1,2006642
NC_035208.1,10571
NC_035205.1,2016427
NC_035204.1,2016426
NC_035201.1,2016454
NC_035200.1,2016456
NC_035199.1,2016455
NC_035198.1,2016448
NC_035197.1,2016461
NC_035195.1,2016457
NC_035194.1,2016458
NC_035193.1,2016453
NC_035192.1,2016460
NC_035183.1,2016467
NC_035182.1,2016468
NC_035181.1,2016463
NC_035180.1,3052773
NC_035196.1,2016459
NC_035139.1,1986479
NC_035138.1,1986478
NC_035137.1,1986477
NC_035136.1,2012676
NC_035135.1,2012677
NC_035134.1,2005044
NC_035127.1,2012619
NC_035118.1,1969397
NC_035117.1,2022783
NC_035114.1,1985159
NC_035110.1,2013564
NC_034978.1,2010248
NC_034977.1,2006585
NC_034976.1,1837217
NC_034972.1,1964806
NC_034971.1,1836608
NC_034970.1,2006498
NC_034833.1,387423
NC_034630.1,603333
NC_034629.1,1987360
NC_034622.1,1985968
NC_034618.1,1987509
NC_034617.1,2870375
NC_029997.2,1675866
NC_034446.1,35243
NC_034384.1,1972700
NC_034381.1,2870378
NC_034378.1,1978920
NC_034377.1,1978413
NC_034264.1,1972716
NC_034267.1,1849328
NC_034266.1,93386
NC_034265.1,1972995
NC_034253.1,2734294
NC_034252.1,1973265
NC_034251.1,2169757
NC_034247.1,1913125
NC_034246.1,1913124
NC_034245.1,1606765
NC_034243.1,1817526
NC_034240.1,1967841
NC_034221.1,1904409
NC_034220.1,1904408
NC_034218.1,1904410
NC_034217.1,1965238
NC_034219.1,1904411
NC_034216.1,1965306
NC_034210.1,1964372
NC_034017.1,1821227
NC_033828.1,1955730
NC_033821.1,1961666
NC_033817.1,1958957
NC_033792.1,1961665
NC_033781.1,1513263
NC_033779.1,1955054
NC_033777.1,1950126
NC_033747.1,1941239
NC_033746.1,1941435
NC_033745.1,1335477
NC_033744.1,1941437
NC_033743.1,1941234
NC_033742.1,1941237
NC_033741.1,1941436
NC_033740.1,1335476
NC_033739.1,2169726
NC_033738.1,1940252
NC_033736.1,1941233
NC_033706.1,12471
NC_033695.1,1929150
NC_033620.1,1940555
NC_033464.1,2560777
NC_033456.1,1931370
NC_033415.1,1934322
NC_033334.1,1513528
NC_033275.1,1932006
NC_033270.1,1930298
NC_033176.1,1919083
NC_033081.1,1172196
NC_032840.1,1931371
NC_032804.1,1931369
NC_032729.1,1930921
NC_032728.1,1930920
NC_018570.2,1027947
NC_032480.1,1930509
NC_032405.1,1930269
NC_032255.1,262175
NC_032212.1,1926644
NC_032120.1,1925019
NC_032107.1,1920748
NC_032106.1,1921825
NC_032087.1,1920698
NC_032004.1,1919062
NC_032005.1,1919247
NC_031988.1,1846259
NC_031955.1,1213198
NC_031800.1,1912598
NC_031760.1,53010
NC_031761.1,268591
NC_031753.1,1868221
NC_031751.1,1908805
NC_031750.1,1912234
NC_031747.1,1913024
NC_031757.1,36362
NC_031756.1,1912759
NC_031752.1,2169747
NC_031688.1,1911442
NC_031687.1,1916650
NC_031695.1,1911555
NC_031692.1,2169998
NC_031670.1,1908804
NC_031466.1,1740165
NC_031450.1,1907771
NC_031340.1,1906317
NC_031339.1,291286
NC_031338.1,1906245
NC_031336.1,2169693
NC_031327.1,1903340
NC_031326.1,1904439
NC_031306.1,1899219
NC_031089.1,1899566
NC_030938.1,1708712
NC_030926.1,1853762
NC_030922.1,1239565
NC_030887.1,1897538
NC_030872.1,1849545
NC_030871.1,1849544
NC_030870.1,1849543
NC_030869.1,1849542
NC_030868.1,1849537
NC_030867.1,1849535
NC_030866.1,1849532
NC_030865.1,1849531
NC_030864.1,1848153
NC_030863.1,1848152
NC_030862.1,1848151
NC_030861.1,1848150
NC_024299.2,1286143
NC_030847.1,2170132
NC_030840.1,1890365
NC_030839.1,1885928
NC_030838.1,1885927
NC_030801.1,1887219
NC_030800.1,1887218
NC_030799.1,1887217
NC_030798.1,1887216
NC_030797.1,1887215
NC_030796.1,1887214
NC_030795.1,1887213
NC_030794.1,1886606
NC_030793.1,1812179
NC_030748.1,1884991
NC_030747.1,1826822
NC_030746.1,1881013
NC_030701.1,1897087
NC_030693.1,103723
NC_030690.1,1715288
NC_030688.1,1548718
NC_030663.1,1980430
NC_030662.1,1980430
NC_030661.1,1980430
NC_030660.1,1980430
NC_030655.1,1871631
NC_030654.1,1872710
NC_030657.1,1868472
NC_030472.1,1676181
NC_030458.1,1676183
NC_030462.1,2560371
NC_030448.1,2004962
NC_030447.1,1862824
NC_030402.1,1864484
NC_030392.1,1859161
NC_001564.2,31658
NC_030308.1,1856627
NC_030290.1,1821222
NC_030297.1,1859149
NC_030296.1,1776153
NC_030293.1,1856031
NC_030240.1,1850906
NC_030238.1,1853865
NC_030236.1,2170135
NC_030231.1,2560321
NC_030229.1,327387
NC_030225.1,1462681
NC_030224.1,1765736
NC_030201.1,1848042
NC_030200.1,2560568
NC_030205.1,1848040
NC_030202.1,1848169
NC_030151.1,1434070
NC_030148.1,1662286
NC_030126.1,2170117
NC_030118.1,1792583
NC_030117.1,170325
NC_029994.1,67762
NC_029993.1,1770265
NC_029996.1,2072024
NC_029995.1,1825931
NC_029991.1,1837089
NC_029990.1,1833824
NC_029989.1,1833938
NC_029906.1,1825924
NC_029905.1,1826059
NC_029900.1,1725329
NC_029854.1,1604871
NC_029783.1,1815581
NC_029782.1,1077832
NC_029691.1,1809767
NC_029648.1,674996
NC_024453.2,795694
NC_029567.1,1980431
NC_029561.1,1980431
NC_029560.1,1980431
NC_029559.1,1980431
NC_029558.1,1980431
NC_029307.1,1804154
NC_029311.1,481315
NC_029309.1,1804156
NC_029306.1,1804153
NC_029303.1,2560349
NC_029302.1,1798085
NC_029301.1,1770618
NC_029300.1,1329649
NC_026020.2,1227557
NC_029132.1,137443
NC_029133.1,1788315
NC_029124.1,1615758
NC_029123.1,1615758
NC_029122.1,1615758
NC_029117.1,1766828
NC_029115.1,1778573
NC_029114.1,1778572
NC_029112.1,1778570
NC_029111.1,1778561
NC_029110.1,1778560
NC_029109.1,1778559
NC_029108.1,1778558
NC_029096.1,1777016
NC_029095.1,1777015
NC_029089.1,1569056
NC_029088.1,1569055
NC_029087.1,1569054
NC_029086.1,1569053
NC_029085.1,1569052
NC_029076.1,32620
NC_029064.1,1776177
NC_029063.1,1778580
NC_029053.1,1823757
NC_029052.1,1776109
NC_029051.1,1775963
NC_003225.3,342409
NC_029014.1,1655645
NC_029012.1,1655644
NC_028985.1,1241370
NC_028981.1,1768064
NC_028975.1,351428
NC_028973.1,3052037
NC_028970.1,1766559
NC_028964.1,1766557
NC_028949.1,1774276
NC_028948.1,1755467
NC_028921.1,1770613
NC_028902.1,39804
NC_028868.1,351426
NC_028833.1,1503291
NC_028824.1,1503293
NC_028814.1,1503292
NC_028811.1,1503289
NC_028806.1,1766554
NC_028636.1,1563660
NC_028635.1,1762023
NC_028492.1,1756445
NC_028491.1,1675862
NC_028488.1,1714368
NC_028486.1,1714367
NC_028485.1,1714366
NC_028483.1,1714364
NC_028482.1,1758883
NC_028480.1,1714362
NC_028478.1,1761477
NC_027916.2,2560801
NC_028462.1,3052813
NC_028378.1,1497848
NC_028362.1,1529392
NC_028271.1,368620
NC_028267.1,2848317
NC_028266.1,1608138
NC_028265.1,1608133
NC_028264.1,1608087
NC_028263.1,1608086
NC_028262.1,1738045
NC_028261.1,1608045
NC_028260.1,1608044
NC_028259.1,1608042
NC_028255.1,50713
NC_028249.1,11240
NC_028246.1,31612
NC_028244.1,1985699
NC_028243.1,1577137
NC_028241.1,1272960
NC_028240.1,1663127
NC_028239.1,1550518
NC_028236.1,1537975
NC_028232.1,1569258
NC_028231.1,195059
NC_028230.1,1620892
NC_028136.1,3052771
NC_028132.1,1737346
NC_028131.1,1737345
NC_028129.1,68416
NC_028127.1,1604875
NC_028126.1,1070324
NC_028125.1,1315262
NC_028119.1,1737523
NC_028117.1,1737522
NC_028114.1,997078
NC_028111.1,797075
NC_028099.1,2560468
NC_028046.1,1678003
NC_028045.1,2003309
NC_028044.1,1729670
NC_027924.1,1711685
NC_027923.1,1675865
NC_027922.1,1690672
NC_027920.1,1711684
NC_027919.1,1659220
NC_027918.1,1659219
NC_027917.1,1675864
NC_027915.1,1720595
NC_027710.2,473784
NC_027821.1,1708653
NC_027820.1,1985392
NC_027818.1,1708572
NC_027800.1,1692259
NC_027801.1,1692254
NC_027799.1,1692263
NC_027798.1,1692260
NC_027797.1,1692262
NC_027796.1,1692243
NC_027795.1,1692244
NC_027794.1,1692256
NC_027793.1,1692250
NC_027792.1,1692258
NC_027791.1,1692249
NC_027790.1,1692251
NC_027789.1,1692252
NC_027788.1,1692255
NC_027787.1,1692248
NC_027786.1,1692257
NC_027785.1,1692246
NC_027784.1,1692245
NC_027783.1,1692253
NC_027782.1,1692247
NC_027781.1,1692242
NC_027780.1,1692261
NC_027779.1,10566
NC_027777.1,2170126
NC_027776.1,1699094
NC_027714.1,1306546
NC_027712.1,1692045
NC_027711.1,1662272
NC_027706.1,1688637
NC_027703.1,1462682
NC_027701.1,674953
NC_027648.1,1655662
NC_027647.1,1655661
NC_027646.1,1655660
NC_027645.1,1655659
NC_027644.1,1655658
NC_027643.1,1655657
NC_027642.1,1655656
NC_027641.1,1655654
NC_027640.1,1655653
NC_027639.1,1655652
NC_027638.1,1655651
NC_027637.1,1655650
NC_027636.1,1655649
NC_027635.1,1655648
NC_027634.1,1655647
NC_027633.1,1655646
NC_027631.1,1682186
NC_027619.1,1682187
NC_027532.1,1236400
NC_027531.1,1679933
NC_027528.1,2169902
NC_027527.1,157777
NC_001346.2,268316
NC_027432.1,1667384
NC_027430.1,1670973
NC_027429.1,1670662
NC_027428.1,1054649
NC_027427.1,1670975
NC_027426.1,1671382
NC_027209.1,1661396
NC_027215.1,260377
NC_027214.1,1661395
NC_027212.1,1608533
NC_027211.1,2560614
NC_027210.1,369752
NC_027208.1,1661062
NC_027199.1,1631554
NC_027198.1,1432563
NC_027131.1,1471299
NC_027129.1,1504732
NC_027124.1,1658615
NC_027123.1,1602124
NC_027122.1,1615583
NC_008520.2,31507
NC_027121.1,1654603
NC_027117.1,1622024
NC_027059.1,687387
NC_027054.1,1156769
NC_027016.1,1667587
NC_001806.2,10298
NC_026946.1,1647924
NC_026945.1,1642515
NC_026944.1,2170103
NC_018571.2,646010
NC_026248.1,1592930
NC_026942.1,1634381
NC_026922.1,1642929
NC_026921.1,1641896
NC_026819.1,1634914
NC_026818.1,2004957
NC_026817.1,1488574
NC_026816.1,1501716
NC_026814.1,1157338
NC_026812.1,1611837
NC_026810.1,1634487
NC_026809.1,1634488
NC_026808.1,1634486
NC_026807.1,1634485
NC_026806.1,1634484
NC_026762.1,1623685
NC_026771.1,1631303
NC_026770.1,1623689
NC_026769.1,1623688
NC_026768.1,1623687
NC_026766.1,1623686
NC_026765.1,1629657
NC_026764.1,1629656
NC_026759.1,46076
NC_026733.1,1629132
NC_026664.1,1619220
NC_026665.1,1609634
NC_026663.1,1619218
NC_026662.1,1619219
NC_026654.1,1618249
NC_026653.1,1618243
NC_026652.1,1618248
NC_026651.1,1618247
NC_026650.1,1618232
NC_026649.1,1618246
NC_026648.1,1618245
NC_026647.1,1618244
NC_026646.1,1618242
NC_026645.1,1618240
NC_026643.1,1618239
NC_026642.1,1618238
NC_026641.1,1618237
NC_026640.1,1619253
NC_026639.1,1618236
NC_026638.1,1618235
NC_026637.1,1618234
NC_026636.1,1618233
NC_026635.1,1618260
NC_026634.1,1618259
NC_026633.1,1618258
NC_026632.1,1618257
NC_026631.1,1618253
NC_026630.1,1618252
NC_026629.1,1618256
NC_026628.1,1618255
NC_026627.1,1618251
NC_026626.1,1618250
NC_026625.1,1618254
NC_026615.1,945960
NC_026613.1,1449897
NC_026612.1,1449896
NC_026592.1,1214459
NC_026582.1,1074044
NC_001650.2,12657
NC_026512.1,1611039
NC_026511.1,307454
NC_026510.1,1494074
NC_026509.1,1965063
NC_009528.2,57483
NC_026473.1,1608323
NC_026472.1,1561150
NC_026470.1,2870348
NC_026430.1,1592576
NC_026421.1,10371
NC_026320.1,2170115
NC_026319.1,2170111
NC_026318.1,2170114
NC_026317.1,2170112
NC_026316.1,1603964
NC_026315.1,1603963
NC_026280.1,1592102
NC_026279.1,1592101
NC_026278.1,1592100
NC_026277.1,1592099
NC_026276.1,1592098
NC_026275.1,1592097
NC_026274.1,1592096
NC_026273.1,1592095
NC_026272.1,1590173
NC_026271.1,1592094
NC_026270.1,1592093
NC_026269.1,1592092
NC_026268.1,1592335
NC_026267.1,1592091
NC_026266.1,1592090
NC_026265.1,1592089
NC_026264.1,1592088
NC_026263.1,1592087
NC_026262.1,1592086
NC_026261.1,1590156
NC_026260.1,1592085
NC_026259.1,1592084
NC_026258.1,1592083
NC_026257.1,1592082
NC_026256.1,1592104
NC_026255.1,1592103
NC_026254.1,1592081
NC_026252.1,1595998
NC_026245.1,1590172
NC_026244.1,2170102
NC_026243.1,1590155
NC_026241.1,1590154
NC_026240.1,167020
NC_026239.1,167018
NC_026238.1,198310
NC_026242.1,1546257
NC_026141.2,1590650
NC_026135.1,1580605
NC_026139.1,1568973
NC_026136.1,1580606
NC_026015.1,1588049
NC_026012.1,1588048
NC_025967.1,1493829
NC_025966.1,1514665
NC_025965.1,1126383
NC_025964.1,1076345
NC_025961.1,1582094
NC_025960.1,1580580
NC_025959.1,1574422
NC_010277.2,1891726
NC_001663.2,1891729
NC_001515.2,179241
NC_025898.1,1891720
NC_025896.1,1891758
NC_025895.1,1891768
NC_025894.1,1286213
NC_025893.1,1516127
NC_025891.1,1581151
NC_025890.1,1578826
NC_025889.1,1516128
NC_025835.1,1541119
NC_025836.1,1574287
NC_025821.1,443746
NC_025811.1,1578134
NC_025800.1,1561705
NC_025792.1,1572239
NC_025791.1,1987737
NC_025790.1,1572341
NC_025789.1,12432
NC_025788.1,1566869
NC_025741.1,1985371
NC_025738.1,1391031
NC_025732.1,1391037
NC_025731.1,1391038
NC_025730.1,1391025
NC_025729.1,1391026
NC_025728.1,1391027
NC_025727.1,1535291
NC_025726.1,1535290
NC_025725.1,1547577
NC_025454.1,1505528
NC_022517.1,11764
NC_025435.1,1564903
NC_025432.1,1565990
NC_025724.1,1379725
NC_025723.1,1379723
NC_025722.1,1379722
NC_025720.1,1379720
NC_025719.1,1379719
NC_025718.1,1379718
NC_025717.1,1379717
NC_025716.1,1379715
NC_025715.1,1379714
NC_025714.1,1379713
NC_025713.1,1379712
NC_025712.1,1379711
NC_025711.1,1379710
NC_025710.1,1379709
NC_025709.1,1379708
NC_025708.1,1379707
NC_025707.1,1379694
NC_025706.1,1379695
NC_025705.1,1379692
NC_025684.1,1105386
NC_025683.1,1105385
NC_025682.1,1105383
NC_025681.1,994388
NC_025680.1,232380
NC_025676.1,1564182
NC_025674.1,1527523
NC_003092.2,38143
NC_025475.1,1568974
NC_025381.1,233051
NC_008310.2,185955
NC_007915.3,282786
NC_007017.2,167019
NC_025476.1,1506568
NC_024700.1,1530454
NC_025411.1,1379788
NC_025410.1,798072
NC_025408.1,642022
NC_025407.1,2560310
NC_025406.1,1511639
NC_025405.1,1348439
NC_025404.1,1261101
NC_025403.1,1261100
NC_025402.1,3052733
NC_025401.1,1491491
NC_025400.1,1229186
NC_025399.1,318852
NC_025397.1,764599
NC_025396.1,318835
NC_025395.1,1479613
NC_025394.1,1972569
NC_025393.1,1972683
NC_025391.1,318843
NC_025390.1,2560326
NC_025389.1,488317
NC_025388.1,351427
NC_025387.1,936149
NC_025386.1,120499
NC_025385.1,237716
NC_025384.1,936308
NC_025383.1,1483724
NC_025382.1,1481139
NC_025359.1,698672
NC_025352.1,3052224
NC_025380.1,928214
NC_025378.1,1972567
NC_025377.1,249584
NC_025376.1,2847096
NC_025373.1,3052594
NC_025371.1,1288358
NC_025370.1,1891735
NC_025368.1,928211
NC_025367.1,1561172
NC_025366.1,1561171
NC_025365.1,746543
NC_025364.1,1972570
NC_025363.1,2560320
NC_025362.1,1272959
NC_025361.1,2560315
NC_025360.1,381543
NC_025358.1,318834
NC_025356.1,219584
NC_025355.1,1117633
NC_025353.1,1972579
NC_025351.1,3052221
NC_025350.1,798074
NC_025348.1,798073
NC_025347.1,2560317
NC_025346.1,1161132
PX138236.1,3683783
PX138235.1,3683782
PX138234.1,3683781
PX138233.1,3683780
NC_025345.1,1195087
NC_025343.1,3052600
NC_025342.1,1428456
NC_025341.1,1408144
NC_025340.1,1459044
NC_025259.1,1552409
NC_025257.1,307444
NC_025256.1,2847089
NC_025255.1,1972574
NC_025254.1,114922
NC_025253.1,1027468
NC_025252.1,1503864
NC_025251.1,1072176
NC_025250.1,326202
NC_025247.1,459957
NC_025246.1,1959744
NC_025214.1,1547580
NC_025219.1,1541211
NC_025216.1,1548712
NC_025215.1,1548711
NC_025114.1,1547495
NC_025113.1,1546178
NC_025112.1,1546177
NC_024908.1,1543419
NC_024906.1,1543207
NC_024893.1,1036963
NC_024891.1,1427157
NC_024890.1,1427156
NC_024887.1,11023
NC_024808.1,1538549
NC_024781.1,3052505
NC_024778.1,1881951
NC_024776.1,2170122
NC_024775.1,2170124
NC_024774.1,2170125
NC_024773.1,2170123
NC_024772.1,2170121
NC_024771.1,80341
NC_024768.1,1534547
NC_024767.1,1534546
NC_024766.1,1534545
NC_024765.1,1534544
NC_024709.1,1986118
NC_024692.1,1529056
NC_024703.1,1532031
NC_024701.1,1538452
NC_024696.1,768738
NC_024694.1,1525173
NC_024693.1,1489312
NC_024687.1,875323
NC_024686.1,1472425
NC_024685.1,1523858
NC_024498.1,1522059
NC_024497.1,1521188
NC_024489.1,1522179
NC_024488.1,1500866
NC_024487.1,1500865
NC_024485.1,1476202
NC_024484.1,1521392
NC_024483.1,1521391
NC_024482.1,1521390
NC_024481.1,1521389
NC_024480.1,1521388
NC_024479.1,1521387
NC_024478.1,1521386
NC_024477.1,1521385
NC_024473.1,1972578
NC_024472.1,1518574
NC_024471.1,2170240
NC_024458.1,1176736
NC_024455.1,1514896
NC_024454.1,740933
NC_024452.1,717641
NC_024450.1,1510155
NC_024449.1,1424279
NC_024376.1,1424280
NC_024445.1,1508712
NC_024444.1,1508711
NC_024443.1,1508710
NC_024382.1,138184
NC_024306.1,1343901
NC_024303.1,1504288
NC_024301.1,1505530
NC_024300.1,1463817
NC_024298.1,1502101
NC_024297.1,1435485
NC_020073.2,208086
NC_007816.2,165432
NC_024151.1,1485922
NC_024119.1,1488557
NC_024118.1,1891728
NC_024116.1,1498504
NC_024115.1,1497019
NC_003821.3,11988
NC_024078.1,1493858
NC_024073.1,47681
NC_024070.1,1511807
NC_024031.1,1489836
NC_024017.1,1485186
NC_024016.1,1487185
NC_023989.1,1492296
NC_023988.1,1483681
NC_023987.1,1481453
NC_023986.1,1482319
NC_023985.1,1482734
NC_023984.1,1233383
NC_023983.1,1211481
NC_023680.1,1284208
NC_023871.1,1234886
NC_023870.1,1234884
NC_023872.1,1234887
NC_023869.1,1234880
NC_023868.1,1234881
NC_023866.1,1234883
NC_023878.1,1475063
NC_023895.1,1163708
NC_023894.1,1480065
NC_023893.1,2003398
NC_023892.1,1468172
NC_023891.1,1961681
NC_023873.1,1472717
NC_023888.1,1346815
NC_023887.1,2170130
NC_023885.1,1475143
NC_023884.1,1282444
NC_023883.1,1282443
NC_023882.1,1163703
NC_023879.1,1353241
NC_023877.1,1475062
NC_023851.1,1229325
NC_023850.1,1229324
NC_023843.1,1224510
NC_023864.1,1476487
NC_023860.1,1472911
NC_023858.1,1330070
NC_023855.1,1234878
NC_023854.1,1234874
NC_023853.1,1234872
NC_023852.1,1226723
NC_023845.1,1219896
NC_023844.1,1985374
NC_023842.1,1469956
NC_023812.1,1440170
NC_023760.1,766791
NC_023681.1,78219
NC_023677.1,332937
NC_023676.1,1228012
NC_023675.1,1105379
NC_023674.1,1105378
NC_023673.1,1165907
NC_023641.1,1468454
NC_023638.1,1105381
NC_023637.1,1105380
NC_023636.1,1093928
NC_023632.1,1027244
NC_023631.1,1027245
NC_023630.1,1027247
NC_023629.1,1027248
NC_023628.1,160842
NC_023627.1,1464786
NC_023547.1,1460374
NC_023496.1,990304
NC_023485.1,1459800
NC_023484.1,1293961
NC_023483.1,1460071
NC_023442.1,74320
NC_023440.1,1457165
NC_023436.1,1454022
NC_023435.1,1454030
NC_023434.1,1454029
NC_023433.1,1454028
NC_023432.1,1454027
NC_023431.1,1454026
NC_023430.1,1454025
NC_023429.1,1454024
NC_023428.1,1454023
NC_023427.1,1454021
NC_023422.1,1452516
NC_023339.1,270256
NC_023312.1,1303385
NC_023295.1,3241188
NC_023177.1,1987479
NC_023022.1,1432857
NC_023021.1,1432856
NC_023178.1,1352235
NC_023176.1,412969
NC_023175.1,1406816
NC_023153.1,1435008
NC_023023.1,1432565
NC_023020.1,1241957
NC_008574.2,384359
AC_000191.1,129953
NC_023015.1,1428189
NC_023014.1,320856
NC_004553.3,218923
NC_023008.1,1394033
NC_022961.1,12430
NC_022897.1,1419711
NC_022896.1,1423347
NC_022895.1,1421055
NC_022894.1,1400526
NC_022892.1,1961678
NC_022802.1,1416021
NC_022801.1,1416026
NC_022800.1,1417756
NC_022790.1,1385658
NC_022789.1,1415628
NC_022788.1,1415627
NC_022787.1,237020
NC_022755.1,1972564
NC_022748.1,1414671
NC_022745.1,1414644
NC_022646.1,1986291
NC_022647.1,1408129
NC_022611.1,1410467
NC_018872.2,1220025
NC_022586.1,2026195
NC_022581.1,685443
NC_022580.1,666962
NC_022564.1,1404345
NC_022519.1,1399914
NC_022518.1,45617
NC_022373.1,1398507
NC_022365.1,262957
NC_022332.1,2870364
NC_019854.2,1236392
NC_022253.1,2259540
NC_022249.1,1389204
NC_022233.1,1608255
NC_022232.1,1392388
NC_022230.1,1391702
NC_022229.1,1391746
NC_005881.2,261939
NC_022131.1,1302848
NC_022104.1,1208310
NC_022103.1,1384461
NC_004763.2,12480
NC_022095.1,1513260
NC_022072.1,1381464
NC_022002.1,1381007
NC_001906.3,3052223
NC_021923.1,1367203
NC_021930.1,1370094
NC_021928.1,2560526
NC_021926.1,204928
NC_021924.1,58094
NC_021805.1,1327987
NC_021797.1,1327969
NC_021862.1,1352227
NC_021851.1,1010616
NC_021786.1,1324128
NC_021705.2,1352511
NC_018381.2,1211480
NC_021720.1,1319979
NC_021719.1,1489311
NC_016660.1,875324
NC_021706.1,1353016
NC_001493.2,10401
NC_021569.1,1343494
NC_021568.1,2038727
NC_021567.1,1345662
NC_021566.1,1345661
NC_021565.1,1148491
NC_021564.1,1301220
NC_021562.1,1340745
NC_021484.1,2170101
NC_021483.1,1513256
NC_021481.1,2169987
NC_021472.1,1336600
NC_015784.2,1050407
NC_021206.1,1868219
NC_021205.1,1329381
NC_021204.1,2170119
NC_021203.1,1328031
NC_021202.1,1329380
NC_020474.2,146015
NC_008250.2,1006061
NC_021178.1,1150861
NC_021154.1,1321391
NC_021074.1,1291515
NC_021065.1,715480
NC_020999.1,1213588
NC_020997.1,1312445
NC_020996.1,1312929
NC_020928.1,328668
NC_020927.1,328668
NC_020904.1,1194757
NC_020902.1,1307803
NC_020901.1,1945562
NC_020900.1,1945561
NC_020899.1,1945560
NC_020896.1,31743
NC_020890.1,1303334
NC_020881.1,2050037
NC_020810.1,38767
NC_020809.1,249583
NC_020808.1,211977
NC_020807.1,38766
NC_020805.1,1972576
NC_020804.1,318844
NC_020501.1,1235430
NC_020500.1,1235427
NC_020499.1,1511885
NC_020498.1,93678
NC_020473.1,1297645
NC_020472.1,1296573
NC_020471.1,1296569
NC_020470.1,73819
NC_020469.1,676234
NC_020415.1,535898
NC_001625.2,196398
NC_018714.1,1211388
NC_004060.2,12139
NC_003747.2,119910
NC_001696.2,12470
NC_001575.2,31744
NC_020252.1,1150353
NC_020231.1,33706
NC_014790.2,31732
NC_020085.1,1235428
NC_020084.1,1235429
NC_020206.1,3052164
NC_020105.1,1239452
NC_020106.1,1891745
NC_020099.1,1168547
NC_017843.2,1173709
NC_020072.1,91613
NC_020071.1,2035999
NC_020070.1,1891773
NC_020069.1,1891769
NC_020068.1,1891722
NC_020067.1,1891718
NC_020066.1,2035998
NC_020065.1,1276181
NC_019945.1,101850
NC_019853.1,1236391
NC_019852.1,1236767
NC_019851.1,1236398
NC_019844.1,1891719
NC_019712.1,154122
NC_019707.1,1235640
NC_012698.2,137758
NC_019547.1,1260769
NC_019532.1,1255765
NC_019531.1,28274
NC_019499.1,1250303
NC_019497.1,1249648
NC_019495.1,317878
NC_019494.1,1254425
NC_019493.1,1249676
NC_019492.1,185637
NC_019491.1,317858
NC_019453.1,767473
NC_019415.1,1072517
NC_019412.1,87097
NC_019409.1,12204
NC_019036.1,1246650
NC_019035.1,1246650
NC_019031.1,1048434
NC_019030.1,1247116
NC_019029.1,1247115
NC_019028.1,1247114
NC_019027.1,1247113
NC_019026.1,683174
NC_019025.1,1243178
NC_019023.1,1513264
NC_018874.1,1241371
NC_018875.1,166056
NC_018869.1,1238162
NC_018864.1,1176156
NC_018862.1,1234888
NC_018858.1,264076
NC_018833.1,204478
NC_018713.1,2756242
NC_018711.1,1134579
NC_018710.1,1134579
NC_018703.1,1236047
NC_018702.1,1141625
NC_018671.1,1234171
NC_018668.1,1233320
NC_018629.1,1167696
NC_018616.1,213888
NC_018615.1,1231903
NC_018613.1,359987
NC_018579.1,1196237
NC_018578.1,1302850
NC_018577.1,1302849
NC_018576.1,1196236
NC_018575.1,1104917
NC_018574.1,1225644
NC_018573.1,1705093
NC_018572.1,1198147
NC_018530.1,1072672
NC_018519.1,1206566
NC_018506.1,2870351
NC_018505.1,1221449
NC_018504.1,307461
NC_018484.1,1223561
NC_018483.1,1223562
NC_018482.1,1223562
NC_018481.1,1223561
NC_018458.1,1221437
NC_018455.1,128818
NC_018453.1,1218727
NC_018451.1,857288
NC_018450.1,1221208
NC_018449.1,685899
NC_018448.1,1307958
NC_018401.1,1214955
NC_018399.1,1217821
NC_018384.1,223769
NC_018383.1,223769
NC_018382.1,1678146
NC_018226.1,1511784
NC_018176.1,405558
NC_018175.1,1046402
NC_018151.1,1202142
NC_018138.1,992212
NC_018137.1,992212
NC_018136.1,992212
NC_017085.1,881945
NC_017084.1,1163537
NC_017091.1,1163715
NC_018105.1,157270
NC_018102.1,1208309
NC_017685.1,380160
NC_015936.1,1074213
NC_015785.1,913970
NC_017714.1,1972587
NC_018093.1,46619
NC_018091.1,1200971
NC_018082.1,1048668
NC_018074.1,706525
NC_018076.1,706527
NC_018075.1,706526
NC_017997.1,1513262
NC_017996.1,1513256
NC_017995.1,1513261
NC_017994.1,1513256
NC_017993.1,1513260
NC_017991.1,1918014
NC_017990.1,1918014
NC_017989.1,1183241
NC_017988.1,1183241
NC_017987.1,290090
NC_017982.1,1891761
NC_017977.1,861561
NC_017970.1,453050
NC_017967.1,421010
NC_013668.3,150286
NC_017939.1,233784
NC_017938.1,233784
NC_017937.1,590647
NC_017936.1,1185359
NC_017917.1,1182518
NC_017916.1,1114942
NC_017915.1,1181310
NC_017914.1,1133751
NC_011348.1,649996
NC_017862.1,940834
NC_017859.1,3158378
NC_017823.1,1174530
NC_017716.1,990303
NC_017830.1,1034096
NC_017826.1,39637
NC_017824.1,1176153
NC_017828.1,1174526
NC_014509.2,12473
NC_017099.1,1129873
NC_002792.2,51680
NC_016994.1,1159904
NC_017005.1,1125764
NC_017004.1,1125764
NC_017003.1,1162083
NC_017002.1,1129033
NC_017001.1,1129033
NC_017000.1,1129035
NC_016998.1,1129032
NC_016984.1,884612
NC_016155.1,683172
NC_016964.1,1196647
NC_016960.1,1159195
NC_016965.1,938276
NC_016962.1,59305
NC_016961.1,48543
NC_016959.1,59302
NC_016898.1,1144379
NC_016963.1,1149871
NC_016896.1,1137931
NC_016744.1,1131483
NC_016883.1,1004049
NC_016882.1,1004049
NC_016881.1,1004049
NC_016880.1,1004049
NC_016879.1,1004049
NC_016878.1,1004049
NC_016877.1,1004049
NC_016876.1,1004049
NC_016875.1,1004049
NC_016874.1,1004049
NC_016769.1,1136133
NC_016752.1,1131485
NC_016760.1,1000373
NC_016759.1,1000373
NC_016758.1,1000373
NC_016757.1,1000373
NC_016572.1,666144
NC_016561.1,1128118
NC_016649.1,944994
NC_016648.1,1131702
NC_016647.1,1131622
NC_016581.1,1195378
NC_016580.1,1195378
NC_016579.1,1046571
NC_016578.1,666144
NC_016577.1,1046572
NC_016574.1,1046572
NC_016573.1,1046571
NC_004156.2,1128424
NC_016509.1,47985
NC_016519.1,1128119
NC_016518.1,1127767
NC_016517.1,1127767
NC_016418.1,1088890
NC_016417.1,203168
NC_016416.1,70177
NC_015939.1,1074325
NC_015586.1,1027253
NC_016075.1,1087109
NC_016074.1,1087108
NC_016448.1,1535247
NC_016447.1,50290
NC_016444.1,1120751
NC_016443.1,1120751
NC_016442.1,1123754
NC_016441.1,418827
NC_016440.1,47900
NC_012783.2,50292
NC_016436.1,217615
NC_016162.1,1105327
NC_016159.1,1080799
NC_016157.1,1055684
NC_016156.1,1108810
NC_016403.1,1089138
NC_012211.2,317027
NC_016405.1,1111710
NC_016404.1,3240218
NC_016153.1,3052315
NC_016152.1,3052315
NC_005227.2,3052503
NC_000883.2,3052189
NC_016144.1,3052148
NC_015629.1,1037523
NC_016136.1,195060
NC_011505.2,28875
NC_011504.2,28875
NC_011509.2,28875
NC_011508.2,28875
NC_011507.2,28875
NC_011506.2,28875
NC_011503.2,28875
NC_011502.2,28875
NC_011501.2,28875
NC_011500.2,28875
NC_016081.1,71032
NC_016080.1,1093773
NC_011510.2,28875
NC_015961.1,983437
NC_016044.1,414528
NC_016033.1,1080798
NC_016032.1,1084717
NC_016031.1,1084715
NC_016014.1,1081055
NC_016013.1,1081054
NC_016003.1,1081702
NC_007919.3,3071212
NC_015935.1,1074210
NC_015941.1,1074864
NC_015940.1,1074863
NC_015934.1,1074865
NC_015928.1,2050589
NC_015886.1,75888
NC_015885.1,75888
NC_015884.1,75888
NC_015883.1,75888
NC_015882.1,75888
NC_015881.1,75888
NC_015880.1,75888
NC_015879.1,75888
NC_015878.1,75888
NC_015877.1,75888
NC_015874.1,325676
NC_015783.1,68887
NC_015523.1,1027880
NC_015522.1,1027869
NC_007815.2,1038068
NC_015718.1,1045778
NC_015706.1,1043184
NC_005041.2,220638
NC_015692.1,337051
NC_015691.1,915424
NC_015668.1,1041929
NC_001545.2,11041
NC_015655.1,2034762
NC_015639.1,912320
NC_015631.1,945250
NC_015521.1,1016879
NC_015394.2,409486
NC_015628.1,565052
NC_015627.1,565052
NC_015626.1,928289
NC_015524.1,288456
NC_015398.1,283675
NC_015553.1,1030595
NC_015552.1,1032457
NC_015227.2,944580
NC_015327.1,2169841
NC_015507.1,1016853
NC_015506.1,1016852
NC_015505.1,1016857
NC_015504.1,1016856
NC_015503.1,1016855
NC_015502.1,1016854
NC_015495.1,882768
NC_015494.1,882768
NC_015493.1,748667
NC_015492.1,748667
NC_015491.1,714309
NC_015490.1,714309
NC_015489.1,714308
NC_015488.1,714308
NC_015487.1,714310
NC_015469.1,1027232
NC_015468.1,1027232
NC_015467.1,1027232
NC_015325.1,998829
NC_015324.1,688540
NC_015452.1,1006583
NC_015451.1,1006583
NC_015450.1,1006583
NC_015413.1,688699
NC_015415.1,12615
NC_015414.1,12615
NC_015412.1,688699
NC_015411.1,688699
NC_015397.1,858517
NC_015396.1,1002273
NC_015395.1,1003891
NC_015393.1,112436
NC_015399.1,759938
NC_015374.1,3052640
NC_015373.1,3052640
NC_015375.1,3052640
NC_015328.1,930168
NC_015317.1,999288
NC_015297.1,926543
NC_015301.1,1980433
NC_015300.1,1980433
NC_015299.1,1980433
NC_015298.1,1980433
NC_015150.1,943908
NC_015268.1,996651
NC_015267.1,996650
NC_015229.1,548908
NC_015228.1,995049
NC_015211.1,3052701
NC_015220.1,81877
NC_015212.1,991022
NC_015135.1,38170
NC_015134.1,38170
NC_015133.1,38170
NC_015132.1,38170
NC_015131.1,38170
NC_015130.1,38170
NC_015129.1,38170
NC_015128.1,38170
NC_015127.1,38170
NC_015126.1,38170
NC_015116.1,11946
NC_015124.1,971271
NC_015070.1,977913
NC_015069.1,977913
NC_015051.1,945225
NC_015115.1,945962
NC_015043.1,932070
NC_015044.1,932069
NC_015046.1,932069
NC_015047.1,932070
NC_015045.1,932071
NC_015048.1,932071
NC_015050.1,909827
NC_015049.1,1605972
NC_014978.1,430911
NC_014977.1,430911
NC_014968.1,940846
NC_014967.1,943272
NC_014898.1,573615
NC_012554.2,598494
NC_014930.1,942037
NC_014929.1,942035
NC_014928.1,942034
NC_014927.1,942033
NC_014907.1,741733
NC_014906.1,743026
NC_014905.1,168135
NC_014904.1,941765
NC_014903.1,935473
NC_014902.1,935473
NC_014896.1,908277
NC_014895.1,908072
NC_014847.1,908124
NC_014894.1,908127
NC_014845.1,908028
NC_014846.1,908010
NC_014823.1,939923
NC_014822.1,936005
NC_014821.1,75387
NC_002306.3,11135
NC_014799.1,929766
NC_004635.2,929766
NC_014791.1,946046
NC_014795.1,929769
NC_014794.1,929769
NC_014793.1,932662
NC_004764.2,133789
NC_014744.1,743035
NC_014748.1,3052706
NC_014747.1,743040
NC_014746.1,3446381
NC_014745.1,912034
NC_014743.1,2035845
NC_014742.1,930881
NC_014740.1,887825
NC_014741.1,929051
NC_014739.1,887827
NC_014730.1,67761
NC_014708.1,519497
NC_014709.1,519497
NC_014711.1,519497
NC_014710.1,519497
NC_014712.1,519497
NC_014713.1,519497
NC_014714.1,519497
NC_014715.1,519497
NC_014716.1,519497
NC_014717.1,519497
NC_014092.2,1968861
NC_014707.1,913600
NC_014480.2,687341
NC_014524.1,204269
NC_014530.1,204269
NC_014531.1,204269
NC_014528.1,204269
NC_014527.1,204269
NC_014526.1,204269
NC_014525.1,204269
NC_014522.1,204269
NC_014523.1,204269
NC_014567.1,10353
NC_014665.1,707546
NC_014645.1,912033
NC_014646.1,2169824
NC_014647.1,911574
NC_014648.1,2033633
NC_014631.1,873160
NC_014609.1,556524
NC_014598.1,907191
NC_014600.1,907191
NC_014601.1,907191
NC_014602.1,907191
NC_014603.1,907191
NC_014604.1,907191
NC_014605.1,907191
NC_014606.1,907191
NC_014607.1,907191
NC_014596.1,905054
NC_014597.1,905055
NC_014594.1,885379
NC_014593.1,430710
NC_014547.1,889510
NC_014546.1,99585
NC_014545.1,312295
NC_014510.2,681518
NC_014542.1,713949
NC_014536.1,487155
NC_014511.1,884200
NC_014512.1,884200
NC_014513.1,884200
NC_014514.1,884200
NC_014515.1,884200
NC_014516.1,884200
NC_014517.1,884200
NC_014518.1,884200
NC_014519.1,884200
NC_014520.1,884200
NC_014521.1,884200
NC_014324.1,859650
NC_014473.1,671095
NC_014474.1,723802
NC_014481.1,878260
NC_014469.1,1513257
NC_014468.1,727962
NC_014446.1,871521
NC_014447.1,871521
NC_014411.1,871699
NC_014412.1,871700
NC_014413.1,871701
NC_010441.2,507475
NC_014406.1,746830
NC_014407.1,746831
NC_014395.1,3052676
NC_014396.1,3052676
NC_014397.1,3052676
NC_014381.1,180399
NC_014380.1,180399
NC_014379.1,2169825
NC_014358.1,864686
NC_014357.1,797418
NC_014359.1,862943
NC_014360.1,862944
NC_014361.1,1891727
NC_014372.1,186541
NC_014327.1,160358
NC_014326.1,763552
NC_014325.1,433357
NC_014252.1,796352
NC_014064.1,421012
NC_014236.1,667093
NC_014237.1,667093
NC_014238.1,667093
NC_014239.1,667093
NC_014240.1,667093
NC_014241.1,667093
NC_014242.1,667093
NC_014243.1,667093
NC_014245.1,667093
NC_014244.1,667093
NC_014185.1,1175852
NC_014143.1,759701
NC_014142.1,761702
NC_014141.1,761702
NC_014140.1,761701
NC_014067.1,327280
NC_014066.1,327280
NC_014127.1,688701
NC_014128.1,759390
NC_014130.1,759390
NC_014137.1,458132
NC_014126.1,213633
NC_014129.1,758918
NC_014097.1,687369
NC_014096.1,687354
NC_014095.1,687374
NC_014094.1,687345
NC_014093.1,687380
NC_014091.1,687355
NC_014090.1,687372
NC_014089.1,687373
NC_014088.1,687371
NC_014087.1,687383
NC_014086.1,687370
NC_014085.1,687382
NC_014084.1,687347
NC_014083.1,687364
NC_014082.1,687375
NC_014081.1,687342
NC_014080.1,687346
NC_014079.1,687365
NC_014078.1,687358
NC_014077.1,687353
NC_014071.1,687385
NC_014070.1,687386
NC_014069.1,687343
NC_014076.1,687349
NC_014075.1,687351
NC_014074.1,687366
NC_014068.1,687376
NC_014073.1,687367
NC_014072.1,687384
NC_014038.1,129732
NC_014037.1,53954
NC_009011.2,10455
NC_002190.2,1513224
NC_013640.2,693892
NC_013999.1,349681
NC_013953.1,166921
NC_013955.1,1972623
NC_013920.1,626962
NC_012729.2,1511883
NC_013774.1,720569
NC_013802.1,713092
NC_013801.1,713089
NC_013803.1,713091
NC_013797.1,362830
NC_013796.1,715223
NC_013772.1,36355
NC_007730.2,367061
NC_013022.2,653358
NC_013695.1,1330521
NC_013639.1,693894
NC_013593.1,679536
NC_013423.1,666635
NC_013424.1,670251
NC_013221.1,640897
NC_013220.1,640897
NC_013105.1,1980426
NC_013528.1,48544
NC_013527.1,666859
NC_011545.2,1513208
NC_005210.2,72750
NC_005209.2,72750
NC_013499.1,663282
NC_005895.2,227507
NC_013471.1,687918
NC_013470.1,687918
NC_013469.1,687917
NC_013467.1,574890
NC_013465.1,652718
NC_013464.1,683179
NC_013463.1,658904
NC_013462.1,658904
NC_013461.1,43764
NC_013460.1,43764
NC_013459.1,43761
NC_013458.1,43761
NC_013455.1,1960253
NC_013439.1,1604874
NC_013447.1,675833
NC_013443.1,682382
NC_013415.1,667119
NC_013414.1,667119
NC_013413.1,634441
NC_006963.2,404196
NC_005896.2,227507
NC_013262.1,671126
NC_013261.1,433462
NC_013259.1,52135
NC_013258.1,52135
NC_013237.1,1513269
NC_013234.1,538123
NC_013233.1,538123
NC_013232.1,538123
NC_013231.1,538123
NC_013230.1,538123
NC_013229.1,538123
NC_013228.1,538123
NC_013227.1,538123
NC_013226.1,538123
NC_013225.1,538123
NC_013219.1,392504
NC_013218.1,392504
NC_013134.1,659660
NC_013133.1,659660
NC_013117.1,485362
NC_013116.1,664785
NC_013110.1,479713
NC_013109.1,479713
NC_013108.1,1980426
NC_013107.1,1980426
NC_013106.1,1980426
NC_013103.1,661505
NC_013102.1,664980
NC_013101.1,283824
NC_013100.1,283824
NC_013099.1,283824
NC_013098.1,283824
NC_013097.1,283824
NC_013096.1,283824
NC_013095.1,283824
NC_013094.1,283824
NC_013076.1,661101
NC_013075.1,661101
NC_013036.1,104388
NC_009026.2,64303
NC_006937.2,194397
NC_013060.1,645687
NC_013058.1,573900
NC_013057.1,573900
NC_013030.2,642258
NC_013035.1,1175851
NC_013029.1,642257
NC_013019.1,579113
NC_013017.1,163654
NC_013015.1,659497
NC_013014.1,659497
NC_013011.1,656028
NC_013028.1,642256
NC_013027.1,642255
NC_013026.1,642254
NC_013025.1,642253
NC_013024.1,642252
NC_013023.1,642251
NC_013020.1,642260
NC_013018.1,642259
NC_013006.1,132477
NC_013007.1,656190
NC_012986.1,1330524
NC_012958.1,595895
NC_012957.1,651733
NC_012931.1,572239
NC_012910.1,642478
NC_012909.1,642478
NC_012869.1,375546
NC_012868.1,10845
NC_012812.1,402584
NC_011052.2,652717
NC_012805.1,651134
NC_012802.1,2003650
NC_012801.1,2003649
NC_012799.1,431317
NC_012798.1,2003651
NC_012789.1,538004
NC_012787.1,648801
NC_012786.1,648801
NC_012777.1,3052314
NC_012776.1,3052314
NC_012755.1,559180
NC_012754.1,559180
NC_012728.1,647294
NC_012703.1,644610
NC_012702.1,644609
NC_012699.1,520973
NC_012685.1,185638
NC_012666.1,640136
NC_012665.1,642493
NC_012664.1,638358
NC_012636.1,1513196
NC_012639.1,307467
NC_012585.1,274584
NC_012564.1,638313
NC_012561.1,11024
NC_012557.1,635076
NC_012553.1,598494
NC_012546.1,411854
NC_012545.1,411854
NC_012544.1,411854
NC_012543.1,411854
NC_012542.1,411854
NC_012541.1,411854
NC_012540.1,411854
NC_012539.1,411854
NC_012538.1,411854
NC_012537.1,411854
NC_012536.1,411854
NC_012535.1,411854
NC_012531.1,631345
NC_012519.1,185218
NC_012493.1,575918
NC_012492.1,575917
NC_012486.1,1175850
NC_012485.1,1175849
NC_012484.1,630199
NC_012482.1,457286
NC_012481.1,457286
NC_012437.1,622438
NC_012212.1,2169725
NC_012210.1,590403
NC_012135.1,578305
NC_012206.1,614034
NC_012137.1,620894
NC_012120.1,509532
NC_012118.1,619631
NC_012127.1,598747
NC_012126.1,1218490
NC_012123.1,526413
NC_012094.1,575913
NC_012042.1,1511882
NC_012041.1,591160
NC_012038.1,592206
NC_011919.1,587620
NC_011920.1,587370
NC_011918.1,255066
NC_011807.1,39681
NC_011805.1,509532
NC_011804.1,509531
NC_011803.1,229030
NC_011800.1,318279
NC_011809.1,39681
NC_011808.1,39681
NC_011765.1,445217
NC_011702.1,367121
NC_011706.1,580254
NC_011705.1,580254
NC_011704.1,576948
NC_011659.1,253700
NC_011639.1,1972626
NC_011644.1,55744
NC_011643.1,578361
NC_011620.1,12183
NC_011616.1,566270
NC_011592.1,263892
NC_011591.1,591166
NC_011590.1,574040
NC_011588.1,92521
NC_011584.1,393599
NC_011583.1,393599
NC_011558.1,1985698
NC_011557.1,509923
NC_011556.1,509923
NC_011552.1,183585
NC_011550.1,572289
NC_011549.1,572290
NC_011568.1,1985698
NC_011544.1,214439
NC_011543.1,305785
NC_011540.1,335963
NC_011560.1,270478
NC_011559.1,312275
NC_011554.1,339420
NC_011553.1,339420
NC_011546.1,481147
NC_011541.1,160843
NC_011539.1,312274
NC_011538.1,312009
NC_011537.1,312273
NC_011536.1,524023
NC_011535.1,208084
NC_011532.1,471285
NC_011530.1,485241
NC_011525.1,138982
NC_011515.1,68033
NC_011423.1,542343
NC_011400.1,568715
NC_011362.1,529840
NC_011347.1,559878
NC_011346.1,559878
NC_011349.1,390157
NC_011345.1,208013
NC_011317.1,487311
NC_011310.1,563775
NC_011280.1,446138
NC_011268.1,543876
NC_011187.1,378833
NC_011190.1,487492
NC_011189.1,487492
NC_011135.1,551531
NC_011109.1,936059
NC_011106.1,516956
NC_011108.1,479060
NC_011086.1,547467
NC_011062.1,36403
NC_011058.1,463360
NC_011051.1,470214
NC_011050.1,436911
NC_011024.1,604276
NC_010834.1,536086
NC_010833.1,536086
NC_010836.1,536084
NC_010835.1,536084
NC_010838.1,536081
NC_010837.1,536081
NC_010947.1,452758
NC_010832.1,447171
NC_010954.1,332471
NC_010955.1,204873
NC_010950.1,55216
NC_010949.1,55216
NC_010944.1,402399
NC_010820.1,338079
NC_010817.1,500654
NC_010806.1,474454
NC_010809.1,471717
NC_010800.1,694014
NC_010799.1,497863
NC_010797.1,520848
NC_010792.1,486809
NC_010739.1,461322
NC_010756.1,2905947
NC_010736.1,515575
NC_010735.1,515446
NC_010738.1,515444
NC_010737.1,515320
NC_010732.1,192203
NC_010706.1,235434
NC_010705.1,235434
NC_010701.1,3052329
NC_010712.1,180822
NC_010711.1,180822
NC_010671.1,523909
NC_010646.1,694015
NC_010619.1,519016
NC_010620.1,518829
NC_009448.2,1821750
NC_010569.1,570832
NC_010538.1,142843
NC_010521.1,397544
NC_010440.1,507476
NC_010439.1,507474
NC_010437.1,393767
NC_010434.1,365150
NC_010417.1,391228
NC_010416.1,445435
NC_010415.1,1330521
NC_010392.1,129861
NC_010391.1,128975
NC_010356.1,379529
NC_010352.1,496807
NC_010329.1,333931
NC_010328.1,488255
NC_010313.1,501328
NC_010319.1,3158377
NC_010317.1,3158377
NC_010316.1,3158377
NC_010314.1,3158377
NC_010307.1,498805
NC_010308.1,481311
NC_010305.1,478550
NC_010306.1,96491
NC_010297.1,497865
NC_010295.1,457382
NC_010276.1,490711
NC_010246.1,441999
NC_010235.1,436242
NC_010239.1,662596
NC_010240.1,489830
NC_010226.1,464980
NC_010178.1,180903
NC_010165.1,459949
NC_010148.1,486898
NC_010126.1,391090
NC_010107.1,479058
NC_009992.1,675077
NC_009991.1,475777
NC_009996.1,463676
NC_009995.1,167129
NC_009994.1,33765
NC_009987.1,455649
NC_009951.1,452475
NC_009903.1,360580
NC_009891.1,471728
NC_009893.1,427315
NC_009889.1,11834
NC_009892.1,471498
NC_009890.1,463392
NC_004009.2,192023
NC_009805.1,460364
NC_009764.1,404404
NC_009759.1,329164
NC_009758.1,439016
NC_009757.1,439015
NC_009756.1,439014
NC_005131.2,247080
NC_009744.1,400396
NC_009742.1,400394
NC_009741.1,373398
NC_009745.1,45661
NC_006273.2,10359
NC_009087.2,12165
NC_008708.2,243563
NC_009731.1,454128
NC_008035.3,161494
NC_009642.1,368735
NC_009640.1,3052562
NC_009571.1,417192
NC_009570.1,2173168
NC_009562.1,447606
NC_009561.1,447605
NC_009560.1,447604
NC_009559.1,447603
NC_009558.1,447602
NC_009556.1,447600
NC_009564.1,447598
NC_009563.1,447597
NC_009553.1,409287
NC_009539.1,1891765
NC_009535.1,306025
NC_009532.1,70822
NC_009527.1,57482
NC_009533.1,445227
NC_009536.1,37127
NC_009519.1,335204
NC_009503.1,359919
NC_009489.1,3052559
NC_009450.1,2010326
NC_009449.1,435486
NC_009451.1,326811
NC_003976.2,172314
NC_001826.2,33708
NC_002568.2,12558
NC_009383.1,436066
NC_009354.1,420255
NC_009334.1,12509
NC_009240.1,432587
NC_009238.1,1891764
NC_009224.1,425009
NC_009225.1,687379
NC_009127.1,180230
NC_002686.2,35246
NC_009041.1,425279
NC_009031.1,425303
NC_009017.1,283876
NC_009010.1,52996
NC_002229.3,10390
NC_008953.1,265522
NC_008952.1,265522
NC_008951.1,265522
NC_008950.1,265522
NC_008947.1,265522
NC_008946.1,265522
NC_003607.2,45237
NC_008824.1,394036
NC_008794.1,417288
NC_008793.1,1233675
NC_008735.1,185954
NC_008734.1,185954
NC_008725.1,1307954
NC_008716.1,368736
NC_008707.1,243563
NC_008706.1,243563
NC_008614.1,388038
NC_008605.1,410826
NC_008575.1,384360
NC_008580.1,303317
NC_008585.1,326941
NC_008586.1,59376
NC_008582.1,10568
NC_008560.1,377463
NC_008559.1,377462
NC_008558.1,323118
NC_008552.1,367682
NC_008522.1,400122
NC_008521.1,400121
NC_008517.1,407837
NC_008516.1,405554
NC_008519.1,392505
NC_008514.1,373862
NC_008524.1,315392
NC_008523.1,1397670
NC_008393.1,12210
NC_008365.1,335187
NC_008375.1,345250
NC_008366.1,399314
NC_008348.1,1307956
NC_008329.1,377609
NC_008317.1,379728
NC_008316.1,377610
NC_008311.1,1246677
NC_008298.1,369584
NC_008297.1,360397
NC_008292.1,379892
NC_008293.1,1307957
NC_008294.1,12024
NC_008284.1,292477
NC_008283.1,292477
NC_008267.1,395349
NC_008266.1,160844
NC_001401.2,10804
NC_008249.1,328430
NC_008252.1,204507
NC_008251.1,392174
NC_008237.1,393034
NC_008236.1,371401
NC_008210.1,389214
NC_008211.1,85655
NC_008189.1,1175848
NC_008188.1,1175848
NC_008184.1,936060
NC_008168.1,56947
NC_008170.1,347219
NC_008169.1,347219
NC_008183.1,367301
NC_008182.1,367301
NC_008094.1,11884
NC_001959.2,122928
NC_008038.1,33760
NC_008032.1,338903
NC_008034.1,380669
NC_008029.1,2170238
NC_008033.1,349370
NC_008028.1,578107
NC_008018.1,334778
NC_008017.1,362399
NC_008020.1,216614
NC_008007.1,10484
NC_008003.1,10484
NC_008008.1,10484
NC_008006.1,10484
NC_008004.1,10484
NC_008002.1,10484
NC_008001.1,10484
NC_008000.1,10484
NC_007999.1,10484
NC_007998.1,10484
NC_007996.1,10484
NC_007995.1,10484
NC_007994.1,10484
NC_007993.1,10484
NC_007992.1,10484
NC_007991.1,10484
NC_007990.1,10484
NC_007989.1,10484
NC_007988.1,10484
NC_007987.1,10484
NC_007986.1,10484
NC_007985.1,10484
NC_005977.2,216371
NC_005976.2,216371
NC_007921.1,1962501
NC_007923.1,349564
NC_007922.1,349563
NC_007916.1,331642
NC_007913.1,322053
NC_007821.1,489828
NC_007817.1,511969
NC_007856.1,384642
NC_007803.1,341053
NC_003604.2,35288
NC_007193.2,3052703
NC_007767.1,28288
NC_007735.1,366686
NC_007741.1,246280
NC_007740.1,246280
NC_007739.1,246280
NC_007738.1,246280
NC_007737.1,246280
NC_007736.1,246280
NC_007757.1,356862
NC_007756.1,356862
NC_007755.1,356862
NC_007754.1,356862
NC_007753.1,356862
NC_007752.1,356862
NC_007751.1,356862
NC_007750.1,356862
NC_007749.1,356862
NC_007748.1,356862
NC_007747.1,246280
NC_007746.1,246280
NC_007745.1,246280
NC_007744.1,246280
NC_007743.1,246280
NC_007742.1,246280
NC_007731.1,85454
NC_007728.1,341167
NC_007729.1,137556
NC_007727.1,365523
NC_007726.1,365523
NC_007724.1,329290
NC_007723.1,309390
NC_007725.1,329289
NC_007721.1,260479
NC_007711.1,339965
NC_007679.1,333348
NC_007655.1,316106
NC_007654.1,348296
NC_007653.1,340907
NC_007647.1,362693
NC_007649.1,362692
NC_007648.1,310749
NC_007642.1,32612
NC_007646.1,10398
NC_007638.1,337823
NC_007639.1,337824
NC_007619.1,340921
NC_007612.1,1001533
NC_007611.1,46771
NC_007609.1,70823
NC_007605.1,10376
NC_007538.1,235994
NC_007537.1,235994
NC_007518.1,2030964
NC_007592.1,173082
NC_007591.1,173082
NC_007590.1,173082
NC_007589.1,173082
NC_007588.1,173082
NC_007587.1,173082
NC_007586.1,173082
NC_007585.1,173082
NC_007568.1,352248
NC_007567.1,352248
NC_007566.1,352248
NC_007565.1,352248
NC_007564.1,352248
NC_007563.1,352248
NC_007562.1,352248
NC_007561.1,352248
NC_007560.1,352248
NC_007559.1,352248
NC_007523.1,210827
NC_007542.1,158372
NC_007541.1,158372
NC_007540.1,158372
NC_007539.1,158372
NC_007522.1,674971
NC_007210.2,325111
NC_007455.1,3052040
NC_007454.1,322067
NC_007448.1,64003
NC_007447.1,46473
NC_007433.1,62059
NC_007415.1,213034
NC_007408.1,316983
NC_007383.1,332054
NC_007339.1,269275
NC_007341.1,67754
NC_001361.2,12167
NC_007290.1,307110
NC_007289.1,12169
NC_007242.1,54289
NC_007220.1,324685
NC_007219.1,307111
NC_007213.1,326489
NC_007212.1,325113
NC_007211.1,337826
NC_007222.1,296210
NC_007221.1,296210
NC_007216.1,201862
NC_004830.2,198112
NC_006383.2,2593991
NC_007192.1,12194
NC_007189.1,334856
NC_007180.1,299200
NC_007162.1,77698
NC_007161.1,77698
NC_007160.1,77698
NC_007159.1,77698
NC_007158.1,77698
NC_007157.1,77698
NC_007155.1,77698
NC_007154.1,77698
NC_007150.1,312349
NC_007151.1,320432
NC_007147.1,221262
NC_007015.1,69576
NC_007044.1,53988
NC_007020.1,318558
NC_007018.1,1511919
NC_007067.1,329288
NC_007014.1,289367
NC_007013.1,289366
NC_007040.1,53988
NC_007039.1,53988
NC_007038.1,53988
NC_007037.1,53988
NC_007036.1,53988
NC_007035.1,53988
NC_007034.1,53988
NC_007033.1,53988
NC_007032.1,53988
NC_007031.1,53988
NC_007029.1,53988
NC_007028.1,53988
NC_006998.1,10245
NC_007002.1,328670
NC_007003.1,1411991
NC_006995.1,310103
NC_006961.1,674983
NC_006960.1,674983
NC_006946.1,307677
NC_006951.1,291590
NC_006950.1,312008
NC_006955.1,1476909
NC_006957.1,302070
NC_006956.1,302069
NC_006948.1,301865
NC_006944.1,300740
NC_006939.1,295090
NC_006952.1,292627
NC_006941.1,137475
NC_006943.1,112228
NC_006934.1,11636
NC_006874.1,996311
NC_006876.1,302100
NC_006875.1,243550
NC_005137.2,74660
NC_004778.3,208973
NC_001749.2,28347
NC_006623.1,10386
NC_006631.1,290030
NC_006632.1,377611
NC_006633.1,39640
NC_006634.1,39640
NC_006635.1,39640
NC_006638.1,39640
NC_006639.1,39640
NC_006640.1,39640
NC_006642.1,39640
NC_006644.1,39640
NC_006646.1,39640
NC_006649.1,39640
NC_006650.1,39640
NC_006630.1,284503
NC_006662.1,39640
NC_006661.1,39640
NC_006660.1,39640
NC_006659.1,39640
NC_006658.1,39640
NC_006657.1,39640
NC_006656.1,39640
NC_006655.1,39640
NC_006654.1,39640
NC_006653.1,39640
NC_006652.1,39640
NC_006651.1,39640
NC_006648.1,39640
NC_006647.1,39640
NC_006645.1,39640
NC_006643.1,39640
NC_006641.1,39640
NC_006637.1,39640
NC_006636.1,39640
NC_003287.2,1977402
NC_006575.1,300175
NC_006574.1,300175
NC_006573.1,300180
NC_006572.1,300180
NC_006561.1,257468
NC_006555.1,292208
NC_006560.1,10317
NC_006559.1,294369
NC_006564.1,292792
NC_006550.1,263004
NC_006567.1,255238
NC_006566.1,255238
NC_006558.1,59300
NC_006296.2,11242
NC_002509.2,12230
AC_000020.1,10514
AC_000019.1,10522
AC_000018.1,10519
AC_000017.1,10533
AC_000016.1,298333
AC_000014.1,190061
AC_000013.1,190064
AC_000012.1,129956
AC_000011.1,175567
AC_000010.1,198503
AC_000009.1,3241440
AC_000008.1,28285
AC_000007.1,10515
AC_000006.1,130310
AC_000005.1,129875
AC_000004.1,130328
AC_000003.1,10512
AC_000001.1,114424
AC_000002.1,129950
NC_006494.1,232800
NC_006458.1,298974
NC_006451.1,298975
NC_006460.1,298965
NC_006428.1,3052561
NC_006432.1,186540
NC_006429.1,12538
NC_006441.1,284689
NC_006440.1,284689
NC_006431.1,245101
NC_006437.1,93830
NC_006435.1,93830
NC_006433.1,93830
NC_006384.1,298650
NC_006367.1,271257
NC_006359.1,293284
NC_006358.1,293284
NC_006316.1,73561
NC_006315.1,73561
NC_006314.1,73561
NC_006294.1,292443
NC_006276.1,292052
NC_006275.1,292052
NC_006271.1,202566
NC_006265.1,66200
NC_006269.1,291175
NC_006263.1,1511894
NC_006264.1,279538
NC_006261.1,202813
NC_006260.1,202812
NC_006259.1,172296
NC_006262.1,146500
NC_001716.2,10372
NC_006147.2,37325
NC_006152.1,82300
NC_006151.1,10345
NC_006150.1,47929
NC_006148.1,252602
NC_006146.1,45455
NC_001411.2,12285
NC_003094.2,51313
NC_006063.1,103881
NC_006062.1,103881
NC_006066.1,269213
NC_006065.1,269213
NC_006064.1,269213
NC_006060.1,253702
NC_006059.1,253701
NC_006054.1,274495
NC_006053.1,274495
NC_006052.1,274495
NC_006051.1,274495
NC_001491.2,10326
NC_005985.1,167021
NC_006019.1,40050
NC_005996.1,40050
NC_005134.2,334209
NC_006006.1,104581
NC_006005.1,104581
NC_006004.1,104581
NC_006003.1,104581
NC_006002.1,104581
NC_006001.1,104581
NC_006000.1,104581
NC_005999.1,104581
NC_005998.1,104581
NC_006021.1,40050
NC_005975.1,279896
NC_005974.1,209854
NC_005983.1,311176
NC_005982.1,311176
NC_005965.1,279539
NC_004452.3,196375
NC_005948.1,127509
NC_005947.1,93465
NC_005950.1,89623
NC_005906.1,249151
NC_005905.1,111874
NC_005904.1,41764
NC_005903.1,41763
NC_005899.1,272751
NC_005898.1,272751
NC_005883.1,267285
NC_005888.1,259931
NC_005890.1,259898
NC_005889.1,256548
NC_005897.1,3052324
NC_010624.1,515177
NC_005875.1,220814
NC_005874.1,220813
NC_005855.1,270146
NC_005851.1,260908
NC_005850.1,260908
NC_005849.1,64958
NC_005848.1,64958
NC_005842.1,270140
NC_005846.1,269277
NC_005845.1,269277
NC_005843.1,240492
NC_001270.2,93224
NC_005807.1,240865
NC_005790.1,1239439
NC_005778.1,52280
NC_005777.1,3052429
NC_005776.1,3052429
NC_005636.1,263793
NC_005635.1,263793
NC_005497.1,263578
NC_005084.2,2907837
NC_005359.1,478812
NC_005348.1,260379
NC_005347.1,260378
NC_005339.1,241630
NC_005341.1,185636
NC_005343.1,12166
NC_005321.1,229634
NC_005304.1,114921
NC_005287.1,229149
NC_005286.1,35291
NC_005288.1,32624
NC_005285.1,255587
NC_005281.1,324900
NC_005283.1,37131
NC_005266.1,12809
NC_005264.1,50294
NC_005215.1,3052499
NC_005225.1,3052493
NC_005222.1,3052480
NC_005221.1,3052811
NC_005220.1,3052811
NC_002618.2,40979
NC_005148.1,85708
NC_005138.1,12173
NC_005136.1,112437
NC_005132.1,174142
NC_002815.2,112227
NC_005092.1,240555
NC_005095.1,222557
NC_005094.1,222557
NC_005093.1,1980915
NC_005082.1,3052307
NC_005077.1,3052307
NC_005079.1,3052317
NC_005078.1,3052317
NC_005081.1,2169991
NC_005080.1,2169991
NC_005068.1,35254
NC_005065.1,154339
NC_005057.1,926844
NC_005053.1,232802
NC_004994.2,2913605
NC_005052.1,221037
NC_005051.1,169693
NC_005049.1,169691
NC_005048.1,2010286
NC_005046.1,169687
NC_005039.1,64294
NC_005038.1,170617
NC_005036.1,204987
MN241034.1,2170100
NC_005032.1,96054
NC_005031.1,263001
NC_005028.1,46917
NC_005029.1,43130
NC_004995.1,199361
NC_004324.3,175814
NC_004903.1,693897
NC_004904.1,234829
NC_004828.1,1511894
NC_004812.1,10325
NC_004810.1,51330
NC_004807.1,68876
NC_004800.1,208491
NC_004765.1,2847078
NC_004756.1,12042
NC_004751.1,2170100
NC_004755.1,78395
NC_004752.1,41460
NC_004750.1,2169986
NC_002160.2,2169985
NC_002198.2,228582
NC_004736.1,223524
NC_004733.1,221036
NC_004725.1,2560401
NC_004724.1,167634
NC_004715.1,220812
NC_004714.1,75914
NC_004706.1,714640
NC_004690.1,224399
NC_004675.1,128941
NC_002076.2,687340
NC_004673.1,227137
NC_004666.1,224578
NC_004667.1,55951
NC_004655.1,223275
NC_004654.1,223332
NC_004647.1,223352
NC_004648.1,223346
NC_004651.1,222474
NC_004640.1,225752
NC_004641.1,223334
NC_004639.1,191463
NC_004637.1,191460
NC_004642.1,92963
NC_004634.1,222475
NC_004627.1,222441
NC_004628.1,172278
NC_004626.1,44560
NC_004618.1,222450
NC_004613.1,223345
NC_004614.1,223344
NC_004607.1,223252
NC_004583.1,222464
NC_004582.1,222456
NC_004579.1,1239574
NC_004573.1,187978
NC_004569.1,219744
NC_001505.2,1891770
NC_004560.1,218667
NC_001481.2,11978
NC_002700.2,154784
NC_004546.1,219596
NC_004542.1,1176484
NC_004540.1,3051985
NC_004515.1,221054
NC_004500.1,334208
NC_004455.1,159122
NC_004450.1,178354
NC_004451.1,1002918
NC_004442.1,329639
NC_003327.2,181604
NC_004426.1,187977
NC_004422.1,228578
NC_004421.1,194965
NC_004365.1,209529
NC_004366.1,184020
NC_004367.1,106331
NC_004363.1,37733
NC_004362.1,37733
NC_004359.1,697192
NC_004356.1,211866
NC_004346.1,12472
NC_004322.1,167132
NC_003468.2,1980456
NC_003467.2,1980456
NC_004306.1,70203
NC_004300.1,207697
NC_004295.1,72197
NC_004290.1,185639
NC_004288.1,180586
NC_004289.1,159153
NC_004287.1,125788
NC_004286.1,37138
NC_004284.1,12524
NC_004216.1,104580
NC_004215.1,104580
NC_004214.1,104580
NC_004213.1,104580
NC_004212.1,104580
NC_004210.1,104580
NC_004209.1,104580
NC_004208.1,104580
NC_004207.1,104580
NC_004206.1,104580
NC_004199.1,104580
NC_004195.1,40537
NC_004197.1,10561
NC_004192.1,223305
NC_004172.1,134554
NC_004161.1,186539
NC_004153.1,208177
NC_004147.1,53260
NC_004144.1,12287
NC_004123.1,81931
NC_004117.1,204440
NC_004054.1,88389
NC_004053.1,88388
NC_004052.1,88387
NC_004049.1,198597
NC_004107.1,35269
NC_004110.1,11577
NC_004109.1,11577
NC_004108.1,11577
NC_004106.1,35281
NC_004104.1,333769
NC_004091.1,202568
NC_004090.1,222078
NC_004093.1,756759
NC_004092.1,169696
NC_004074.1,3052602
NC_004071.1,199587
NC_004068.1,197771
NC_004067.1,112229
NC_004065.1,10366
NC_004063.1,12154
NC_004062.1,192584
NC_004044.1,185793
NC_004048.1,198608
NC_004050.1,198599
NC_004051.1,186772
NC_004046.1,186769
NC_004047.1,43240
NC_004039.1,12215
NC_004033.1,196094
NC_004036.1,194445
NC_004034.1,170965
NC_004035.1,32619
NC_004010.1,40640
NC_004016.1,157837
NC_004012.1,150285
NC_004011.1,42004
NC_004013.1,12199
NC_004005.1,10832
NC_003988.1,310907
NC_003990.1,2871093
NC_003987.1,1002921
NC_003985.1,118140
NC_003983.1,47001
NC_003971.1,192022
NC_003930.1,84589
NC_003138.2,172220
NC_003908.1,11039
NC_003906.1,196095
NC_003900.1,44158
NC_003899.1,11021
NC_003898.1,196093
NC_003897.1,220932
NC_003896.1,28350
NC_003891.1,220608
NC_003890.1,196089
NC_003889.1,31504
NC_003882.1,12899
NC_003870.1,167927
NC_003876.1,152217
NC_003877.1,129141
NC_003874.1,114871
NC_003878.1,111418
NC_003873.1,674954
NC_003872.1,99930
NC_003851.1,195063
NC_003848.1,195062
NC_003850.1,195061
NC_003855.1,193122
NC_003853.1,193120
NC_003854.1,193119
NC_003862.1,223328
NC_003861.1,223328
NC_003847.1,154834
NC_003852.1,31749
NC_003849.1,28354
NC_003826.1,373058
NC_003828.1,123735
NC_003825.1,49267
NC_003824.1,29256
NC_003823.1,28882
NC_003820.1,12188
NC_003822.1,10830
NC_003798.1,193118
NC_003797.1,41459
NC_003795.1,31770
NC_003793.1,185959
NC_003790.1,336959
NC_003778.1,192021
NC_003781.1,12742
NC_003742.1,192452
NC_003748.1,333920
NC_003746.1,59380
NC_003743.1,131083
NC_003745.1,11008
NC_003744.1,10836
NC_003722.1,180526
NC_003711.1,160484
NC_003710.1,160484
NC_003707.1,2747210
NC_003706.1,2747210
NC_003705.1,2747210
NC_003704.1,62352
NC_003703.1,62352
NC_003702.1,62352
NC_003701.1,62352
NC_003700.1,62352
NC_003699.1,62352
NC_003698.1,62352
NC_003697.1,62352
NC_003696.1,62352
NC_003692.1,103782
NC_003691.1,103782
NC_003688.1,91753
NC_003689.1,42882
NC_003683.1,192027
NC_003682.1,192026
NC_003681.1,192025
NC_003680.1,2169984
NC_003679.1,358764
NC_002512.2,79700
NC_003678.1,119222
NC_003629.1,193121
NC_003633.1,146762
NC_003651.1,116056
NC_003650.1,116056
NC_003649.1,116056
NC_003637.1,79450
NC_003634.1,72539
NC_003636.1,12894
NC_003631.1,31503
NC_003628.1,12777
NC_003630.1,12239
NC_003632.1,12182
NC_003626.1,51354
NC_003613.1,53193
NC_003611.1,12907
NC_003606.1,31742
NC_003609.1,180587
NC_003610.1,111970
NC_003608.1,53181
NC_003603.1,47740
NC_003602.1,35289
NC_003612.1,46342
NC_003618.1,31713
NC_003617.1,31713
NC_003601.1,12530
NC_003605.1,12202
NC_003556.1,186637
NC_003564.1,59817
NC_003561.1,59817
NC_003555.1,29255
NC_003557.1,12458
NC_003553.1,190810
NC_003540.1,68402
NC_003538.1,12901
NC_003533.1,191032
NC_003537.1,29271
NC_003539.1,12898
NC_003535.1,12627
NC_003536.1,12198
NC_003532.1,12144
NC_003501.1,42631
NC_003529.1,207830
NC_003523.1,190809
NC_003521.1,188763
NC_003499.1,31722
NC_003498.1,10640
NC_003497.1,190811
NC_003492.1,12197
NC_003491.1,156690
NC_003487.1,12056
NC_003463.1,73494
NC_003461.1,12730
NC_003460.1,189836
NC_003453.1,134632
NC_003452.1,134632
NC_003451.1,134632
NC_003443.1,2560525
NC_003436.1,28295
NC_003434.1,188333
NC_003433.1,78540
NC_003418.1,120168
NC_003417.1,59301
NC_003414.1,915293
NC_003412.1,186165
NC_003410.1,142661
NC_003405.1,186371
NC_003403.1,185750
NC_003397.1,12196
NC_003400.1,445435
NC_003399.1,157018
NC_003398.1,12224
NC_003377.1,12203
NC_003382.1,174178
NC_003378.1,107324
NC_003380.1,195056
NC_003381.1,328671
NC_003375.1,12433
NC_003376.1,12431
NC_003379.1,268776
NC_003369.1,12041
NC_003355.1,1169032
NC_003357.1,85753
NC_003347.1,103722
NC_003348.1,82676
NC_003326.1,10834
NC_003264.1,551523
NC_003243.1,90961
NC_003224.1,12232
NC_003215.1,11033
NC_003203.1,141860
NC_003200.1,134386
NC_003113.1,170621
NC_003102.1,46242
NC_003093.1,104664
NC_003084.1,130556
NC_003083.1,70600
NC_003059.1,168238
NC_003056.1,12049
NC_003054.1,146032
NC_003031.1,362398
NC_003005.1,142102
NC_002981.1,222079
NC_002817.1,223337
NC_002816.1,28289
NC_002532.2,11047
NC_001839.2,59504
NC_002803.1,696863
NC_002800.1,148880
NC_002797.1,148880
NC_002795.1,101764
NC_002794.1,10397
NC_002766.1,131082
NC_002738.1,127441
NC_002729.1,148879
NC_002728.1,3052225
NC_002701.1,155414
NC_002692.1,12253
NC_002691.1,12288
NC_002657.1,11096
NC_002058.3,138950
NC_001792.2,133704
NC_002643.1,145579
NC_002641.1,37108
NC_002633.1,146499
NC_002634.1,12222
NC_002015.1,12897
NC_001351.1,12893
NC_001340.1,12895
NC_000885.1,100785
NC_001462.1,36453
NC_001651.1,12906
NC_001920.1,12904
NC_001410.1,12896
NC_001464.1,12890
NC_001471.1,12889
NC_001558.1,12888
NC_001553.1,12885
NC_001830.1,12783
NC_002615.1,33756
NC_001739.2,10651
NC_002604.1,129395
NC_002602.2,12436
NC_002598.1,40279
NC_002600.1,33763
NC_002593.1,98383
NC_002588.1,71030
NC_001875.2,262177
NC_001796.2,11216
NC_002577.1,35250
NC_002552.1,104263
NC_002548.1,92444
NC_002551.1,35612
NC_002549.1,186538
NC_002543.1,46448
NC_002531.1,35252
NC_002526.1,11303
NC_002510.1,222459
NC_001556.1,12241
NC_001555.1,12227
NC_001554.1,12145
NC_001547.1,11034
NC_001544.1,11029
NC_001543.1,11976
PU941615.1,11786
PU941613.1,11801
MK116549.1,12045
NC_002500.1,131226
NC_002470.1,70793
NC_002469.1,1239577
NC_002468.1,129143
NC_002362.1,127507
NC_002361.1,126070
NC_002358.1,45103
NC_002351.1,100887
NC_002331.1,51677
NC_002251.1,1985704
NC_002201.1,109270
NC_002199.1,92129
NC_002195.1,687377
NC_002194.1,105154
NC_002187.1,77344
NC_002169.1,10454
NC_002164.1,113553
NC_002161.1,3052729
NC_001278.1,111470
NC_000960.1,106962
NC_000947.1,79917
NC_000936.1,97344
NC_000903.1,103603
NC_000898.1,32604
NC_000882.1,83839
NC_000874.1,94290
NC_000855.1,1147160
NC_002077.1,85106
NC_002066.1,89463
NC_001998.1,90963
NC_001990.1,85652
NC_001987.1,85618
NC_001977.1,12152
NC_001973.1,10449
NC_001964.1,73498
NC_001963.1,73497
NC_001962.1,271108
NC_001961.1,28344
NC_001956.1,83201
NC_001954.1,10868
NC_001948.1,196400
NC_001946.1,65467
NC_001944.1,77856
NC_001943.1,1868658
NC_001940.1,11768
NC_001931.1,10838
NC_001930.1,10838
NC_001921.1,3052342
NC_001918.1,72149
NC_001914.1,10654
NC_001899.1,72003
NC_001886.1,31741
NC_001874.1,66834
NC_001873.1,29272
NC_001868.1,268785
NC_001867.1,39720
NC_001866.1,11867
NC_001859.1,12064
NC_001844.1,10331
NC_001841.1,12844
NC_001837.1,3052610
NC_001836.1,217686
NC_001834.1,64279
NC_001831.1,207343
NC_001829.1,57579
NC_001822.1,45224
NC_001818.1,60714
NC_001815.1,33748
NC_001814.1,40666
NC_001812.1,12178
NC_001802.1,11676
NC_001801.1,12235
NC_001800.1,150284
NC_001793.1,56879
NC_001789.1,56144
NC_001786.1,11020
NC_001785.1,12205
NC_001782.1,12450
NC_001780.1,52274
NC_001777.1,12055
NC_001768.1,12228
NC_001753.1,12177
NC_001748.1,12181
NC_001747.1,12045
NC_001746.1,12158
NC_001741.1,2003327
NC_001730.1,2507234
NC_001729.1,46350
NC_001728.1,12238
NC_001726.1,47736
NC_001725.1,47903
NC_001724.1,40270
NC_001722.1,11709
NC_001721.1,47669
NC_001718.1,10796
NC_001710.1,54290
NC_001702.1,11786
NC_001701.1,38251
NC_001699.1,1891763
NC_002064.1,39116
NC_001694.1,333767
NC_001693.1,333930
NC_001691.1,40539
NC_001690.1,40538
NC_001678.1,10570
NC_001676.1,333766
NC_001671.1,12208
NC_001662.1,3051624
NC_001661.1,12162
NC_001658.1,39046
NC_001652.1,11290
NC_001648.1,38062
NC_001647.1,10826
NC_001642.1,35286
NC_001641.1,42478
NC_001639.1,11048
NC_001634.1,35593
NC_001633.1,32625
NC_001632.1,35287
NC_001628.1,12023
NC_001623.1,46015
NC_001619.1,35258
NC_001618.1,354090
NC_001617.1,147711
NC_001616.1,12216
NC_001605.1,10567
NC_001600.1,31711
NC_001598.1,12161
NC_001596.1,333924
NC_001593.1,333765
NC_001591.1,10616
NC_001587.1,333764
NC_001586.1,333763
NC_001583.1,333762
NC_001574.1,31559
NC_001560.1,1972577
NC_001550.1,11855
NC_001549.1,11723
NC_001546.1,196399
NC_001542.1,11292
NC_001541.1,10623
NC_001540.1,10784
NC_001539.1,10788
NC_001538.1,1891762
NC_001531.1,337051
NC_001523.1,10564
NC_001522.1,3085316
NC_001517.1,12209
NC_001514.1,11856
NC_001513.1,12153
NC_001512.1,2169701
NC_001511.1,11663
NC_001510.1,10794
NC_001506.1,11830
NC_001503.1,11757
NC_001502.1,11809
NC_001501.1,11786
NC_001500.1,11819
NC_001499.1,11788
NC_001498.1,11234
NC_002063.1,58103
NC_001494.1,11746
NC_001492.1,40281
NC_001489.1,12092
NC_001486.1,28300
NC_001484.1,10406
NC_001483.1,12179
NC_001482.1,11673
NC_001480.1,12151
NC_001479.1,12104
NC_001478.1,10837
NC_001469.1,12143
NC_001466.1,10820
NC_001463.1,11660
NC_001461.1,11099
NC_001458.1,334204
NC_001457.1,10617
NC_001452.1,2169971
NC_001451.1,11120
NC_001449.1,11036
NC_001445.1,12211
NC_001442.1,1891754
NC_001441.1,12180
NC_001436.1,11908
NC_001434.1,291484
NC_001430.1,138951
NC_001427.1,12618
NC_001418.1,10872
NC_002014.1,10867
NC_001414.1,11901
NC_001409.1,12175
NC_001408.1,363745
NC_001407.1,11886
NC_001405.1,129951
NC_001403.1,11885
NC_001402.1,11958
NC_001367.1,12242
NC_001357.1,337042
NC_001356.1,334203
NC_001355.1,10600
NC_001354.1,10589
NC_001352.1,337043
NC_001350.1,10381
NC_001348.1,10335
NC_001344.1,12639
NC_001343.1,10653
NC_001341.1,1977403
NC_001339.1,12142
NC_001332.1,10869
NC_001331.1,2011081
NC_001330.1,10849
NC_030692.1,1714619
NC_029642.1,1715293
NC_001798.2,10310
NC_003977.2,10407
NC_075267.1,10587
NC_075269.1,10593
NC_038889.1,10611
NC_075270.1,10618
NC_001595.1,10620
NC_001437.1,11072
NC_034263.1,11318
NC_034262.1,11318
NC_034261.1,11318
NC_007361.1,102793
NC_007360.1,102793
NC_007359.1,102793
NC_002204.1,11520
NC_002211.1,11520
NC_002210.1,11520
NC_006508.1,11569
NC_006507.1,11569
NC_006506.1,11569
NC_001362.1,11786
NC_001885.3,11840
NC_001488.1,11909
NC_009424.5,11970
NC_045762.1,11983
NC_038319.1,1803956
NC_001490.1,147712
NC_021551.1,28876
NC_021550.1,28876
NC_021549.1,28876
NC_001664.4,32603
NC_039218.1,33743
NC_007569.1,36427
NC_007574.1,36427
NC_007572.1,36427
NC_022642.1,40052
NC_022641.1,40052
NC_022640.1,40052
NC_038573.1,40053
NC_038572.1,40053
NC_038571.1,40053
NC_038603.1,40057
NC_038602.1,40057
NC_038601.1,40057
NC_038613.1,40058
NC_038612.1,40058
NC_038611.1,40058
NC_005995.1,40059
NC_005994.1,40059
NC_005993.1,40059
NC_043116.1,44025
NC_004441.1,106966
NC_003676.1,64280
NC_003675.1,64285
NC_006551.1,64286
NC_018705.3,64292
NC_015843.2,64293
NC_026623.1,64305
NC_004221.1,77763
NC_004220.1,77763
NC_004219.1,77763
NC_029646.1,95340
NC_000940.1,95342
NC_004905.2,102796
NC_004907.1,102796
NC_004906.1,102796
NC_026438.1,114727
NC_026437.1,114727
NC_026436.1,114727
NC_007380.1,114729
NC_007381.1,114729
NC_007382.1,114729
NC_038667.1,118027
NC_038666.1,118027
NC_038665.1,118027
NC_007370.1,119210
NC_007366.1,119210
NC_007367.1,119210
NC_007027.1,145856
NC_007026.1,145856
NC_026429.1,333278
NC_026428.1,333278
NC_026427.1,333278
NC_001576.1,333759
NC_029645.1,340017
NC_077846.1,351073
NC_077845.1,351073
NC_077844.1,351073
NC_078955.1,611708
NC_078954.1,611708
NC_078953.1,611708
NC_034616.1,652810
NC_043413.1,687356
NC_043414.1,687357
NC_034225.1,1172985
NC_034224.1,1172985
NC_034223.1,1172985
NC_038878.1,1219416
NC_034975.1,1239568
NC_022089.1,1341019
NC_078133.1,1453408
NC_078132.1,1453408
NC_078131.1,1453408
NC_025810.1,1459003
NC_025809.1,1459003
NC_025808.1,1459003
NC_079005.1,1501396
NC_079004.1,1501396
NC_079003.1,1501396
NC_024691.1,2004487
NC_078589.1,1618189
NC_078588.1,1618189
NC_078587.1,1618189
NC_038496.1,1673681
NC_038720.1,1678227
NC_038719.1,1678227
NC_038718.1,1678227
NC_038436.1,1704090
NC_078244.1,1764076
NC_078243.1,1764076
NC_078242.1,1764076
NC_001366.1,1821750
NC_077987.1,1933180
NC_077986.1,1933180
NC_077985.1,1933180
NC_039206.1,1972568
NC_034443.1,1978540
NC_034385.1,2003652
NC_026169.1,2004487
NC_038671.1,2083198
NC_038857.1,2083199
NC_040735.1,2137161
NC_040734.1,2137161
NC_040733.1,2137161
NC_078299.1,2576944
NC_078298.1,2576944
NC_078297.1,2576944
NC_055332.1,2734436
NC_055331.1,2734436
NC_055330.1,2734436
NC_078916.1,2748254
NC_078915.1,2748254
NC_078914.1,2748254
NC_004191.1,2748762
NC_004190.1,2748762
NC_004189.1,2748762
NC_043452.1,2748958
NC_043451.1,2748958
NC_043450.1,2748958
NC_027142.1,3051989
NC_027141.1,3051989
NC_027140.1,3051989
NC_078064.1,3051992
NC_078063.1,3051992
NC_078062.1,3051992
NC_038426.1,3052236
NC_006313.1,3052299
NC_006439.1,3052300
NC_006447.1,3052300
NC_010563.1,3052302
NC_010562.1,3052302
NC_077807.1,3052303
NC_077806.1,3052303
NC_004294.1,3052303
NC_010759.1,3052305
NC_010757.1,3052305
NC_004297.1,3052310
NC_004296.1,3052310
NC_004293.1,3052328
NC_004292.1,3052328
NC_026019.1,3052330
NC_026018.1,3052330
NC_010703.1,3052331
NC_010700.1,3052331
NC_078970.1,3052370
NC_078969.1,3052370
NC_078968.1,3052370
NC_043581.1,3052371
NC_043580.1,3052371
NC_043579.1,3052371
NC_001927.1,3052381
NC_001926.1,3052381
NC_001925.1,3052381
NC_043620.1,3052385
NC_043619.1,3052385
NC_043618.1,3052385
NC_034489.1,3052387
NC_034478.1,3052387
NC_034477.1,3052387
NC_055119.1,3052390
NC_055118.1,3052390
NC_055117.1,3052390
NC_043614.1,3052391
NC_043613.1,3052391
NC_043612.1,3052391
NC_034506.1,3052397
NC_034487.1,3052397
NC_034486.1,3052397
NC_043587.1,3052399
NC_043586.1,3052399
NC_043585.1,3052399
NC_038740.1,3052401
NC_038739.1,3052401
NC_038738.1,3052401
NC_043560.1,3052402
NC_043559.1,3052402
NC_043558.1,3052402
NC_034501.1,3052404
NC_034500.1,3052404
NC_034499.1,3052404
NC_043629.1,3052406
NC_043628.1,3052406
NC_043627.1,3052406
NC_055198.1,3052407
NC_055197.1,3052407
NC_055196.1,3052407
NC_077810.1,3052409
NC_077809.1,3052409
NC_077808.1,3052409
NC_034505.1,3052413
NC_034498.1,3052413
NC_034497.1,3052413
NC_055212.1,3052414
NC_055211.1,3052414
NC_055210.1,3052414
NC_034504.1,3052418
NC_034496.1,3052418
NC_034495.1,3052418
NC_043635.1,3052420
NC_043634.1,3052420
NC_043633.1,3052420
NC_078928.1,3052424
NC_078927.1,3052424
NC_078926.1,3052424
NC_034488.1,3052428
NC_034476.1,3052428
NC_034475.1,3052428
NC_005775.1,3052429
NC_043691.1,3052431
NC_043690.1,3052431
NC_043689.1,3052431
NC_043617.1,3052439
NC_043616.1,3052439
NC_043615.1,3052439
NC_043699.1,3052440
NC_043698.1,3052440
NC_043697.1,3052440
NC_043694.1,3052444
NC_043693.1,3052444
NC_043692.1,3052444
NC_055207.1,3052445
NC_055206.1,3052445
NC_055205.1,3052445
NC_043608.1,3052446
NC_043607.1,3052446
NC_043606.1,3052446
NC_039188.1,3052456
NC_039187.1,3052456
NC_039186.1,3052456
NC_038374.1,3052474
NC_038373.1,3052474
NC_005235.1,3052477
NC_005234.1,3052477
NC_005233.1,3052477
NC_005237.1,3052498
NC_005236.1,3052498
NC_040514.1,3052510
NC_040513.1,3052510
NC_040512.1,3052510
NC_004159.1,3052514
NC_004158.1,3052514
NC_004157.1,3052514
NC_005301.3,3052518
NC_005300.2,3052518
NC_005302.1,3052518
NC_036636.1,3052523
NC_029933.1,3052523
NC_029932.1,3052523
NC_034521.1,3052525
NC_034520.1,3052525
NC_034510.1,3052525
NC_078123.1,3052637
NC_078122.1,3052637
NC_078121.1,3052637
NC_055329.1,3052641
NC_055328.1,3052641
NC_055327.1,3052641
NC_055341.1,3052647
NC_055340.1,3052647
NC_055339.1,3052647
NC_055344.1,3052660
NC_055343.1,3052660
NC_055342.1,3052660
NC_033847.1,3052665
NC_033831.1,3052665
NC_033830.1,3052665
NC_039193.1,3052684
NC_039192.1,3052684
NC_039191.1,3052684
NC_010708.1,3052789
NC_010707.1,3052789
NC_010704.1,3052789
NC_036606.1,3052801
NC_036605.1,3052801
NC_036604.1,3052801
NC_005214.1,3052811
NC_029304.2,1750712
NC_008722.1,2913976
NC_055749.1,2234080
NC_055748.1,2234047
NC_055747.1,2163979
NC_055746.1,2163978
NC_055745.1,2182347
NC_055744.1,2163901
NC_055743.1,2163633
NC_049381.1,1965484
NC_023686.1,1089122
NC_023614.1,1327037
NC_021774.1,1173769
NC_017674.1,749447
NC_014229.1,747763
NC_006557.1,294382
NC_024120.1,2902768
NC_023425.1,2907992
NC_007920.1,2847098
NC_005040.1,2847998
NC_004064.1,2847999
NC_000858.1,194440
NC_008714.1,2849103
NC_006942.1,2908018
NC_006563.1,2908011
NC_060102.1,2593923
NC_060093.1,2664942
NC_043524.1,2004460
NC_030860.1,1788434
NC_040826.1,2152567
NC_040373.1,2219137
NC_030474.1,1788451
NC_030473.1,1788445
NC_030471.1,1788450
NC_030470.1,1788444
AC_000190.1,47680
AC_000189.1,35265
NC_022978.1,940280
NC_022962.1,1250316
NC_003794.1,12187
NC_001365.1,10854
KU182910.1,186541
KU343137.1,1862825
KU560964.1,1803960
KU560965.1,1803960
KU560970.1,1803961
KU560971.1,1803961
KU560972.1,1803961
KX058433.1,2746927
KX087159.1,2170195
KX810063.1,3052010
KX838317.1,1914415
KX838318.1,1914415
KX840452.1,2018683
KX840453.1,2018683
KX840454.1,2018683
KX856937.1,1209382
KX856938.1,1209383
KX856939.1,1391667
KX856940.1,1955201
KX868297.2,2461378
KX868386.1,1904886
KX868500.1,1904888
KX868501.1,1904888
KX868504.1,1904888
KY094062.1,169066
KY349925.1,3116878
KY462770.1,2057931
KY766250.1,1615798
KY766251.1,1615798
KY856742.1,3052001
KY888270.1,1348500
KY888271.1,1348500
KY973644.1,2184749
KY973645.1,2184749
L11933.1,11757
LC133331.1,2772503
LC309209.1,746830
LC309210.1,746830
LC315650.2,290028
LC440555.1,11909
LC440556.1,11909
LC487646.1,11642
LC534557.1,11909
LC553715.1,3052501
LC553723.1,1424613
LC553724.1,1424613
LC553731.1,2749946
LC553732.1,2749946
LC553733.1,2749946
LC654445.1,11137
LC687394.1,277944
LC687402.1,277944
LC699418.1,31708
LC699425.1,1219377
LC706556.2,2560526
LC706557.1,2560526
LC708000.1,2497866
LC708002.1,2497866
LC708003.1,2497866
LC708034.1,2497865
LC708035.1,2497865
LC708036.1,2497865
LC720289.1,11552
LC720290.1,11552
LC720291.1,11552
LC720415.1,2555550
LC720425.1,129951
LC720428.1,277944
LC720865.1,3052557
LC720880.1,11216
LC740523.2,2516502
LC740524.2,2516502
LC741388.1,159150
LC741389.1,159150
LC756670.1,31631
LC758629.1,11246
LC769222.1,3049952
LC769224.1,3049953
LC769225.1,147711
LC772184.1,1867125
LC772185.1,1867125
LC772186.1,1867125
LC785697.1,10325
LC785698.1,10325
LC785699.1,10325
LC817379.1,290028
LC817389.1,12730
LC817390.1,12730
LC817398.1,11216
LC817401.1,11224
LC820592.1,2748762
LC820593.1,2748762
LC820594.1,2748762
LC846336.1,10359
LC846337.1,10359
LC860554.2,1697443
LC864517.1,195055
LC864518.1,195055
LC865996.1,1982742
LC865997.1,1425211
LC904986.1,1697443
LC910704.1,376148
LC922684.1,2560525
LC924505.1,12122
LC924506.1,12122
LC924507.1,12122
LC927009.1,11901
LC927010.1,11901
LC927011.1,11901
LC927253.1,11709
LC927254.1,11709
LC930686.1,35300
LC932282.1,12663
LC932283.1,12663
LC935948.1,1938392
LC938822.1,208895
LC938823.1,208895
LC938824.1,208895
LC939388.1,3432241
LC939389.1,3432241
LC939390.1,3432241
LR862035.1,2060138
LR862055.1,2060137
LY828042.1,290008
M30221.1,40278
M30222.1,40278
M34011.1,3052492
M64627.3,10364
MF079256.1,1615798
MF472626.2,11642
MF509816.1,2060135
MF509817.1,2060136
MF509818.1,2060137
MF509819.1,2060138
MF509820.1,2060139
MF509821.1,2060140
MF540571.1,186539
MF588757.1,192971
MF621235.1,11642
MG026496.1,2039694
MG210577.1,2044876
MG210578.1,2044876
MG210579.1,2044876
MG522850.1,1820159
MG522851.1,1820159
MG522852.1,1820158
MG571787.1,2219046
MG571824.1,2219047
MG571825.1,2219047
MG571872.1,2081950
MG571879.1,2081950
MG571883.1,2219053
MG571885.1,2219052
MG693105.1,2169479
MG693106.1,2169479
MG746618.1,2152919
MG746619.1,2152919
MG760849.1,57483
MG761767.1,44158
MG785209.1,654422
MG846493.1,1214955
MG921179.1,2093788
MH017563.1,3052015
MH017566.1,2065051
MH028405.1,336961
MH111125.1,2496633
MH121167.1,186541
MH172376.1,2200956
MH172377.1,2200957
MH172378.1,2200958
MH172379.1,2200959
MH194411.1,1729141
MH194412.1,1729141
MH324826.1,2219998
MH324827.1,2219998
MH324828.1,2219998
MH426977.1,11033
MH477416.1,1729141
MH477882.1,40058
MH484321.1,273360
MH484322.1,273360
MH484323.1,273360
MH500283.1,2530494
MH500305.1,2530494
MH539865.1,2259728
MH539866.1,2259728
MH539867.1,2259728
MH648966.1,3052021
MH648982.1,3052024
MH648989.1,3052007
MH649029.1,3052019
MH649114.1,3052020
MH649141.1,3052011
MH649209.1,3052023
MH680933.1,32604
MH685710.1,2364099
MH829611.1,64318
MH829612.1,64318
MH829613.1,64318
MH933829.1,2497867
MH933842.1,2169479
MH933859.1,1193974
MH933860.1,1193974
MK007551.1,11086
MK059755.1,3116878
MK212032.1,3052244
MK280688.1,11033
MK318080.1,1193974
MK359232.1,2547356
MK359233.1,2547356
MK359234.1,2547356
MK513442.1,2004487
MK620828.1,10617
MK620836.1,1851213
MK620841.1,28312
MK674279.1,2714898
MK674280.1,2714899
MK787189.1,1812175
MK787190.1,1812175
MK787191.1,1812175
MK896436.1,2748252
MK896437.1,2748252
MK896438.1,2748252
MK896630.1,2748253
MK896631.1,2748253
MK896632.1,2748253
MK908101.1,2602438
MK908102.1,2602438
MK908103.1,2602438
MN218697.1,2716315
MN218698.1,2716315
MN240300.1,2602439
MN241817.1,37300
MN488996.1,2609450
MN488997.1,2609450
MN488998.1,2609450
MN530037.1,1548189
MN530038.1,1548189
MN530039.1,1548189
MN605989.1,10617
MN615704.1,2731271
MN692207.1,746831
MN692208.1,746831
MN692209.1,746831
MN769225.1,3163396
MN769516.1,3052244
MN770183.1,3052244
MN771277.1,3402314
MN774927.1,3160827
MN774939.1,3160828
MN774956.1,3160823
MN774959.1,3160824
MN774989.1,3160829
MN776128.1,3160822
MN784123.1,2003652
MN830233.1,64307
MN844186.1,11086
MN896905.1,1803960
MN966680.2,1399582
MT015693.1,11023
MT094379.1,2003650
MT121983.1,11033
MT157224.1,169066
MT210805.1,2778524
MT416610.1,943908
MT416611.1,943908
MT432184.1,645687
MT451917.1,1239568
MT451918.1,1239568
MT482431.1,2809802
MT482432.1,2809802
MT501646.1,2749445
MT501649.1,2749446
MT501653.1,2749447
MT583343.1,565995
MT583344.1,565995
MT583346.1,186540
MT583347.1,186540
MT583348.1,186540
MT671983.1,1214955
MT742157.1,565995
MT766364.1,2039694
MT796851.1,186539
MT815993.1,1453410
MT815994.1,1453410
MW074912.1,11023
MW139299.1,943908
MW176106.1,2927897
MW314033.1,35316
MW314034.1,35316
MW314035.1,35316
MW495053.1,2731271
MW535770.1,2944249
MW536483.1,32604
MW567716.1,169066
MW808978.1,2712269
MW809725.1,60877
MW847419.1,12542
MW876512.1,2039694
MW888848.1,44158
MZ201304.1,2038724
MZ201305.1,2038722
MZ405077.1,2732655
MZ405078.1,2732655
MZ405079.1,2732655
MZ484495.1,1955157
MZ484496.1,1955157
MZ556551.1,2809674
MZ556572.1,2809674
MZ556591.1,2809674
MZ574408.1,2809456
MZ594656.1,133704
MZ676706.1,37741
NC_003323.1,194443
NC_004541.1,146073
NC_006309.2,11553
NC_006310.2,11553
NC_006312.2,11553
NC_006430.1,2905673
NC_012800.1,1330491
NC_018463.1,159150
NC_018464.1,159150
NC_018467.1,159150
NC_018476.1,3052441
NC_018477.1,3052441
NC_018478.1,3052441
NC_020806.1,290008
NC_021242.1,1219465
NC_021243.1,1219465
NC_021244.1,1219465
NC_023424.1,40004
NC_024888.1,1391667
NC_026161.1,1519400
NC_027560.1,1679172
NC_027561.1,1679172
NC_027562.1,1679172
NC_027998.2,1729141
NC_028371.1,1746058
NC_030289.1,64296
NC_031284.1,1608083
NC_031285.1,1608083
NC_031286.1,1608083
NC_033693.1,64295
NC_033698.1,64297
NC_033723.1,64307
NC_034386.1,194540
NC_034387.1,194540
NC_034391.1,194540
NC_034479.1,3052384
NC_034480.1,3052384
NC_034481.1,35316
NC_034490.1,3052384
NC_034491.1,35316
NC_034492.1,35316
NC_034516.1,3052496
NC_034517.1,3052496
NC_034526.1,3052496
NC_034555.1,1424613
NC_034556.1,1424613
NC_034563.1,1424613
NC_037053.1,172297
NC_038282.1,1987020
NC_038283.1,1987021
NC_038298.1,3052470
NC_038299.1,3052470
NC_038300.1,3052470
NC_038313.1,1987139
NC_038314.1,1987141
NC_038336.1,687344
NC_038337.1,687348
NC_038338.1,687350
NC_038339.1,687352
NC_038340.1,687359
NC_038341.1,687360
NC_038342.1,687362
NC_038343.1,687363
NC_038344.1,687368
NC_038345.1,2065036
NC_038346.1,2065037
NC_038347.1,2065038
NC_038350.1,2065044
NC_038351.1,2065045
NC_038505.1,3052489
NC_038506.1,3052489
NC_038540.1,31598
NC_038544.1,3052714
NC_038723.1,1678224
NC_038724.1,1678224
NC_038725.1,1678224
NC_038726.1,1678225
NC_038727.1,1678225
NC_038728.1,1678225
NC_038735.1,1678234
NC_038736.1,1678234
NC_038737.1,1678234
NC_038819.1,688436
NC_038820.1,688436
NC_038821.1,688436
NC_038880.1,1511806
NC_038939.1,3052492
NC_039050.1,1867125
NC_039220.1,3052537
NC_039221.1,3052537
NC_039222.1,3052537
NC_039237.1,54315
NC_040752.1,1907787
NC_040753.1,1907787
NC_043058.1,106332
NC_043067.1,1987017
NC_043073.1,3052490
NC_043074.1,3052490
NC_043075.1,3052490
NC_043110.1,38837
NC_043114.1,64282
NC_043403.1,59304
NC_043415.1,687361
NC_043416.1,566308
NC_043509.1,1569922
NC_043510.1,1569922
NC_043511.1,1569922
NC_043645.1,273360
NC_043646.1,273360
NC_043647.1,273360
NC_055294.1,904699
NC_055295.1,904699
NC_055296.1,904699
NC_055425.1,1608084
NC_055426.1,1608084
NC_074970.1,172297
NC_075988.1,1560340
NC_076029.1,31656
NC_076107.1,12475
NC_076108.1,12475
NC_077192.1,2913478
NC_077834.1,159139
NC_077835.1,159139
NC_077836.1,159139
NC_078071.1,1649829
NC_078072.1,1649829
NC_078073.1,1649829
NC_078234.1,1590834
NC_078235.1,1590834
NC_078236.1,1590834
NC_078888.1,35320
NC_078889.1,35320
NC_078890.1,35320
NC_078974.1,35308
NC_078975.1,35308
NC_078976.1,35308
NC_079000.1,2795181
NC_079001.1,2795181
NC_079002.1,2795181
NC_079009.1,2304647
NC_079010.1,2304647
NC_079098.1,2825847
NC_079099.1,2825847
NC_079100.1,2825847
OK397296.1,1330521
OK500102.1,688436
OK500103.1,688436
OK500104.1,688436
OL406405.1,1163715
OL406406.1,1163715
OL548863.1,687360
OL548866.1,687360
OL548869.1,687359
OL548871.1,687359
OL692378.1,40278
OL694779.1,2065056
OL694783.1,2065052
OL694790.1,2065038
OL694791.1,2065038
OL694796.1,687372
OL694797.1,2065038
OL694821.1,687349
OL694822.1,687350
OL694827.1,687341
OL694828.1,687350
OL694834.1,1859149
OL694839.1,687344
OL694842.1,687344
OL700028.1,696746
OL700029.1,696746
OL700030.1,696746
OL709418.1,64282
OL817334.1,1288116
OM320812.1,2913478
OM451155.1,1511892
OM799540.1,12721
OM799541.1,12721
OM799542.1,12721
OM836172.1,172297
OM836173.1,172297
OM836180.1,2731271
ON023017.1,746830
ON226770.2,3014888
ON482334.1,3026463
ON526744.1,3027325
ON595761.1,3025750
ON623842.1,2170113
ON677309.1,3025750
ON812470.1,2585267
ON812472.1,2585267
ON907858.1,3044602
ON986208.1,2809802
OP037815.1,12542
OP037820.1,11085
OP037821.1,11085
OP037822.1,11085
OP255974.1,1803958
OP255976.1,1803958
OP292291.1,12542
OP413965.1,1239567
OP413966.1,1239567
OP549858.1,432261
OP549859.1,432261
OP549860.1,432261
OP577477.1,2052558
OP644553.1,1967472
OP711994.1,333769
OP712010.1,51033
OP712030.1,51033
OP712045.1,10591
OP712055.1,333769
OP712086.1,10591
OP712094.1,333764
OP712100.1,10591
OP712111.1,333769
OP744467.1,3014888
OP903267.1,2231327
OP903268.1,2231327
OP903269.1,2231327
OP926980.1,28873
OP931882.1,1678234
OP931893.1,1678234
OP931904.1,1678234
OP950211.1,1678230
OP950212.1,1678230
OP950213.1,1678230
OP978008.1,2779404
OP978009.1,2779404
OP978010.1,2779404
OQ064546.1,2065050
OQ064547.1,2065056
OQ064548.1,2065055
OQ064549.1,2065054
OQ064551.1,2065055
OQ064552.1,2065052
OQ064553.1,2065046
OQ064554.1,2065055
OQ064555.1,2065056
OQ064556.1,2065050
OQ064559.1,687375
OQ064560.1,687372
OQ064562.1,687371
OQ064564.1,687375
OQ064565.1,687374
OQ064567.1,2065037
OQ064569.1,687372
OQ064570.1,2065037
OQ064571.1,2065037
OQ064572.1,1859149
OQ064575.1,687360
OQ064578.1,687341
OQ064580.1,687344
OQ064583.1,687350
OQ064585.1,687352
OQ064590.1,687363
OQ064594.1,687346
OQ064595.1,687352
OQ064597.1,687352
OQ064598.1,687368
OQ064599.1,687363
OQ064600.1,687363
OQ064602.1,687368
OQ064604.1,687359
OQ184950.1,2219046
OQ281448.1,1803959
OQ281449.1,1803959
OQ281450.1,1803959
OQ283123.1,2809196
OQ304469.1,28292
OQ401160.2,10279
OQ657166.1,1907210
OQ657167.1,1907210
OQ708493.1,1560340
OQ708494.1,1560340
OQ715975.1,1821750
OQ718806.1,11786
OQ784120.1,186538
OQ784121.1,186538
OQ835729.1,3044602
OQ835730.1,3044602
OQ835742.1,2004957
OQ835744.1,2004957
OR089089.1,3067642
OR183437.1,11023
OR249959.1,159150
OR533365.1,3115662
OR533366.1,3115662
OR533367.1,3115662
OR565860.1,194959
OR574834.1,509154
OR643889.1,32604
OR786176.1,145390
OR786722.1,2961098
OR836611.1,3103131
OR843369.1,1955157
OR905605.1,3298505
OR921183.1,11276
OR965900.1,1618189
OR965901.1,1618189
OR965902.1,1618189
OR995580.1,11276
OR995581.1,11276
OZ258626.1,3052024
OZ258714.1,3163396
OZ258723.1,3052022
OZ258778.1,3052003
OZ258791.1,3041468
OZ258838.1,3052024
OZ258926.1,3163396
OZ258935.1,3052022
OZ258988.1,3041468
OZ258990.1,3052003
OZ259003.1,3041468
OZ276552.1,186538
OZ453985.1,1987106
OZ470518.1,11137
OZ470519.1,11137
OZ476913.1,11084
OZ480261.1,12092
OZ484469.1,11234
OZ484470.1,11234
OZ484471.1,11234
OZ484518.1,11060
OZ485714.1,10244
OZ485715.1,10244
PC059839.1,290008
PP070404.1,3103131
PP070405.1,3103131
PP083003.1,3052713
PP086048.1,1335626
PP239060.1,1239438
PP255784.1,2809199
PP255796.1,2809145
PP270201.1,2004957
PP405598.1,10255
PP405599.1,10255
PP405600.1,10255
PP445050.1,1821750
PP445100.1,164416
PP445101.1,164416
PP445102.1,164416
PP473497.1,2585267
PP473505.1,2715178
PP496979.1,11020
PP496980.1,11020
PP496981.1,11020
PP496988.1,11029
PP496989.1,11029
PP496990.1,11029
PP525065.1,1569922
PP525066.1,1569922
PP525067.1,1569922
PP565896.1,129726
PP565897.1,129726
PP565900.1,129726
PP586183.1,2717630
PP586185.1,2717630
PP586186.1,2717630
PP639091.1,3052470
PP639206.1,10310
PP669277.1,3239073
PP715885.1,31552
PP715886.1,31552
PP718699.1,1851215
PP728779.1,3160823
PP728781.1,3160824
PP728782.1,3160828
PP856330.1,1904885
PP856344.1,1904885
PP862459.1,1904885
PP882705.1,11086
PP909447.1,1906931
PP909448.1,1906931
PP909449.1,1906931
PP911590.1,10258
PP930198.1,2094719
PP930330.1,3229048
PP930331.1,3229050
PP930332.1,3229051
PP930333.1,3229052
PP930334.1,3229053
PP930335.1,3229054
PP930336.1,3229055
PP930337.1,3229056
PP930338.1,3229057
PP930339.1,3229049
PP968832.1,3298505
PP980349.1,1239569
PP980350.1,1239569
PP980351.1,1239569
PP987753.1,3052608
PP987754.1,3052608
PP993461.1,1883111
PP993462.1,1883111
PQ156451.1,3243314
PQ164815.1,1907210
PQ220294.1,2809145
PQ220490.1,2844076
PQ220491.1,2844076
PQ220492.1,2844076
PQ248942.1,3243314
PQ248943.1,3243314
PQ303661.1,133704
PQ303662.1,133704
PQ390712.1,2809396
PQ390713.1,2809396
PQ390714.1,2809396
PQ417215.1,37119
PQ421850.1,178530
PQ421851.1,178530
PQ421853.1,178530
PQ423860.1,2809175
PQ423861.1,2809175
PQ423862.1,2809175
PQ428132.2,3050299
PQ428134.2,3050299
PQ428139.2,3050299
PQ433000.1,64320
PQ433001.1,64320
PQ463773.1,181003
PQ463774.1,181003
PQ463775.1,181003
PQ489615.1,2961098
PQ489662.1,2961098
PQ515803.1,10804
PQ515804.1,10804
PQ515805.1,10804
PQ519598.1,2844803
PQ519599.1,2844803
PQ519600.1,2844803
PQ525426.1,1906670
PQ525427.1,1906670
PQ529446.1,1883111
PQ553053.1,645161
PQ553202.1,3052466
PQ553203.1,3052466
PQ558655.1,1440170
PQ622703.1,2052558
PQ641427.1,2971765
PQ641428.1,2971765
PQ641429.1,2971765
PQ684033.1,194540
PQ684034.1,194540
PQ881840.1,2560580
PV013093.1,3402316
PV013107.1,3402318
PV013126.1,3048396
PV013127.1,3052021
PV013128.1,3052021
PV013129.1,3402331
PV013131.1,3402336
PV013132.1,3402339
PV013133.1,3052014
PV013134.1,3048404
PV013140.1,3402356
PV013146.1,3402360
PV013147.1,3048384
PV013148.1,3048387
PV013149.1,3402362
PV013150.1,3402365
PV013201.1,3048400
PV013202.1,3402329
PV013205.1,3048390
PV013206.1,3048390
PV013210.1,3048384
PV013211.1,3402368
PV013219.1,3402317
PV013220.1,3402317
PV013221.1,3048432
PV013240.1,3052015
PV013241.1,3048400
PV013242.1,3402319
PV013243.1,3402319
PV013244.1,3402320
PV013245.1,3402321
PV013246.1,3402321
PV013247.1,3402323
PV013248.1,3402323
PV013249.1,3402323
PV013250.1,3402325
PV013251.1,3402325
PV013252.1,3048397
PV013253.1,3402327
PV013254.1,3402328
PV013257.1,3402335
PV013258.1,3402336
PV013259.1,3402338
PV013261.1,3402340
PV013262.1,3402340
PV013263.1,3402341
PV013264.1,3402341
PV013265.1,3402342
PV013268.1,3052011
PV013269.1,3052014
PV013270.1,3402344
PV013271.1,3402345
PV013273.1,3052007
PV013274.1,3052001
PV013275.1,3052001
PV013283.1,3402348
PV013284.1,3402350
PV013285.1,3402350
PV013286.1,3402351
PV013287.1,3402352
PV013288.1,3402353
PV013289.1,3402355
PV013290.1,3048380
PV013292.1,3048391
PV013298.1,3048392
PV013299.1,3402361
PV013300.1,3402364
PV013301.1,3048382
PV013302.1,3402366
PV013303.1,3402366
PV013304.1,3402367
PV013305.1,3402369
PV013306.1,3402369
PV013309.1,3048430
PV013310.1,3048432
PV013320.1,3402321
PV013321.1,3402322
PV013322.1,3402324
PV013323.1,3402325
PV013324.1,3402327
PV013325.1,3402330
PV013326.1,3402333
PV013327.1,3402334
PV013328.1,3402334
PV013329.1,3402334
PV013330.1,3402335
PV013331.1,3402336
PV013332.1,3402337
PV013334.1,3402340
PV013335.1,3048398
PV013336.1,3048398
PV013337.1,3048398
PV013338.1,3052014
PV013339.1,3402343
PV013340.1,3402346
PV013341.1,3052007
PV013344.1,3052010
PV013345.1,3048403
PV013346.1,3048403
PV013347.1,3402347
PV013348.1,3402348
PV013349.1,3402349
PV013350.1,3402354
PV013355.1,3048387
PV013356.1,3402361
PV013357.1,3402361
PV013358.1,3402363
PV013359.1,3402366
PV013360.1,3402370
PV013361.1,3402326
PV013362.1,3402332
PV013363.1,3402314
PV013365.1,3402313
PV013366.1,3402313
PV023495.1,1608083
PV023496.1,1608083
PV023497.1,1608083
PV023525.1,1608084
PV023526.1,1608084
PV023527.1,1608084
PV052323.1,430511
PV052324.1,430511
PV052328.1,430511
PV061389.1,74501
PV087977.1,11786
PV087978.1,11790
PV092672.1,3043599
PV092673.1,3043599
PV092674.1,3043599
PV105586.1,2510939
PV105590.1,10298
PV105591.1,10298
PV105598.1,10298
PV183546.1,2916986
PV183882.1,2916986
PV184189.1,2304647
PV184239.1,2304647
PV184306.1,2916986
PV184371.1,2304647
PV210960.1,1938392
PV210961.1,1938392
PV210962.1,1906670
PV246541.1,2960825
PV246542.1,2960825
PV246544.1,3409856
PV246546.1,3409856
PV246547.1,2960825
PV246548.1,3409856
PV259886.1,2052558
PV288358.1,645161
PV288359.1,645161
PV335395.1,74501
PV351778.1,2498143
PV351779.1,2498143
PV351782.1,2498143
PV358394.1,37119
PV358401.1,10596
PV359444.1,880565
PV395591.1,2560580
PV405324.1,10345
PV417299.1,114424
PV417300.1,114424
PV421311.1,2844802
PV421322.1,3048423
PV421323.1,3048417
PV421324.1,2809145
PV421325.1,3048420
PV421329.1,2809199
PV421330.1,2809199
PV421332.1,2809423
PV421333.1,2809423
PV421334.1,2809423
PV454707.1,57482
PV454708.1,57482
PV455027.1,1239567
PV470909.1,3366332
PV524096.1,1983780
PV526234.1,10407
PV526235.1,10407
PV526236.1,10407
PV539600.1,11079
PV539601.1,11079
PV539606.1,11079
PV544236.1,12124
PV553523.1,2956252
PV555137.1,2732654
PV591949.1,59301
PV591950.1,59301
PV591951.1,59301
PV600331.1,86782
PV600342.1,86782
PV600353.1,86782
PV600894.1,60877
PV607247.1,3366332
PV607248.1,3366332
PV631259.1,145856
PV631260.1,145856
PV640912.1,33743
PV640913.1,33743
PV640916.1,33743
PV656459.1,568715
PV656460.1,568715
PV668546.1,1384673
PV668547.1,1384673
PV679829.1,3048430
PV679875.1,3425776
PV679876.1,3425776
PV679877.1,3425776
PV679879.1,3048399
PV679880.1,3402331
PV679881.1,3425777
PV679882.1,3425777
PV679883.1,3402337
PV679884.1,3052023
PV679885.1,3402343
PV679888.1,3425778
PV679889.1,3425778
PV679890.1,3402359
PV679892.1,3048389
PV679893.1,3048389
PV679894.1,3048389
PV679896.1,3425779
PV679897.1,3402362
PV679898.1,3048387
PV679899.1,3402368
PV679900.1,3160829
PV683457.1,37124
PV685787.1,1954248
PV685793.1,2202649
PV685795.1,1954248
PV685798.1,2202649
PV693359.1,11082
PV693360.1,11082
PV693361.1,11082
PV694271.1,10372
PV694272.1,10372
PV694273.1,10372
PV700517.1,10335
PV702024.1,12104
PV712689.1,2809456
PV730103.1,1912147
PV731248.1,2038726
PV731249.1,1983780
PV737806.1,10335
PV737807.1,10335
PV754102.1,12071
PV754103.1,12071
PV754104.1,12071
PV776882.1,2585031
PV793855.1,1983780
PV793907.1,2448649
PV793916.1,2448649
PV793919.1,2448649
PV793924.1,1907787
PV793925.1,1907787
PV804328.1,348015
PV804329.1,348015
PV804355.1,159146
PV804356.1,159146
PV804357.1,159146
PV804487.1,348015
PV815593.1,12618
PV815594.1,12618
PV836637.1,10310
PV836638.1,10310
PV844895.1,3052466
PV862187.1,3433792
PV871044.1,2022413
PV871045.1,2022413
PV871046.1,2022413
PV878474.1,1954248
PV891902.1,11590
PV920573.1,3431480
PV928709.1,10590
PV928710.1,10590
PV928711.1,10590
PV962835.1,3050355
PV975991.1,1453410
PV980074.1,2560525
PX025463.1,37296
PX025486.1,37296
PX025489.1,37296
PX092630.1,2269360
PX092631.1,2269360
PX092632.1,2269360
PX094482.1,289365
PX094483.1,289365
PX095788.1,2715178
PX095816.1,1912147
PX095822.1,2516502
PX095875.1,1916234
PX095946.1,1912147
PX121480.1,3035906
PX122065.1,54315
PX251549.1,2825847
PX251550.1,2825847
PX251551.1,2825847
PX277302.1,289365
PX277336.1,2050578
PX315584.1,2982807
PX315585.1,2982807
PX315586.1,2982807
PX352974.1,57483
PX353463.1,3060506
PX353464.1,3060506
PX353465.1,3060506
PX380308.1,10345
PX393055.1,2219997
PX393056.1,2219997
PX393057.1,2219997
PX397553.1,42789
PX439133.1,333760
PX439134.1,333760
PX439135.1,333760
PX441742.1,290028
PX452315.1,12456
PX454769.1,1746058
PX461787.1,2795181
PX461788.1,2795181
PX461789.1,2795181
PX473114.1,3426305
PX475736.1,1428458
PX488478.1,10595
PX488479.1,10595
PX488480.1,10595
PX497028.1,10258
PX529733.1,3136119
PX529734.1,3136119
PX585980.1,10243
PX585981.1,10243
PX585982.1,10243
PX609974.1,10891
PX609975.1,10891
PX609976.1,10891
PX613658.1,1746058
PX613659.1,1746058
PX619609.1,35300
PX619761.1,11099
PX620957.1,12131
PX620965.1,185926
PX620967.1,167326
PX630769.1,64293
PX645526.2,3050296
PX647583.1,3052686
PX647584.1,3052686
PX657377.1,3052343
PX660034.1,1335626
PX663400.1,3052608
PX666890.1,58535
PX666891.1,58535
PX666892.1,58535
PX682047.1,54315
PX685914.1,36427
PX693030.1,3048413
PX693031.1,3048413
PX693032.1,3048413
PX693041.1,3048428
PX693042.1,3048428
PX693043.1,3048428
PX693044.1,3048430
PX693045.1,3048431
PX693046.1,3048431
PX693047.1,3048431
PX693052.1,3048415
PX693053.1,3048415
PX693054.1,3048415
PX693058.1,3048420
PX693059.1,3048420
PX693060.1,3048422
PX693061.1,3048422
PX693062.1,3048422
PX693081.1,3048423
PX693082.1,3048423
PX693084.1,3048417
PX693085.1,3048417
PX693086.1,3402315
PX693087.1,3402315
PX693088.1,3402315
PX693089.1,3048418
PX693090.1,3048418
PX693091.1,3048418
PX693105.1,3048419
PX693106.1,3048419
PX693107.1,3048419
PX693109.1,3402316
PX693122.1,3048427
PX693123.1,3048427
PX693124.1,3048427
PX693125.1,3402318
PX693131.1,3048433
PX693132.1,3048433
PX693133.1,3048433
PX693138.1,3048395
PX693139.1,3048395
PX693140.1,3048395
PX693141.1,3048400
PX693143.1,3052020
PX693144.1,3052020
PX693145.1,3048396
PX693146.1,3048396
PX693147.1,3402335
PX693148.1,3425777
PX693150.1,3048407
PX693151.1,3048407
PX693152.1,3048407
PX693153.1,3052006
PX693154.1,3052006
PX693155.1,3048403
PX693156.1,3402348
PX693157.1,3402359
PX693158.1,3402359
PX693160.1,3048393
PX693161.1,3048393
PX693162.1,3048393
PX693165.1,3048392
PX693166.1,3048392
PX693167.1,3402367
PX693168.1,3402367
PX693170.1,3160822
PX693171.1,3160822
PX693350.1,10524
PX693358.1,28282
PX693359.1,28282
PX693696.1,12104
PX703129.1,1987106
PX703602.1,10524
PX718888.1,2844800
PX718889.1,2844800
PX718890.1,2844800
PX725376.1,33758
PX725377.1,33758
PX725378.1,33758
PX733926.1,2951618
PX759561.1,1697444
PX761425.1,44131
PX761427.1,1418041
PX762498.1,194540
PX766931.1,11089
PX766932.1,11089
PX766933.1,11089
PX778756.1,28280
PX778758.1,28280
PX778759.1,28280
AB038630.1,687371
AB100245.1,11709
AB290917.1,687379
AB303553.1,2065047
AB303560.1,2065051
AB303562.1,2065053
AB689163.1,3052490
AB745694.1,2259332
AB793779.1,1297549
AB920345.1,1330491
AB979448.1,11764
AB982223.1,1391667
AF049121.1,57483
AF153912.1,99000
AF159585.1,67605
AF200364.1,106332
AF228552.1,46608
AF243039.1,341730
AF291073.1,687376
AF308811.1,114429
AF339481.1,59304
AF356697.1,369960
AF391797.1,194443
AF414373.2,1330521
AF438165.1,28873
AF482711.1,37741
AF482712.1,37741
AF538689.1,2847830
AJ616854.1,3116880
AX174942.1,687361
AY208746.1,228277
AY253325.1,99000
AY552598.1,28300
AY622909.1,289367
AY705791.1,12455
AY705792.1,12455
AY740629.1,308159
AY740630.1,308159
AY740633.1,308159
BK010702.1,2506584
BK012037.1,10279
BK012038.1,10279
BK057806.1,2835276
BK059143.1,2835276
BK066309.1,3115913
BK066312.1,3117316
BK066315.1,3115990
BK066346.1,3116974
BK066363.1,3116970
BK066395.1,3116975
BK066396.1,3115993
BK066413.1,3115878
BK066415.1,3116968
BK066419.1,3116676
BK066423.1,3117107
BK066454.1,3117234
BK066467.1,3115911
BK066485.1,3116972
BK066533.1,3117108
BK066567.1,3115912
BK066571.1,3115992
BK066572.1,3116675
BK066577.1,3117109
BK066582.1,3117322
BK066599.1,3115910
BK066600.1,3115917
BK066620.1,3115916
BK066647.1,3116973
BK066655.1,3115991
BK066659.1,3116971
BK066694.1,3117235
BK066697.1,3116967
BK066703.1,3117321
BK066715.1,3117104
BK066741.1,3115915
BK066745.1,3117106
BK066821.1,3116729
BK066875.1,3117105
BK066879.1,3115914
BK066886.1,3116700
BK066887.1,3116674
BK066896.1,3116969
BK068984.1,1455626
BK068985.1,1455626
BK068986.1,1455626
BK069132.1,2960421
D10032.1,11764
D10082.1,10368
D11134.1,10368
DQ187006.1,687348
DQ235145.1,64307
DQ859056.1,38837
DQ859057.1,64295
DQ859060.1,64296
DQ859065.1,64297
EF538875.1,2065044
EF538876.1,2065045
EU231644.1,481147
EU370775.1,496406
EU370777.1,496408
EU370778.1,496407
EU370779.1,496409
EU697850.1,532080
EU854568.1,2847831
FJ007373.1,1917071
FJ169625.1,556926
FJ170278.1,2773471
FJ222451.1,1239570
FJ438902.1,2757769
FJ438903.1,2757770
FJ438907.1,2849707
FJ438908.1,586468
FJ555055.1,2849712
FJ608550.1,46920
FJ809772.1,46920
FJ890352.1,1239568
FJ907198.1,438045
FJ973620.1,1239573
FM212574.1,11827
GQ404844.1,2038720
GQ404845.1,2038723
GQ404846.1,2038721
GQ404847.1,2038719
GQ404854.1,2038724
GQ404855.1,2038725
GQ404857.1,2038722
GQ415660.1,1239572
GQ847512.2,28292
GQ847513.2,28292
GU376736.1,871260
GU797360.1,687349
GU997097.1,3052490
HM147992.1,59304
HM480374.1,870710
HM480375.1,870711
HM480376.1,870712
HM484374.1,645687
HQ154631.1,438045
JF939843.1,1170423
JF939844.1,1170423
JF939845.1,1170423
JN867758.1,2849713
JQ081297.1,871260
JQ867466.1,2170197
JX027296.1,3052714
JX027297.1,1209383
JX134044.1,3052003
JX134046.1,3052006
JX297815.1,1987017
JX413107.1,1315262
JX985649.1,1239438
KC292273.1,1316181
KC292300.1,1316181
KC292327.1,1316181
KC344267.1,1285463
KC344268.1,1285463
KC344269.1,1285463
KC669691.1,1437125
KC669694.1,1437125
KC669696.1,1437125
KC771281.1,1345637
KF214645.1,1395615
KF294861.1,1415627
KF453632.1,870711
KF584259.1,46920
KF726986.2,2038728
KF726987.2,2038728
KF764701.1,3050361
KF764702.1,93678
KF815939.1,40004
KJ082064.1,3051623
KJ158169.1,1511807
KJ206566.1,1525173
KJ547635.1,1985428
KJ680286.1,1188015
KJ680287.1,1188015
KJ680288.1,1188015
KJ831064.1,1520935
KM105951.1,1608453
KM259874.1,1535291
KM580349.1,1209382
KM580351.1,1209382
KP263546.1,1634488
KP324827.1,1987020
KP324828.1,1987021
KP692114.1,1682339
KP974693.1,1985415
KP974694.1,2004487
KR816171.1,1851126
KR816175.1,1851213
KR816177.1,1851215
KR816181.1,1851219
KT224356.1,40004
KT345708.1,28300
KT363839.1,1792832
KT452735.1,1987141
KT452742.1,1987139
KT724049.1,11840
KT724050.1,11840
KU053483.2,1755290
PX782068.1,10244
PX905700.1,129875
PX906848.1,12104
PX920947.1,10258
PX921692.1,37124
PX934719.1,333754
PX940873.1,1987106
PX941074.1,74501
PX941116.1,2747383
PX941525.1,2585031
PX941895.1,2747383
PX941919.1,2585031
PX941980.1,2094719
PX941981.1,2094719
PX942100.1,2747383
PX942131.1,129727
PX942132.1,129727
PX942133.1,129727
PX942152.1,1955166
PX942153.1,1955166
PX942170.1,36427
PX942217.1,1955166
PX942227.1,2715178
PX942232.1,1940554
PX951442.1,2050578
PX951443.1,2050578
PX970893.1,42789
PX970894.1,42789
PX975021.1,2202649
PZ005679.1,351073
PZ005680.1,351073
PZ005681.1,351073
PZ011079.1,2905673
PZ011267.1,10515
PZ011280.1,10515
PZ023949.1,11084
PZ043809.1,2560580
PZ043821.1,1907787
PZ099083.1,11072
PZ099084.1,11072
PZ111811.1,12475
PZ111812.1,12475
PZ111813.1,12475
PZ112051.1,329641
PZ112052.1,329641
PZ112053.1,329641
PZ123354.1,11072
PZ133475.1,108098
PZ133476.1,108098
PZ135706.1,10970
PZ135707.1,10970
PZ135710.1,10970
PZ137009.1,10359
PZ139479.1,64286
PZ139480.1,64286
PZ139481.1,64286
PZ146426.1,11099
PZ154824.1,2905673
PZ161044.1,64293
PZ163190.1,45659
PZ163220.1,3052441
PZ163221.1,3052441
PZ163222.1,3052441
PZ163256.1,3052384
PZ163257.1,3052384
PZ163258.1,3052384
PZ163271.1,3052400
PZ163272.1,3052400
PZ163273.1,3052400
PZ163663.1,37124
PZ168398.1,12618
PZ173232.1,159079
PZ173233.1,159079
PZ173234.1,159079
PZ179925.1,10524
PZ182137.1,86107
PZ189253.1,12089
PZ189254.1,12089
PZ189255.1,12089
PZ195453.1,10913
PZ196496.1,11099
PZ196497.1,54315
PZ204740.1,3052343
PZ204741.1,3052343
PZ205968.1,3052468
PZ205969.1,3052468
PZ205970.1,3052468
PZ206442.1,1916234
PZ206443.1,1916234
PZ244960.1,11084
PZ294306.1,11135
PZ305742.1,38837
PZ305744.1,64282
PZ351345.1,85708
PZ351346.1,85708
PZ351347.1,85708
PZ361933.1,11676
PZ361934.1,11676
PZ361935.1,11676
PZ384978.1,64320
PZ387688.1,12092
PZ387689.1,12092
PZ399299.1,162145
PZ399300.1,162145
PZ399301.1,162145
PZ439299.1,1335626
PZ457019.1,31631
PZ457020.1,31631
PZ469689.1,86107
PZ469690.1,86107
PZ512711.1,10967
PZ512712.1,10967
PZ516052.1,11069
PZ520697.1,10967
PZ546417.1,11069
PZ562431.1,122929
PZ562432.1,122929
PZ562433.1,122929
PZ573092.1,2697049
PZ573093.1,2697049
PZ573094.1,2697049
PZ584204.1,11520
PZ584205.1,11520
PZ584206.1,11520
PZ585077.1,11320
PZ585078.1,11320
PZ585079.1,11320
QP745653.1,1569923
QP745690.1,1569923
QP745724.1,1569923
QP747356.1,12066
QP747357.1,12066
QP747874.1,12066
QS043767.1,2510939
QS321171.1,2510939
S71576.1,37140
U23857.1,106332
U26342.1,31598
U31789.1,40538
U34991.1,11827
U36801.1,44755
U36802.1,44755
U36803.1,44755
U47136.1,3052492
X83413.2,32603
PX469618.1,10541
OR777201.1,10541
OR777200.1,10541
FJ025916.1,585063
LY409013.1,585063
LY409012.1,585063
FJ025914.1,585085
FJ025928.1,585084
FJ025923.1,585060
LY409064.1,585060
LY409063.1,585060
QS054961.1,10527
PY467962.1,10527
PY104985.1,10527
PV224185.1,31545
PV224184.1,31545
PQ421865.1,31545
PQ430428.1,52275
PQ430427.1,52275
PQ430426.1,52275
FJ025920.1,585064
LY409054.1,585064
LY409053.1,585064
AB583510.1,46921
KY969123.1,46921
KY969122.1,46921
AB765926.1,1972755
KF268207.1,1643649
JN226748.1,1604283
PP862530.1,1096763
PP862492.1,1096763
PP856361.1,1096763
PV392540.1,1101371
AP012302.1,1101371
PX575759.1,1337398
PX575758.1,1337398
PX575757.1,1337398
AP012285.1,1094363
PV231314.1,1145295
PQ421890.1,1145295
PQ421889.1,1145295
AB583509.1,28275
EU099399.1,28275
EU099398.1,28275
JN935766.1,1124795
FJ025906.1,585087
HQ324784.1,585087
FJ025911.1,585066
LY409018.1,585066
LY409017.1,585066
KF906413.1,1461395
FJ025930.1,585080
FJ025901.1,585079
FJ025899.1,585078
FJ025900.1,585077
FJ025925.1,585099
FJ025902.1,585098
FJ025927.1,585096
FJ025904.1,585088
FJ025913.1,585095
FJ025907.1,585093
FJ025924.1,585073
LY409038.1,585073
LY409037.1,585073
FJ025922.1,585072
LY409049.1,585072
LY409048.1,585072
FJ025921.1,585071
FJ025919.1,585071
LY409043.1,585071
FJ025912.1,585089
FJ025905.1,585068
HZ778496.1,585068
HZ778495.1,585068
FJ025908.1,585067
LY409023.1,585067
LY409022.1,585067
FJ025926.1,585094
MK674732.1,1091197
MK674731.1,1091197
JN162671.1,1091197
FJ025929.1,585081
JN162672.1,1091198
AB583523.1,46931
MH289573.1,46931
DQ375474.1,46931
PP862511.1,46930
PP856306.1,46930
AB583522.1,46930
PX910753.2,10521
PX910753.1,10521
PQ657854.1,10521
PP856362.1,46929
AB583521.1,46929
FJ167602.1,46929
AB583520.1,46928
MA266175.1,46928
MA266174.1,46928
AB583519.1,46927
DQ375470.1,46927
DQ115424.1,46927
AB583518.1,46926
DQ375469.1,46926
DQ115423.1,46926
AB583517.1,46925
DQ375468.1,46925
DQ115422.1,46925
JN860679.1,260047
AY509990.1,260047
PQ199311.1,46924
AB583516.1,46924
AH015831.2,46924
PP862486.1,46923
PP856356.1,46923
AB583515.1,46923
AB583513.1,88059
AB679753.1,88059
AB679752.1,88059
PP862510.1,28278
PP862466.1,28278
AB583514.1,28278
PX485696.1,10528
PX485695.1,10528
OR609364.1,10528
AB583512.1,46922
MK674729.1,46922
MK674728.1,46922
PP862526.1,31544
PP862520.1,31544
PP862489.1,31544
AB583511.1,28276
MH289579.1,28276
DQ375464.1,28276
PV392563.1,1069441
OQ710463.1,1069441
OQ710462.1,1069441
PZ011332.1,32608
PZ011312.1,32608
PZ011304.1,32608
PP856305.1,46932
AB583524.1,46932
MK296463.1,46932
EF564601.1,459785
EF564600.1,459785
OP939983.1,46933
AB583525.1,46933
KX083841.1,46933
HQ883276.1,980087
PX910906.2,714978
PX910906.1,714978
PX491610.1,714978
OR753098.1,245072
DQ375487.1,245072
DQ115453.1,245072
AB583500.1,107462
DQ115452.1,107462
AY780254.1,107462
AB583538.1,218120
DQ375486.1,218120
DQ115450.1,218120
AB583537.1,39641
DQ375485.1,39641
DQ115449.1,39641
AB583536.1,46942
DQ375484.1,46942
DQ115448.1,46942
PV392576.1,10529
PV392575.1,10529
PV392574.1,10529
PP862482.1,46940
PP856316.1,46940
AB583534.1,46940
AB583535.1,46941
DQ115447.1,46941
AY780250.1,46941
AB583532.1,46938
DQ375481.1,46938
DQ115444.1,46938
AB583531.1,46937
ON661656.1,46937
DQ375480.1,46937
PZ285638.1,28284
PZ285637.1,28284
PX276341.1,28284
PP862487.1,46935
PP862475.1,46935
PP856377.1,46935
PP856340.1,46943
AB583529.1,46943
KX083880.1,46943
OQ446555.1,46936
OQ446554.1,46936
OQ446553.1,46936
PP862532.1,10548
OR777179.1,10548
AB583497.1,10548
AB583526.1,46934
DQ375476.1,46934
DQ115433.1,46934
AB583533.1,46939
DQ375482.1,46939
DQ115445.1,46939
MW679006.1,2853120
MT501652.1,2749454
MT501648.1,2749453
MT501645.1,2749452
MW679005.1,2853119
MW679003.1,2853118
AY052824.1,136966
AY052823.1,136966
AY052822.1,136966
JX179286.1,943084
FR751514.1,943084
FR751517.1,943084
KY462768.1,2057933
KY462767.1,2057933
KY462766.1,2057933
KY462769.1,2057932
KU318317.1,1803390
KM358468.1,1570321
MT361956.1,43358
MT361954.1,43358
MT361927.1,43358
MK059955.1,38950
AY304468.1,38950
AY094091.1,38950
MT267484.1,37130
EU327559.1,37130
MK059954.1,37130
KU318320.1,1803393
LC732124.1,35740
LC732123.1,35740
LC732122.1,35740
PX378133.1,12701
PV838093.1,12701
PQ510853.1,12701
GQ891990.1,767521
KC411816.1,336960
EU669002.1,336960
DQ324838.1,336960
PX378136.1,35741
PV838111.1,35741
PV838110.1,35741
QS043896.1,1714621
QP746354.1,1714621
PV357168.1,1714621
KC175382.1,1261235
KC175383.1,1261236
KC175384.1,1261237
KC175385.1,1261238
KC175386.1,1261239
KC175389.1,1261242
KC175388.1,1261241
KC175390.1,1261243
KC175391.1,1261244
KC175392.1,1261245
KC175381.1,1261234
KC175387.1,1261240
KC175380.1,1261233
KC175372.1,1261225
KC175378.1,1261231
KC175377.1,1261230
KC175376.1,1261229
KC175375.1,1261228
KC175374.1,1261227
KC175373.1,1261226
KC175393.1,1261246
KC175371.1,1261224
KC175370.1,1261223
KC175369.1,1261222
KC175368.1,1261221
KC175367.1,1261220
KC175366.1,1261219
KC175365.1,1261218
KC175379.1,1261232
KC175394.1,1261247
AY237422.3,234603
KC175396.1,1261249
KC175364.1,1261217
AB623037.2,1003429
AB775659.2,1280920
AB455793.2,556755
AB522390.3,674086
AB630068.3,1031410
LC860559.1,515180
LC816564.1,515180
LC816563.1,515180
LC851703.1,515179
LC851701.1,515179
LC851694.1,515179
AB522397.2,674093
DQ058829.1,2849733
KJ196290.1,2779846
KJ955492.1,1507812
KJ955493.1,1507813
AB365435.1,479952
GU991354.1,756496
GU991355.1,756497
KC175410.1,1261263
KC175409.1,1261262
KC175408.1,1261261
KC175407.1,1261260
KC175406.1,1261259
KC175405.1,1261258
KC175404.1,1261257
KC175403.1,1261256
KC175402.1,1261255
KC175400.1,1261253
KC175399.1,1261252
KC175398.1,1261251
KC175397.1,1261250
KC175395.1,1261248
KC175363.1,1261216
KC175401.1,1261254
KC175361.1,1261214
AY587985.1,272572
AY587984.1,272571
AY587986.1,272573
AY587983.1,272570
AY587988.1,272575
AY587989.1,272576
AY741811.1,296145
AY587987.1,272574
DQ456824.1,379081
AB187514.1,290280
AB220921.1,336619
LC922750.1,2594528
PQ740278.1,2594528
PQ626688.1,2594528
PZ327579.1,262897
PZ327578.1,262897
PZ327577.1,262897
AY485642.1,258453
AY581254.1,270370
AB042808.1,99565
AB022679.1,99565
DQ369797.1,370037
KC175342.1,1261195
KC175362.1,1261215
KC175344.1,1261197
KC175360.1,1261213
KC175359.1,1261212
KC175343.1,1261196
KC175357.1,1261210
KC175356.1,1261209
KC175355.1,1261208
KC175354.1,1261207
KC175353.1,1261206
KC175358.1,1261211
KC175351.1,1261204
KC175350.1,1261203
KC175349.1,1261202
KC175348.1,1261201
KC175347.1,1261200
KC175346.1,1261199
KC175345.1,1261198
KC175352.1,1261205
MN936126.1,2057509
MN535747.1,2057509
MN535746.1,2057509
MF118166.1,2017080
KM392289.1,1573584
KM392288.1,1573584
KM392287.1,1573584
KP151567.1,1572667
GQ404848.1,742919
GQ404858.1,742925
AY357076.1,253435
PU749268.1,228330
MT308984.1,228330
MK062184.1,228330
AY357075.1,253434
EU371563.1,511431
EU371560.1,511432
JN854286.1,228404
JQ316196.1,228404
GU553365.1,228404
AY864806.1,321149
AY278554.2,228415
DJ087072.1,228415
CS148334.1,228415
DQ640652.1,388737
AY394850.2,247149
FJ882963.1,627442
EU371561.1,511433
EU371559.1,353145
DQ231462.2,353145
LQ575390.1,1235996
LQ575388.1,1235996
LQ466302.1,1235996
MT501650.1,2749449
AY350750.1,253433
PX862015.1,11153
PX862012.1,11153
PX861985.1,11153
AY518894.1,270642
KC667074.1,1298362
KJ614529.1,1306931
KC776174.1,1306931
AF523844.1,166124
HC734583.1,166124
FJ938067.1,166124
MT501655.1,2749448
AY536757.3,228407
AY536760.3,228407
AY536759.3,228407
AY864805.1,321147
EU371564.1,511429
EU371562.1,511430
MT501654.1,2749450
MH536110.1,2575371
OR031235.1,2575370
OR031234.1,2575370
MH536109.1,2575370
MH536111.1,2575372
PC395791.1,11077
KX394411.1,11077
KX394410.1,11077
OZ484504.1,11070
OZ484503.1,11070
PX506266.1,11070
OR785376.1,172148
OR785375.1,172148
OP037813.1,172148
KP133078.1,1588761
MH427642.1,2583509
LK931485.1,1516081
KP133077.1,1588766
MW679004.1,2853105
KP133076.1,1588765
KP133075.1,1588764
KP133079.1,1588762
QP747820.1,1758225
QP745167.1,1758225
QP745146.1,1758225
PQ159185.1,2594177
PQ159184.1,2594177
PQ159183.1,2594177
LC831217.1,41856
LC831216.1,41856
LC831215.1,41856
KU861171.1,1544901
EF108306.2,1544901
LC535944.1,621278
LC535943.1,621278
LC535941.1,621278
PA705426.1,106821
LY924388.1,106821
MP443796.1,106821
AF202459.1,106820
AF198034.1,106820
AF191303.2,106820
LC491577.1,2847141
AB846650.1,2847141
AB625347.1,2847141
AF160501.1,2847140
AB625343.1,2847140
AB625342.1,2847140
OX344917.1,2847139
OX344915.1,2847139
OX344914.1,2847139
LC773632.1,2847138
LC515470.1,2847138
LC515467.1,2847138
LC852229.1,2847137
LC519824.1,2847137
LC519816.1,2847137
LC852228.1,2764122
LC852227.1,2764122
LC852226.1,2764122
LC851451.1,489460
LC851450.1,489460
LC851449.1,489460
LC851038.1,489455
LC851037.1,489455
LC851036.1,489455
OZ412836.1,509628
OZ412835.1,509628
OZ412834.1,509628
PZ213625.1,185580
PZ213624.1,185580
PZ213623.1,185580
LC061267.1,185579
FJ230850.1,185579
FJ230849.1,185579
PV648912.1,1136260
PV648911.1,1136260
PV648910.1,1136260
PV054444.1,248062
OR713875.1,248062
OR713870.1,248062
GU052354.2,102800
GU051245.2,102800
GU051243.2,102800
EU301282.1,215851
EU301245.1,215851
EU301181.1,215851
MF969260.1,157802
EU301281.1,157802
EU301244.1,157802
MF978405.1,119214
MF978404.1,119214
MF978403.1,119214
MF872850.1,114728
MF872849.1,114728
MF872838.1,114728
EU743400.2,102801
EU743398.2,102801
DQ021615.1,102801
KY320420.1,352770
KY320422.1,352770
KY320421.1,352770
AY241616.2,119215
EU084928.2,119215
AY241641.1,119215
GU053094.2,325678
GU053089.2,325678
DQ021547.1,325678
KY437787.1,329376
KY437786.1,329376
KY437785.1,329376
GU053120.3,119218
GU053145.2,119218
GU053114.2,119218
MK620833.1,31548
KY848449.1,31548
KY848448.1,31548
KF006400.1,1434988
KF006398.1,1434986
GU129016.1,942038
JX413105.1,1315260
KC862317.1,1420544
JX413104.1,1315259
JX444072.1,1315266
JX413106.1,1315261
JX413108.1,1315263
KT698168.1,2259343
KT698166.1,2259331
JF906559.1,1165934
JN211193.1,1195796
JN171845.1,1110710
GU117629.1,909328
HM999999.1,1070420
MW574252.1,1070419
MW574251.1,1070419
MW574250.1,1070419
JX413110.1,1315265
KJ130020.1,1478160
KM085343.1,1542134
KC108722.1,1449827
FM955837.2,587347
FM955838.1,587348
KR816167.1,1851122
JX413109.1,1315264
KT698167.1,2259334
U85660.1,79691
GN352787.1,79691
GN352786.1,79691
KR816172.1,1851127
PV012298.1,338323
LR861918.1,338323
PV012255.1,565537
OP971066.1,565537
OP971018.1,565537
EU541441.1,915426
FJ804072.1,915428
MK620831.1,1682341
KP692116.1,1682341
MK620844.1,1545700
KT372348.1,1545700
KJ913662.1,1545700
HM999994.1,1070415
KR816180.1,1851218
KR816179.1,1851217
KR816178.1,1851216
KR816176.1,1851214
KR816173.1,1851128
KR816169.1,1851124
MW574235.1,1472342
MW574234.1,1472342
MW574233.1,1472342
HM999993.1,1070414
HM999992.1,1070413
HM999991.1,1070412
FM955840.1,518628
EU410347.1,518628
FM955839.1,587349
GN353379.1,10599
GN353378.1,10599
GN353377.1,10599
QP076723.1,39457
PV358395.1,39457
PQ868552.1,39457
PP972052.1,37116
PV012296.1,37116
OP712068.1,37116
MZ380333.1,37114
LR861883.1,37114
GQ161697.1,37114
MN605988.1,333751
MT013206.1,333751
MK620840.1,333751
KR816168.1,1851123
LF389083.1,338324
DI392816.1,338324
JB181563.1,338324
PV384155.1,260717
GU117628.1,260717
GN353649.1,260717
PV012265.1,202252
PV012272.1,202252
PV012273.1,202252
PP972053.1,202250
PV057388.1,202250
PP747180.1,202250
PP972060.1,120381
PV012281.1,120381
PV012252.1,120381
PP972061.1,171370
OP712081.1,171370
OP712110.1,171370
AF131950.1,2848423
GN352777.1,2848423
GN352776.1,2848423
PP972059.1,150546
PV012274.1,150546
PV012305.1,150546
PV455532.1,333772
PQ868556.1,333772
PQ868555.1,333772
FM955841.1,587350
OQ434063.1,427343
EF422221.1,427343
EU410348.1,518629
KY848451.1,518630
EU410349.1,518630
KY242583.1,1961924
KY969593.1,31547
HZ375310.1,31547
HW158415.1,31547
KR816183.1,1851221
OR861545.1,1851220
OR861544.1,1851220
KR816182.1,1851220
KR816170.1,1851125
HF930491.1,1347832
KY348861.1,10607
KP710191.1,10607
KP710190.1,10607
MZ147850.1,1209820
MZ147849.1,1209820
MZ147848.1,1209820
PV012253.1,129724
OP712080.1,129724
OP712069.1,129724
OQ434065.1,990302
OQ434064.1,990302
JF304768.1,990302
FN677755.1,743811
HM999997.1,1070418
HM999995.1,1070416
OL474085.1,765056
OL474084.1,765056
OL474083.1,765056
GQ845444.1,765054
KY848450.1,765052
KF201691.1,765052
JQ963500.1,765052
GQ246951.1,927771
FM955842.1,587351
FN677756.1,743812
U31780.1,37954
U21866.1,37954
L38912.1,37954
OR659115.1,333771
OR659114.1,333771
OR659113.1,333771
PQ720435.1,333770
PQ868553.1,333770
OP712053.1,333770
PV455529.1,37959
MK620839.1,37959
MK620822.1,333923
KY848453.1,333923
HW350053.1,10579
AF159053.1,10579
GN353519.1,10579
MA632776.1,211787
AF531420.1,211787
GN353639.1,247268
GN353638.1,247268
GN353637.1,247268
GN353659.1,247269
GN353658.1,247269
HM999988.1,1070409
MW574245.1,1070408
MW574244.1,1070408
MW574243.1,1070408
GU117634.1,909333
GU117633.1,909332
GU117632.1,909331
GU117630.1,909329
HM011570.1,746832
GQ845445.1,765055
PP718721.1,915429
PP718715.1,915429
PP718714.1,915429
GQ845441.1,765051
HM999990.1,1070411
KY848452.1,37958
KY848447.1,37958
U31786.1,37958
JF304769.1,37957
U31785.1,37957
U21873.1,37957
U31782.1,37956
L38924.1,37956
GN352967.1,37956
EF626591.1,338327
KU298947.1,338327
DQ080083.1,338327
PQ720437.1,37121
PV012247.1,37121
PC488439.1,37121
QP076722.1,45240
PV455513.1,45240
PV012291.1,45240
OP886908.1,37955
OP886907.1,37955
OP886906.1,37955
PP972051.1,334210
PV012279.1,334210
PV012275.1,334210
PX872133.1,37115
PX466687.1,37115
PX466686.1,37115
PZ171584.1,10598
PZ171583.1,10598
PZ171582.1,10598
MK463925.1,333753
MK463924.1,333753
AF026967.1,333753
OP712101.1,10592
OP712060.1,10592
OP712046.1,10592
OP712091.1,44028
OP712108.1,44028
OP712054.1,44028
OP971079.1,10615
OP971061.1,10615
OP970999.1,10615
U31784.1,37112
U12503.1,37112
GN353017.1,37112
U31783.1,37111
U12502.1,37111
GN353007.1,37111
MF134646.1,333752
AF026968.1,333752
GN352997.1,333752
PZ158331.1,333761
PZ158330.1,333761
PZ158329.1,333761
MT068446.1,10573
MA632778.1,10573
KY690164.1,10573
FN547152.2,673323
GQ246950.1,720708
DQ080082.1,338326
PZ285926.1,10588
PZ285925.1,10588
PZ285924.1,10588
PV012246.1,37120
OP712022.1,37120
OP712004.1,37120
MW679002.1,2853106
MH460956.1,2320739
PX738904.1,1395179
PX738737.1,1395179
PX738569.1,1395179
MN911767.1,1395182
MK279727.1,1395182
KT346352.1,1395182
PP818853.1,1395181
pdb|7OZR|N,1395181
MT859597.1,1395181
QP747489.1,11226
QP747021.1,11226
QP746596.1,11226
PU749279.1,132484
PU749277.1,132484
AF266287.1,132484
ON035993.1,763792
ON035992.1,763792
ON035991.1,763792
MK135497.1,1056492
MK135496.1,1056492
MK135495.1,1056492
OM584358.1,1056491
OM584357.1,1056491
OM584356.1,1056491
PZ451517.1,170528
PZ463331.1,170528
PZ463330.1,170528
OP236020.1,170525
OP236019.1,170525
OP236017.1,170525
MN017369.1,1511733
KC968467.1,1511733
KC968354.1,1511733
PZ322908.1,658048
PZ322907.1,658048
PZ322906.1,658048
MN910048.1,1578041
MN630058.1,1578041
KP213095.1,1578041
PV020491.1,1395183
PV331311.1,1395183
PV331310.1,1395183
PX738998.1,1395180
PX738980.1,1395180
PX738952.1,1395180
PV020490.1,1384672
PV020489.1,1384672
PV020488.1,1384672
LC769220.1,689403
LC720420.1,689403
LC651171.1,689403
PX461054.1,573977
PV975253.1,573977
PV975252.1,573977
FJ973558.1,1511880
FJ375127.1,1108925
FJ375128.1,1108926
DQ778300.1,394504
EF441262.1,430048
EF584447.1,444473
QQ975806.1,68558
QQ688265.1,68558
QQ688264.1,68558
FJ973560.1,1511881
KY769963.1,507486
KY769962.1,507486
KY769961.1,507486
MK896518.1,348008
MK896517.1,348008
MK896516.1,348008
MT929322.1,273357
MT929321.1,273357
MT929320.1,273357
MK896477.1,348011
MK896476.1,348011
MK896475.1,348011
PV804639.1,273348
PV804638.1,273348
PV804326.1,273348
HM119430.1,1000649
HM119428.1,1000649
HM119429.1,1000649
pdb|8ASG|T,1933190
pdb|8ASG|P,1933190
pdb|8ASG|D,1933190
HM119424.1,1000647
HM119422.1,1000647
HM119423.1,1000647
KU239114.1,1848960
KU239113.1,1848960
KU239112.1,1848960
HM566184.1,1048856
HM566183.1,1048856
HM566182.1,1048856
JF906058.1,1001303
JF906055.1,1001303
JF906054.1,1001303
AY843312.1,318569
JX476202.1,318569
JN204091.1,318569
PX424294.1,282345
PQ998973.1,282345
PQ998972.1,282345
JX513600.1,318568
JX476201.1,318568
JX476200.1,318568
QP747339.1,318567
MH005795.1,318567
MF153529.1,318567
PQ889365.1,318566
PP596783.1,318566
OQ990312.1,318566
AY843311.1,318565
KF541625.1,318565
JX538215.1,318565
PQ889364.1,318564
GU355699.1,318564
KJ755190.1,318564
PQ572231.1,318563
PQ572230.1,318563
PP541435.1,318563
AB426612.1,2760813
AB426610.1,2760813
MH144598.1,2760813
JX513592.1,222887
KY433725.1,222887
AY208119.2,222887
PQ889363.1,222889
OQ348767.1,222889
MW117027.1,222889
PX620962.1,147683
PX731715.1,147683
PX731713.1,147683
PX424293.1,171720
MT661878.1,171720
MT661863.1,171720
PQ889369.1,1442164
MN893446.1,1442164
KY082899.1,1442164
AB426609.1,2487725
KJ632644.1,2487725
MH084338.1,2487725
PQ889368.1,1248136
PQ889367.1,1248136
PQ889366.1,1248136
KJ632643.1,408681
KJ632642.1,408681
KJ632641.1,408681
OK585082.1,325447
OK585081.1,325447
MH084310.1,325447
PP541446.1,297248
PP541440.1,297248
MK086353.1,297248
PP541442.1,306586
LC791318.1,306586
OQ828631.1,306586
PQ889349.1,306588
PQ889348.1,306588
PQ889347.1,306588
QS030989.1,39054
QP598555.1,39054
QP745646.1,39054
OQ348773.1,1435148
OK570261.1,1435148
MT123346.1,1435148
PQ572232.1,318570
KF412904.1,318570
KC292019.1,318570
QP745378.1,200154
QP744893.1,200154
AB426614.1,200154
QP747322.1,318571
PV747889.1,318571
PV747888.1,318571
QP747863.1,12083
QP747862.1,12083
QP745788.1,12083
AB426611.1,325446
MT876344.1,325446
MK310964.1,325446
QP744641.1,39767
OL133758.1,39767
OL133740.1,39767
PX731673.1,1033850
LC801243.1,1033850
LC801242.1,1033850
OL961539.1,1219381
OM001454.1,1219381
OM001450.1,1219381
ON311207.1,185946
ON311206.1,185946
MW678004.1,185946
QP744624.1,185892
PX620923.1,185892
PX731669.1,185892
QP747726.1,64141
QP747680.1,64141
QP745831.1,64141
PZ134350.1,12086
QP745771.1,12086
QP745770.1,12086
QP747342.1,12060
QP744915.1,12060
LC927663.1,12060
QP745323.1,185889
PX761423.1,185889
MZ629155.1,185889
AY436683.1,185942
AY355276.1,185942
EU840866.1,185942
MN580136.1,991902
MN580135.1,991902
MN580134.1,991902
AF230973.1,123738
QP745502.1,12090
MT081378.1,12090
MT081369.1,12090
PP849534.1,1141754
JF416938.1,1141754
JF416929.1,1141754
QP745213.1,1295563
PX754292.1,1295563
PV747891.1,1295563
QP745648.1,325445
QP745647.1,325445
QP744706.1,325445
QP747292.1,2760820
JX678288.1,2760820
JX678287.1,2760820
QP745396.1,2760819
PV604348.1,2760819
PQ119793.1,2760819
QP745382.1,861519
PX952467.1,861519
OZ373524.1,861519
QP745128.1,2749421
QP744653.1,2749421
QP744651.1,2749421
PV642528.1,2650411
PV642527.1,2650411
PV642526.1,2650411
MH084340.1,2760818
JN255681.1,2760818
JX538067.1,2760818
AB426608.1,582384
MW384880.1,2015550
MT081370.1,2015550
MK190417.1,2015550
QS030987.1,46018
PZ027457.1,46018
PZ027456.1,46018
PX499230.1,47505
PX116643.1,47505
OQ348769.1,47505
QP745581.1,40280
PX441820.1,40280
PX116639.1,40280
PX499209.1,42788
PQ612455.1,42788
ON428246.1,42788
OK570263.1,42787
OK570259.1,42787
OK570256.1,42787
PX491386.1,42786
PX491385.1,42786
PX491384.1,42786
PX491379.1,42785
PX491378.1,42785
PX491377.1,42785
QS030990.1,42784
PX468888.1,42784
PD499009.1,42784
PQ654713.1,42783
PQ414859.1,42783
PP756353.1,42783
PX990532.1,12069
PX990531.1,12069
PX990530.1,12069
PQ009095.1,42782
PQ009094.1,42782
PQ889402.1,42782
PX491370.1,42778
PX491369.1,42778
PX468893.1,42778
EF628460.1,42776
EF628459.1,42776
EF628458.1,42776
PQ889393.1,42775
PQ889392.1,42775
JX518473.1,42775
PX468892.1,12067
PX468891.1,12067
PX468890.1,12067
PZ117058.1,31704
PZ117054.1,31704
LC927681.1,31704
QP747329.1,42773
PQ889346.1,42773
PQ889345.1,42773
PX499239.1,42772
PQ009093.1,42772
PQ009092.1,42772
QS030991.1,42771
PQ726940.1,42771
PQ726939.1,42771
PQ009089.1,42770
PQ009088.1,42770
PQ009087.1,42770
QS030951.1,42769
LC927683.1,42769
LC927682.1,42769
PX499238.1,42779
PX499237.1,42779
PQ114714.1,42779
QQ206770.1,434309
QQ206769.1,434309
QQ206768.1,434309
QP747821.1,511755
EU604750.1,511755
EU604749.1,511755
QP747389.1,2779847
EF165067.2,2779847
QS253437.1,12111
PX068220.1,12111
PX068219.1,12111
MW285085.1,12116
MW285084.1,12116
MT219954.1,12116
EF628442.1,42774
AF081305.1,42774
AF073752.1,42774
QP747334.1,12062
QP744888.1,12062
PX491468.1,12062
PX491452.1,82639
PX468894.1,82639
PQ256939.1,82639
QS030988.1,12074
QP747654.1,12074
QP744866.1,12074
PX116623.1,35295
PX116612.1,35295
PX116611.1,35295
PV548879.1,47515
PV548878.1,47515
PV548877.1,47515
PX116598.1,47514
PQ612495.1,47514
AF081345.1,47514
PX116687.1,47513
OQ791570.1,47513
MT641386.1,47513
QP747572.1,41846
QP745210.1,41846
PX499236.1,41846
QP745666.1,47516
PZ027455.1,47516
PZ027454.1,47516
PX424291.1,47512
PX230757.1,47512
OR060975.1,47512
PX116633.1,45999
MW731985.1,45999
MN812194.1,45999
OM827239.1,47511
AF081337.1,47511
AF117697.1,47511
QP747347.1,45101
LC923371.1,45101
LC923370.1,45101
QS030992.1,47510
PX424290.1,47510
PH253005.1,47510
LC923367.1,12073
LC923366.1,12073
LC923365.1,12073
PX116705.1,47509
PX116701.1,47509
PX116642.1,47509
QP747346.1,35294
PQ889354.1,35294
PP473058.1,35294
QP745131.1,47507
PX715233.1,47507
PX715232.1,47507
LC939236.1,47506
LC939235.1,47506
LC939234.1,47506
PX761394.1,147684
PQ539484.1,147684
PQ539483.1,147684
OR508976.1,47504
OR500171.1,47504
OR500170.1,47504
PQ889358.1,47503
PP711777.1,47503
PP711776.1,47503
QS030946.1,47502
PX499229.1,47502
KX832427.1,47502
PX424287.1,47501
PX441821.1,47501
PX116646.1,47501
PX424286.1,35293
PQ889356.1,35293
PQ187414.1,35293
LC927323.1,12078
PX434484.1,12078
PX434483.1,12078
PX424280.1,74561
PP764558.1,74561
PQ213038.1,74561
PX499233.1,47508
PX424289.1,47508
PQ786029.1,47508
OL638417.1,185893
OK161372.1,185893
PV178387.1,185893
QP747586.1,12080
QP745799.1,12080
QP745747.1,12080
PX620949.1,147674
PX620926.1,147674
PP194091.1,147674
PV539241.1,2777131
ON311160.1,2777131
ON311159.1,2777131
PX725941.1,2032983
PX731733.1,2032983
PP194083.1,2032983
PX620922.1,2094116
PX620921.1,2094116
MZ629123.1,2094116
PX620980.1,1219378
PX620979.1,1219378
PP194104.1,1219378
OK181487.1,1219380
MZ363454.1,1219380
MZ363442.1,1219380
OK649391.1,1220265
OL133756.1,1220265
MZ363422.1,1220265
QP747337.1,12075
QP745633.1,12075
QP745630.1,12075
PX830474.1,208726
LC918893.1,208726
LC918892.1,208726
QS044020.1,1313215
QS044019.1,1313215
QS044017.1,1313215
QS044001.1,1224522
PL092633.1,1224522
PL092446.1,1224522
QP745391.1,1906354
QP745060.1,1906354
QP744592.1,1906354
QP744612.1,1906355
KT879915.1,1906355
QP744601.1,1906356
KT879920.1,1906356
JF519762.1,2777134
QP744682.1,39085
QP744654.1,39085
QP744605.1,39085
QP744693.1,411152
QP744634.1,411152
QP744591.1,411152
MT702433.1,533185
MT702432.1,533185
EU556224.1,533185
QP745173.1,602074
QP744683.1,602074
QP744659.1,602074
QP745393.1,12063
QP745374.1,12063
QP745319.1,12063
PQ539485.1,185894
PX691032.1,185894
PX731691.1,185894
QP744647.1,147680
PV178233.1,147680
MW678121.1,147680
ON311275.1,167329
ON311181.1,167329
DQ473487.1,167329
OM001380.1,44130
OK017965.1,44130
MZ460671.1,44130
PX761422.1,185900
PP194018.1,185900
OM001423.1,185900
AY436703.1,185899
AY355207.1,185899
EU840806.1,185899
AY436687.1,150904
AY016386.1,150904
AY355198.1,150904
PQ541386.1,185944
MH648059.1,185944
MH648056.1,185944
MH648018.1,185943
AY355277.1,185943
EU840867.1,185943
QP744692.1,362784
QP744689.1,362784
QP744688.1,362784
OK649392.1,185941
PV539286.1,185941
PV178629.1,185941
MW678153.1,2035045
MW678149.1,2035045
MF160314.1,2035045
PX620991.1,1219407
PX620990.1,1219407
PX620989.1,1219407
PX731716.1,147679
PX731714.1,147679
PP194094.1,147679
AY355186.1,147714
EU840835.1,147714
FJ445112.1,147714
PV776111.1,147677
PV539251.1,147677
PV260537.1,147677
OL961545.1,147681
OL961541.1,147681
OL961522.1,147681
PX620964.1,147678
PX620963.1,147678
PV260586.1,147678
PX620947.1,44137
PP194031.1,44137
MN583157.1,44137
MT512399.1,185933
MH648101.1,185933
MH648099.1,185933
PP194036.1,185936
PP194035.1,185936
PP194034.1,185936
QP744644.1,167328
PV539255.1,167328
PV260576.1,167328
PX620948.1,185938
MW678107.1,185938
MN369043.1,185938
OL961542.1,167325
MZ268667.1,167325
MZ153267.1,167325
MF161066.1,167327
MF161045.1,167327
MF161043.1,167327
QP745036.1,167330
MF161036.1,167330
MF160456.1,167330
PX731722.1,1219413
OK649386.1,1219413
OK161404.1,1219413
AY436704.1,185945
AY355280.1,185945
EU840870.1,185945
PX620971.1,1240004
PX620970.1,1240004
PX620966.1,1240004
OQ849189.1,1418064
MF160896.1,1418064
MF160426.1,1418064
PX761433.1,1418033
PX761428.1,1418033
PX620987.1,1418033
PX620984.1,1219404
PX731727.1,1219404
PP194103.1,1219404
OK161364.1,1219376
MZ835576.1,1219376
PX275927.1,1219376
PX761426.1,2045067
PX620976.1,2045067
MZ540948.1,2045067
PX620919.1,2045073
OL638453.1,2045073
MZ153253.1,2045073
PP314216.1,1219405
HM236897.1,1219405
MK520815.1,1219405
MZ629159.1,2045075
MZ363416.1,2045075
MZ268723.1,2045075
PP194079.1,1077430
OP342693.1,1077430
MW678160.1,1077430
OQ849190.1,1418035
MW678224.1,1418035
MW678218.1,1418035
PX620977.1,1219406
PX620920.1,1219406
PX731729.1,1219406
PQ541389.1,2045078
PQ628106.1,2045078
PQ539536.1,2045078
PX731725.1,1219419
PV260588.1,1219419
PQ539518.1,1219419
AY355271.1,185940
EU840863.1,185940
KF957951.1,185940
PQ625859.1,167321
MF160749.1,167321
MF160444.1,167321
PX620946.1,12132
PX731683.1,12132
PX731676.1,12132
QP747286.1,147676
PX761401.1,147676
PX620935.1,147676
PP194109.1,167324
PP194108.1,167324
PP194107.1,167324
PX620960.1,185911
OM001448.1,185911
OM001400.1,185911
AY436656.1,44132
AY355231.1,44132
EU840826.1,44132
PX731688.1,185912
PV776109.1,185912
OP342725.1,185912
PX761400.1,185913
PX731707.1,185913
OK017946.1,185913
PQ539499.1,185914
PQ539497.1,185914
PX620986.1,185914
PX761430.1,185891
PX761415.1,185891
LC922675.1,185891
PQ539502.1,185916
PQ539501.1,185916
PX731702.1,185916
QP744637.1,185917
MH648086.1,185917
MH648043.1,185917
PQ539507.1,44133
PQ539506.1,44133
PQ539505.1,44133
QP744638.1,185918
PX761420.1,185918
OL638425.1,185918
PX620936.1,185919
PP194014.1,185919
PP194013.1,185919
PX761435.1,185920
PX761434.1,185920
PX761409.1,185920
PP194016.1,44134
MH648023.1,44134
MF160551.1,44134
PX761403.1,185921
OM001395.1,185921
OK649395.1,185921
PX731705.1,185922
PP194092.1,185922
PV776132.1,185922
PV717813.1,185910
PV539262.1,185910
PV539243.1,185910
PV539279.1,185909
PV178505.1,185909
PV178319.1,185909
PQ539495.1,185908
PX620959.1,185908
PX275922.1,185908
QP747284.1,185907
OM001463.1,185907
OM001403.1,185907
PX620942.1,185895
PX620917.1,185895
PX731687.1,185895
OL961548.1,2777147
OL961546.1,2777147
OL961536.1,2777147
QP744631.1,12130
QP744630.1,12130
PX620950.1,12130
QP744645.1,147675
PX620927.1,147675
PX731674.1,147675
QP744635.1,44128
PX761431.1,44128
PX761397.1,44128
PX761419.1,185896
PX761395.1,185896
PX761390.1,185896
QP745154.1,12135
OM001429.1,12135
OL638463.1,12135
PX761408.1,185897
PX761407.1,185897
PX761392.1,185897
LC801285.1,44135
MH648051.1,44135
MF160826.1,44135
QP744633.1,185898
PX620929.1,185898
OM001392.1,185898
PQ539492.1,44129
PQ539491.1,44129
PX620956.1,44129
QP744625.1,185901
PX620930.1,185901
PP194006.1,185901
PX731693.1,185902
OM001366.1,185902
OL638462.1,185902
QP744629.1,185903
PX731696.1,185903
PX731684.1,185903
PX731698.1,185904
PP187399.1,185904
PP194008.1,185904
PX761396.1,185905
OM001368.1,185905
PV539289.1,185905
PX620985.1,147673
PX620932.1,147673
PX620931.1,147673
PQ539494.1,185906
PQ539493.1,185906
PP194009.1,185906
PX620983.1,147672
PX731682.1,147672
PP187397.1,147672
OK649378.1,185923
OK539487.1,185923
OK161406.1,185923
PQ539500.1,185915
PP187403.1,185915
PP187402.1,185915
PP194017.1,185925
PQ671696.1,185925
OQ849168.1,185925
PV178504.1,185939
PV178497.1,185939
PV178221.1,185939
QP744636.1,185937
PX731704.1,185937
PP194105.1,185937
PQ539511.1,167322
PX620961.1,167322
PX620945.1,167322
PX620978.1,185935
PX620940.1,185935
PX731671.1,185935
PX761398.1,185934
PX761393.1,185934
PX620939.1,185934
PX761399.1,185890
PX620915.1,185890
PX731668.1,185890
PX620938.1,147685
OL961550.1,147685
OL961549.1,147685
QP744632.1,185932
PX731675.1,185932
PP411922.1,185932
PX761402.1,185931
PX761385.1,185931
PV539273.1,185931
OM001405.1,185924
OM001385.1,185924
OL638431.1,185924
PQ539510.1,185930
PX731689.1,185930
PX731670.1,185930
PX731700.1,44136
PP187394.1,44136
PP193993.1,44136
OQ849172.1,185927
MH648069.1,185927
MH648068.1,185927
PX761386.1,185928
PQ539509.1,185928
PQ539508.1,185928
DQ473494.1,185929
AY355255.1,185929
EU840849.1,185929
QS268500.1,12814
QS268498.1,12814
QQ950047.1,12814
LC776086.1,423447
EF127907.1,423447
EF127908.1,423448
JX259273.1,1231709
OZ373715.1,423446
OZ373041.1,423446
EF127906.1,423446
PX460958.1,32605
PX460957.1,32605
PX460956.1,32605
S55844.1,12870
HV540343.1,12870
HV540183.1,12870
S81689.1,53258
Y16780.1,53258
JA726756.1,132475
JA468536.1,132475
MK059761.1,2571080
MK059760.1,2571079
PQ602545.1,2571077
MK059756.1,2571077
MK059772.1,2571074
MK059754.1,2571075
MK059771.1,2571091
MK059759.1,2571073
PQ602550.1,2571090
MK059770.1,2571090
MK059768.1,2571088
MK059757.1,2571078
MK059762.1,2571081
MK059764.1,2571083
MK059767.1,2571087
MK059765.1,2571084
MK059766.1,2571085
MK059769.1,2571089
MK059758.1,2571086
pdb|5UOQ|D,11963
pdb|5UOQ|C,11963
pdb|5UOP|D,11963
PX747970.1,57667
PX747969.1,57667
PX747968.1,57667
AY170389.1,433832
AY170388.1,433832
AY170387.1,433832
PY703255.1,11837
PY703254.1,11837
PP028550.1,11837
HQ246218.1,933438
AF221065.1,114654
PI053399.1,188539
AF411814.1,188539
MC023277.1,28332
LQ874431.1,28332
KY498772.1,28332
PZ371001.1,10941
PZ371000.1,10941
PZ370999.1,10941
LC880287.1,73036
LC880286.1,73036
LC880285.1,73036
MT423588.1,73034
MT423587.1,73034
MT423586.1,73034
PX123537.1,10943
PX123536.1,10943
PX123535.1,10943
LC158851.1,1597962
LC158850.1,1597962
LC158849.1,1597962
PV067976.1,40064
PV067975.1,40064
PV067974.1,40064
MT423614.1,42567
MT423613.1,42567
MT423612.1,42567
OP169476.1,538121
OP169475.1,538121
OP169474.1,538121
EU498002.1,48540
AF398391.1,48540
U60400.2,48540
MF409176.1,79899
AF079457.1,79899
MW326785.1,48542
MW326784.1,48542
MW326783.1,48542
M69205.1,31699
QP068696.1,59303
PB184137.1,59303
MW410934.1,59303
AF103734.1,84272
AB550431.1,749224
